city_id_old,city_name_old,district_id_old,district_name_old,ward_id_old,ward_name_old,city_id_new,city_name_new,ward_id_new,ward_new_name
11,Thành Phố Hà Nội,267,Quận Ba Đình,65803,Phường Điện Biên,11,Thành Phố Hà Nội,14091,Phường Ba Đình
11,Thành Phố Hà Nội,267,Quận Ba Đình,131339,Phường Đội Cấn,11,Thành Phố Hà Nội,14091,Phường Ba Đình
11,Thành Phố Hà Nội,267,Quận Ba Đình,131339,Phường Đội Cấn,11,Thành Phố Hà Nội,14603,Phường Ngọc Hà
11,Thành Phố Hà Nội,267,Quận Ba Đình,196875,Phường Giảng Võ,11,Thành Phố Hà Nội,14347,Phường Giảng Võ
11,Thành Phố Hà Nội,267,Quận Ba Đình,262411,Phường Kim Mã,11,Thành Phố Hà Nội,14091,Phường Ba Đình
11,Thành Phố Hà Nội,267,Quận Ba Đình,262411,Phường Kim Mã,11,Thành Phố Hà Nội,14347,Phường Giảng Võ
11,Thành Phố Hà Nội,267,Quận Ba Đình,262411,Phường Kim Mã,11,Thành Phố Hà Nội,14603,Phường Ngọc Hà
11,Thành Phố Hà Nội,267,Quận Ba Đình,327947,Phường Liễu Giai,11,Thành Phố Hà Nội,14603,Phường Ngọc Hà
11,Thành Phố Hà Nội,267,Quận Ba Đình,393483,Phường Ngọc Hà,11,Thành Phố Hà Nội,14091,Phường Ba Đình
11,Thành Phố Hà Nội,267,Quận Ba Đình,393483,Phường Ngọc Hà,11,Thành Phố Hà Nội,14603,Phường Ngọc Hà
11,Thành Phố Hà Nội,267,Quận Ba Đình,459019,Phường Vĩnh Phúc,11,Thành Phố Hà Nội,14603,Phường Ngọc Hà
11,Thành Phố Hà Nội,267,Quận Ba Đình,524555,Phường Ngọc Khánh,11,Thành Phố Hà Nội,14347,Phường Giảng Võ
11,Thành Phố Hà Nội,267,Quận Ba Đình,524555,Phường Ngọc Khánh,11,Thành Phố Hà Nội,14603,Phường Ngọc Hà
11,Thành Phố Hà Nội,267,Quận Ba Đình,655627,Phường Phúc Xá,11,Thành Phố Hà Nội,17163,Phường Hồng Hà
11,Thành Phố Hà Nội,267,Quận Ba Đình,721163,Phường Quán Thánh,11,Thành Phố Hà Nội,14091,Phường Ba Đình
11,Thành Phố Hà Nội,267,Quận Ba Đình,786699,Phường Thành Công,11,Thành Phố Hà Nội,14347,Phường Giảng Võ
11,Thành Phố Hà Nội,267,Quận Ba Đình,786699,Phường Thành Công,11,Thành Phố Hà Nội,24331,Phường Ô Chợ Dừa
11,Thành Phố Hà Nội,267,Quận Ba Đình,852235,Phường Trúc Bạch,11,Thành Phố Hà Nội,14091,Phường Ba Đình
11,Thành Phố Hà Nội,267,Quận Ba Đình,917771,Phường Cống Vị,11,Thành Phố Hà Nội,14347,Phường Giảng Võ
11,Thành Phố Hà Nội,267,Quận Ba Đình,917771,Phường Cống Vị,11,Thành Phố Hà Nội,14603,Phường Ngọc Hà
11,Thành Phố Hà Nội,523,Quận Cầu Giấy,66059,Phường Dịch Vọng Hậu,11,Thành Phố Hà Nội,14859,Phường Cầu Giấy
11,Thành Phố Hà Nội,523,Quận Cầu Giấy,66059,Phường Dịch Vọng Hậu,11,Thành Phố Hà Nội,15115,Phường Nghĩa Đô
11,Thành Phố Hà Nội,523,Quận Cầu Giấy,131595,Phường Dịch Vọng,11,Thành Phố Hà Nội,14859,Phường Cầu Giấy
11,Thành Phố Hà Nội,523,Quận Cầu Giấy,131595,Phường Dịch Vọng,11,Thành Phố Hà Nội,15115,Phường Nghĩa Đô
11,Thành Phố Hà Nội,523,Quận Cầu Giấy,197131,Phường Quan Hoa,11,Thành Phố Hà Nội,14859,Phường Cầu Giấy
11,Thành Phố Hà Nội,523,Quận Cầu Giấy,197131,Phường Quan Hoa,11,Thành Phố Hà Nội,15115,Phường Nghĩa Đô
11,Thành Phố Hà Nội,523,Quận Cầu Giấy,262667,Phường Mai Dịch,11,Thành Phố Hà Nội,1035,Phường Phú Diễn
11,Thành Phố Hà Nội,523,Quận Cầu Giấy,262667,Phường Mai Dịch,11,Thành Phố Hà Nội,26123,Phường Từ Liêm
11,Thành Phố Hà Nội,523,Quận Cầu Giấy,328203,Phường Nghĩa Đô,11,Thành Phố Hà Nội,15115,Phường Nghĩa Đô
11,Thành Phố Hà Nội,523,Quận Cầu Giấy,328203,Phường Nghĩa Đô,11,Thành Phố Hà Nội,32267,Phường Tây Hồ
11,Thành Phố Hà Nội,523,Quận Cầu Giấy,393739,Phường Nghĩa Tân,11,Thành Phố Hà Nội,15115,Phường Nghĩa Đô
11,Thành Phố Hà Nội,523,Quận Cầu Giấy,459275,Phường Trung Hòa,11,Thành Phố Hà Nội,24075,Phường Yên Hòa
11,Thành Phố Hà Nội,523,Quận Cầu Giấy,524811,Phường Yên Hòa,11,Thành Phố Hà Nội,14859,Phường Cầu Giấy
11,Thành Phố Hà Nội,523,Quận Cầu Giấy,524811,Phường Yên Hòa,11,Thành Phố Hà Nội,24075,Phường Yên Hòa
11,Thành Phố Hà Nội,779,Quận Hai Bà Trưng,66315,Phường Trương Định,11,Thành Phố Hà Nội,4875,Phường Tương Mai
11,Thành Phố Hà Nội,779,Quận Hai Bà Trưng,66315,Phường Trương Định,11,Thành Phố Hà Nội,27915,Phường Bạch Mai
11,Thành Phố Hà Nội,779,Quận Hai Bà Trưng,131851,Phường Vĩnh Tuy,11,Thành Phố Hà Nội,16907,Phường Vĩnh Tuy
11,Thành Phố Hà Nội,779,Quận Hai Bà Trưng,131851,Phường Vĩnh Tuy,11,Thành Phố Hà Nội,18187,Phường Vĩnh Hưng
11,Thành Phố Hà Nội,779,Quận Hai Bà Trưng,197387,Phường Nguyễn Du,11,Thành Phố Hà Nội,22027,Phường Hai Bà Trưng
11,Thành Phố Hà Nội,779,Quận Hai Bà Trưng,262923,Phường Bạch Đằng,11,Thành Phố Hà Nội,17163,Phường Hồng Hà
11,Thành Phố Hà Nội,779,Quận Hai Bà Trưng,262923,Phường Bạch Đằng,11,Thành Phố Hà Nội,22027,Phường Hai Bà Trưng
11,Thành Phố Hà Nội,779,Quận Hai Bà Trưng,328459,Phường Bách Khoa,11,Thành Phố Hà Nội,27915,Phường Bạch Mai
11,Thành Phố Hà Nội,779,Quận Hai Bà Trưng,393995,Phường Bạch Mai,11,Thành Phố Hà Nội,27915,Phường Bạch Mai
11,Thành Phố Hà Nội,779,Quận Hai Bà Trưng,590603,Phường Đồng Nhân,11,Thành Phố Hà Nội,22027,Phường Hai Bà Trưng
11,Thành Phố Hà Nội,779,Quận Hai Bà Trưng,656139,Phường Đồng Tâm,11,Thành Phố Hà Nội,4875,Phường Tương Mai
11,Thành Phố Hà Nội,779,Quận Hai Bà Trưng,656139,Phường Đồng Tâm,11,Thành Phố Hà Nội,27915,Phường Bạch Mai
11,Thành Phố Hà Nội,779,Quận Hai Bà Trưng,721675,Phường Lê Đại Hành,11,Thành Phố Hà Nội,22027,Phường Hai Bà Trưng
11,Thành Phố Hà Nội,779,Quận Hai Bà Trưng,787211,Phường Minh Khai,11,Thành Phố Hà Nội,4875,Phường Tương Mai
11,Thành Phố Hà Nội,779,Quận Hai Bà Trưng,787211,Phường Minh Khai,11,Thành Phố Hà Nội,27915,Phường Bạch Mai
11,Thành Phố Hà Nội,779,Quận Hai Bà Trưng,852747,Phường Phạm Đình Hổ,11,Thành Phố Hà Nội,22027,Phường Hai Bà Trưng
11,Thành Phố Hà Nội,779,Quận Hai Bà Trưng,918283,Phường Phố Huế,11,Thành Phố Hà Nội,22027,Phường Hai Bà Trưng
11,Thành Phố Hà Nội,779,Quận Hai Bà Trưng,1049355,Phường Quỳnh Mai,11,Thành Phố Hà Nội,27915,Phường Bạch Mai
11,Thành Phố Hà Nội,779,Quận Hai Bà Trưng,1114891,Phường Thanh Lương,11,Thành Phố Hà Nội,4619,Phường Lĩnh Nam
11,Thành Phố Hà Nội,779,Quận Hai Bà Trưng,1114891,Phường Thanh Lương,11,Thành Phố Hà Nội,16907,Phường Vĩnh Tuy
11,Thành Phố Hà Nội,779,Quận Hai Bà Trưng,1114891,Phường Thanh Lương,11,Thành Phố Hà Nội,17163,Phường Hồng Hà
11,Thành Phố Hà Nội,779,Quận Hai Bà Trưng,1180427,Phường Thanh Nhàn,11,Thành Phố Hà Nội,27915,Phường Bạch Mai
11,Thành Phố Hà Nội,1035,Quận Hà Đông,66571,Phường Yên Nghĩa,11,Thành Phố Hà Nội,17675,Phường Yên Nghĩa
11,Thành Phố Hà Nội,1035,Quận Hà Đông,66571,Phường Yên Nghĩa,11,Thành Phố Hà Nội,21259,Phường Dương Nội
11,Thành Phố Hà Nội,1035,Quận Hà Đông,197643,Phường Phú Lương,11,Thành Phố Hà Nội,13579,Xã Bình Minh
11,Thành Phố Hà Nội,1035,Quận Hà Đông,197643,Phường Phú Lương,11,Thành Phố Hà Nội,21003,Phường Phú Lương
11,Thành Phố Hà Nội,1035,Quận Hà Đông,263179,Phường Phúc La,11,Thành Phố Hà Nội,21771,Phường Hà Đông
11,Thành Phố Hà Nội,1035,Quận Hà Đông,328715,Phường Đồng Mai,11,Thành Phố Hà Nội,17675,Phường Yên Nghĩa
11,Thành Phố Hà Nội,1035,Quận Hà Đông,394251,Phường Dương Nội,11,Thành Phố Hà Nội,21259,Phường Dương Nội
11,Thành Phố Hà Nội,1035,Quận Hà Đông,459787,Phường Hà Cầu,11,Thành Phố Hà Nội,21515,Phường Kiến Hưng
11,Thành Phố Hà Nội,1035,Quận Hà Đông,459787,Phường Hà Cầu,11,Thành Phố Hà Nội,21771,Phường Hà Đông
11,Thành Phố Hà Nội,1035,Quận Hà Đông,525323,Phường Kiến Hưng,11,Thành Phố Hà Nội,21515,Phường Kiến Hưng
11,Thành Phố Hà Nội,1035,Quận Hà Đông,590859,Phường La Khê,11,Thành Phố Hà Nội,21259,Phường Dương Nội
11,Thành Phố Hà Nội,1035,Quận Hà Đông,590859,Phường La Khê,11,Thành Phố Hà Nội,21771,Phường Hà Đông
11,Thành Phố Hà Nội,1035,Quận Hà Đông,656395,Phường Mộ Lao,11,Thành Phố Hà Nội,21771,Phường Hà Đông
11,Thành Phố Hà Nội,1035,Quận Hà Đông,787467,Phường Phú La,11,Thành Phố Hà Nội,21515,Phường Kiến Hưng
11,Thành Phố Hà Nội,1035,Quận Hà Đông,853003,Phường Phú Lãm,11,Thành Phố Hà Nội,21003,Phường Phú Lương
11,Thành Phố Hà Nội,1035,Quận Hà Đông,918539,Phường Quang Trung,11,Thành Phố Hà Nội,21771,Phường Hà Đông
11,Thành Phố Hà Nội,1035,Quận Hà Đông,984075,Phường Vạn Phúc,11,Thành Phố Hà Nội,21771,Phường Hà Đông
11,Thành Phố Hà Nội,1035,Quận Hà Đông,1049611,Phường Văn Quán,11,Thành Phố Hà Nội,5131,Phường Thanh Liệt
11,Thành Phố Hà Nội,1035,Quận Hà Đông,1049611,Phường Văn Quán,11,Thành Phố Hà Nội,21771,Phường Hà Đông
11,Thành Phố Hà Nội,1035,Quận Hà Đông,1115147,Phường Biên Giang,11,Thành Phố Hà Nội,11531,Phường Chương Mỹ
11,Thành Phố Hà Nội,1291,Quận Hoàn Kiếm,66827,Phường Chương Dương,11,Thành Phố Hà Nội,17163,Phường Hồng Hà
11,Thành Phố Hà Nội,1291,Quận Hoàn Kiếm,132363,Phường Cửa Đông,11,Thành Phố Hà Nội,14091,Phường Ba Đình
11,Thành Phố Hà Nội,1291,Quận Hoàn Kiếm,132363,Phường Cửa Đông,11,Thành Phố Hà Nội,31755,Phường Hoàn Kiếm
11,Thành Phố Hà Nội,1291,Quận Hoàn Kiếm,197899,Phường Cửa Nam,11,Thành Phố Hà Nội,17419,Phường Cửa Nam
11,Thành Phố Hà Nội,1291,Quận Hoàn Kiếm,263435,Phường Đồng Xuân,11,Thành Phố Hà Nội,31755,Phường Hoàn Kiếm
11,Thành Phố Hà Nội,1291,Quận Hoàn Kiếm,328971,Phường Hàng Bài,11,Thành Phố Hà Nội,17419,Phường Cửa Nam
11,Thành Phố Hà Nội,1291,Quận Hoàn Kiếm,394507,Phường Hàng Bồ,11,Thành Phố Hà Nội,31755,Phường Hoàn Kiếm
11,Thành Phố Hà Nội,1291,Quận Hoàn Kiếm,460043,Phường Hàng Bông,11,Thành Phố Hà Nội,17419,Phường Cửa Nam
11,Thành Phố Hà Nội,1291,Quận Hoàn Kiếm,460043,Phường Hàng Bông,11,Thành Phố Hà Nội,31755,Phường Hoàn Kiếm
11,Thành Phố Hà Nội,1291,Quận Hoàn Kiếm,525579,Phường Hàng Buồm,11,Thành Phố Hà Nội,31755,Phường Hoàn Kiếm
11,Thành Phố Hà Nội,1291,Quận Hoàn Kiếm,591115,Phường Hàng Đào,11,Thành Phố Hà Nội,31755,Phường Hoàn Kiếm
11,Thành Phố Hà Nội,1291,Quận Hoàn Kiếm,656651,Phường Hàng Gai,11,Thành Phố Hà Nội,31755,Phường Hoàn Kiếm
11,Thành Phố Hà Nội,1291,Quận Hoàn Kiếm,722187,Phường Hàng Mã,11,Thành Phố Hà Nội,31755,Phường Hoàn Kiếm
11,Thành Phố Hà Nội,1291,Quận Hoàn Kiếm,787723,Phường Hàng Trống,11,Thành Phố Hà Nội,31755,Phường Hoàn Kiếm
11,Thành Phố Hà Nội,1291,Quận Hoàn Kiếm,853259,Phường Lý Thái Tổ,11,Thành Phố Hà Nội,31755,Phường Hoàn Kiếm
11,Thành Phố Hà Nội,1291,Quận Hoàn Kiếm,918795,Phường Phan Chu Trinh,11,Thành Phố Hà Nội,17419,Phường Cửa Nam
11,Thành Phố Hà Nội,1291,Quận Hoàn Kiếm,984331,Phường Phúc Tân,11,Thành Phố Hà Nội,17163,Phường Hồng Hà
11,Thành Phố Hà Nội,1291,Quận Hoàn Kiếm,1049867,Phường Trần Hưng Đạo,11,Thành Phố Hà Nội,17419,Phường Cửa Nam
11,Thành Phố Hà Nội,1291,Quận Hoàn Kiếm,1115403,Phường Hàng Bạc,11,Thành Phố Hà Nội,31755,Phường Hoàn Kiếm
11,Thành Phố Hà Nội,1291,Quận Hoàn Kiếm,1180939,Phường Tràng Tiền,11,Thành Phố Hà Nội,17419,Phường Cửa Nam
11,Thành Phố Hà Nội,1291,Quận Hoàn Kiếm,1180939,Phường Tràng Tiền,11,Thành Phố Hà Nội,31755,Phường Hoàn Kiếm
11,Thành Phố Hà Nội,1547,Quận Hoàng Mai,67083,Phường Hoàng Liệt,11,Thành Phố Hà Nội,4363,Phường Hoàng Liệt
11,Thành Phố Hà Nội,1547,Quận Hoàng Mai,67083,Phường Hoàng Liệt,11,Thành Phố Hà Nội,32011,Phường Yên Sở
11,Thành Phố Hà Nội,1547,Quận Hoàng Mai,132619,Phường Hoàng Văn Thụ,11,Thành Phố Hà Nội,4875,Phường Tương Mai
11,Thành Phố Hà Nội,1547,Quận Hoàng Mai,132619,Phường Hoàng Văn Thụ,11,Thành Phố Hà Nội,25867,Phường Hoàng Mai
11,Thành Phố Hà Nội,1547,Quận Hoàng Mai,198155,Phường Lĩnh Nam,11,Thành Phố Hà Nội,4619,Phường Lĩnh Nam
11,Thành Phố Hà Nội,1547,Quận Hoàng Mai,198155,Phường Lĩnh Nam,11,Thành Phố Hà Nội,18187,Phường Vĩnh Hưng
11,Thành Phố Hà Nội,1547,Quận Hoàng Mai,263691,Phường Mai Động,11,Thành Phố Hà Nội,4875,Phường Tương Mai
11,Thành Phố Hà Nội,1547,Quận Hoàng Mai,263691,Phường Mai Động,11,Thành Phố Hà Nội,16907,Phường Vĩnh Tuy
11,Thành Phố Hà Nội,1547,Quận Hoàng Mai,329227,Phường Thanh Trì,11,Thành Phố Hà Nội,4619,Phường Lĩnh Nam
11,Thành Phố Hà Nội,1547,Quận Hoàng Mai,329227,Phường Thanh Trì,11,Thành Phố Hà Nội,18187,Phường Vĩnh Hưng
11,Thành Phố Hà Nội,1547,Quận Hoàng Mai,394763,Phường Thịnh Liệt,11,Thành Phố Hà Nội,25867,Phường Hoàng Mai
11,Thành Phố Hà Nội,1547,Quận Hoàng Mai,460299,Phường Trần Phú,11,Thành Phố Hà Nội,4619,Phường Lĩnh Nam
11,Thành Phố Hà Nội,1547,Quận Hoàng Mai,460299,Phường Trần Phú,11,Thành Phố Hà Nội,25867,Phường Hoàng Mai
11,Thành Phố Hà Nội,1547,Quận Hoàng Mai,525835,Phường Tương Mai,11,Thành Phố Hà Nội,4875,Phường Tương Mai
11,Thành Phố Hà Nội,1547,Quận Hoàng Mai,591371,Phường Đại Kim,11,Thành Phố Hà Nội,4363,Phường Hoàng Liệt
11,Thành Phố Hà Nội,1547,Quận Hoàng Mai,591371,Phường Đại Kim,11,Thành Phố Hà Nội,10507,Phường Định Công
11,Thành Phố Hà Nội,1547,Quận Hoàng Mai,656907,Phường Định Công,11,Thành Phố Hà Nội,2571,Phường Phương Liệt
11,Thành Phố Hà Nội,1547,Quận Hoàng Mai,656907,Phường Định Công,11,Thành Phố Hà Nội,10507,Phường Định Công
11,Thành Phố Hà Nội,1547,Quận Hoàng Mai,722443,Phường Vĩnh Hưng,11,Thành Phố Hà Nội,18187,Phường Vĩnh Hưng
11,Thành Phố Hà Nội,1547,Quận Hoàng Mai,722443,Phường Vĩnh Hưng,11,Thành Phố Hà Nội,25867,Phường Hoàng Mai
11,Thành Phố Hà Nội,1547,Quận Hoàng Mai,787979,Phường Yên Sở,11,Thành Phố Hà Nội,4619,Phường Lĩnh Nam
11,Thành Phố Hà Nội,1547,Quận Hoàng Mai,787979,Phường Yên Sở,11,Thành Phố Hà Nội,25867,Phường Hoàng Mai
11,Thành Phố Hà Nội,1547,Quận Hoàng Mai,787979,Phường Yên Sở,11,Thành Phố Hà Nội,32011,Phường Yên Sở
11,Thành Phố Hà Nội,1547,Quận Hoàng Mai,853515,Phường Giáp Bát,11,Thành Phố Hà Nội,4875,Phường Tương Mai
11,Thành Phố Hà Nội,1547,Quận Hoàng Mai,853515,Phường Giáp Bát,11,Thành Phố Hà Nội,25867,Phường Hoàng Mai
11,Thành Phố Hà Nội,1547,Quận Hoàng Mai,919051,Phường Tân Mai,11,Thành Phố Hà Nội,4875,Phường Tương Mai
11,Thành Phố Hà Nội,1547,Quận Hoàng Mai,919051,Phường Tân Mai,11,Thành Phố Hà Nội,25867,Phường Hoàng Mai
11,Thành Phố Hà Nội,1803,Quận Long Biên,67339,Phường Phúc Đồng,11,Thành Phố Hà Nội,12555,Phường Phúc Lợi
11,Thành Phố Hà Nội,1803,Quận Long Biên,67339,Phường Phúc Đồng,11,Thành Phố Hà Nội,20491,Phường Long Biên
11,Thành Phố Hà Nội,1803,Quận Long Biên,132875,Phường Phúc Lợi,11,Thành Phố Hà Nội,12555,Phường Phúc Lợi
11,Thành Phố Hà Nội,1803,Quận Long Biên,263947,Phường Thạch Bàn,11,Thành Phố Hà Nội,3339,Xã Gia Lâm
11,Thành Phố Hà Nội,1803,Quận Long Biên,263947,Phường Thạch Bàn,11,Thành Phố Hà Nội,20491,Phường Long Biên
11,Thành Phố Hà Nội,1803,Quận Long Biên,329483,Phường Việt Hưng,11,Thành Phố Hà Nội,12555,Phường Phúc Lợi
11,Thành Phố Hà Nội,1803,Quận Long Biên,329483,Phường Việt Hưng,11,Thành Phố Hà Nội,12811,Phường Việt Hưng
11,Thành Phố Hà Nội,1803,Quận Long Biên,395019,Phường Bồ Đề,11,Thành Phố Hà Nội,17163,Phường Hồng Hà
11,Thành Phố Hà Nội,1803,Quận Long Biên,395019,Phường Bồ Đề,11,Thành Phố Hà Nội,18443,Phường Bồ Đề
11,Thành Phố Hà Nội,1803,Quận Long Biên,460555,Phường Cự Khối,11,Thành Phố Hà Nội,20491,Phường Long Biên
11,Thành Phố Hà Nội,1803,Quận Long Biên,460555,Phường Cự Khối,11,Thành Phố Hà Nội,27403,Xã Bát Tràng
11,Thành Phố Hà Nội,1803,Quận Long Biên,526091,Phường Đức Giang,11,Thành Phố Hà Nội,12811,Phường Việt Hưng
11,Thành Phố Hà Nội,1803,Quận Long Biên,591627,Phường Gia Thụy,11,Thành Phố Hà Nội,12811,Phường Việt Hưng
11,Thành Phố Hà Nội,1803,Quận Long Biên,591627,Phường Gia Thụy,11,Thành Phố Hà Nội,18443,Phường Bồ Đề
11,Thành Phố Hà Nội,1803,Quận Long Biên,657163,Phường Giang Biên,11,Thành Phố Hà Nội,12811,Phường Việt Hưng
11,Thành Phố Hà Nội,1803,Quận Long Biên,722699,Phường Long Biên,11,Thành Phố Hà Nội,20491,Phường Long Biên
11,Thành Phố Hà Nội,1803,Quận Long Biên,788235,Phường Ngọc Lâm,11,Thành Phố Hà Nội,18443,Phường Bồ Đề
11,Thành Phố Hà Nội,1803,Quận Long Biên,853771,Phường Ngọc Thụy,11,Thành Phố Hà Nội,17163,Phường Hồng Hà
11,Thành Phố Hà Nội,1803,Quận Long Biên,853771,Phường Ngọc Thụy,11,Thành Phố Hà Nội,18443,Phường Bồ Đề
11,Thành Phố Hà Nội,1803,Quận Long Biên,919307,Phường Thượng Thanh,11,Thành Phố Hà Nội,12811,Phường Việt Hưng
11,Thành Phố Hà Nội,1803,Quận Long Biên,919307,Phường Thượng Thanh,11,Thành Phố Hà Nội,18443,Phường Bồ Đề
11,Thành Phố Hà Nội,2059,Quận Đống Đa,133131,Phường Cát Linh,11,Thành Phố Hà Nội,24331,Phường Ô Chợ Dừa
11,Thành Phố Hà Nội,2059,Quận Đống Đa,198667,Phường Hàng Bột,11,Thành Phố Hà Nội,24331,Phường Ô Chợ Dừa
11,Thành Phố Hà Nội,2059,Quận Đống Đa,198667,Phường Hàng Bột,11,Thành Phố Hà Nội,25355,Phường Văn Miếu-Quốc Tử Giám
11,Thành Phố Hà Nội,2059,Quận Đống Đa,264203,Phường Khâm Thiên,11,Thành Phố Hà Nội,25355,Phường Văn Miếu-Quốc Tử Giám
11,Thành Phố Hà Nội,2059,Quận Đống Đa,329739,Phường Khương Thượng,11,Thành Phố Hà Nội,24587,Phường Kim Liên
11,Thành Phố Hà Nội,2059,Quận Đống Đa,395275,Phường Kim Liên,11,Thành Phố Hà Nội,24587,Phường Kim Liên
11,Thành Phố Hà Nội,2059,Quận Đống Đa,460811,Phường Láng Hạ,11,Thành Phố Hà Nội,14347,Phường Giảng Võ
11,Thành Phố Hà Nội,2059,Quận Đống Đa,460811,Phường Láng Hạ,11,Thành Phố Hà Nội,24843,Phường Láng
11,Thành Phố Hà Nội,2059,Quận Đống Đa,460811,Phường Láng Hạ,11,Thành Phố Hà Nội,25099,Phường Đống Đa
11,Thành Phố Hà Nội,2059,Quận Đống Đa,526347,Phường Láng Thượng,11,Thành Phố Hà Nội,24843,Phường Láng
11,Thành Phố Hà Nội,2059,Quận Đống Đa,591883,Phường Nam Đồng,11,Thành Phố Hà Nội,24587,Phường Kim Liên
11,Thành Phố Hà Nội,2059,Quận Đống Đa,591883,Phường Nam Đồng,11,Thành Phố Hà Nội,25099,Phường Đống Đa
11,Thành Phố Hà Nội,2059,Quận Đống Đa,722955,Phường Ô Chợ Dừa,11,Thành Phố Hà Nội,24331,Phường Ô Chợ Dừa
11,Thành Phố Hà Nội,2059,Quận Đống Đa,722955,Phường Ô Chợ Dừa,11,Thành Phố Hà Nội,25099,Phường Đống Đa
11,Thành Phố Hà Nội,2059,Quận Đống Đa,788491,Phường Phương Liên-Trung Tự,11,Thành Phố Hà Nội,24587,Phường Kim Liên
11,Thành Phố Hà Nội,2059,Quận Đống Đa,788491,Phường Phương Liên-Trung Tự,11,Thành Phố Hà Nội,25355,Phường Văn Miếu-Quốc Tử Giám
11,Thành Phố Hà Nội,2059,Quận Đống Đa,854027,Phường Phương Mai,11,Thành Phố Hà Nội,24587,Phường Kim Liên
11,Thành Phố Hà Nội,2059,Quận Đống Đa,919563,Phường Quang Trung,11,Thành Phố Hà Nội,24587,Phường Kim Liên
11,Thành Phố Hà Nội,2059,Quận Đống Đa,919563,Phường Quang Trung,11,Thành Phố Hà Nội,25099,Phường Đống Đa
11,Thành Phố Hà Nội,2059,Quận Đống Đa,1050635,Phường Thịnh Quang,11,Thành Phố Hà Nội,24587,Phường Kim Liên
11,Thành Phố Hà Nội,2059,Quận Đống Đa,1050635,Phường Thịnh Quang,11,Thành Phố Hà Nội,25099,Phường Đống Đa
11,Thành Phố Hà Nội,2059,Quận Đống Đa,1116171,Phường Thổ Quan,11,Thành Phố Hà Nội,25355,Phường Văn Miếu-Quốc Tử Giám
11,Thành Phố Hà Nội,2059,Quận Đống Đa,1181707,Phường Trung Liệt,11,Thành Phố Hà Nội,24331,Phường Ô Chợ Dừa
11,Thành Phố Hà Nội,2059,Quận Đống Đa,1181707,Phường Trung Liệt,11,Thành Phố Hà Nội,24587,Phường Kim Liên
11,Thành Phố Hà Nội,2059,Quận Đống Đa,1181707,Phường Trung Liệt,11,Thành Phố Hà Nội,25099,Phường Đống Đa
11,Thành Phố Hà Nội,2059,Quận Đống Đa,1312779,Phường Văn Chương,11,Thành Phố Hà Nội,25355,Phường Văn Miếu-Quốc Tử Giám
11,Thành Phố Hà Nội,2059,Quận Đống Đa,1378315,Phường Văn Miếu-Quốc Tử Giám,11,Thành Phố Hà Nội,24331,Phường Ô Chợ Dừa
11,Thành Phố Hà Nội,2059,Quận Đống Đa,1378315,Phường Văn Miếu-Quốc Tử Giám,11,Thành Phố Hà Nội,25355,Phường Văn Miếu-Quốc Tử Giám
11,Thành Phố Hà Nội,2315,Quận Tây Hồ,67851,Phường Bưởi,11,Thành Phố Hà Nội,32267,Phường Tây Hồ
11,Thành Phố Hà Nội,2315,Quận Tây Hồ,133387,Phường Nhật Tân,11,Thành Phố Hà Nội,17163,Phường Hồng Hà
11,Thành Phố Hà Nội,2315,Quận Tây Hồ,133387,Phường Nhật Tân,11,Thành Phố Hà Nội,32267,Phường Tây Hồ
11,Thành Phố Hà Nội,2315,Quận Tây Hồ,198923,Phường Quảng An,11,Thành Phố Hà Nội,32267,Phường Tây Hồ
11,Thành Phố Hà Nội,2315,Quận Tây Hồ,264459,Phường Tứ Liên,11,Thành Phố Hà Nội,17163,Phường Hồng Hà
11,Thành Phố Hà Nội,2315,Quận Tây Hồ,329995,Phường Xuân La,11,Thành Phố Hà Nội,1803,Phường Xuân Đỉnh
11,Thành Phố Hà Nội,2315,Quận Tây Hồ,329995,Phường Xuân La,11,Thành Phố Hà Nội,15115,Phường Nghĩa Đô
11,Thành Phố Hà Nội,2315,Quận Tây Hồ,329995,Phường Xuân La,11,Thành Phố Hà Nội,32267,Phường Tây Hồ
11,Thành Phố Hà Nội,2315,Quận Tây Hồ,395531,Phường Yên Phụ,11,Thành Phố Hà Nội,17163,Phường Hồng Hà
11,Thành Phố Hà Nội,2315,Quận Tây Hồ,395531,Phường Yên Phụ,11,Thành Phố Hà Nội,32267,Phường Tây Hồ
11,Thành Phố Hà Nội,2315,Quận Tây Hồ,461067,Phường Phú Thượng,11,Thành Phố Hà Nội,17163,Phường Hồng Hà
11,Thành Phố Hà Nội,2315,Quận Tây Hồ,461067,Phường Phú Thượng,11,Thành Phố Hà Nội,25611,Phường Phú Thượng
11,Thành Phố Hà Nội,2315,Quận Tây Hồ,526603,Phường Thụy Khuê,11,Thành Phố Hà Nội,32267,Phường Tây Hồ
11,Thành Phố Hà Nội,2571,Quận Thanh Xuân,68107,Phường Nhân Chính,11,Thành Phố Hà Nội,24075,Phường Yên Hòa
11,Thành Phố Hà Nội,2571,Quận Thanh Xuân,68107,Phường Nhân Chính,11,Thành Phố Hà Nội,28171,Phường Thanh Xuân
11,Thành Phố Hà Nội,2571,Quận Thanh Xuân,133643,Phường Phương Liệt,11,Thành Phố Hà Nội,2571,Phường Phương Liệt
11,Thành Phố Hà Nội,2571,Quận Thanh Xuân,264715,Phường Thanh Xuân Trung,11,Thành Phố Hà Nội,20747,Phường Khương Đình
11,Thành Phố Hà Nội,2571,Quận Thanh Xuân,264715,Phường Thanh Xuân Trung,11,Thành Phố Hà Nội,28171,Phường Thanh Xuân
11,Thành Phố Hà Nội,2571,Quận Thanh Xuân,330251,Phường Thượng Đình,11,Thành Phố Hà Nội,20747,Phường Khương Đình
11,Thành Phố Hà Nội,2571,Quận Thanh Xuân,330251,Phường Thượng Đình,11,Thành Phố Hà Nội,28171,Phường Thanh Xuân
11,Thành Phố Hà Nội,2571,Quận Thanh Xuân,395787,Phường Hạ Đình,11,Thành Phố Hà Nội,5131,Phường Thanh Liệt
11,Thành Phố Hà Nội,2571,Quận Thanh Xuân,395787,Phường Hạ Đình,11,Thành Phố Hà Nội,20747,Phường Khương Đình
11,Thành Phố Hà Nội,2571,Quận Thanh Xuân,461323,Phường Khương Đình,11,Thành Phố Hà Nội,2571,Phường Phương Liệt
11,Thành Phố Hà Nội,2571,Quận Thanh Xuân,461323,Phường Khương Đình,11,Thành Phố Hà Nội,20747,Phường Khương Đình
11,Thành Phố Hà Nội,2571,Quận Thanh Xuân,592395,Phường Khương Mai,11,Thành Phố Hà Nội,2571,Phường Phương Liệt
11,Thành Phố Hà Nội,2571,Quận Thanh Xuân,657931,Phường Thanh Xuân Bắc,11,Thành Phố Hà Nội,5131,Phường Thanh Liệt
11,Thành Phố Hà Nội,2571,Quận Thanh Xuân,657931,Phường Thanh Xuân Bắc,11,Thành Phố Hà Nội,28171,Phường Thanh Xuân
11,Thành Phố Hà Nội,2571,Quận Thanh Xuân,723467,Phường Khương Trung,11,Thành Phố Hà Nội,2571,Phường Phương Liệt
11,Thành Phố Hà Nội,2571,Quận Thanh Xuân,723467,Phường Khương Trung,11,Thành Phố Hà Nội,20747,Phường Khương Đình
11,Thành Phố Hà Nội,2827,Quận Bắc Từ Liêm,68363,Phường Phú Diễn,11,Thành Phố Hà Nội,1035,Phường Phú Diễn
11,Thành Phố Hà Nội,2827,Quận Bắc Từ Liêm,133899,Phường Tây Tựu,11,Thành Phố Hà Nội,1291,Phường Tây Tựu
11,Thành Phố Hà Nội,2827,Quận Bắc Từ Liêm,133899,Phường Tây Tựu,11,Thành Phố Hà Nội,1547,Phường Thượng Cát
11,Thành Phố Hà Nội,2827,Quận Bắc Từ Liêm,199435,Phường Thượng Cát,11,Thành Phố Hà Nội,1547,Phường Thượng Cát
11,Thành Phố Hà Nội,2827,Quận Bắc Từ Liêm,264971,Phường Thụy Phương,11,Thành Phố Hà Nội,1547,Phường Thượng Cát
11,Thành Phố Hà Nội,2827,Quận Bắc Từ Liêm,264971,Phường Thụy Phương,11,Thành Phố Hà Nội,26379,Phường Đông Ngạc
11,Thành Phố Hà Nội,2827,Quận Bắc Từ Liêm,330507,Phường Xuân Đỉnh,11,Thành Phố Hà Nội,1803,Phường Xuân Đỉnh
11,Thành Phố Hà Nội,2827,Quận Bắc Từ Liêm,330507,Phường Xuân Đỉnh,11,Thành Phố Hà Nội,25611,Phường Phú Thượng
11,Thành Phố Hà Nội,2827,Quận Bắc Từ Liêm,330507,Phường Xuân Đỉnh,11,Thành Phố Hà Nội,26379,Phường Đông Ngạc
11,Thành Phố Hà Nội,2827,Quận Bắc Từ Liêm,396043,Phường Cổ Nhuế 1,11,Thành Phố Hà Nội,1035,Phường Phú Diễn
11,Thành Phố Hà Nội,2827,Quận Bắc Từ Liêm,396043,Phường Cổ Nhuế 1,11,Thành Phố Hà Nội,1803,Phường Xuân Đỉnh
11,Thành Phố Hà Nội,2827,Quận Bắc Từ Liêm,396043,Phường Cổ Nhuế 1,11,Thành Phố Hà Nội,15115,Phường Nghĩa Đô
11,Thành Phố Hà Nội,2827,Quận Bắc Từ Liêm,461579,Phường Đông Ngạc,11,Thành Phố Hà Nội,25611,Phường Phú Thượng
11,Thành Phố Hà Nội,2827,Quận Bắc Từ Liêm,461579,Phường Đông Ngạc,11,Thành Phố Hà Nội,26379,Phường Đông Ngạc
11,Thành Phố Hà Nội,2827,Quận Bắc Từ Liêm,527115,Phường Liên Mạc,11,Thành Phố Hà Nội,1547,Phường Thượng Cát
11,Thành Phố Hà Nội,2827,Quận Bắc Từ Liêm,592651,Phường Minh Khai,11,Thành Phố Hà Nội,1291,Phường Tây Tựu
11,Thành Phố Hà Nội,2827,Quận Bắc Từ Liêm,592651,Phường Minh Khai,11,Thành Phố Hà Nội,1547,Phường Thượng Cát
11,Thành Phố Hà Nội,2827,Quận Bắc Từ Liêm,592651,Phường Minh Khai,11,Thành Phố Hà Nội,2059,Phường Xuân Phương
11,Thành Phố Hà Nội,2827,Quận Bắc Từ Liêm,658187,Phường Phúc Diễn,11,Thành Phố Hà Nội,1035,Phường Phú Diễn
11,Thành Phố Hà Nội,2827,Quận Bắc Từ Liêm,658187,Phường Phúc Diễn,11,Thành Phố Hà Nội,2059,Phường Xuân Phương
11,Thành Phố Hà Nội,2827,Quận Bắc Từ Liêm,723723,Phường Đức Thắng,11,Thành Phố Hà Nội,26379,Phường Đông Ngạc
11,Thành Phố Hà Nội,2827,Quận Bắc Từ Liêm,789259,Phường Xuân Tảo,11,Thành Phố Hà Nội,1803,Phường Xuân Đỉnh
11,Thành Phố Hà Nội,2827,Quận Bắc Từ Liêm,854795,Phường Cổ Nhuế 2,11,Thành Phố Hà Nội,26379,Phường Đông Ngạc
11,Thành Phố Hà Nội,3083,Quận Nam Từ Liêm,68619,Phường Tây Mỗ,11,Thành Phố Hà Nội,779,Phường Tây Mỗ
11,Thành Phố Hà Nội,3083,Quận Nam Từ Liêm,68619,Phường Tây Mỗ,11,Thành Phố Hà Nội,2059,Phường Xuân Phương
11,Thành Phố Hà Nội,3083,Quận Nam Từ Liêm,134155,Phường Trung Văn,11,Thành Phố Hà Nội,23563,Phường Đại Mỗ
11,Thành Phố Hà Nội,3083,Quận Nam Từ Liêm,199691,Phường Xuân Phương,11,Thành Phố Hà Nội,2059,Phường Xuân Phương
11,Thành Phố Hà Nội,3083,Quận Nam Từ Liêm,265227,Phường Mễ Trì,11,Thành Phố Hà Nội,23563,Phường Đại Mỗ
11,Thành Phố Hà Nội,3083,Quận Nam Từ Liêm,265227,Phường Mễ Trì,11,Thành Phố Hà Nội,26123,Phường Từ Liêm
11,Thành Phố Hà Nội,3083,Quận Nam Từ Liêm,330763,Phường Đại Mỗ,11,Thành Phố Hà Nội,779,Phường Tây Mỗ
11,Thành Phố Hà Nội,3083,Quận Nam Từ Liêm,330763,Phường Đại Mỗ,11,Thành Phố Hà Nội,23563,Phường Đại Mỗ
11,Thành Phố Hà Nội,3083,Quận Nam Từ Liêm,396299,Phường Mỹ Đình 1,11,Thành Phố Hà Nội,14859,Phường Cầu Giấy
11,Thành Phố Hà Nội,3083,Quận Nam Từ Liêm,396299,Phường Mỹ Đình 1,11,Thành Phố Hà Nội,26123,Phường Từ Liêm
11,Thành Phố Hà Nội,3083,Quận Nam Từ Liêm,461835,Phường Cầu Diễn,11,Thành Phố Hà Nội,26123,Phường Từ Liêm
11,Thành Phố Hà Nội,3083,Quận Nam Từ Liêm,527371,Phường Phương Canh,11,Thành Phố Hà Nội,2059,Phường Xuân Phương
11,Thành Phố Hà Nội,3083,Quận Nam Từ Liêm,592907,Phường Mỹ Đình 2,11,Thành Phố Hà Nội,14859,Phường Cầu Giấy
11,Thành Phố Hà Nội,3083,Quận Nam Từ Liêm,592907,Phường Mỹ Đình 2,11,Thành Phố Hà Nội,26123,Phường Từ Liêm
11,Thành Phố Hà Nội,3083,Quận Nam Từ Liêm,658443,Phường Phú Đô,11,Thành Phố Hà Nội,23563,Phường Đại Mỗ
11,Thành Phố Hà Nội,3083,Quận Nam Từ Liêm,658443,Phường Phú Đô,11,Thành Phố Hà Nội,26123,Phường Từ Liêm
11,Thành Phố Hà Nội,3339,Thị Xã Sơn Tây,68875,Phường Ngô Quyền,11,Thành Phố Hà Nội,28427,Phường Sơn Tây
11,Thành Phố Hà Nội,3339,Thị Xã Sơn Tây,134411,Phường Phú Thịnh,11,Thành Phố Hà Nội,28427,Phường Sơn Tây
11,Thành Phố Hà Nội,3339,Thị Xã Sơn Tây,265483,Phường Sơn Lộc,11,Thành Phố Hà Nội,2827,Phường Tùng Thiện
11,Thành Phố Hà Nội,3339,Thị Xã Sơn Tây,265483,Phường Sơn Lộc,11,Thành Phố Hà Nội,28427,Phường Sơn Tây
11,Thành Phố Hà Nội,3339,Thị Xã Sơn Tây,331019,Phường Trung Hưng,11,Thành Phố Hà Nội,28427,Phường Sơn Tây
11,Thành Phố Hà Nội,3339,Thị Xã Sơn Tây,396555,Phường Trung Sơn Trầm,11,Thành Phố Hà Nội,2827,Phường Tùng Thiện
11,Thành Phố Hà Nội,3339,Thị Xã Sơn Tây,462091,Phường Viên Sơn,11,Thành Phố Hà Nội,28427,Phường Sơn Tây
11,Thành Phố Hà Nội,3339,Thị Xã Sơn Tây,527627,Xã Cổ Đông,11,Thành Phố Hà Nội,3083,Xã Đoài Phương
11,Thành Phố Hà Nội,3339,Thị Xã Sơn Tây,527627,Xã Cổ Đông,11,Thành Phố Hà Nội,13067,Xã Hòa Lạc
11,Thành Phố Hà Nội,3339,Thị Xã Sơn Tây,593163,Xã Đường Lâm,11,Thành Phố Hà Nội,28427,Phường Sơn Tây
11,Thành Phố Hà Nội,3339,Thị Xã Sơn Tây,658699,Xã Kim Sơn,11,Thành Phố Hà Nội,3083,Xã Đoài Phương
11,Thành Phố Hà Nội,3339,Thị Xã Sơn Tây,724235,Xã Sơn Đông,11,Thành Phố Hà Nội,3083,Xã Đoài Phương
11,Thành Phố Hà Nội,3339,Thị Xã Sơn Tây,789771,Xã Thanh Mỹ,11,Thành Phố Hà Nội,2827,Phường Tùng Thiện
11,Thành Phố Hà Nội,3339,Thị Xã Sơn Tây,789771,Xã Thanh Mỹ,11,Thành Phố Hà Nội,28427,Phường Sơn Tây
11,Thành Phố Hà Nội,3339,Thị Xã Sơn Tây,855307,Xã Xuân Sơn,11,Thành Phố Hà Nội,2827,Phường Tùng Thiện
11,Thành Phố Hà Nội,3339,Thị Xã Sơn Tây,986379,Phường Xuân Khanh,11,Thành Phố Hà Nội,2827,Phường Tùng Thiện
11,Thành Phố Hà Nội,3595,Huyện Ba Vì,69131,Xã Minh Châu,11,Thành Phố Hà Nội,267,Xã Minh Châu
11,Thành Phố Hà Nội,3595,Huyện Ba Vì,134667,Xã Khánh Thượng,11,Thành Phố Hà Nội,3851,Xã Ba Vì
11,Thành Phố Hà Nội,3595,Huyện Ba Vì,200203,Xã Minh Quang,11,Thành Phố Hà Nội,3851,Xã Ba Vì
11,Thành Phố Hà Nội,3595,Huyện Ba Vì,265739,Xã Phong Vân,11,Thành Phố Hà Nội,4107,Xã Cổ Đô
11,Thành Phố Hà Nội,3595,Huyện Ba Vì,331275,Xã Phú Châu,11,Thành Phố Hà Nội,11019,Xã Vật Lại
11,Thành Phố Hà Nội,3595,Huyện Ba Vì,396811,Xã Phú Cường,11,Thành Phố Hà Nội,4107,Xã Cổ Đô
11,Thành Phố Hà Nội,3595,Huyện Ba Vì,462347,Xã Phú Đông,11,Thành Phố Hà Nội,4107,Xã Cổ Đô
11,Thành Phố Hà Nội,3595,Huyện Ba Vì,593419,Xã Phú Sơn,11,Thành Phố Hà Nội,11019,Xã Vật Lại
11,Thành Phố Hà Nội,3595,Huyện Ba Vì,658955,Xã Sơn Đà,11,Thành Phố Hà Nội,10763,Xã Bất Bạt
11,Thành Phố Hà Nội,3595,Huyện Ba Vì,724491,Xã Phú Hồng,11,Thành Phố Hà Nội,4107,Xã Cổ Đô
11,Thành Phố Hà Nội,3595,Huyện Ba Vì,790027,Xã Ba Trại,11,Thành Phố Hà Nội,3595,Xã Suối Hai
11,Thành Phố Hà Nội,3595,Huyện Ba Vì,855563,Xã Ba Vì,11,Thành Phố Hà Nội,3851,Xã Ba Vì
11,Thành Phố Hà Nội,3595,Huyện Ba Vì,921099,Xã Cẩm Lĩnh,11,Thành Phố Hà Nội,3595,Xã Suối Hai
11,Thành Phố Hà Nội,3595,Huyện Ba Vì,921099,Xã Cẩm Lĩnh,11,Thành Phố Hà Nội,10763,Xã Bất Bạt
11,Thành Phố Hà Nội,3595,Huyện Ba Vì,986635,Xã Cam Thượng,11,Thành Phố Hà Nội,7691,Xã Quảng Oai
11,Thành Phố Hà Nội,3595,Huyện Ba Vì,1117707,Xã Chu Minh,11,Thành Phố Hà Nội,267,Xã Minh Châu
11,Thành Phố Hà Nội,3595,Huyện Ba Vì,1117707,Xã Chu Minh,11,Thành Phố Hà Nội,7691,Xã Quảng Oai
11,Thành Phố Hà Nội,3595,Huyện Ba Vì,1183243,Xã Cổ Đô,11,Thành Phố Hà Nội,4107,Xã Cổ Đô
11,Thành Phố Hà Nội,3595,Huyện Ba Vì,1248779,Xã Đông Quang,11,Thành Phố Hà Nội,7691,Xã Quảng Oai
11,Thành Phố Hà Nội,3595,Huyện Ba Vì,1314315,Xã Đồng Thái,11,Thành Phố Hà Nội,11019,Xã Vật Lại
11,Thành Phố Hà Nội,3595,Huyện Ba Vì,1379851,Thị Trấn Tây Đằng,11,Thành Phố Hà Nội,267,Xã Minh Châu
11,Thành Phố Hà Nội,3595,Huyện Ba Vì,1379851,Thị Trấn Tây Đằng,11,Thành Phố Hà Nội,7691,Xã Quảng Oai
11,Thành Phố Hà Nội,3595,Huyện Ba Vì,1445387,Xã Tản Lĩnh,11,Thành Phố Hà Nội,3595,Xã Suối Hai
11,Thành Phố Hà Nội,3595,Huyện Ba Vì,1510923,Xã Thái Hòa,11,Thành Phố Hà Nội,11019,Xã Vật Lại
11,Thành Phố Hà Nội,3595,Huyện Ba Vì,1576459,Xã Thuần Mỹ,11,Thành Phố Hà Nội,10763,Xã Bất Bạt
11,Thành Phố Hà Nội,3595,Huyện Ba Vì,1641995,Xã Thụy An,11,Thành Phố Hà Nội,7691,Xã Quảng Oai
11,Thành Phố Hà Nội,3595,Huyện Ba Vì,1707531,Xã Tiên Phong,11,Thành Phố Hà Nội,7691,Xã Quảng Oai
11,Thành Phố Hà Nội,3595,Huyện Ba Vì,1773067,Xã Tòng Bạt,11,Thành Phố Hà Nội,10763,Xã Bất Bạt
11,Thành Phố Hà Nội,3595,Huyện Ba Vì,1838603,Xã Vật Lại,11,Thành Phố Hà Nội,11019,Xã Vật Lại
11,Thành Phố Hà Nội,3595,Huyện Ba Vì,1904139,Xã Vân Hòa,11,Thành Phố Hà Nội,11275,Xã Yên Bài
11,Thành Phố Hà Nội,3595,Huyện Ba Vì,1969675,Xã Vạn Thắng,11,Thành Phố Hà Nội,4107,Xã Cổ Đô
11,Thành Phố Hà Nội,3595,Huyện Ba Vì,2035211,Xã Yên Bài,11,Thành Phố Hà Nội,11275,Xã Yên Bài
11,Thành Phố Hà Nội,3851,Huyện Chương Mỹ,69387,Xã Hòa Phú,11,Thành Phố Hà Nội,26635,Xã Hòa Phú
11,Thành Phố Hà Nội,3851,Huyện Chương Mỹ,134923,Xã Hoàng Diệu,11,Thành Phố Hà Nội,6155,Xã Quảng Bị
11,Thành Phố Hà Nội,3851,Huyện Chương Mỹ,200459,Xã Hoàng Văn Thụ,11,Thành Phố Hà Nội,6411,Xã Trần Phú
11,Thành Phố Hà Nội,3851,Huyện Chương Mỹ,265995,Xã Hồng Phú,11,Thành Phố Hà Nội,26635,Xã Hòa Phú
11,Thành Phố Hà Nội,3851,Huyện Chương Mỹ,331531,Xã Hợp Đồng,11,Thành Phố Hà Nội,6155,Xã Quảng Bị
11,Thành Phố Hà Nội,3851,Huyện Chương Mỹ,397067,Xã Hữu Văn,11,Thành Phố Hà Nội,6411,Xã Trần Phú
11,Thành Phố Hà Nội,3851,Huyện Chương Mỹ,462603,Xã Lam Điền,11,Thành Phố Hà Nội,6155,Xã Quảng Bị
11,Thành Phố Hà Nội,3851,Huyện Chương Mỹ,528139,Xã Mỹ Lương,11,Thành Phố Hà Nội,6411,Xã Trần Phú
11,Thành Phố Hà Nội,3851,Huyện Chương Mỹ,593675,Xã Nam Phương Tiến,11,Thành Phố Hà Nội,11787,Xã Xuân Mai
11,Thành Phố Hà Nội,3851,Huyện Chương Mỹ,659211,Xã Ngọc Hòa,11,Thành Phố Hà Nội,11531,Phường Chương Mỹ
11,Thành Phố Hà Nội,3851,Huyện Chương Mỹ,790283,Xã Phụng Châu,11,Thành Phố Hà Nội,11531,Phường Chương Mỹ
11,Thành Phố Hà Nội,3851,Huyện Chương Mỹ,855819,Xã Quảng Bị,11,Thành Phố Hà Nội,6155,Xã Quảng Bị
11,Thành Phố Hà Nội,3851,Huyện Chương Mỹ,921355,Xã Tân Tiến,11,Thành Phố Hà Nội,6411,Xã Trần Phú
11,Thành Phố Hà Nội,3851,Huyện Chương Mỹ,921355,Xã Tân Tiến,11,Thành Phố Hà Nội,11787,Xã Xuân Mai
11,Thành Phố Hà Nội,3851,Huyện Chương Mỹ,986891,Xã Thanh Bình,11,Thành Phố Hà Nội,12043,Xã Phú Nghĩa
11,Thành Phố Hà Nội,3851,Huyện Chương Mỹ,1052427,Xã Thượng Vực,11,Thành Phố Hà Nội,26635,Xã Hòa Phú
11,Thành Phố Hà Nội,3851,Huyện Chương Mỹ,1117963,Xã Thụy Hương,11,Thành Phố Hà Nội,11531,Phường Chương Mỹ
11,Thành Phố Hà Nội,3851,Huyện Chương Mỹ,1183499,Xã Thủy Xuân Tiên,11,Thành Phố Hà Nội,11787,Xã Xuân Mai
11,Thành Phố Hà Nội,3851,Huyện Chương Mỹ,1249035,Xã Tiên Phương,11,Thành Phố Hà Nội,11531,Phường Chương Mỹ
11,Thành Phố Hà Nội,3851,Huyện Chương Mỹ,1314571,Xã Tốt Động,11,Thành Phố Hà Nội,6155,Xã Quảng Bị
11,Thành Phố Hà Nội,3851,Huyện Chương Mỹ,1380107,Xã Trần Phú,11,Thành Phố Hà Nội,6411,Xã Trần Phú
11,Thành Phố Hà Nội,3851,Huyện Chương Mỹ,1445643,Xã Trung Hòa,11,Thành Phố Hà Nội,12043,Xã Phú Nghĩa
11,Thành Phố Hà Nội,3851,Huyện Chương Mỹ,1511179,Xã Trường Yên,11,Thành Phố Hà Nội,12043,Xã Phú Nghĩa
11,Thành Phố Hà Nội,3851,Huyện Chương Mỹ,1576715,Xã Văn Võ,11,Thành Phố Hà Nội,26635,Xã Hòa Phú
11,Thành Phố Hà Nội,3851,Huyện Chương Mỹ,1642251,Xã Phú Nghĩa,11,Thành Phố Hà Nội,12043,Xã Phú Nghĩa
11,Thành Phố Hà Nội,3851,Huyện Chương Mỹ,1707787,Thị Trấn Chúc Sơn,11,Thành Phố Hà Nội,11531,Phường Chương Mỹ
11,Thành Phố Hà Nội,3851,Huyện Chương Mỹ,1773323,Thị Trấn Xuân Mai,11,Thành Phố Hà Nội,11787,Xã Xuân Mai
11,Thành Phố Hà Nội,3851,Huyện Chương Mỹ,1838859,Xã Đại Yên,11,Thành Phố Hà Nội,11531,Phường Chương Mỹ
11,Thành Phố Hà Nội,3851,Huyện Chương Mỹ,1904395,Xã Đồng Lạc,11,Thành Phố Hà Nội,26635,Xã Hòa Phú
11,Thành Phố Hà Nội,3851,Huyện Chương Mỹ,2035467,Xã Đông Phương Yên,11,Thành Phố Hà Nội,12043,Xã Phú Nghĩa
11,Thành Phố Hà Nội,3851,Huyện Chương Mỹ,2101003,Xã Đông Sơn,11,Thành Phố Hà Nội,12043,Xã Phú Nghĩa
11,Thành Phố Hà Nội,4107,Huyện Gia Lâm,135179,Thị Trấn Trâu Quỳ,11,Thành Phố Hà Nội,3339,Xã Gia Lâm
11,Thành Phố Hà Nội,4107,Huyện Gia Lâm,200715,Thị Trấn Yên Viên,11,Thành Phố Hà Nội,15371,Xã Phù Đổng
11,Thành Phố Hà Nội,4107,Huyện Gia Lâm,266251,Xã Bát Tràng,11,Thành Phố Hà Nội,27403,Xã Bát Tràng
11,Thành Phố Hà Nội,4107,Huyện Gia Lâm,331787,Xã Cổ Bi,11,Thành Phố Hà Nội,3339,Xã Gia Lâm
11,Thành Phố Hà Nội,4107,Huyện Gia Lâm,331787,Xã Cổ Bi,11,Thành Phố Hà Nội,15371,Xã Phù Đổng
11,Thành Phố Hà Nội,4107,Huyện Gia Lâm,331787,Xã Cổ Bi,11,Thành Phố Hà Nội,27659,Xã Thuận An
11,Thành Phố Hà Nội,4107,Huyện Gia Lâm,397323,Xã Đa Tốn,11,Thành Phố Hà Nội,3339,Xã Gia Lâm
11,Thành Phố Hà Nội,4107,Huyện Gia Lâm,397323,Xã Đa Tốn,11,Thành Phố Hà Nội,27403,Xã Bát Tràng
11,Thành Phố Hà Nội,4107,Huyện Gia Lâm,462859,Xã Đặng Xá,11,Thành Phố Hà Nội,3339,Xã Gia Lâm
11,Thành Phố Hà Nội,4107,Huyện Gia Lâm,462859,Xã Đặng Xá,11,Thành Phố Hà Nội,27659,Xã Thuận An
11,Thành Phố Hà Nội,4107,Huyện Gia Lâm,593931,Xã Yên Thường,11,Thành Phố Hà Nội,15371,Xã Phù Đổng
11,Thành Phố Hà Nội,4107,Huyện Gia Lâm,725003,Xã Thiên Đức,11,Thành Phố Hà Nội,15371,Xã Phù Đổng
11,Thành Phố Hà Nội,4107,Huyện Gia Lâm,790539,Xã Dương Quang,11,Thành Phố Hà Nội,27659,Xã Thuận An
11,Thành Phố Hà Nội,4107,Huyện Gia Lâm,856075,Xã Dương Xá,11,Thành Phố Hà Nội,3339,Xã Gia Lâm
11,Thành Phố Hà Nội,4107,Huyện Gia Lâm,921611,Xã Kiêu Kỵ,11,Thành Phố Hà Nội,3339,Xã Gia Lâm
11,Thành Phố Hà Nội,4107,Huyện Gia Lâm,921611,Xã Kiêu Kỵ,11,Thành Phố Hà Nội,27403,Xã Bát Tràng
11,Thành Phố Hà Nội,4107,Huyện Gia Lâm,987147,Xã Phú Sơn,11,Thành Phố Hà Nội,27659,Xã Thuận An
11,Thành Phố Hà Nội,4107,Huyện Gia Lâm,1052683,Xã Lệ Chi,11,Thành Phố Hà Nội,27659,Xã Thuận An
11,Thành Phố Hà Nội,4107,Huyện Gia Lâm,1118219,Xã Ninh Hiệp,11,Thành Phố Hà Nội,15371,Xã Phù Đổng
11,Thành Phố Hà Nội,4107,Huyện Gia Lâm,1183755,Xã Phù Đổng,11,Thành Phố Hà Nội,15371,Xã Phù Đổng
11,Thành Phố Hà Nội,4107,Huyện Gia Lâm,1380363,Xã Yên Viên,11,Thành Phố Hà Nội,15371,Xã Phù Đổng
11,Thành Phố Hà Nội,4107,Huyện Gia Lâm,1445899,Xã Kim Đức,11,Thành Phố Hà Nội,27403,Xã Bát Tràng
11,Thành Phố Hà Nội,4363,Huyện Hoài Đức,69899,Xã Minh Khai,11,Thành Phố Hà Nội,7947,Xã Dương Hòa
11,Thành Phố Hà Nội,4363,Huyện Hoài Đức,135435,Xã Đức Giang,11,Thành Phố Hà Nội,15627,Xã Hoài Đức
11,Thành Phố Hà Nội,4363,Huyện Hoài Đức,200971,Xã Đức Thượng,11,Thành Phố Hà Nội,15627,Xã Hoài Đức
11,Thành Phố Hà Nội,4363,Huyện Hoài Đức,266507,Xã Dương Liễu,11,Thành Phố Hà Nội,7947,Xã Dương Hòa
11,Thành Phố Hà Nội,4363,Huyện Hoài Đức,332043,Xã Kim Chung,11,Thành Phố Hà Nội,15627,Xã Hoài Đức
11,Thành Phố Hà Nội,4363,Huyện Hoài Đức,397579,Xã La Phù,11,Thành Phố Hà Nội,15883,Xã An Khánh
11,Thành Phố Hà Nội,4363,Huyện Hoài Đức,463115,Xã Lại Yên,11,Thành Phố Hà Nội,16395,Xã Sơn Đồng
11,Thành Phố Hà Nội,4363,Huyện Hoài Đức,528651,Xã Song Phương,11,Thành Phố Hà Nội,15883,Xã An Khánh
11,Thành Phố Hà Nội,4363,Huyện Hoài Đức,528651,Xã Song Phương,11,Thành Phố Hà Nội,16395,Xã Sơn Đồng
11,Thành Phố Hà Nội,4363,Huyện Hoài Đức,594187,Xã Tiền Yên,11,Thành Phố Hà Nội,16395,Xã Sơn Đồng
11,Thành Phố Hà Nội,4363,Huyện Hoài Đức,659723,Xã Vân Canh,11,Thành Phố Hà Nội,16395,Xã Sơn Đồng
11,Thành Phố Hà Nội,4363,Huyện Hoài Đức,725259,Xã Vân Côn,11,Thành Phố Hà Nội,15883,Xã An Khánh
11,Thành Phố Hà Nội,4363,Huyện Hoài Đức,790795,Xã Yên Sở,11,Thành Phố Hà Nội,7947,Xã Dương Hòa
11,Thành Phố Hà Nội,4363,Huyện Hoài Đức,856331,Thị Trấn Trạm Trôi,11,Thành Phố Hà Nội,15627,Xã Hoài Đức
11,Thành Phố Hà Nội,4363,Huyện Hoài Đức,921867,Xã An Khánh,11,Thành Phố Hà Nội,15883,Xã An Khánh
11,Thành Phố Hà Nội,4363,Huyện Hoài Đức,921867,Xã An Khánh,11,Thành Phố Hà Nội,16395,Xã Sơn Đồng
11,Thành Phố Hà Nội,4363,Huyện Hoài Đức,987403,Xã An Thượng,11,Thành Phố Hà Nội,15883,Xã An Khánh
11,Thành Phố Hà Nội,4363,Huyện Hoài Đức,1052939,Xã Cát Quế,11,Thành Phố Hà Nội,7947,Xã Dương Hòa
11,Thành Phố Hà Nội,4363,Huyện Hoài Đức,1118475,Xã Đắc Sở,11,Thành Phố Hà Nội,7947,Xã Dương Hòa
11,Thành Phố Hà Nội,4363,Huyện Hoài Đức,1184011,Xã Đông La,11,Thành Phố Hà Nội,15883,Xã An Khánh
11,Thành Phố Hà Nội,4363,Huyện Hoài Đức,1249547,Xã Di Trạch,11,Thành Phố Hà Nội,15627,Xã Hoài Đức
11,Thành Phố Hà Nội,4363,Huyện Hoài Đức,1315083,Xã Sơn Đồng,11,Thành Phố Hà Nội,16395,Xã Sơn Đồng
11,Thành Phố Hà Nội,4619,Huyện Mê Linh,70155,Thị Trấn Quang Minh,11,Thành Phố Hà Nội,8971,Xã Quang Minh
11,Thành Phố Hà Nội,4619,Huyện Mê Linh,135691,Xã Hoàng Kim,11,Thành Phố Hà Nội,9995,Xã Yên Lãng
11,Thành Phố Hà Nội,4619,Huyện Mê Linh,201227,Xã Kim Hoa,11,Thành Phố Hà Nội,8971,Xã Quang Minh
11,Thành Phố Hà Nội,4619,Huyện Mê Linh,201227,Xã Kim Hoa,11,Thành Phố Hà Nội,9739,Xã Tiến Thắng
11,Thành Phố Hà Nội,4619,Huyện Mê Linh,266763,Xã Liên Mạc,11,Thành Phố Hà Nội,9995,Xã Yên Lãng
11,Thành Phố Hà Nội,4619,Huyện Mê Linh,332299,Xã Mê Linh,11,Thành Phố Hà Nội,8971,Xã Quang Minh
11,Thành Phố Hà Nội,4619,Huyện Mê Linh,332299,Xã Mê Linh,11,Thành Phố Hà Nội,9483,Xã Mê Linh
11,Thành Phố Hà Nội,4619,Huyện Mê Linh,332299,Xã Mê Linh,11,Thành Phố Hà Nội,9739,Xã Tiến Thắng
11,Thành Phố Hà Nội,4619,Huyện Mê Linh,397835,Xã Tam Đồng,11,Thành Phố Hà Nội,9739,Xã Tiến Thắng
11,Thành Phố Hà Nội,4619,Huyện Mê Linh,463371,Xã Thạch Đà,11,Thành Phố Hà Nội,9739,Xã Tiến Thắng
11,Thành Phố Hà Nội,4619,Huyện Mê Linh,463371,Xã Thạch Đà,11,Thành Phố Hà Nội,9995,Xã Yên Lãng
11,Thành Phố Hà Nội,4619,Huyện Mê Linh,528907,Xã Thanh Lâm,11,Thành Phố Hà Nội,8971,Xã Quang Minh
11,Thành Phố Hà Nội,4619,Huyện Mê Linh,528907,Xã Thanh Lâm,11,Thành Phố Hà Nội,9739,Xã Tiến Thắng
11,Thành Phố Hà Nội,4619,Huyện Mê Linh,594443,Xã Tiền Phong,11,Thành Phố Hà Nội,9483,Xã Mê Linh
11,Thành Phố Hà Nội,4619,Huyện Mê Linh,659979,Xã Tiến Thắng,11,Thành Phố Hà Nội,9739,Xã Tiến Thắng
11,Thành Phố Hà Nội,4619,Huyện Mê Linh,725515,Xã Tiến Thịnh,11,Thành Phố Hà Nội,9995,Xã Yên Lãng
11,Thành Phố Hà Nội,4619,Huyện Mê Linh,791051,Xã Tráng Việt,11,Thành Phố Hà Nội,9483,Xã Mê Linh
11,Thành Phố Hà Nội,4619,Huyện Mê Linh,856587,Xã Tự Lập,11,Thành Phố Hà Nội,9739,Xã Tiến Thắng
11,Thành Phố Hà Nội,4619,Huyện Mê Linh,922123,Xã Văn Khê,11,Thành Phố Hà Nội,9483,Xã Mê Linh
11,Thành Phố Hà Nội,4619,Huyện Mê Linh,922123,Xã Văn Khê,11,Thành Phố Hà Nội,9739,Xã Tiến Thắng
11,Thành Phố Hà Nội,4619,Huyện Mê Linh,1053195,Xã Chu Phan,11,Thành Phố Hà Nội,9995,Xã Yên Lãng
11,Thành Phố Hà Nội,4619,Huyện Mê Linh,1118731,Xã Đại Thịnh,11,Thành Phố Hà Nội,8971,Xã Quang Minh
11,Thành Phố Hà Nội,4619,Huyện Mê Linh,1118731,Xã Đại Thịnh,11,Thành Phố Hà Nội,9739,Xã Tiến Thắng
11,Thành Phố Hà Nội,4619,Huyện Mê Linh,1184267,Thị Trấn Chi Đông,11,Thành Phố Hà Nội,8971,Xã Quang Minh
11,Thành Phố Hà Nội,4875,Huyện Mỹ Đức,70411,Xã Tuy Lai,11,Thành Phố Hà Nội,16139,Xã Phúc Sơn
11,Thành Phố Hà Nội,4875,Huyện Mỹ Đức,135947,Xã Vạn Tín,11,Thành Phố Hà Nội,9227,Xã Hương Sơn
11,Thành Phố Hà Nội,4875,Huyện Mỹ Đức,201483,Xã Xuy Xá,11,Thành Phố Hà Nội,29707,Xã Hồng Sơn
11,Thành Phố Hà Nội,4875,Huyện Mỹ Đức,267019,Xã Hương Sơn,11,Thành Phố Hà Nội,9227,Xã Hương Sơn
11,Thành Phố Hà Nội,4875,Huyện Mỹ Đức,332555,Thị Trấn Đại Nghĩa,11,Thành Phố Hà Nội,10251,Xã Mỹ Đức
11,Thành Phố Hà Nội,4875,Huyện Mỹ Đức,398091,Xã An Mỹ,11,Thành Phố Hà Nội,29707,Xã Hồng Sơn
11,Thành Phố Hà Nội,4875,Huyện Mỹ Đức,463627,Xã An Phú,11,Thành Phố Hà Nội,10251,Xã Mỹ Đức
11,Thành Phố Hà Nội,4875,Huyện Mỹ Đức,529163,Xã An Tiến,11,Thành Phố Hà Nội,9227,Xã Hương Sơn
11,Thành Phố Hà Nội,4875,Huyện Mỹ Đức,594699,Xã Mỹ Xuyên,11,Thành Phố Hà Nội,16139,Xã Phúc Sơn
11,Thành Phố Hà Nội,4875,Huyện Mỹ Đức,660235,Xã Đại Hưng,11,Thành Phố Hà Nội,10251,Xã Mỹ Đức
11,Thành Phố Hà Nội,4875,Huyện Mỹ Đức,791307,Xã Đồng Tâm,11,Thành Phố Hà Nội,6411,Xã Trần Phú
11,Thành Phố Hà Nội,4875,Huyện Mỹ Đức,791307,Xã Đồng Tâm,11,Thành Phố Hà Nội,16139,Xã Phúc Sơn
11,Thành Phố Hà Nội,4875,Huyện Mỹ Đức,856843,Xã Hồng Sơn,11,Thành Phố Hà Nội,29707,Xã Hồng Sơn
11,Thành Phố Hà Nội,4875,Huyện Mỹ Đức,922379,Xã Hợp Thanh,11,Thành Phố Hà Nội,10251,Xã Mỹ Đức
11,Thành Phố Hà Nội,4875,Huyện Mỹ Đức,987915,Xã Hợp Tiến,11,Thành Phố Hà Nội,29707,Xã Hồng Sơn
11,Thành Phố Hà Nội,4875,Huyện Mỹ Đức,1053451,Xã Hùng Tiến,11,Thành Phố Hà Nội,9227,Xã Hương Sơn
11,Thành Phố Hà Nội,4875,Huyện Mỹ Đức,1118987,Xã Lê Thanh,11,Thành Phố Hà Nội,29707,Xã Hồng Sơn
11,Thành Phố Hà Nội,4875,Huyện Mỹ Đức,1250059,Xã Phù Lưu Tế,11,Thành Phố Hà Nội,10251,Xã Mỹ Đức
11,Thành Phố Hà Nội,4875,Huyện Mỹ Đức,1315595,Xã Phúc Lâm,11,Thành Phố Hà Nội,16139,Xã Phúc Sơn
11,Thành Phố Hà Nội,4875,Huyện Mỹ Đức,1381131,Xã Phùng Xá,11,Thành Phố Hà Nội,29707,Xã Hồng Sơn
11,Thành Phố Hà Nội,4875,Huyện Mỹ Đức,1446667,Xã Thượng Lâm,11,Thành Phố Hà Nội,16139,Xã Phúc Sơn
11,Thành Phố Hà Nội,5131,Huyện Đan Phượng,70667,Xã Hạ Mỗ,11,Thành Phố Hà Nội,5899,Xã Ô Diên
11,Thành Phố Hà Nội,5131,Huyện Đan Phượng,136203,Thị Trấn Phùng,11,Thành Phố Hà Nội,28683,Xã Đan Phượng
11,Thành Phố Hà Nội,5131,Huyện Đan Phượng,201739,Xã Đan Phượng,11,Thành Phố Hà Nội,28683,Xã Đan Phượng
11,Thành Phố Hà Nội,5131,Huyện Đan Phượng,267275,Xã Đồng Tháp,11,Thành Phố Hà Nội,28683,Xã Đan Phượng
11,Thành Phố Hà Nội,5131,Huyện Đan Phượng,332811,Xã Hồng Hà,11,Thành Phố Hà Nội,5899,Xã Ô Diên
11,Thành Phố Hà Nội,5131,Huyện Đan Phượng,332811,Xã Hồng Hà,11,Thành Phố Hà Nội,9995,Xã Yên Lãng
11,Thành Phố Hà Nội,5131,Huyện Đan Phượng,398347,Xã Liên Hà,11,Thành Phố Hà Nội,5899,Xã Ô Diên
11,Thành Phố Hà Nội,5131,Huyện Đan Phượng,398347,Xã Liên Hà,11,Thành Phố Hà Nội,9483,Xã Mê Linh
11,Thành Phố Hà Nội,5131,Huyện Đan Phượng,463883,Xã Liên Hồng,11,Thành Phố Hà Nội,5899,Xã Ô Diên
11,Thành Phố Hà Nội,5131,Huyện Đan Phượng,529419,Xã Liên Trung,11,Thành Phố Hà Nội,5899,Xã Ô Diên
11,Thành Phố Hà Nội,5131,Huyện Đan Phượng,529419,Xã Liên Trung,11,Thành Phố Hà Nội,9483,Xã Mê Linh
11,Thành Phố Hà Nội,5131,Huyện Đan Phượng,594955,Xã Phương Đình,11,Thành Phố Hà Nội,6667,Xã Liên Minh
11,Thành Phố Hà Nội,5131,Huyện Đan Phượng,660491,Xã Song Phượng,11,Thành Phố Hà Nội,28683,Xã Đan Phượng
11,Thành Phố Hà Nội,5131,Huyện Đan Phượng,726027,Xã Tân Hội,11,Thành Phố Hà Nội,5899,Xã Ô Diên
11,Thành Phố Hà Nội,5131,Huyện Đan Phượng,791563,Xã Tân Lập,11,Thành Phố Hà Nội,5899,Xã Ô Diên
11,Thành Phố Hà Nội,5131,Huyện Đan Phượng,857099,Xã Thọ An,11,Thành Phố Hà Nội,6667,Xã Liên Minh
11,Thành Phố Hà Nội,5131,Huyện Đan Phượng,922635,Xã Thọ Xuân,11,Thành Phố Hà Nội,6667,Xã Liên Minh
11,Thành Phố Hà Nội,5131,Huyện Đan Phượng,988171,Xã Thượng Mỗ,11,Thành Phố Hà Nội,28683,Xã Đan Phượng
11,Thành Phố Hà Nội,5131,Huyện Đan Phượng,1053707,Xã Trung Châu,11,Thành Phố Hà Nội,6667,Xã Liên Minh
11,Thành Phố Hà Nội,5131,Huyện Đan Phượng,1053707,Xã Trung Châu,11,Thành Phố Hà Nội,9995,Xã Yên Lãng
11,Thành Phố Hà Nội,5387,Huyện Đông Anh,70923,Xã Đông Hội,11,Thành Phố Hà Nội,7179,Xã Đông Anh
11,Thành Phố Hà Nội,5387,Huyện Đông Anh,136459,Xã Dục Tú,11,Thành Phố Hà Nội,6923,Xã Thư Lâm
11,Thành Phố Hà Nội,5387,Huyện Đông Anh,136459,Xã Dục Tú,11,Thành Phố Hà Nội,7179,Xã Đông Anh
11,Thành Phố Hà Nội,5387,Huyện Đông Anh,201995,Xã Hải Bối,11,Thành Phố Hà Nội,8459,Xã Vĩnh Thanh
11,Thành Phố Hà Nội,5387,Huyện Đông Anh,267531,Xã Kim Chung,11,Thành Phố Hà Nội,8715,Xã Thiên Lộc
11,Thành Phố Hà Nội,5387,Huyện Đông Anh,333067,Xã Kim Nỗ,11,Thành Phố Hà Nội,8459,Xã Vĩnh Thanh
11,Thành Phố Hà Nội,5387,Huyện Đông Anh,333067,Xã Kim Nỗ,11,Thành Phố Hà Nội,8715,Xã Thiên Lộc
11,Thành Phố Hà Nội,5387,Huyện Đông Anh,398603,Xã Liên Hà,11,Thành Phố Hà Nội,6923,Xã Thư Lâm
11,Thành Phố Hà Nội,5387,Huyện Đông Anh,464139,Xã Mai Lâm,11,Thành Phố Hà Nội,7179,Xã Đông Anh
11,Thành Phố Hà Nội,5387,Huyện Đông Anh,529675,Xã Nam Hồng,11,Thành Phố Hà Nội,8203,Xã Phúc Thịnh
11,Thành Phố Hà Nội,5387,Huyện Đông Anh,595211,Xã Nguyên Khê,11,Thành Phố Hà Nội,8203,Xã Phúc Thịnh
11,Thành Phố Hà Nội,5387,Huyện Đông Anh,660747,Thị Trấn Đông Anh,11,Thành Phố Hà Nội,6923,Xã Thư Lâm
11,Thành Phố Hà Nội,5387,Huyện Đông Anh,660747,Thị Trấn Đông Anh,11,Thành Phố Hà Nội,7179,Xã Đông Anh
11,Thành Phố Hà Nội,5387,Huyện Đông Anh,660747,Thị Trấn Đông Anh,11,Thành Phố Hà Nội,8203,Xã Phúc Thịnh
11,Thành Phố Hà Nội,5387,Huyện Đông Anh,726283,Xã Bắc Hồng,11,Thành Phố Hà Nội,8203,Xã Phúc Thịnh
11,Thành Phố Hà Nội,5387,Huyện Đông Anh,791819,Xã Cổ Loa,11,Thành Phố Hà Nội,7179,Xã Đông Anh
11,Thành Phố Hà Nội,5387,Huyện Đông Anh,857355,Xã Đại Mạch,11,Thành Phố Hà Nội,8715,Xã Thiên Lộc
11,Thành Phố Hà Nội,5387,Huyện Đông Anh,857355,Xã Đại Mạch,11,Thành Phố Hà Nội,9483,Xã Mê Linh
11,Thành Phố Hà Nội,5387,Huyện Đông Anh,922891,Xã Tàm Xá,11,Thành Phố Hà Nội,8459,Xã Vĩnh Thanh
11,Thành Phố Hà Nội,5387,Huyện Đông Anh,988427,Xã Thụy Lâm,11,Thành Phố Hà Nội,6923,Xã Thư Lâm
11,Thành Phố Hà Nội,5387,Huyện Đông Anh,1053963,Xã Tiên Dương,11,Thành Phố Hà Nội,8203,Xã Phúc Thịnh
11,Thành Phố Hà Nội,5387,Huyện Đông Anh,1119499,Xã Uy Nỗ,11,Thành Phố Hà Nội,6923,Xã Thư Lâm
11,Thành Phố Hà Nội,5387,Huyện Đông Anh,1119499,Xã Uy Nỗ,11,Thành Phố Hà Nội,7179,Xã Đông Anh
11,Thành Phố Hà Nội,5387,Huyện Đông Anh,1185035,Xã Vân Hà,11,Thành Phố Hà Nội,6923,Xã Thư Lâm
11,Thành Phố Hà Nội,5387,Huyện Đông Anh,1250571,Xã Vân Nội,11,Thành Phố Hà Nội,8203,Xã Phúc Thịnh
11,Thành Phố Hà Nội,5387,Huyện Đông Anh,1316107,Xã Việt Hùng,11,Thành Phố Hà Nội,6923,Xã Thư Lâm
11,Thành Phố Hà Nội,5387,Huyện Đông Anh,1316107,Xã Việt Hùng,11,Thành Phố Hà Nội,7179,Xã Đông Anh
11,Thành Phố Hà Nội,5387,Huyện Đông Anh,1381643,Xã Vĩnh Ngọc,11,Thành Phố Hà Nội,7179,Xã Đông Anh
11,Thành Phố Hà Nội,5387,Huyện Đông Anh,1381643,Xã Vĩnh Ngọc,11,Thành Phố Hà Nội,8459,Xã Vĩnh Thanh
11,Thành Phố Hà Nội,5387,Huyện Đông Anh,1447179,Xã Võng La,11,Thành Phố Hà Nội,8715,Xã Thiên Lộc
11,Thành Phố Hà Nội,5387,Huyện Đông Anh,1512715,Xã Xuân Canh,11,Thành Phố Hà Nội,7179,Xã Đông Anh
11,Thành Phố Hà Nội,5387,Huyện Đông Anh,1512715,Xã Xuân Canh,11,Thành Phố Hà Nội,8459,Xã Vĩnh Thanh
11,Thành Phố Hà Nội,5387,Huyện Đông Anh,1578251,Xã Xuân Nộn,11,Thành Phố Hà Nội,6923,Xã Thư Lâm
11,Thành Phố Hà Nội,5643,Huyện Ứng Hòa,71179,Xã Hòa Phú,11,Thành Phố Hà Nội,27147,Xã Hòa Xá
11,Thành Phố Hà Nội,5643,Huyện Ứng Hòa,136715,Xã Trường Thịnh,11,Thành Phố Hà Nội,29451,Xã Ứng Thiên
11,Thành Phố Hà Nội,5643,Huyện Ứng Hòa,333323,Xã Kim Đường,11,Thành Phố Hà Nội,30475,Xã Ứng Hòa
11,Thành Phố Hà Nội,5643,Huyện Ứng Hòa,398859,Thị Trấn Vân Đình,11,Thành Phố Hà Nội,23819,Xã Vân Đình
11,Thành Phố Hà Nội,5643,Huyện Ứng Hòa,529931,Xã Đại Cường,11,Thành Phố Hà Nội,30475,Xã Ứng Hòa
11,Thành Phố Hà Nội,5643,Huyện Ứng Hòa,595467,Xã Đại Hùng,11,Thành Phố Hà Nội,30475,Xã Ứng Hòa
11,Thành Phố Hà Nội,5643,Huyện Ứng Hòa,661003,Xã Bình Lưu Quang,11,Thành Phố Hà Nội,27147,Xã Hòa Xá
11,Thành Phố Hà Nội,5643,Huyện Ứng Hòa,726539,Xã Đông Lỗ,11,Thành Phố Hà Nội,30475,Xã Ứng Hòa
11,Thành Phố Hà Nội,5643,Huyện Ứng Hòa,792075,Xã Đồng Tân,11,Thành Phố Hà Nội,30475,Xã Ứng Hòa
11,Thành Phố Hà Nội,5643,Huyện Ứng Hòa,857611,Xã Cao Sơn Tiến,11,Thành Phố Hà Nội,23819,Xã Vân Đình
11,Thành Phố Hà Nội,5643,Huyện Ứng Hòa,988683,Xã Thái Hòa,11,Thành Phố Hà Nội,27147,Xã Hòa Xá
11,Thành Phố Hà Nội,5643,Huyện Ứng Hòa,1054219,Xã Hoa Viên,11,Thành Phố Hà Nội,29451,Xã Ứng Thiên
11,Thành Phố Hà Nội,5643,Huyện Ứng Hòa,1185291,Xã Liên Bạt,11,Thành Phố Hà Nội,29451,Xã Ứng Thiên
11,Thành Phố Hà Nội,5643,Huyện Ứng Hòa,1316363,Xã Minh Đức,11,Thành Phố Hà Nội,30475,Xã Ứng Hòa
11,Thành Phố Hà Nội,5643,Huyện Ứng Hòa,1381899,Xã Phù Lưu,11,Thành Phố Hà Nội,27147,Xã Hòa Xá
11,Thành Phố Hà Nội,5643,Huyện Ứng Hòa,1447435,Xã Phương Tú,11,Thành Phố Hà Nội,23819,Xã Vân Đình
11,Thành Phố Hà Nội,5643,Huyện Ứng Hòa,1512971,Xã Quảng Phú Cầu,11,Thành Phố Hà Nội,29451,Xã Ứng Thiên
11,Thành Phố Hà Nội,5643,Huyện Ứng Hòa,1644043,Xã Tảo Dương Văn,11,Thành Phố Hà Nội,23819,Xã Vân Đình
11,Thành Phố Hà Nội,5643,Huyện Ứng Hòa,1709579,Xã Trầm Lộng,11,Thành Phố Hà Nội,30475,Xã Ứng Hòa
11,Thành Phố Hà Nội,5643,Huyện Ứng Hòa,1775115,Xã Trung Tú,11,Thành Phố Hà Nội,30475,Xã Ứng Hòa
11,Thành Phố Hà Nội,5899,Huyện Phú Xuyên,71435,Xã Khai Thái,11,Thành Phố Hà Nội,2315,Xã Đại Xuyên
11,Thành Phố Hà Nội,5899,Huyện Phú Xuyên,136971,Xã Minh Tân,11,Thành Phố Hà Nội,2315,Xã Đại Xuyên
11,Thành Phố Hà Nội,5899,Huyện Phú Xuyên,202507,Xã Đại Xuyên,11,Thành Phố Hà Nội,2315,Xã Đại Xuyên
11,Thành Phố Hà Nội,5899,Huyện Phú Xuyên,268043,Xã Hoàng Long,11,Thành Phố Hà Nội,29195,Xã Phượng Dực
11,Thành Phố Hà Nội,5899,Huyện Phú Xuyên,333579,Xã Hồng Minh,11,Thành Phố Hà Nội,29195,Xã Phượng Dực
11,Thành Phố Hà Nội,5899,Huyện Phú Xuyên,464651,Thị Trấn Phú Minh,11,Thành Phố Hà Nội,7435,Xã Phú Xuyên
11,Thành Phố Hà Nội,5899,Huyện Phú Xuyên,530187,Thị Trấn Phú Xuyên,11,Thành Phố Hà Nội,7435,Xã Phú Xuyên
11,Thành Phố Hà Nội,5899,Huyện Phú Xuyên,595723,Xã Bạch Hạ,11,Thành Phố Hà Nội,2315,Xã Đại Xuyên
11,Thành Phố Hà Nội,5899,Huyện Phú Xuyên,661259,Xã Châu Can,11,Thành Phố Hà Nội,16651,Xã Chuyên Mỹ
11,Thành Phố Hà Nội,5899,Huyện Phú Xuyên,726795,Xã Chuyên Mỹ,11,Thành Phố Hà Nội,16651,Xã Chuyên Mỹ
11,Thành Phố Hà Nội,5899,Huyện Phú Xuyên,792331,Xã Hồng Thái,11,Thành Phố Hà Nội,7435,Xã Phú Xuyên
11,Thành Phố Hà Nội,5899,Huyện Phú Xuyên,857867,Xã Nam Phong,11,Thành Phố Hà Nội,7435,Xã Phú Xuyên
11,Thành Phố Hà Nội,5899,Huyện Phú Xuyên,988939,Xã Phú Túc,11,Thành Phố Hà Nội,29195,Xã Phượng Dực
11,Thành Phố Hà Nội,5899,Huyện Phú Xuyên,1054475,Xã Phú Yên,11,Thành Phố Hà Nội,16651,Xã Chuyên Mỹ
11,Thành Phố Hà Nội,5899,Huyện Phú Xuyên,1120011,Xã Phúc Tiến,11,Thành Phố Hà Nội,2315,Xã Đại Xuyên
11,Thành Phố Hà Nội,5899,Huyện Phú Xuyên,1185547,Xã Phượng Dực,11,Thành Phố Hà Nội,29195,Xã Phượng Dực
11,Thành Phố Hà Nội,5899,Huyện Phú Xuyên,1251083,Xã Quang Lãng,11,Thành Phố Hà Nội,2315,Xã Đại Xuyên
11,Thành Phố Hà Nội,5899,Huyện Phú Xuyên,1316619,Xã Quang Hà,11,Thành Phố Hà Nội,7435,Xã Phú Xuyên
11,Thành Phố Hà Nội,5899,Huyện Phú Xuyên,1382155,Xã Vân Từ,11,Thành Phố Hà Nội,16651,Xã Chuyên Mỹ
11,Thành Phố Hà Nội,5899,Huyện Phú Xuyên,1513227,Xã Tân Dân,11,Thành Phố Hà Nội,16651,Xã Chuyên Mỹ
11,Thành Phố Hà Nội,5899,Huyện Phú Xuyên,1578763,Xã Nam Tiến,11,Thành Phố Hà Nội,7435,Xã Phú Xuyên
11,Thành Phố Hà Nội,5899,Huyện Phú Xuyên,1644299,Xã Tri Thủy,11,Thành Phố Hà Nội,2315,Xã Đại Xuyên
11,Thành Phố Hà Nội,5899,Huyện Phú Xuyên,1775371,Xã Văn Hoàng,11,Thành Phố Hà Nội,29195,Xã Phượng Dực
11,Thành Phố Hà Nội,6155,Huyện Phúc Thọ,71691,Xã Nam Hà,11,Thành Phố Hà Nội,31499,Xã Phúc Lộc
11,Thành Phố Hà Nội,6155,Huyện Phúc Thọ,137227,Xã Hiệp Thuận,11,Thành Phố Hà Nội,30731,Xã Hát Môn
11,Thành Phố Hà Nội,6155,Huyện Phúc Thọ,202763,Xã Liên Hiệp,11,Thành Phố Hà Nội,30731,Xã Hát Môn
11,Thành Phố Hà Nội,6155,Huyện Phúc Thọ,268299,Xã Long Thượng,11,Thành Phố Hà Nội,30987,Xã Phúc Thọ
11,Thành Phố Hà Nội,6155,Huyện Phúc Thọ,333835,Xã Ngọc Tảo,11,Thành Phố Hà Nội,30731,Xã Hát Môn
11,Thành Phố Hà Nội,6155,Huyện Phúc Thọ,399371,Xã Phúc Hòa,11,Thành Phố Hà Nội,30987,Xã Phúc Thọ
11,Thành Phố Hà Nội,6155,Huyện Phúc Thọ,464907,Xã Phụng Thượng,11,Thành Phố Hà Nội,30987,Xã Phúc Thọ
11,Thành Phố Hà Nội,6155,Huyện Phúc Thọ,530443,Xã Sen Phương,11,Thành Phố Hà Nội,31499,Xã Phúc Lộc
11,Thành Phố Hà Nội,6155,Huyện Phúc Thọ,595979,Xã Tích Lộc,11,Thành Phố Hà Nội,30987,Xã Phúc Thọ
11,Thành Phố Hà Nội,6155,Huyện Phúc Thọ,661515,Xã Tam Hiệp,11,Thành Phố Hà Nội,30731,Xã Hát Môn
11,Thành Phố Hà Nội,6155,Huyện Phúc Thọ,727051,Xã Tam Thuấn,11,Thành Phố Hà Nội,30731,Xã Hát Môn
11,Thành Phố Hà Nội,6155,Huyện Phúc Thọ,792587,Xã Thanh Đa,11,Thành Phố Hà Nội,30731,Xã Hát Môn
11,Thành Phố Hà Nội,6155,Huyện Phúc Thọ,989195,Xã Hát Môn,11,Thành Phố Hà Nội,30731,Xã Hát Môn
11,Thành Phố Hà Nội,6155,Huyện Phúc Thọ,1054731,Xã Trạch Mỹ Lộc,11,Thành Phố Hà Nội,30987,Xã Phúc Thọ
11,Thành Phố Hà Nội,6155,Huyện Phúc Thọ,1120267,Thị Trấn Phúc Thọ,11,Thành Phố Hà Nội,30987,Xã Phúc Thọ
11,Thành Phố Hà Nội,6155,Huyện Phúc Thọ,1251339,Xã Vân Phúc,11,Thành Phố Hà Nội,31499,Xã Phúc Lộc
11,Thành Phố Hà Nội,6155,Huyện Phúc Thọ,1316875,Xã Võng Xuyên,11,Thành Phố Hà Nội,31499,Xã Phúc Lộc
11,Thành Phố Hà Nội,6155,Huyện Phúc Thọ,1382411,Xã Xuân Đình,11,Thành Phố Hà Nội,31499,Xã Phúc Lộc
11,Thành Phố Hà Nội,6411,Huyện Quốc Oai,203019,Xã Đồng Quang,11,Thành Phố Hà Nội,29963,Xã Hưng Đạo
11,Thành Phố Hà Nội,6411,Huyện Quốc Oai,268555,Xã Đông Xuân,11,Thành Phố Hà Nội,12299,Xã Yên Xuân
11,Thành Phố Hà Nội,6411,Huyện Quốc Oai,334091,Xã Đông Yên,11,Thành Phố Hà Nội,18955,Xã Phú Cát
11,Thành Phố Hà Nội,6411,Huyện Quốc Oai,399627,Xã Hòa Thạch,11,Thành Phố Hà Nội,18955,Xã Phú Cát
11,Thành Phố Hà Nội,6411,Huyện Quốc Oai,465163,Xã Liệp Nghĩa,11,Thành Phố Hà Nội,18699,Xã Kiều Phú
11,Thành Phố Hà Nội,6411,Huyện Quốc Oai,530699,Xã Hưng Đạo,11,Thành Phố Hà Nội,29963,Xã Hưng Đạo
11,Thành Phố Hà Nội,6411,Huyện Quốc Oai,661771,Xã Ngọc Liệp,11,Thành Phố Hà Nội,18699,Xã Kiều Phú
11,Thành Phố Hà Nội,6411,Huyện Quốc Oai,661771,Xã Ngọc Liệp,11,Thành Phố Hà Nội,26891,Xã Tây Phương
11,Thành Phố Hà Nội,6411,Huyện Quốc Oai,727307,Xã Ngọc Mỹ,11,Thành Phố Hà Nội,18699,Xã Kiều Phú
11,Thành Phố Hà Nội,6411,Huyện Quốc Oai,792843,Xã Phú Cát,11,Thành Phố Hà Nội,18955,Xã Phú Cát
11,Thành Phố Hà Nội,6411,Huyện Quốc Oai,858379,Xã Phú Mãn,11,Thành Phố Hà Nội,18955,Xã Phú Cát
11,Thành Phố Hà Nội,6411,Huyện Quốc Oai,989451,Xã Sài Sơn,11,Thành Phố Hà Nội,20235,Xã Quốc Oai
11,Thành Phố Hà Nội,6411,Huyện Quốc Oai,1054987,Xã Phượng Sơn,11,Thành Phố Hà Nội,20235,Xã Quốc Oai
11,Thành Phố Hà Nội,6411,Huyện Quốc Oai,1120523,Xã Thạch Thán,11,Thành Phố Hà Nội,20235,Xã Quốc Oai
11,Thành Phố Hà Nội,6411,Huyện Quốc Oai,1186059,Xã Tuyết Nghĩa,11,Thành Phố Hà Nội,18699,Xã Kiều Phú
11,Thành Phố Hà Nội,6411,Huyện Quốc Oai,1251595,Thị Trấn Quốc Oai,11,Thành Phố Hà Nội,20235,Xã Quốc Oai
11,Thành Phố Hà Nội,6411,Huyện Quốc Oai,1251595,Thị Trấn Quốc Oai,11,Thành Phố Hà Nội,26891,Xã Tây Phương
11,Thành Phố Hà Nội,6411,Huyện Quốc Oai,1317131,Xã Cấn Hữu,11,Thành Phố Hà Nội,18699,Xã Kiều Phú
11,Thành Phố Hà Nội,6411,Huyện Quốc Oai,1382667,Xã Cộng Hòa,11,Thành Phố Hà Nội,29963,Xã Hưng Đạo
11,Thành Phố Hà Nội,6667,Huyện Sóc Sơn,72203,Xã Phù Linh,11,Thành Phố Hà Nội,19211,Xã Sóc Sơn
11,Thành Phố Hà Nội,6667,Huyện Sóc Sơn,137739,Xã Đông Xuân,11,Thành Phố Hà Nội,19211,Xã Sóc Sơn
11,Thành Phố Hà Nội,6667,Huyện Sóc Sơn,203275,Xã Đức Hòa,11,Thành Phố Hà Nội,31243,Xã Đa Phúc
11,Thành Phố Hà Nội,6667,Huyện Sóc Sơn,268811,Thị Trấn Sóc Sơn,11,Thành Phố Hà Nội,19211,Xã Sóc Sơn
11,Thành Phố Hà Nội,6667,Huyện Sóc Sơn,334347,Xã Bắc Phú,11,Thành Phố Hà Nội,31243,Xã Đa Phúc
11,Thành Phố Hà Nội,6667,Huyện Sóc Sơn,399883,Xã Bắc Sơn,11,Thành Phố Hà Nội,19979,Xã Trung Giã
11,Thành Phố Hà Nội,6667,Huyện Sóc Sơn,465419,Xã Hiền Ninh,11,Thành Phố Hà Nội,19723,Xã Nội Bài
11,Thành Phố Hà Nội,6667,Huyện Sóc Sơn,530955,Xã Hồng Kỳ,11,Thành Phố Hà Nội,19979,Xã Trung Giã
11,Thành Phố Hà Nội,6667,Huyện Sóc Sơn,596491,Xã Kim Lũ,11,Thành Phố Hà Nội,31243,Xã Đa Phúc
11,Thành Phố Hà Nội,6667,Huyện Sóc Sơn,662027,Xã Mai Đình,11,Thành Phố Hà Nội,19211,Xã Sóc Sơn
11,Thành Phố Hà Nội,6667,Huyện Sóc Sơn,727563,Xã Minh Phú,11,Thành Phố Hà Nội,19467,Xã Kim Anh
11,Thành Phố Hà Nội,6667,Huyện Sóc Sơn,793099,Xã Minh Trí,11,Thành Phố Hà Nội,19467,Xã Kim Anh
11,Thành Phố Hà Nội,6667,Huyện Sóc Sơn,858635,Xã Nam Sơn,11,Thành Phố Hà Nội,19979,Xã Trung Giã
11,Thành Phố Hà Nội,6667,Huyện Sóc Sơn,924171,Xã Phú Cường,11,Thành Phố Hà Nội,19723,Xã Nội Bài
11,Thành Phố Hà Nội,6667,Huyện Sóc Sơn,989707,Xã Phù Lỗ,11,Thành Phố Hà Nội,19211,Xã Sóc Sơn
11,Thành Phố Hà Nội,6667,Huyện Sóc Sơn,1055243,Xã Phú Minh,11,Thành Phố Hà Nội,19723,Xã Nội Bài
11,Thành Phố Hà Nội,6667,Huyện Sóc Sơn,1120779,Xã Quang Tiến,11,Thành Phố Hà Nội,19723,Xã Nội Bài
11,Thành Phố Hà Nội,6667,Huyện Sóc Sơn,1186315,Xã Tân Dân,11,Thành Phố Hà Nội,19467,Xã Kim Anh
11,Thành Phố Hà Nội,6667,Huyện Sóc Sơn,1251851,Xã Tân Hưng,11,Thành Phố Hà Nội,31243,Xã Đa Phúc
11,Thành Phố Hà Nội,6667,Huyện Sóc Sơn,1317387,Xã Tân Minh,11,Thành Phố Hà Nội,19211,Xã Sóc Sơn
11,Thành Phố Hà Nội,6667,Huyện Sóc Sơn,1382923,Xã Thanh Xuân,11,Thành Phố Hà Nội,19723,Xã Nội Bài
11,Thành Phố Hà Nội,6667,Huyện Sóc Sơn,1448459,Xã Tiên Dược,11,Thành Phố Hà Nội,19211,Xã Sóc Sơn
11,Thành Phố Hà Nội,6667,Huyện Sóc Sơn,1513995,Xã Trung Giã,11,Thành Phố Hà Nội,19979,Xã Trung Giã
11,Thành Phố Hà Nội,6667,Huyện Sóc Sơn,1579531,Xã Việt Long,11,Thành Phố Hà Nội,31243,Xã Đa Phúc
11,Thành Phố Hà Nội,6667,Huyện Sóc Sơn,1645067,Xã Xuân Giang,11,Thành Phố Hà Nội,31243,Xã Đa Phúc
11,Thành Phố Hà Nội,6667,Huyện Sóc Sơn,1710603,Xã Xuân Thu,11,Thành Phố Hà Nội,31243,Xã Đa Phúc
11,Thành Phố Hà Nội,6923,Huyện Thạch Thất,72459,Xã Thạch Xá,11,Thành Phố Hà Nội,26891,Xã Tây Phương
11,Thành Phố Hà Nội,6923,Huyện Thạch Thất,137995,Xã Yên Trung,11,Thành Phố Hà Nội,12299,Xã Yên Xuân
11,Thành Phố Hà Nội,6923,Huyện Thạch Thất,203531,Xã Tân Xã,11,Thành Phố Hà Nội,13067,Xã Hòa Lạc
11,Thành Phố Hà Nội,6923,Huyện Thạch Thất,203531,Xã Tân Xã,11,Thành Phố Hà Nội,22795,Xã Hạ Bằng
11,Thành Phố Hà Nội,6923,Huyện Thạch Thất,269067,Xã Thạch Hòa,11,Thành Phố Hà Nội,12299,Xã Yên Xuân
11,Thành Phố Hà Nội,6923,Huyện Thạch Thất,269067,Xã Thạch Hòa,11,Thành Phố Hà Nội,13067,Xã Hòa Lạc
11,Thành Phố Hà Nội,6923,Huyện Thạch Thất,334603,Xã Tiến Xuân,11,Thành Phố Hà Nội,12299,Xã Yên Xuân
11,Thành Phố Hà Nội,6923,Huyện Thạch Thất,400139,Xã Yên Bình,11,Thành Phố Hà Nội,12299,Xã Yên Xuân
11,Thành Phố Hà Nội,6923,Huyện Thạch Thất,465675,Xã Đồng Trúc,11,Thành Phố Hà Nội,22795,Xã Hạ Bằng
11,Thành Phố Hà Nội,6923,Huyện Thạch Thất,531211,Xã Quang Trung,11,Thành Phố Hà Nội,26891,Xã Tây Phương
11,Thành Phố Hà Nội,6923,Huyện Thạch Thất,596747,Xã Bình Yên,11,Thành Phố Hà Nội,13067,Xã Hòa Lạc
11,Thành Phố Hà Nội,6923,Huyện Thạch Thất,596747,Xã Bình Yên,11,Thành Phố Hà Nội,22795,Xã Hạ Bằng
11,Thành Phố Hà Nội,6923,Huyện Thạch Thất,662283,Xã Lam Sơn,11,Thành Phố Hà Nội,26891,Xã Tây Phương
11,Thành Phố Hà Nội,6923,Huyện Thạch Thất,793355,Xã Đại Đồng,11,Thành Phố Hà Nội,22539,Xã Thạch Thất
11,Thành Phố Hà Nội,6923,Huyện Thạch Thất,858891,Thị Trấn Liên Quan,11,Thành Phố Hà Nội,22539,Xã Thạch Thất
11,Thành Phố Hà Nội,6923,Huyện Thạch Thất,924427,Xã Cẩm Yên,11,Thành Phố Hà Nội,22539,Xã Thạch Thất
11,Thành Phố Hà Nội,6923,Huyện Thạch Thất,989963,Xã Cần Kiệm,11,Thành Phố Hà Nội,22795,Xã Hạ Bằng
11,Thành Phố Hà Nội,6923,Huyện Thạch Thất,1055499,Xã Hạ Bằng,11,Thành Phố Hà Nội,13067,Xã Hòa Lạc
11,Thành Phố Hà Nội,6923,Huyện Thạch Thất,1055499,Xã Hạ Bằng,11,Thành Phố Hà Nội,22795,Xã Hạ Bằng
11,Thành Phố Hà Nội,6923,Huyện Thạch Thất,1186571,Xã Hương Ngải,11,Thành Phố Hà Nội,26891,Xã Tây Phương
11,Thành Phố Hà Nội,6923,Huyện Thạch Thất,1317643,Xã Kim Quan,11,Thành Phố Hà Nội,22539,Xã Thạch Thất
11,Thành Phố Hà Nội,6923,Huyện Thạch Thất,1383179,Xã Lại Thượng,11,Thành Phố Hà Nội,22539,Xã Thạch Thất
11,Thành Phố Hà Nội,6923,Huyện Thạch Thất,1448715,Xã Phú Kim,11,Thành Phố Hà Nội,22539,Xã Thạch Thất
11,Thành Phố Hà Nội,6923,Huyện Thạch Thất,1514251,Xã Phùng Xá,11,Thành Phố Hà Nội,26891,Xã Tây Phương
11,Thành Phố Hà Nội,7179,Huyện Thanh Oai,72715,Thị Trấn Kim Bài,11,Thành Phố Hà Nội,13323,Xã Thanh Oai
11,Thành Phố Hà Nội,7179,Huyện Thanh Oai,138251,Xã Bích Hòa,11,Thành Phố Hà Nội,13579,Xã Bình Minh
11,Thành Phố Hà Nội,7179,Huyện Thanh Oai,203787,Xã Bình Minh,11,Thành Phố Hà Nội,13579,Xã Bình Minh
11,Thành Phố Hà Nội,7179,Huyện Thanh Oai,269323,Xã Cao Xuân Dương,11,Thành Phố Hà Nội,13835,Xã Dân Hòa
11,Thành Phố Hà Nội,7179,Huyện Thanh Oai,334859,Xã Cao Viên,11,Thành Phố Hà Nội,13579,Xã Bình Minh
11,Thành Phố Hà Nội,7179,Huyện Thanh Oai,400395,Xã Cự Khê,11,Thành Phố Hà Nội,13579,Xã Bình Minh
11,Thành Phố Hà Nội,7179,Huyện Thanh Oai,465931,Xã Dân Hòa,11,Thành Phố Hà Nội,13835,Xã Dân Hòa
11,Thành Phố Hà Nội,7179,Huyện Thanh Oai,531467,Xã Đỗ Động,11,Thành Phố Hà Nội,13323,Xã Thanh Oai
11,Thành Phố Hà Nội,7179,Huyện Thanh Oai,597003,Xã Hồng Dương,11,Thành Phố Hà Nội,13835,Xã Dân Hòa
11,Thành Phố Hà Nội,7179,Huyện Thanh Oai,662539,Xã Kim An,11,Thành Phố Hà Nội,13323,Xã Thanh Oai
11,Thành Phố Hà Nội,7179,Huyện Thanh Oai,728075,Xã Kim Thư,11,Thành Phố Hà Nội,13323,Xã Thanh Oai
11,Thành Phố Hà Nội,7179,Huyện Thanh Oai,793611,Xã Liên Châu,11,Thành Phố Hà Nội,13835,Xã Dân Hòa
11,Thành Phố Hà Nội,7179,Huyện Thanh Oai,859147,Xã Mỹ Hưng,11,Thành Phố Hà Nội,30219,Xã Tam Hưng
11,Thành Phố Hà Nội,7179,Huyện Thanh Oai,924683,Xã Phương Trung,11,Thành Phố Hà Nội,13323,Xã Thanh Oai
11,Thành Phố Hà Nội,7179,Huyện Thanh Oai,990219,Xã Tam Hưng,11,Thành Phố Hà Nội,30219,Xã Tam Hưng
11,Thành Phố Hà Nội,7179,Huyện Thanh Oai,1055755,Xã Tân Ước,11,Thành Phố Hà Nội,13835,Xã Dân Hòa
11,Thành Phố Hà Nội,7179,Huyện Thanh Oai,1121291,Xã Thanh Cao,11,Thành Phố Hà Nội,13579,Xã Bình Minh
11,Thành Phố Hà Nội,7179,Huyện Thanh Oai,1186827,Xã Thanh Mai,11,Thành Phố Hà Nội,13323,Xã Thanh Oai
11,Thành Phố Hà Nội,7179,Huyện Thanh Oai,1252363,Xã Thanh Thùy,11,Thành Phố Hà Nội,30219,Xã Tam Hưng
11,Thành Phố Hà Nội,7179,Huyện Thanh Oai,1317899,Xã Thanh Văn,11,Thành Phố Hà Nội,30219,Xã Tam Hưng
11,Thành Phố Hà Nội,7435,Huyện Thanh Trì,72971,Xã Liên Ninh,11,Thành Phố Hà Nội,523,Xã Ngọc Hồi
11,Thành Phố Hà Nội,7435,Huyện Thanh Trì,72971,Xã Liên Ninh,11,Thành Phố Hà Nội,23051,Xã Nam Phù
11,Thành Phố Hà Nội,7435,Huyện Thanh Trì,138507,Xã Ngọc Hồi,11,Thành Phố Hà Nội,523,Xã Ngọc Hồi
11,Thành Phố Hà Nội,7435,Huyện Thanh Trì,204043,Xã Tân Triều,11,Thành Phố Hà Nội,5131,Phường Thanh Liệt
11,Thành Phố Hà Nội,7435,Huyện Thanh Trì,269579,Xã Thanh Liệt,11,Thành Phố Hà Nội,4363,Phường Hoàng Liệt
11,Thành Phố Hà Nội,7435,Huyện Thanh Trì,269579,Xã Thanh Liệt,11,Thành Phố Hà Nội,5131,Phường Thanh Liệt
11,Thành Phố Hà Nội,7435,Huyện Thanh Trì,335115,Xã Tứ Hiệp,11,Thành Phố Hà Nội,23307,Xã Thanh Trì
11,Thành Phố Hà Nội,7435,Huyện Thanh Trì,335115,Xã Tứ Hiệp,11,Thành Phố Hà Nội,32011,Phường Yên Sở
11,Thành Phố Hà Nội,7435,Huyện Thanh Trì,400651,Xã Vạn Phúc,11,Thành Phố Hà Nội,23051,Xã Nam Phù
11,Thành Phố Hà Nội,7435,Huyện Thanh Trì,466187,Xã Vĩnh Quỳnh,11,Thành Phố Hà Nội,5387,Xã Đại Thanh
11,Thành Phố Hà Nội,7435,Huyện Thanh Trì,466187,Xã Vĩnh Quỳnh,11,Thành Phố Hà Nội,23307,Xã Thanh Trì
11,Thành Phố Hà Nội,7435,Huyện Thanh Trì,531723,Xã Yên Mỹ,11,Thành Phố Hà Nội,23051,Xã Nam Phù
11,Thành Phố Hà Nội,7435,Huyện Thanh Trì,531723,Xã Yên Mỹ,11,Thành Phố Hà Nội,23307,Xã Thanh Trì
11,Thành Phố Hà Nội,7435,Huyện Thanh Trì,597259,Xã Đông Mỹ,11,Thành Phố Hà Nội,23051,Xã Nam Phù
11,Thành Phố Hà Nội,7435,Huyện Thanh Trì,662795,Xã Duyên Hà,11,Thành Phố Hà Nội,23051,Xã Nam Phù
11,Thành Phố Hà Nội,7435,Huyện Thanh Trì,728331,Thị Trấn Văn Điển,11,Thành Phố Hà Nội,4363,Phường Hoàng Liệt
11,Thành Phố Hà Nội,7435,Huyện Thanh Trì,728331,Thị Trấn Văn Điển,11,Thành Phố Hà Nội,5387,Xã Đại Thanh
11,Thành Phố Hà Nội,7435,Huyện Thanh Trì,728331,Thị Trấn Văn Điển,11,Thành Phố Hà Nội,23307,Xã Thanh Trì
11,Thành Phố Hà Nội,7435,Huyện Thanh Trì,793867,Xã Đại Áng,11,Thành Phố Hà Nội,523,Xã Ngọc Hồi
11,Thành Phố Hà Nội,7435,Huyện Thanh Trì,859403,Xã Hữu Hòa,11,Thành Phố Hà Nội,5387,Xã Đại Thanh
11,Thành Phố Hà Nội,7435,Huyện Thanh Trì,924939,Xã Ngũ Hiệp,11,Thành Phố Hà Nội,23051,Xã Nam Phù
11,Thành Phố Hà Nội,7435,Huyện Thanh Trì,924939,Xã Ngũ Hiệp,11,Thành Phố Hà Nội,23307,Xã Thanh Trì
11,Thành Phố Hà Nội,7435,Huyện Thanh Trì,990475,Xã Tả Thanh Oai,11,Thành Phố Hà Nội,5387,Xã Đại Thanh
11,Thành Phố Hà Nội,7435,Huyện Thanh Trì,1056011,Xã Tam Hiệp,11,Thành Phố Hà Nội,4363,Phường Hoàng Liệt
11,Thành Phố Hà Nội,7435,Huyện Thanh Trì,1056011,Xã Tam Hiệp,11,Thành Phố Hà Nội,5387,Xã Đại Thanh
11,Thành Phố Hà Nội,7691,Huyện Thường Tín,73227,Xã Nhị Khê,11,Thành Phố Hà Nội,5643,Xã Thường Tín
11,Thành Phố Hà Nội,7691,Huyện Thường Tín,138763,Xã Lê Lợi,11,Thành Phố Hà Nội,28939,Xã Chương Dương
11,Thành Phố Hà Nội,7691,Huyện Thường Tín,204299,Thị Trấn Thường Tín,11,Thành Phố Hà Nội,5643,Xã Thường Tín
11,Thành Phố Hà Nội,7691,Huyện Thường Tín,269835,Xã Nghiêm Xuyên,11,Thành Phố Hà Nội,22283,Xã Thượng Phúc
11,Thành Phố Hà Nội,7691,Huyện Thường Tín,335371,Xã Ninh Sở,11,Thành Phố Hà Nội,17931,Xã Hồng Vân
11,Thành Phố Hà Nội,7691,Huyện Thường Tín,400907,Xã Liên Phương,11,Thành Phố Hà Nội,17931,Xã Hồng Vân
11,Thành Phố Hà Nội,7691,Huyện Thường Tín,466443,Xã Minh Cường,11,Thành Phố Hà Nội,7435,Xã Phú Xuyên
11,Thành Phố Hà Nội,7691,Huyện Thường Tín,531979,Xã Nguyễn Trãi,11,Thành Phố Hà Nội,22283,Xã Thượng Phúc
11,Thành Phố Hà Nội,7691,Huyện Thường Tín,597515,Xã Quất Động,11,Thành Phố Hà Nội,22283,Xã Thượng Phúc
11,Thành Phố Hà Nội,7691,Huyện Thường Tín,663051,Xã Tân Minh,11,Thành Phố Hà Nội,22283,Xã Thượng Phúc
11,Thành Phố Hà Nội,7691,Huyện Thường Tín,728587,Xã Thắng Lợi,11,Thành Phố Hà Nội,28939,Xã Chương Dương
11,Thành Phố Hà Nội,7691,Huyện Thường Tín,794123,Xã Vạn Nhất,11,Thành Phố Hà Nội,7435,Xã Phú Xuyên
11,Thành Phố Hà Nội,7691,Huyện Thường Tín,794123,Xã Vạn Nhất,11,Thành Phố Hà Nội,28939,Xã Chương Dương
11,Thành Phố Hà Nội,7691,Huyện Thường Tín,925195,Xã Văn Tự,11,Thành Phố Hà Nội,7435,Xã Phú Xuyên
11,Thành Phố Hà Nội,7691,Huyện Thường Tín,990731,Xã Tiền Phong,11,Thành Phố Hà Nội,5643,Xã Thường Tín
11,Thành Phố Hà Nội,7691,Huyện Thường Tín,1056267,Xã Tô Hiệu,11,Thành Phố Hà Nội,7435,Xã Phú Xuyên
11,Thành Phố Hà Nội,7691,Huyện Thường Tín,1056267,Xã Tô Hiệu,11,Thành Phố Hà Nội,28939,Xã Chương Dương
11,Thành Phố Hà Nội,7691,Huyện Thường Tín,1121803,Xã Duyên Thái,11,Thành Phố Hà Nội,523,Xã Ngọc Hồi
11,Thành Phố Hà Nội,7691,Huyện Thường Tín,1121803,Xã Duyên Thái,11,Thành Phố Hà Nội,17931,Xã Hồng Vân
11,Thành Phố Hà Nội,7691,Huyện Thường Tín,1187339,Xã Hà Hồi,11,Thành Phố Hà Nội,17931,Xã Hồng Vân
11,Thành Phố Hà Nội,7691,Huyện Thường Tín,1252875,Xã Hiền Giang,11,Thành Phố Hà Nội,5643,Xã Thường Tín
11,Thành Phố Hà Nội,7691,Huyện Thường Tín,1318411,Xã Hòa Bình,11,Thành Phố Hà Nội,5643,Xã Thường Tín
11,Thành Phố Hà Nội,7691,Huyện Thường Tín,1383947,Xã Hồng Vân,11,Thành Phố Hà Nội,17931,Xã Hồng Vân
11,Thành Phố Hà Nội,7691,Huyện Thường Tín,1449483,Xã Khánh Hà,11,Thành Phố Hà Nội,5643,Xã Thường Tín
11,Thành Phố Hà Nội,7691,Huyện Thường Tín,1515019,Xã Chương Dương,11,Thành Phố Hà Nội,28939,Xã Chương Dương
11,Thành Phố Hà Nội,7691,Huyện Thường Tín,1580555,Xã Dũng Tiến,11,Thành Phố Hà Nội,22283,Xã Thượng Phúc
11,Thành Phố Hà Nội,7691,Huyện Thường Tín,1646091,Xã Tự Nhiên,11,Thành Phố Hà Nội,28939,Xã Chương Dương
11,Thành Phố Hà Nội,7691,Huyện Thường Tín,1711627,Xã Văn Bình,11,Thành Phố Hà Nội,5643,Xã Thường Tín
11,Thành Phố Hà Nội,7691,Huyện Thường Tín,1842699,Xã Văn Phú,11,Thành Phố Hà Nội,5643,Xã Thường Tín
11,Thành Phố Hà Nội,7691,Huyện Thường Tín,1908235,Xã Vân Tảo,11,Thành Phố Hà Nội,17931,Xã Hồng Vân
12,Thành Phố Hồ Chí Minh,268,Quận 1,65804,Phường Đa Kao,12,Thành Phố Hồ Chí Minh,7180,Phường Tân Định
12,Thành Phố Hồ Chí Minh,268,Quận 1,65804,Phường Đa Kao,12,Thành Phố Hồ Chí Minh,7692,Phường Sài Gòn
12,Thành Phố Hồ Chí Minh,268,Quận 1,131340,Phường Nguyễn Cư Trinh,12,Thành Phố Hồ Chí Minh,7436,Phường Cầu Ông Lãnh
12,Thành Phố Hồ Chí Minh,268,Quận 1,196876,Phường Nguyễn Thái Bình,12,Thành Phố Hồ Chí Minh,7692,Phường Sài Gòn
12,Thành Phố Hồ Chí Minh,268,Quận 1,196876,Phường Nguyễn Thái Bình,12,Thành Phố Hồ Chí Minh,7948,Phường Bến Thành
12,Thành Phố Hồ Chí Minh,268,Quận 1,262412,Phường Phạm Ngũ Lão,12,Thành Phố Hồ Chí Minh,7948,Phường Bến Thành
12,Thành Phố Hồ Chí Minh,268,Quận 1,327948,Phường Bến Nghé,12,Thành Phố Hồ Chí Minh,7692,Phường Sài Gòn
12,Thành Phố Hồ Chí Minh,268,Quận 1,393484,Phường Bến Thành,12,Thành Phố Hồ Chí Minh,7948,Phường Bến Thành
12,Thành Phố Hồ Chí Minh,268,Quận 1,459020,Phường Cầu Kho,12,Thành Phố Hồ Chí Minh,7436,Phường Cầu Ông Lãnh
12,Thành Phố Hồ Chí Minh,268,Quận 1,524556,Phường Cầu Ông Lãnh,12,Thành Phố Hồ Chí Minh,7436,Phường Cầu Ông Lãnh
12,Thành Phố Hồ Chí Minh,268,Quận 1,524556,Phường Cầu Ông Lãnh,12,Thành Phố Hồ Chí Minh,7948,Phường Bến Thành
12,Thành Phố Hồ Chí Minh,268,Quận 1,590092,Phường Cô Giang,12,Thành Phố Hồ Chí Minh,7436,Phường Cầu Ông Lãnh
12,Thành Phố Hồ Chí Minh,268,Quận 1,655628,Phường Tân Định,12,Thành Phố Hồ Chí Minh,7180,Phường Tân Định
12,Thành Phố Hồ Chí Minh,780,Quận 3,66316,Phường 1,12,Thành Phố Hồ Chí Minh,2572,Phường Bàn Cờ
12,Thành Phố Hồ Chí Minh,780,Quận 3,197388,Phường 11,12,Thành Phố Hồ Chí Minh,18444,Phường Nhiêu Lộc
12,Thành Phố Hồ Chí Minh,780,Quận 3,262924,Phường 12,12,Thành Phố Hồ Chí Minh,18444,Phường Nhiêu Lộc
12,Thành Phố Hồ Chí Minh,780,Quận 3,393996,Phường 3,12,Thành Phố Hồ Chí Minh,2572,Phường Bàn Cờ
12,Thành Phố Hồ Chí Minh,780,Quận 3,459532,Phường 4,12,Thành Phố Hồ Chí Minh,2572,Phường Bàn Cờ
12,Thành Phố Hồ Chí Minh,780,Quận 3,459532,Phường 4,12,Thành Phố Hồ Chí Minh,2828,Phường Xuân Hòa
12,Thành Phố Hồ Chí Minh,780,Quận 3,525068,Phường 5,12,Thành Phố Hồ Chí Minh,2572,Phường Bàn Cờ
12,Thành Phố Hồ Chí Minh,780,Quận 3,656140,Phường Võ Thị Sáu,12,Thành Phố Hồ Chí Minh,2828,Phường Xuân Hòa
12,Thành Phố Hồ Chí Minh,780,Quận 3,787212,Phường 9,12,Thành Phố Hồ Chí Minh,18444,Phường Nhiêu Lộc
12,Thành Phố Hồ Chí Minh,780,Quận 3,852748,Phường 14,12,Thành Phố Hồ Chí Minh,18444,Phường Nhiêu Lộc
12,Thành Phố Hồ Chí Minh,780,Quận 3,918284,Phường 2,12,Thành Phố Hồ Chí Minh,2572,Phường Bàn Cờ
12,Thành Phố Hồ Chí Minh,1036,Quận 4,263180,Phường 13,12,Thành Phố Hồ Chí Minh,524,Phường Xóm Chiếu
12,Thành Phố Hồ Chí Minh,1036,Quận 4,328716,Phường 15,12,Thành Phố Hồ Chí Minh,524,Phường Xóm Chiếu
12,Thành Phố Hồ Chí Minh,1036,Quận 4,328716,Phường 15,12,Thành Phố Hồ Chí Minh,1036,Phường Khánh Hội
12,Thành Phố Hồ Chí Minh,1036,Quận 4,394252,Phường 16,12,Thành Phố Hồ Chí Minh,524,Phường Xóm Chiếu
12,Thành Phố Hồ Chí Minh,1036,Quận 4,459788,Phường 18,12,Thành Phố Hồ Chí Minh,524,Phường Xóm Chiếu
12,Thành Phố Hồ Chí Minh,1036,Quận 4,525324,Phường 2,12,Thành Phố Hồ Chí Minh,780,Phường Vĩnh Hội
12,Thành Phố Hồ Chí Minh,1036,Quận 4,525324,Phường 2,12,Thành Phố Hồ Chí Minh,1036,Phường Khánh Hội
12,Thành Phố Hồ Chí Minh,1036,Quận 4,590860,Phường 3,12,Thành Phố Hồ Chí Minh,780,Phường Vĩnh Hội
12,Thành Phố Hồ Chí Minh,1036,Quận 4,656396,Phường 4,12,Thành Phố Hồ Chí Minh,780,Phường Vĩnh Hội
12,Thành Phố Hồ Chí Minh,1036,Quận 4,656396,Phường 4,12,Thành Phố Hồ Chí Minh,1036,Phường Khánh Hội
12,Thành Phố Hồ Chí Minh,1036,Quận 4,853004,Phường 8,12,Thành Phố Hồ Chí Minh,1036,Phường Khánh Hội
12,Thành Phố Hồ Chí Minh,1036,Quận 4,918540,Phường 9,12,Thành Phố Hồ Chí Minh,1036,Phường Khánh Hội
12,Thành Phố Hồ Chí Minh,1036,Quận 4,984076,Phường 1,12,Thành Phố Hồ Chí Minh,780,Phường Vĩnh Hội
12,Thành Phố Hồ Chí Minh,1292,Quận 5,66828,Phường 1,12,Thành Phố Hồ Chí Minh,18700,Phường Chợ Quán
12,Thành Phố Hồ Chí Minh,1292,Quận 5,197900,Phường 11,12,Thành Phố Hồ Chí Minh,19212,Phường Chợ Lớn
12,Thành Phố Hồ Chí Minh,1292,Quận 5,263436,Phường 12,12,Thành Phố Hồ Chí Minh,19212,Phường Chợ Lớn
12,Thành Phố Hồ Chí Minh,1292,Quận 5,328972,Phường 13,12,Thành Phố Hồ Chí Minh,19212,Phường Chợ Lớn
12,Thành Phố Hồ Chí Minh,1292,Quận 5,394508,Phường 14,12,Thành Phố Hồ Chí Minh,19212,Phường Chợ Lớn
12,Thành Phố Hồ Chí Minh,1292,Quận 5,525580,Phường 2,12,Thành Phố Hồ Chí Minh,18700,Phường Chợ Quán
12,Thành Phố Hồ Chí Minh,1292,Quận 5,656652,Phường 4,12,Thành Phố Hồ Chí Minh,18700,Phường Chợ Quán
12,Thành Phố Hồ Chí Minh,1292,Quận 5,722188,Phường 5,12,Thành Phố Hồ Chí Minh,18956,Phường An Đông
12,Thành Phố Hồ Chí Minh,1292,Quận 5,853260,Phường 7,12,Thành Phố Hồ Chí Minh,18956,Phường An Đông
12,Thành Phố Hồ Chí Minh,1292,Quận 5,984332,Phường 9,12,Thành Phố Hồ Chí Minh,18956,Phường An Đông
12,Thành Phố Hồ Chí Minh,1548,Quận 6,67084,Phường 2,12,Thành Phố Hồ Chí Minh,32268,Phường Bình Tây
12,Thành Phố Hồ Chí Minh,1548,Quận 6,198156,Phường 7,12,Thành Phố Hồ Chí Minh,19468,Phường Bình Tiên
12,Thành Phố Hồ Chí Minh,1548,Quận 6,263692,Phường 8,12,Thành Phố Hồ Chí Minh,19468,Phường Bình Tiên
12,Thành Phố Hồ Chí Minh,1548,Quận 6,329228,Phường 9,12,Thành Phố Hồ Chí Minh,32268,Phường Bình Tây
12,Thành Phố Hồ Chí Minh,1548,Quận 6,394764,Phường 11,12,Thành Phố Hồ Chí Minh,9228,Phường Bình Phú
12,Thành Phố Hồ Chí Minh,1548,Quận 6,460300,Phường 12,12,Thành Phố Hồ Chí Minh,19724,Phường Phú Lâm
12,Thành Phố Hồ Chí Minh,1548,Quận 6,525836,Phường 13,12,Thành Phố Hồ Chí Minh,19724,Phường Phú Lâm
12,Thành Phố Hồ Chí Minh,1548,Quận 6,591372,Phường 14,12,Thành Phố Hồ Chí Minh,19724,Phường Phú Lâm
12,Thành Phố Hồ Chí Minh,1548,Quận 6,853516,Phường 1,12,Thành Phố Hồ Chí Minh,19468,Phường Bình Tiên
12,Thành Phố Hồ Chí Minh,1548,Quận 6,919052,Phường 10,12,Thành Phố Hồ Chí Minh,9228,Phường Bình Phú
12,Thành Phố Hồ Chí Minh,1804,Quận 7,67340,Phường Phú Thuận,12,Thành Phố Hồ Chí Minh,3340,Phường Phú Thuận
12,Thành Phố Hồ Chí Minh,1804,Quận 7,132876,Phường Tân Hưng,12,Thành Phố Hồ Chí Minh,19980,Phường Tân Hưng
12,Thành Phố Hồ Chí Minh,1804,Quận 7,198412,Phường Bình Thuận,12,Thành Phố Hồ Chí Minh,20236,Phường Tân Thuận
12,Thành Phố Hồ Chí Minh,1804,Quận 7,263948,Phường Phú Mỹ,12,Thành Phố Hồ Chí Minh,3340,Phường Phú Thuận
12,Thành Phố Hồ Chí Minh,1804,Quận 7,329484,Phường Tân Kiểng,12,Thành Phố Hồ Chí Minh,19980,Phường Tân Hưng
12,Thành Phố Hồ Chí Minh,1804,Quận 7,395020,Phường Tân Phong,12,Thành Phố Hồ Chí Minh,19980,Phường Tân Hưng
12,Thành Phố Hồ Chí Minh,1804,Quận 7,460556,Phường Tân Phú,12,Thành Phố Hồ Chí Minh,3596,Phường Tân Mỹ
12,Thành Phố Hồ Chí Minh,1804,Quận 7,526092,Phường Tân Quy,12,Thành Phố Hồ Chí Minh,19980,Phường Tân Hưng
12,Thành Phố Hồ Chí Minh,1804,Quận 7,591628,Phường Tân Thuận Đông,12,Thành Phố Hồ Chí Minh,20236,Phường Tân Thuận
12,Thành Phố Hồ Chí Minh,1804,Quận 7,657164,Phường Tân Thuận Tây,12,Thành Phố Hồ Chí Minh,20236,Phường Tân Thuận
12,Thành Phố Hồ Chí Minh,2060,Quận 8,67596,Phường 6,12,Thành Phố Hồ Chí Minh,3084,Phường Bình Đông
12,Thành Phố Hồ Chí Minh,2060,Quận 8,133132,Phường 7,12,Thành Phố Hồ Chí Minh,3084,Phường Bình Đông
12,Thành Phố Hồ Chí Minh,2060,Quận 8,460812,Phường Xóm Củi,12,Thành Phố Hồ Chí Minh,3852,Phường Phú Định
12,Thành Phố Hồ Chí Minh,2060,Quận 8,526348,Phường 14,12,Thành Phố Hồ Chí Minh,3852,Phường Phú Định
12,Thành Phố Hồ Chí Minh,2060,Quận 8,591884,Phường 15,12,Thành Phố Hồ Chí Minh,3852,Phường Phú Định
12,Thành Phố Hồ Chí Minh,2060,Quận 8,657420,Phường 16,12,Thành Phố Hồ Chí Minh,3852,Phường Phú Định
12,Thành Phố Hồ Chí Minh,2060,Quận 8,657420,Phường 16,12,Thành Phố Hồ Chí Minh,9228,Phường Bình Phú
12,Thành Phố Hồ Chí Minh,2060,Quận 8,722956,Phường Rạch Ông,12,Thành Phố Hồ Chí Minh,4108,Phường Chánh Hưng
12,Thành Phố Hồ Chí Minh,2060,Quận 8,854028,Phường 4,12,Thành Phố Hồ Chí Minh,4108,Phường Chánh Hưng
12,Thành Phố Hồ Chí Minh,2060,Quận 8,919564,Phường 5,12,Thành Phố Hồ Chí Minh,3084,Phường Bình Đông
12,Thành Phố Hồ Chí Minh,2060,Quận 8,919564,Phường 5,12,Thành Phố Hồ Chí Minh,4108,Phường Chánh Hưng
12,Thành Phố Hồ Chí Minh,2060,Quận 8,1050636,Phường Hưng Phú,12,Thành Phố Hồ Chí Minh,4108,Phường Chánh Hưng
12,Thành Phố Hồ Chí Minh,2572,Quận 10,68108,Phường 1,12,Thành Phố Hồ Chí Minh,20492,Phường Vườn Lài
12,Thành Phố Hồ Chí Minh,2572,Quận 10,133644,Phường 10,12,Thành Phố Hồ Chí Minh,20492,Phường Vườn Lài
12,Thành Phố Hồ Chí Minh,2572,Quận 10,264716,Phường 12,12,Thành Phố Hồ Chí Minh,8460,Phường Hòa Hưng
12,Thành Phố Hồ Chí Minh,2572,Quận 10,330252,Phường 13,12,Thành Phố Hồ Chí Minh,8460,Phường Hòa Hưng
12,Thành Phố Hồ Chí Minh,2572,Quận 10,395788,Phường 14,12,Thành Phố Hồ Chí Minh,8204,Phường Diên Hồng
12,Thành Phố Hồ Chí Minh,2572,Quận 10,395788,Phường 14,12,Thành Phố Hồ Chí Minh,8460,Phường Hòa Hưng
12,Thành Phố Hồ Chí Minh,2572,Quận 10,461324,Phường 15,12,Thành Phố Hồ Chí Minh,8460,Phường Hòa Hưng
12,Thành Phố Hồ Chí Minh,2572,Quận 10,526860,Phường 2,12,Thành Phố Hồ Chí Minh,20492,Phường Vườn Lài
12,Thành Phố Hồ Chí Minh,2572,Quận 10,657932,Phường 9,12,Thành Phố Hồ Chí Minh,20492,Phường Vườn Lài
12,Thành Phố Hồ Chí Minh,2572,Quận 10,723468,Phường 4,12,Thành Phố Hồ Chí Minh,20492,Phường Vườn Lài
12,Thành Phố Hồ Chí Minh,2572,Quận 10,854540,Phường 6,12,Thành Phố Hồ Chí Minh,8204,Phường Diên Hồng
12,Thành Phố Hồ Chí Minh,2572,Quận 10,985612,Phường 8,12,Thành Phố Hồ Chí Minh,8204,Phường Diên Hồng
12,Thành Phố Hồ Chí Minh,2828,Quận 11,68364,Phường 1,12,Thành Phố Hồ Chí Minh,20748,Phường Minh Phụng
12,Thành Phố Hồ Chí Minh,2828,Quận 11,133900,Phường 10,12,Thành Phố Hồ Chí Minh,8716,Phường Bình Thới
12,Thành Phố Hồ Chí Minh,2828,Quận 11,199436,Phường 11,12,Thành Phố Hồ Chí Minh,8972,Phường Phú Thọ
12,Thành Phố Hồ Chí Minh,2828,Quận 11,461580,Phường 3,12,Thành Phố Hồ Chí Minh,8716,Phường Bình Thới
12,Thành Phố Hồ Chí Minh,2828,Quận 11,592652,Phường 5,12,Thành Phố Hồ Chí Minh,21004,Phường Hòa Bình
12,Thành Phố Hồ Chí Minh,2828,Quận 11,658188,Phường 14,12,Thành Phố Hồ Chí Minh,21004,Phường Hòa Bình
12,Thành Phố Hồ Chí Minh,2828,Quận 11,723724,Phường 15,12,Thành Phố Hồ Chí Minh,8972,Phường Phú Thọ
12,Thành Phố Hồ Chí Minh,2828,Quận 11,789260,Phường 16,12,Thành Phố Hồ Chí Minh,20748,Phường Minh Phụng
12,Thành Phố Hồ Chí Minh,2828,Quận 11,920332,Phường 7,12,Thành Phố Hồ Chí Minh,20748,Phường Minh Phụng
12,Thành Phố Hồ Chí Minh,2828,Quận 11,985868,Phường 8,12,Thành Phố Hồ Chí Minh,8716,Phường Bình Thới
12,Thành Phố Hồ Chí Minh,2828,Quận 11,985868,Phường 8,12,Thành Phố Hồ Chí Minh,8972,Phường Phú Thọ
12,Thành Phố Hồ Chí Minh,3084,Quận 12,68620,Phường Hiệp Thành,12,Thành Phố Hồ Chí Minh,21772,Phường Tân Thới Hiệp
12,Thành Phố Hồ Chí Minh,3084,Quận 12,134156,Phường Tân Hưng Thuận,12,Thành Phố Hồ Chí Minh,21260,Phường Đông Hưng Thuận
12,Thành Phố Hồ Chí Minh,3084,Quận 12,199692,Phường Tân Chánh Hiệp,12,Thành Phố Hồ Chí Minh,21516,Phường Trung Mỹ Tây
12,Thành Phố Hồ Chí Minh,3084,Quận 12,265228,Phường An Phú Đông,12,Thành Phố Hồ Chí Minh,22284,Phường An Phú Đông
12,Thành Phố Hồ Chí Minh,3084,Quận 12,330764,Phường Đông Hưng Thuận,12,Thành Phố Hồ Chí Minh,21260,Phường Đông Hưng Thuận
12,Thành Phố Hồ Chí Minh,3084,Quận 12,396300,Phường Tân Thới Hiệp,12,Thành Phố Hồ Chí Minh,21772,Phường Tân Thới Hiệp
12,Thành Phố Hồ Chí Minh,3084,Quận 12,461836,Phường Tân Thới Nhất,12,Thành Phố Hồ Chí Minh,21260,Phường Đông Hưng Thuận
12,Thành Phố Hồ Chí Minh,3084,Quận 12,527372,Phường Thạnh Lộc,12,Thành Phố Hồ Chí Minh,22284,Phường An Phú Đông
12,Thành Phố Hồ Chí Minh,3084,Quận 12,592908,Phường Thạnh Xuân,12,Thành Phố Hồ Chí Minh,22028,Phường Thới An
12,Thành Phố Hồ Chí Minh,3084,Quận 12,658444,Phường Thới An,12,Thành Phố Hồ Chí Minh,22028,Phường Thới An
12,Thành Phố Hồ Chí Minh,3084,Quận 12,723980,Phường Trung Mỹ Tây,12,Thành Phố Hồ Chí Minh,21516,Phường Trung Mỹ Tây
12,Thành Phố Hồ Chí Minh,3340,Quận Bình Tân,68876,Phường Bình Trị Đông,12,Thành Phố Hồ Chí Minh,5132,Phường Bình Trị Đông
12,Thành Phố Hồ Chí Minh,3340,Quận Bình Tân,134412,Phường An Lạc,12,Thành Phố Hồ Chí Minh,23820,Phường An Lạc
12,Thành Phố Hồ Chí Minh,3340,Quận Bình Tân,199948,Phường An Lạc A,12,Thành Phố Hồ Chí Minh,23820,Phường An Lạc
12,Thành Phố Hồ Chí Minh,3340,Quận Bình Tân,265484,Phường Bình Hưng Hòa,12,Thành Phố Hồ Chí Minh,18188,Phường Bình Hưng Hòa
12,Thành Phố Hồ Chí Minh,3340,Quận Bình Tân,331020,Phường Bình Hưng Hòa A,12,Thành Phố Hồ Chí Minh,5132,Phường Bình Trị Đông
12,Thành Phố Hồ Chí Minh,3340,Quận Bình Tân,331020,Phường Bình Hưng Hòa A,12,Thành Phố Hồ Chí Minh,18188,Phường Bình Hưng Hòa
12,Thành Phố Hồ Chí Minh,3340,Quận Bình Tân,396556,Phường Bình Hưng Hòa B,12,Thành Phố Hồ Chí Minh,4876,Phường Bình Tân
12,Thành Phố Hồ Chí Minh,3340,Quận Bình Tân,462092,Phường Bình Trị Đông A,12,Thành Phố Hồ Chí Minh,4876,Phường Bình Tân
12,Thành Phố Hồ Chí Minh,3340,Quận Bình Tân,462092,Phường Bình Trị Đông A,12,Thành Phố Hồ Chí Minh,5132,Phường Bình Trị Đông
12,Thành Phố Hồ Chí Minh,3340,Quận Bình Tân,527628,Phường Bình Trị Đông B,12,Thành Phố Hồ Chí Minh,23820,Phường An Lạc
12,Thành Phố Hồ Chí Minh,3340,Quận Bình Tân,593164,Phường Tân Tạo,12,Thành Phố Hồ Chí Minh,4876,Phường Bình Tân
12,Thành Phố Hồ Chí Minh,3340,Quận Bình Tân,593164,Phường Tân Tạo,12,Thành Phố Hồ Chí Minh,13580,Phường Tân Tạo
12,Thành Phố Hồ Chí Minh,3340,Quận Bình Tân,658700,Phường Tân Tạo A,12,Thành Phố Hồ Chí Minh,13580,Phường Tân Tạo
12,Thành Phố Hồ Chí Minh,3596,Quận Bình Thạnh,69132,Phường 22,12,Thành Phố Hồ Chí Minh,23308,Phường Thạnh Mỹ Tây
12,Thành Phố Hồ Chí Minh,3596,Quận Bình Thạnh,200204,Phường 25,12,Thành Phố Hồ Chí Minh,23308,Phường Thạnh Mỹ Tây
12,Thành Phố Hồ Chí Minh,3596,Quận Bình Thạnh,265740,Phường 26,12,Thành Phố Hồ Chí Minh,22796,Phường Bình Thạnh
12,Thành Phố Hồ Chí Minh,3596,Quận Bình Thạnh,331276,Phường 27,12,Thành Phố Hồ Chí Minh,23564,Phường Bình Quới
12,Thành Phố Hồ Chí Minh,3596,Quận Bình Thạnh,396812,Phường 28,12,Thành Phố Hồ Chí Minh,23564,Phường Bình Quới
12,Thành Phố Hồ Chí Minh,3596,Quận Bình Thạnh,527884,Phường 5,12,Thành Phố Hồ Chí Minh,22540,Phường Gia Định
12,Thành Phố Hồ Chí Minh,3596,Quận Bình Thạnh,527884,Phường 5,12,Thành Phố Hồ Chí Minh,23052,Phường Bình Lợi Trung
12,Thành Phố Hồ Chí Minh,3596,Quận Bình Thạnh,658956,Phường 7,12,Thành Phố Hồ Chí Minh,22540,Phường Gia Định
12,Thành Phố Hồ Chí Minh,3596,Quận Bình Thạnh,724492,Phường 17,12,Thành Phố Hồ Chí Minh,22540,Phường Gia Định
12,Thành Phố Hồ Chí Minh,3596,Quận Bình Thạnh,790028,Phường 19,12,Thành Phố Hồ Chí Minh,23308,Phường Thạnh Mỹ Tây
12,Thành Phố Hồ Chí Minh,3596,Quận Bình Thạnh,855564,Phường 2,12,Thành Phố Hồ Chí Minh,22540,Phường Gia Định
12,Thành Phố Hồ Chí Minh,3596,Quận Bình Thạnh,986636,Phường 1,12,Thành Phố Hồ Chí Minh,22540,Phường Gia Định
12,Thành Phố Hồ Chí Minh,3596,Quận Bình Thạnh,1052172,Phường 11,12,Thành Phố Hồ Chí Minh,23052,Phường Bình Lợi Trung
12,Thành Phố Hồ Chí Minh,3596,Quận Bình Thạnh,1117708,Phường 12,12,Thành Phố Hồ Chí Minh,22796,Phường Bình Thạnh
12,Thành Phố Hồ Chí Minh,3596,Quận Bình Thạnh,1183244,Phường 13,12,Thành Phố Hồ Chí Minh,23052,Phường Bình Lợi Trung
12,Thành Phố Hồ Chí Minh,3596,Quận Bình Thạnh,1248780,Phường 14,12,Thành Phố Hồ Chí Minh,22796,Phường Bình Thạnh
12,Thành Phố Hồ Chí Minh,3852,Quận Gò Vấp,134924,Phường 11,12,Thành Phố Hồ Chí Minh,24844,Phường Thông Tây Hội
12,Thành Phố Hồ Chí Minh,3852,Quận Gò Vấp,200460,Phường 12,12,Thành Phố Hồ Chí Minh,25100,Phường An Hội Tây
12,Thành Phố Hồ Chí Minh,3852,Quận Gò Vấp,265996,Phường 10,12,Thành Phố Hồ Chí Minh,24588,Phường Gò Vấp
12,Thành Phố Hồ Chí Minh,3852,Quận Gò Vấp,397068,Phường 14,12,Thành Phố Hồ Chí Minh,25100,Phường An Hội Tây
12,Thành Phố Hồ Chí Minh,3852,Quận Gò Vấp,462604,Phường 15,12,Thành Phố Hồ Chí Minh,25100,Phường An Hội Tây
12,Thành Phố Hồ Chí Minh,3852,Quận Gò Vấp,462604,Phường 15,12,Thành Phố Hồ Chí Minh,25356,Phường An Hội Đông
12,Thành Phố Hồ Chí Minh,3852,Quận Gò Vấp,528140,Phường 16,12,Thành Phố Hồ Chí Minh,25356,Phường An Hội Đông
12,Thành Phố Hồ Chí Minh,3852,Quận Gò Vấp,593676,Phường 17,12,Thành Phố Hồ Chí Minh,24588,Phường Gò Vấp
12,Thành Phố Hồ Chí Minh,3852,Quận Gò Vấp,659212,Phường 3,12,Thành Phố Hồ Chí Minh,24076,Phường Hạnh Thông
12,Thành Phố Hồ Chí Minh,3852,Quận Gò Vấp,724748,Phường 5,12,Thành Phố Hồ Chí Minh,24332,Phường An Nhơn
12,Thành Phố Hồ Chí Minh,3852,Quận Gò Vấp,790284,Phường 1,12,Thành Phố Hồ Chí Minh,24076,Phường Hạnh Thông
12,Thành Phố Hồ Chí Minh,3852,Quận Gò Vấp,855820,Phường 6,12,Thành Phố Hồ Chí Minh,24332,Phường An Nhơn
12,Thành Phố Hồ Chí Minh,3852,Quận Gò Vấp,986892,Phường 8,12,Thành Phố Hồ Chí Minh,24844,Phường Thông Tây Hội
12,Thành Phố Hồ Chí Minh,4108,Quận Phú Nhuận,69644,Phường 1,12,Thành Phố Hồ Chí Minh,6412,Phường Cầu Kiệu
12,Thành Phố Hồ Chí Minh,4108,Quận Phú Nhuận,135180,Phường 10,12,Thành Phố Hồ Chí Minh,6156,Phường Phú Nhuận
12,Thành Phố Hồ Chí Minh,4108,Quận Phú Nhuận,200716,Phường 11,12,Thành Phố Hồ Chí Minh,6156,Phường Phú Nhuận
12,Thành Phố Hồ Chí Minh,4108,Quận Phú Nhuận,331788,Phường 13,12,Thành Phố Hồ Chí Minh,6156,Phường Phú Nhuận
12,Thành Phố Hồ Chí Minh,4108,Quận Phú Nhuận,462860,Phường 15,12,Thành Phố Hồ Chí Minh,6156,Phường Phú Nhuận
12,Thành Phố Hồ Chí Minh,4108,Quận Phú Nhuận,462860,Phường 15,12,Thành Phố Hồ Chí Minh,6412,Phường Cầu Kiệu
12,Thành Phố Hồ Chí Minh,4108,Quận Phú Nhuận,593932,Phường 2,12,Thành Phố Hồ Chí Minh,6412,Phường Cầu Kiệu
12,Thành Phố Hồ Chí Minh,4108,Quận Phú Nhuận,725004,Phường 4,12,Thành Phố Hồ Chí Minh,25612,Phường Đức Nhuận
12,Thành Phố Hồ Chí Minh,4108,Quận Phú Nhuận,790540,Phường 5,12,Thành Phố Hồ Chí Minh,25612,Phường Đức Nhuận
12,Thành Phố Hồ Chí Minh,4108,Quận Phú Nhuận,856076,Phường 7,12,Thành Phố Hồ Chí Minh,6412,Phường Cầu Kiệu
12,Thành Phố Hồ Chí Minh,4108,Quận Phú Nhuận,921612,Phường 8,12,Thành Phố Hồ Chí Minh,6156,Phường Phú Nhuận
12,Thành Phố Hồ Chí Minh,4108,Quận Phú Nhuận,987148,Phường 9,12,Thành Phố Hồ Chí Minh,25612,Phường Đức Nhuận
12,Thành Phố Hồ Chí Minh,4364,Quận Tân Bình,69900,Phường 1,12,Thành Phố Hồ Chí Minh,25868,Phường Tân Sơn Hòa
12,Thành Phố Hồ Chí Minh,4364,Quận Tân Bình,135436,Phường 10,12,Thành Phố Hồ Chí Minh,26636,Phường Bảy Hiền
12,Thành Phố Hồ Chí Minh,4364,Quận Tân Bình,200972,Phường 11,12,Thành Phố Hồ Chí Minh,26636,Phường Bảy Hiền
12,Thành Phố Hồ Chí Minh,4364,Quận Tân Bình,266508,Phường 12,12,Thành Phố Hồ Chí Minh,26636,Phường Bảy Hiền
12,Thành Phố Hồ Chí Minh,4364,Quận Tân Bình,332044,Phường 13,12,Thành Phố Hồ Chí Minh,6668,Phường Tân Bình
12,Thành Phố Hồ Chí Minh,4364,Quận Tân Bình,397580,Phường 14,12,Thành Phố Hồ Chí Minh,6668,Phường Tân Bình
12,Thành Phố Hồ Chí Minh,4364,Quận Tân Bình,463116,Phường 15,12,Thành Phố Hồ Chí Minh,32524,Phường Tân Sơn
12,Thành Phố Hồ Chí Minh,4364,Quận Tân Bình,528652,Phường 2,12,Thành Phố Hồ Chí Minh,25868,Phường Tân Sơn Hòa
12,Thành Phố Hồ Chí Minh,4364,Quận Tân Bình,594188,Phường 3,12,Thành Phố Hồ Chí Minh,25868,Phường Tân Sơn Hòa
12,Thành Phố Hồ Chí Minh,4364,Quận Tân Bình,659724,Phường 4,12,Thành Phố Hồ Chí Minh,26124,Phường Tân Sơn Nhất
12,Thành Phố Hồ Chí Minh,4364,Quận Tân Bình,725260,Phường 5,12,Thành Phố Hồ Chí Minh,26124,Phường Tân Sơn Nhất
12,Thành Phố Hồ Chí Minh,4364,Quận Tân Bình,790796,Phường 6,12,Thành Phố Hồ Chí Minh,26380,Phường Tân Hòa
12,Thành Phố Hồ Chí Minh,4364,Quận Tân Bình,856332,Phường 7,12,Thành Phố Hồ Chí Minh,26124,Phường Tân Sơn Nhất
12,Thành Phố Hồ Chí Minh,4364,Quận Tân Bình,921868,Phường 8,12,Thành Phố Hồ Chí Minh,26380,Phường Tân Hòa
12,Thành Phố Hồ Chí Minh,4364,Quận Tân Bình,987404,Phường 9,12,Thành Phố Hồ Chí Minh,26380,Phường Tân Hòa
12,Thành Phố Hồ Chí Minh,4620,Quận Tân Phú,70156,Phường Hiệp Tân,12,Thành Phố Hồ Chí Minh,6924,Phường Phú Thạnh
12,Thành Phố Hồ Chí Minh,4620,Quận Tân Phú,135692,Phường Hòa Thạnh,12,Thành Phố Hồ Chí Minh,33036,Phường Tân Phú
12,Thành Phố Hồ Chí Minh,4620,Quận Tân Phú,201228,Phường Phú Thạnh,12,Thành Phố Hồ Chí Minh,6924,Phường Phú Thạnh
12,Thành Phố Hồ Chí Minh,4620,Quận Tân Phú,266764,Phường Sơn Kỳ,12,Thành Phố Hồ Chí Minh,9484,Phường Tân Sơn Nhì
12,Thành Phố Hồ Chí Minh,4620,Quận Tân Phú,266764,Phường Sơn Kỳ,12,Thành Phố Hồ Chí Minh,18188,Phường Bình Hưng Hòa
12,Thành Phố Hồ Chí Minh,4620,Quận Tân Phú,332300,Phường Tân Quý,12,Thành Phố Hồ Chí Minh,9484,Phường Tân Sơn Nhì
12,Thành Phố Hồ Chí Minh,4620,Quận Tân Phú,332300,Phường Tân Quý,12,Thành Phố Hồ Chí Minh,32780,Phường Phú Thọ Hòa
12,Thành Phố Hồ Chí Minh,4620,Quận Tân Phú,397836,Phường Tân Sơn Nhì,12,Thành Phố Hồ Chí Minh,9484,Phường Tân Sơn Nhì
12,Thành Phố Hồ Chí Minh,4620,Quận Tân Phú,463372,Phường Tây Thạnh,12,Thành Phố Hồ Chí Minh,9740,Phường Tây Thạnh
12,Thành Phố Hồ Chí Minh,4620,Quận Tân Phú,528908,Phường Phú Trung,12,Thành Phố Hồ Chí Minh,33036,Phường Tân Phú
12,Thành Phố Hồ Chí Minh,4620,Quận Tân Phú,594444,Phường Phú Thọ Hòa,12,Thành Phố Hồ Chí Minh,32780,Phường Phú Thọ Hòa
12,Thành Phố Hồ Chí Minh,4620,Quận Tân Phú,659980,Phường Tân Thành,12,Thành Phố Hồ Chí Minh,32780,Phường Phú Thọ Hòa
12,Thành Phố Hồ Chí Minh,4620,Quận Tân Phú,659980,Phường Tân Thành,12,Thành Phố Hồ Chí Minh,33036,Phường Tân Phú
12,Thành Phố Hồ Chí Minh,4620,Quận Tân Phú,725516,Phường Tân Thới Hòa,12,Thành Phố Hồ Chí Minh,6924,Phường Phú Thạnh
12,Thành Phố Hồ Chí Minh,4620,Quận Tân Phú,725516,Phường Tân Thới Hòa,12,Thành Phố Hồ Chí Minh,33036,Phường Tân Phú
12,Thành Phố Hồ Chí Minh,4876,Thành Phố Thủ Đức,70412,Phường Linh Tây,12,Thành Phố Hồ Chí Minh,9996,Phường Thủ Đức
12,Thành Phố Hồ Chí Minh,4876,Thành Phố Thủ Đức,70412,Phường Linh Tây,12,Thành Phố Hồ Chí Minh,10508,Phường Linh Xuân
12,Thành Phố Hồ Chí Minh,4876,Thành Phố Thủ Đức,135948,Phường Linh Trung,12,Thành Phố Hồ Chí Minh,10508,Phường Linh Xuân
12,Thành Phố Hồ Chí Minh,4876,Thành Phố Thủ Đức,201484,Phường Linh Chiểu,12,Thành Phố Hồ Chí Minh,9996,Phường Thủ Đức
12,Thành Phố Hồ Chí Minh,4876,Thành Phố Thủ Đức,267020,Phường Linh Đông,12,Thành Phố Hồ Chí Minh,9996,Phường Thủ Đức
12,Thành Phố Hồ Chí Minh,4876,Thành Phố Thủ Đức,267020,Phường Linh Đông,12,Thành Phố Hồ Chí Minh,10252,Phường Hiệp Bình
12,Thành Phố Hồ Chí Minh,4876,Thành Phố Thủ Đức,332556,Phường Bình Chiểu,12,Thành Phố Hồ Chí Minh,30988,Phường Tam Bình
12,Thành Phố Hồ Chí Minh,4876,Thành Phố Thủ Đức,398092,Phường Bình Thọ,12,Thành Phố Hồ Chí Minh,9996,Phường Thủ Đức
12,Thành Phố Hồ Chí Minh,4876,Thành Phố Thủ Đức,463628,Phường Hiệp Bình Chánh,12,Thành Phố Hồ Chí Minh,10252,Phường Hiệp Bình
12,Thành Phố Hồ Chí Minh,4876,Thành Phố Thủ Đức,529164,Phường Hiệp Bình Phước,12,Thành Phố Hồ Chí Minh,10252,Phường Hiệp Bình
12,Thành Phố Hồ Chí Minh,4876,Thành Phố Thủ Đức,594700,Phường Linh Xuân,12,Thành Phố Hồ Chí Minh,10508,Phường Linh Xuân
12,Thành Phố Hồ Chí Minh,4876,Thành Phố Thủ Đức,660236,Phường Tam Bình,12,Thành Phố Hồ Chí Minh,30988,Phường Tam Bình
12,Thành Phố Hồ Chí Minh,4876,Thành Phố Thủ Đức,725772,Phường Tam Phú,12,Thành Phố Hồ Chí Minh,30988,Phường Tam Bình
12,Thành Phố Hồ Chí Minh,4876,Thành Phố Thủ Đức,791308,Phường Trường Thọ,12,Thành Phố Hồ Chí Minh,9996,Phường Thủ Đức
12,Thành Phố Hồ Chí Minh,4876,Thành Phố Thủ Đức,856844,Phường Trường Thạnh,12,Thành Phố Hồ Chí Minh,31500,Phường Long Phước
12,Thành Phố Hồ Chí Minh,4876,Thành Phố Thủ Đức,922380,Phường Tăng Nhơn Phú B,12,Thành Phố Hồ Chí Minh,4620,Phường Tăng Nhơn Phú
12,Thành Phố Hồ Chí Minh,4876,Thành Phố Thủ Đức,987916,Phường Tăng Nhơn Phú A,12,Thành Phố Hồ Chí Minh,4620,Phường Tăng Nhơn Phú
12,Thành Phố Hồ Chí Minh,4876,Thành Phố Thủ Đức,1053452,Phường Tân Phú,12,Thành Phố Hồ Chí Minh,4620,Phường Tăng Nhơn Phú
12,Thành Phố Hồ Chí Minh,4876,Thành Phố Thủ Đức,1118988,Phường Long Trường,12,Thành Phố Hồ Chí Minh,31756,Phường Long Trường
12,Thành Phố Hồ Chí Minh,4876,Thành Phố Thủ Đức,1184524,Phường Long Thạnh Mỹ,12,Thành Phố Hồ Chí Minh,4364,Phường Long Bình
12,Thành Phố Hồ Chí Minh,4876,Thành Phố Thủ Đức,1184524,Phường Long Thạnh Mỹ,12,Thành Phố Hồ Chí Minh,4620,Phường Tăng Nhơn Phú
12,Thành Phố Hồ Chí Minh,4876,Thành Phố Thủ Đức,1250060,Phường Long Phước,12,Thành Phố Hồ Chí Minh,31500,Phường Long Phước
12,Thành Phố Hồ Chí Minh,4876,Thành Phố Thủ Đức,1315596,Phường Long Bình,12,Thành Phố Hồ Chí Minh,4364,Phường Long Bình
12,Thành Phố Hồ Chí Minh,4876,Thành Phố Thủ Đức,1381132,Phường Hiệp Phú,12,Thành Phố Hồ Chí Minh,4620,Phường Tăng Nhơn Phú
12,Thành Phố Hồ Chí Minh,4876,Thành Phố Thủ Đức,1446668,Phường Phước Long B,12,Thành Phố Hồ Chí Minh,31244,Phường Phước Long
12,Thành Phố Hồ Chí Minh,4876,Thành Phố Thủ Đức,1512204,Phường Phước Long A,12,Thành Phố Hồ Chí Minh,31244,Phường Phước Long
12,Thành Phố Hồ Chí Minh,4876,Thành Phố Thủ Đức,1577740,Phường Phước Bình,12,Thành Phố Hồ Chí Minh,31244,Phường Phước Long
12,Thành Phố Hồ Chí Minh,4876,Thành Phố Thủ Đức,1643276,Phường Phú Hữu,12,Thành Phố Hồ Chí Minh,31756,Phường Long Trường
12,Thành Phố Hồ Chí Minh,4876,Thành Phố Thủ Đức,1708812,Phường Thủ Thiêm,12,Thành Phố Hồ Chí Minh,11020,Phường An Khánh
12,Thành Phố Hồ Chí Minh,4876,Thành Phố Thủ Đức,1774348,Phường Thảo Điền,12,Thành Phố Hồ Chí Minh,11020,Phường An Khánh
12,Thành Phố Hồ Chí Minh,4876,Thành Phố Thủ Đức,1839884,Phường Thạnh Mỹ Lợi,12,Thành Phố Hồ Chí Minh,32012,Phường Cát Lái
12,Thành Phố Hồ Chí Minh,4876,Thành Phố Thủ Đức,1905420,Phường Cát Lái,12,Thành Phố Hồ Chí Minh,32012,Phường Cát Lái
12,Thành Phố Hồ Chí Minh,4876,Thành Phố Thủ Đức,1970956,Phường Bình Trưng Tây,12,Thành Phố Hồ Chí Minh,10764,Phường Bình Trưng
12,Thành Phố Hồ Chí Minh,4876,Thành Phố Thủ Đức,2036492,Phường Bình Trưng Đông,12,Thành Phố Hồ Chí Minh,10764,Phường Bình Trưng
12,Thành Phố Hồ Chí Minh,4876,Thành Phố Thủ Đức,2102028,Phường An Phú,12,Thành Phố Hồ Chí Minh,10764,Phường Bình Trưng
12,Thành Phố Hồ Chí Minh,4876,Thành Phố Thủ Đức,2102028,Phường An Phú,12,Thành Phố Hồ Chí Minh,11020,Phường An Khánh
12,Thành Phố Hồ Chí Minh,4876,Thành Phố Thủ Đức,2167564,Phường An Lợi Đông,12,Thành Phố Hồ Chí Minh,11020,Phường An Khánh
12,Thành Phố Hồ Chí Minh,4876,Thành Phố Thủ Đức,2233100,Phường An Khánh,12,Thành Phố Hồ Chí Minh,11020,Phường An Khánh
12,Thành Phố Hồ Chí Minh,5132,Huyện Bình Chánh,70668,Xã Bình Chánh,12,Thành Phố Hồ Chí Minh,1292,Xã Bình Chánh
12,Thành Phố Hồ Chí Minh,5132,Huyện Bình Chánh,136204,Xã Bình Hưng,12,Thành Phố Hồ Chí Minh,5644,Xã Bình Hưng
12,Thành Phố Hồ Chí Minh,5132,Huyện Bình Chánh,201740,Xã Bình Lợi,12,Thành Phố Hồ Chí Minh,26892,Xã Bình Lợi
12,Thành Phố Hồ Chí Minh,5132,Huyện Bình Chánh,267276,Xã Hưng Long,12,Thành Phố Hồ Chí Minh,27148,Xã Hưng Long
12,Thành Phố Hồ Chí Minh,5132,Huyện Bình Chánh,332812,Xã Lê Minh Xuân,12,Thành Phố Hồ Chí Minh,26892,Xã Bình Lợi
12,Thành Phố Hồ Chí Minh,5132,Huyện Bình Chánh,398348,Xã Phạm Văn Hai,12,Thành Phố Hồ Chí Minh,1548,Xã Vĩnh Lộc
12,Thành Phố Hồ Chí Minh,5132,Huyện Bình Chánh,398348,Xã Phạm Văn Hai,12,Thành Phố Hồ Chí Minh,1804,Xã Tân Vĩnh Lộc
12,Thành Phố Hồ Chí Minh,5132,Huyện Bình Chánh,463884,Xã Quy Đức,12,Thành Phố Hồ Chí Minh,27148,Xã Hưng Long
12,Thành Phố Hồ Chí Minh,5132,Huyện Bình Chánh,529420,Xã Tân Kiên,12,Thành Phố Hồ Chí Minh,16652,Xã Tân Nhựt
12,Thành Phố Hồ Chí Minh,5132,Huyện Bình Chánh,594956,Xã Tân Nhựt,12,Thành Phố Hồ Chí Minh,16652,Xã Tân Nhựt
12,Thành Phố Hồ Chí Minh,5132,Huyện Bình Chánh,660492,Xã Tân Quý Tây,12,Thành Phố Hồ Chí Minh,1292,Xã Bình Chánh
12,Thành Phố Hồ Chí Minh,5132,Huyện Bình Chánh,726028,Xã Vĩnh Lộc A,12,Thành Phố Hồ Chí Minh,1548,Xã Vĩnh Lộc
12,Thành Phố Hồ Chí Minh,5132,Huyện Bình Chánh,791564,Xã Vĩnh Lộc B,12,Thành Phố Hồ Chí Minh,1804,Xã Tân Vĩnh Lộc
12,Thành Phố Hồ Chí Minh,5132,Huyện Bình Chánh,857100,Xã Đa Phước,12,Thành Phố Hồ Chí Minh,27148,Xã Hưng Long
12,Thành Phố Hồ Chí Minh,5132,Huyện Bình Chánh,922636,Xã Phong Phú,12,Thành Phố Hồ Chí Minh,5644,Xã Bình Hưng
12,Thành Phố Hồ Chí Minh,5132,Huyện Bình Chánh,988172,Xã An Phú Tây,12,Thành Phố Hồ Chí Minh,1292,Xã Bình Chánh
12,Thành Phố Hồ Chí Minh,5132,Huyện Bình Chánh,988172,Xã An Phú Tây,12,Thành Phố Hồ Chí Minh,3084,Phường Bình Đông
12,Thành Phố Hồ Chí Minh,5132,Huyện Bình Chánh,1053708,Thị Trấn Tân Túc,12,Thành Phố Hồ Chí Minh,16652,Xã Tân Nhựt
12,Thành Phố Hồ Chí Minh,5388,Huyện Cần Giờ,70924,Xã Thạnh An,12,Thành Phố Hồ Chí Minh,268,Xã Thạnh An
12,Thành Phố Hồ Chí Minh,5388,Huyện Cần Giờ,136460,Xã Long Hòa,12,Thành Phố Hồ Chí Minh,29196,Xã Cần Giờ
12,Thành Phố Hồ Chí Minh,5388,Huyện Cần Giờ,201996,Xã An Thới Đông,12,Thành Phố Hồ Chí Minh,2060,Xã An Thới Đông
12,Thành Phố Hồ Chí Minh,5388,Huyện Cần Giờ,201996,Xã An Thới Đông,12,Thành Phố Hồ Chí Minh,2316,Xã Bình Khánh
12,Thành Phố Hồ Chí Minh,5388,Huyện Cần Giờ,267532,Xã Bình Khánh,12,Thành Phố Hồ Chí Minh,2316,Xã Bình Khánh
12,Thành Phố Hồ Chí Minh,5388,Huyện Cần Giờ,333068,Thị Trấn Cần Thạnh,12,Thành Phố Hồ Chí Minh,29196,Xã Cần Giờ
12,Thành Phố Hồ Chí Minh,5388,Huyện Cần Giờ,398604,Xã Lý Nhơn,12,Thành Phố Hồ Chí Minh,2060,Xã An Thới Đông
12,Thành Phố Hồ Chí Minh,5388,Huyện Cần Giờ,464140,Xã Tam Thôn Hiệp,12,Thành Phố Hồ Chí Minh,2316,Xã Bình Khánh
12,Thành Phố Hồ Chí Minh,5644,Huyện Củ Chi,71180,Xã An Nhơn Tây,12,Thành Phố Hồ Chí Minh,27404,Xã An Nhơn Tây
12,Thành Phố Hồ Chí Minh,5644,Huyện Củ Chi,136716,Xã Phước Hiệp,12,Thành Phố Hồ Chí Minh,28172,Xã Tân An Hội
12,Thành Phố Hồ Chí Minh,5644,Huyện Củ Chi,202252,Xã Hòa Phú,12,Thành Phố Hồ Chí Minh,28940,Xã Bình Mỹ
12,Thành Phố Hồ Chí Minh,5644,Huyện Củ Chi,267788,Thị Trấn Củ Chi,12,Thành Phố Hồ Chí Minh,28172,Xã Tân An Hội
12,Thành Phố Hồ Chí Minh,5644,Huyện Củ Chi,333324,Xã An Phú,12,Thành Phố Hồ Chí Minh,27404,Xã An Nhơn Tây
12,Thành Phố Hồ Chí Minh,5644,Huyện Củ Chi,398860,Xã Bình Mỹ,12,Thành Phố Hồ Chí Minh,28940,Xã Bình Mỹ
12,Thành Phố Hồ Chí Minh,5644,Huyện Củ Chi,464396,Xã Nhuận Đức,12,Thành Phố Hồ Chí Minh,27916,Xã Nhuận Đức
12,Thành Phố Hồ Chí Minh,5644,Huyện Củ Chi,529932,Xã Phạm Văn Cội,12,Thành Phố Hồ Chí Minh,27916,Xã Nhuận Đức
12,Thành Phố Hồ Chí Minh,5644,Huyện Củ Chi,595468,Xã Phú Hòa Đông,12,Thành Phố Hồ Chí Minh,28684,Xã Phú Hòa Đông
12,Thành Phố Hồ Chí Minh,5644,Huyện Củ Chi,661004,Xã Phú Mỹ Hưng,12,Thành Phố Hồ Chí Minh,27404,Xã An Nhơn Tây
12,Thành Phố Hồ Chí Minh,5644,Huyện Củ Chi,726540,Xã Phước Thạnh,12,Thành Phố Hồ Chí Minh,27660,Xã Thái Mỹ
12,Thành Phố Hồ Chí Minh,5644,Huyện Củ Chi,792076,Xã Phước Vĩnh An,12,Thành Phố Hồ Chí Minh,28428,Xã Củ Chi
12,Thành Phố Hồ Chí Minh,5644,Huyện Củ Chi,857612,Xã Tân An Hội,12,Thành Phố Hồ Chí Minh,28172,Xã Tân An Hội
12,Thành Phố Hồ Chí Minh,5644,Huyện Củ Chi,923148,Xã Tân Phú Trung,12,Thành Phố Hồ Chí Minh,28428,Xã Củ Chi
12,Thành Phố Hồ Chí Minh,5644,Huyện Củ Chi,988684,Xã Tân Thạnh Đông,12,Thành Phố Hồ Chí Minh,28684,Xã Phú Hòa Đông
12,Thành Phố Hồ Chí Minh,5644,Huyện Củ Chi,1054220,Xã Tân Thạnh Tây,12,Thành Phố Hồ Chí Minh,28684,Xã Phú Hòa Đông
12,Thành Phố Hồ Chí Minh,5644,Huyện Củ Chi,1119756,Xã Tân Thông Hội,12,Thành Phố Hồ Chí Minh,28428,Xã Củ Chi
12,Thành Phố Hồ Chí Minh,5644,Huyện Củ Chi,1185292,Xã Thái Mỹ,12,Thành Phố Hồ Chí Minh,27660,Xã Thái Mỹ
12,Thành Phố Hồ Chí Minh,5644,Huyện Củ Chi,1250828,Xã Trung An,12,Thành Phố Hồ Chí Minh,28940,Xã Bình Mỹ
12,Thành Phố Hồ Chí Minh,5644,Huyện Củ Chi,1316364,Xã Trung Lập Hạ,12,Thành Phố Hồ Chí Minh,27916,Xã Nhuận Đức
12,Thành Phố Hồ Chí Minh,5644,Huyện Củ Chi,1381900,Xã Trung Lập Thượng,12,Thành Phố Hồ Chí Minh,27660,Xã Thái Mỹ
12,Thành Phố Hồ Chí Minh,5900,Huyện Hóc Môn,71436,Thị Trấn Hóc Môn,12,Thành Phố Hồ Chí Minh,29708,Xã Hóc Môn
12,Thành Phố Hồ Chí Minh,5900,Huyện Hóc Môn,136972,Xã Bà Điểm,12,Thành Phố Hồ Chí Minh,30220,Xã Bà Điểm
12,Thành Phố Hồ Chí Minh,5900,Huyện Hóc Môn,202508,Xã Đông Thạnh,12,Thành Phố Hồ Chí Minh,29452,Xã Đông Thạnh
12,Thành Phố Hồ Chí Minh,5900,Huyện Hóc Môn,268044,Xã Nhị Bình,12,Thành Phố Hồ Chí Minh,29452,Xã Đông Thạnh
12,Thành Phố Hồ Chí Minh,5900,Huyện Hóc Môn,333580,Xã Tân Hiệp,12,Thành Phố Hồ Chí Minh,29708,Xã Hóc Môn
12,Thành Phố Hồ Chí Minh,5900,Huyện Hóc Môn,399116,Xã Tân Thới Nhì,12,Thành Phố Hồ Chí Minh,29964,Xã Xuân Thới Sơn
12,Thành Phố Hồ Chí Minh,5900,Huyện Hóc Môn,464652,Xã Tân Xuân,12,Thành Phố Hồ Chí Minh,29708,Xã Hóc Môn
12,Thành Phố Hồ Chí Minh,5900,Huyện Hóc Môn,530188,Xã Thới Tam Thôn,12,Thành Phố Hồ Chí Minh,29452,Xã Đông Thạnh
12,Thành Phố Hồ Chí Minh,5900,Huyện Hóc Môn,595724,Xã Trung Chánh,12,Thành Phố Hồ Chí Minh,30220,Xã Bà Điểm
12,Thành Phố Hồ Chí Minh,5900,Huyện Hóc Môn,661260,Xã Xuân Thới Đông,12,Thành Phố Hồ Chí Minh,29964,Xã Xuân Thới Sơn
12,Thành Phố Hồ Chí Minh,5900,Huyện Hóc Môn,726796,Xã Xuân Thới Sơn,12,Thành Phố Hồ Chí Minh,29964,Xã Xuân Thới Sơn
12,Thành Phố Hồ Chí Minh,5900,Huyện Hóc Môn,792332,Xã Xuân Thới Thượng,12,Thành Phố Hồ Chí Minh,30220,Xã Bà Điểm
12,Thành Phố Hồ Chí Minh,6156,Huyện Nhà Bè,71692,Thị Trấn Nhà Bè,12,Thành Phố Hồ Chí Minh,30476,Xã Nhà Bè
12,Thành Phố Hồ Chí Minh,6156,Huyện Nhà Bè,137228,Xã Hiệp Phước,12,Thành Phố Hồ Chí Minh,30732,Xã Hiệp Phước
12,Thành Phố Hồ Chí Minh,6156,Huyện Nhà Bè,202764,Xã Long Thới,12,Thành Phố Hồ Chí Minh,30732,Xã Hiệp Phước
12,Thành Phố Hồ Chí Minh,6156,Huyện Nhà Bè,268300,Xã Nhơn Đức,12,Thành Phố Hồ Chí Minh,30732,Xã Hiệp Phước
12,Thành Phố Hồ Chí Minh,6156,Huyện Nhà Bè,333836,Xã Phú Xuân,12,Thành Phố Hồ Chí Minh,30476,Xã Nhà Bè
12,Thành Phố Hồ Chí Minh,6156,Huyện Nhà Bè,399372,Xã Phước Kiển,12,Thành Phố Hồ Chí Minh,30476,Xã Nhà Bè
12,Thành Phố Hồ Chí Minh,6156,Huyện Nhà Bè,464908,Xã Phước Lộc,12,Thành Phố Hồ Chí Minh,30476,Xã Nhà Bè
13,Thành Phố Hải Phòng,269,Quận Dương Kinh,65805,Phường Anh Dũng,14,Thành Phố Hải Phòng,2574,Phường Dương Kinh
13,Thành Phố Hải Phòng,269,Quận Dương Kinh,65805,Phường Anh Dũng,14,Thành Phố Hải Phòng,27406,Phường Hưng Đạo
13,Thành Phố Hải Phòng,269,Quận Dương Kinh,131341,Phường Đa Phúc,14,Thành Phố Hải Phòng,27406,Phường Hưng Đạo
13,Thành Phố Hải Phòng,269,Quận Dương Kinh,196877,Phường Hải Thành,14,Thành Phố Hải Phòng,2574,Phường Dương Kinh
13,Thành Phố Hải Phòng,269,Quận Dương Kinh,196877,Phường Hải Thành,14,Thành Phố Hải Phòng,27406,Phường Hưng Đạo
13,Thành Phố Hải Phòng,269,Quận Dương Kinh,262413,Phường Hòa Nghĩa,14,Thành Phố Hải Phòng,2574,Phường Dương Kinh
13,Thành Phố Hải Phòng,269,Quận Dương Kinh,327949,Phường Hưng Đạo,14,Thành Phố Hải Phòng,27406,Phường Hưng Đạo
13,Thành Phố Hải Phòng,269,Quận Dương Kinh,393485,Phường Tân Thành,14,Thành Phố Hải Phòng,2574,Phường Dương Kinh
13,Thành Phố Hải Phòng,269,Quận Dương Kinh,393485,Phường Tân Thành,14,Thành Phố Hải Phòng,27150,Phường Đồ Sơn
13,Thành Phố Hải Phòng,525,Quận Hải An,66061,Phường Thành Tô,14,Thành Phố Hải Phòng,2062,Phường Hải An
13,Thành Phố Hải Phòng,525,Quận Hải An,131597,Phường Tràng Cát,14,Thành Phố Hải Phòng,2062,Phường Hải An
13,Thành Phố Hải Phòng,525,Quận Hải An,197133,Phường Đằng Hải,14,Thành Phố Hải Phòng,2062,Phường Hải An
13,Thành Phố Hải Phòng,525,Quận Hải An,262669,Phường Đằng Lâm,14,Thành Phố Hải Phòng,2062,Phường Hải An
13,Thành Phố Hải Phòng,525,Quận Hải An,328205,Phường Cát Bi,14,Thành Phố Hải Phòng,2062,Phường Hải An
13,Thành Phố Hải Phòng,525,Quận Hải An,393741,Phường Đông Hải 1,14,Thành Phố Hải Phòng,2830,Phường Đông Hải
13,Thành Phố Hải Phòng,525,Quận Hải An,459277,Phường Đông Hải 2,14,Thành Phố Hải Phòng,2830,Phường Đông Hải
13,Thành Phố Hải Phòng,525,Quận Hải An,524813,Phường Nam Hải,14,Thành Phố Hải Phòng,2062,Phường Hải An
13,Thành Phố Hải Phòng,525,Quận Hải An,524813,Phường Nam Hải,14,Thành Phố Hải Phòng,2830,Phường Đông Hải
13,Thành Phố Hải Phòng,781,Quận Hồng Bàng,131853,Phường Hoàng Văn Thụ,14,Thành Phố Hải Phòng,26382,Phường Hồng Bàng
13,Thành Phố Hải Phòng,781,Quận Hồng Bàng,197389,Phường Hùng Vương,14,Thành Phố Hải Phòng,26382,Phường Hồng Bàng
13,Thành Phố Hải Phòng,781,Quận Hồng Bàng,262925,Phường Minh Khai,14,Thành Phố Hải Phòng,26382,Phường Hồng Bàng
13,Thành Phố Hải Phòng,781,Quận Hồng Bàng,328461,Phường Phan Bội Châu,14,Thành Phố Hải Phòng,26382,Phường Hồng Bàng
13,Thành Phố Hải Phòng,781,Quận Hồng Bàng,393997,Phường Quán Toan,14,Thành Phố Hải Phòng,11022,Phường Hồng An
13,Thành Phố Hải Phòng,781,Quận Hồng Bàng,459533,Phường Sở Dầu,14,Thành Phố Hải Phòng,26382,Phường Hồng Bàng
13,Thành Phố Hải Phòng,781,Quận Hồng Bàng,525069,Phường Thượng Lý,14,Thành Phố Hải Phòng,26382,Phường Hồng Bàng
13,Thành Phố Hải Phòng,781,Quận Hồng Bàng,656141,Phường An Hồng,14,Thành Phố Hải Phòng,11022,Phường Hồng An
13,Thành Phố Hải Phòng,781,Quận Hồng Bàng,721677,Phường An Hưng,14,Thành Phố Hải Phòng,11022,Phường Hồng An
13,Thành Phố Hải Phòng,781,Quận Hồng Bàng,787213,Phường Đại Bản,14,Thành Phố Hải Phòng,11022,Phường Hồng An
13,Thành Phố Hải Phòng,1037,Quận Kiến An,132109,Phường Bắc Sơn,14,Thành Phố Hải Phòng,4622,Phường Kiến An
13,Thành Phố Hải Phòng,1037,Quận Kiến An,197645,Phường Đồng Hòa,14,Thành Phố Hải Phòng,4622,Phường Kiến An
13,Thành Phố Hải Phòng,1037,Quận Kiến An,197645,Phường Đồng Hòa,14,Thành Phố Hải Phòng,4878,Phường Phù Liễn
13,Thành Phố Hải Phòng,1037,Quận Kiến An,328717,Phường Nam Sơn,14,Thành Phố Hải Phòng,4622,Phường Kiến An
13,Thành Phố Hải Phòng,1037,Quận Kiến An,328717,Phường Nam Sơn,14,Thành Phố Hải Phòng,4878,Phường Phù Liễn
13,Thành Phố Hải Phòng,1037,Quận Kiến An,394253,Phường Ngọc Sơn,14,Thành Phố Hải Phòng,4878,Phường Phù Liễn
13,Thành Phố Hải Phòng,1037,Quận Kiến An,525325,Phường Trần Thành Ngọ,14,Thành Phố Hải Phòng,4622,Phường Kiến An
13,Thành Phố Hải Phòng,1037,Quận Kiến An,525325,Phường Trần Thành Ngọ,14,Thành Phố Hải Phòng,4878,Phường Phù Liễn
13,Thành Phố Hải Phòng,1037,Quận Kiến An,590861,Phường Bắc Hà,14,Thành Phố Hải Phòng,4878,Phường Phù Liễn
13,Thành Phố Hải Phòng,1037,Quận Kiến An,656397,Phường Văn Đẩu,14,Thành Phố Hải Phòng,4878,Phường Phù Liễn
13,Thành Phố Hải Phòng,1293,Quận Lê Chân,132365,Phường An Biên,14,Thành Phố Hải Phòng,5134,Phường An Biên
13,Thành Phố Hải Phòng,1293,Quận Lê Chân,197901,Phường An Dương,14,Thành Phố Hải Phòng,5134,Phường An Biên
13,Thành Phố Hải Phòng,1293,Quận Lê Chân,394509,Phường Dư Hàng Kênh,14,Thành Phố Hải Phòng,26894,Phường Lê Chân
13,Thành Phố Hải Phòng,1293,Quận Lê Chân,460045,Phường Hàng Kênh,14,Thành Phố Hải Phòng,26894,Phường Lê Chân
13,Thành Phố Hải Phòng,1293,Quận Lê Chân,591117,Phường Kênh Dương,14,Thành Phố Hải Phòng,26894,Phường Lê Chân
13,Thành Phố Hải Phòng,1293,Quận Lê Chân,918797,Phường Trần Nguyên Hãn,14,Thành Phố Hải Phòng,5134,Phường An Biên
13,Thành Phố Hải Phòng,1293,Quận Lê Chân,918797,Phường Trần Nguyên Hãn,14,Thành Phố Hải Phòng,26894,Phường Lê Chân
13,Thành Phố Hải Phòng,1293,Quận Lê Chân,984333,Phường Vĩnh Niệm,14,Thành Phố Hải Phòng,5134,Phường An Biên
13,Thành Phố Hải Phòng,1293,Quận Lê Chân,984333,Phường Vĩnh Niệm,14,Thành Phố Hải Phòng,26894,Phường Lê Chân
13,Thành Phố Hải Phòng,1549,Quận Ngô Quyền,198157,Phường Cầu Tre,14,Thành Phố Hải Phòng,26638,Phường Ngô Quyền
13,Thành Phố Hải Phòng,1549,Quận Ngô Quyền,263693,Phường Đằng Giang,14,Thành Phố Hải Phòng,10254,Phường Gia Viên
13,Thành Phố Hải Phòng,1549,Quận Ngô Quyền,329229,Phường Đông Khê,14,Thành Phố Hải Phòng,10254,Phường Gia Viên
13,Thành Phố Hải Phòng,1549,Quận Ngô Quyền,329229,Phường Đông Khê,14,Thành Phố Hải Phòng,26638,Phường Ngô Quyền
13,Thành Phố Hải Phòng,1549,Quận Ngô Quyền,394765,Phường Gia Viên,14,Thành Phố Hải Phòng,10254,Phường Gia Viên
13,Thành Phố Hải Phòng,1549,Quận Ngô Quyền,394765,Phường Gia Viên,14,Thành Phố Hải Phòng,26382,Phường Hồng Bàng
13,Thành Phố Hải Phòng,1549,Quận Ngô Quyền,394765,Phường Gia Viên,14,Thành Phố Hải Phòng,26638,Phường Ngô Quyền
13,Thành Phố Hải Phòng,1549,Quận Ngô Quyền,460301,Phường Vạn Mỹ,14,Thành Phố Hải Phòng,26638,Phường Ngô Quyền
13,Thành Phố Hải Phòng,1549,Quận Ngô Quyền,591373,Phường Lạch Tray,14,Thành Phố Hải Phòng,10254,Phường Gia Viên
13,Thành Phố Hải Phòng,1549,Quận Ngô Quyền,591373,Phường Lạch Tray,14,Thành Phố Hải Phòng,26894,Phường Lê Chân
13,Thành Phố Hải Phòng,1549,Quận Ngô Quyền,722445,Phường Cầu Đất,14,Thành Phố Hải Phòng,10254,Phường Gia Viên
13,Thành Phố Hải Phòng,1549,Quận Ngô Quyền,722445,Phường Cầu Đất,14,Thành Phố Hải Phòng,26894,Phường Lê Chân
13,Thành Phố Hải Phòng,1549,Quận Ngô Quyền,787981,Phường Máy Chai,14,Thành Phố Hải Phòng,26638,Phường Ngô Quyền
13,Thành Phố Hải Phòng,1805,Quận Đồ Sơn,67341,Phường Ngọc Xuyên,14,Thành Phố Hải Phòng,2318,Phường Nam Đồ Sơn
13,Thành Phố Hải Phòng,1805,Quận Đồ Sơn,67341,Phường Ngọc Xuyên,14,Thành Phố Hải Phòng,27150,Phường Đồ Sơn
13,Thành Phố Hải Phòng,1805,Quận Đồ Sơn,132877,Phường Bàng La,14,Thành Phố Hải Phòng,2318,Phường Nam Đồ Sơn
13,Thành Phố Hải Phòng,1805,Quận Đồ Sơn,198413,Phường Hợp Đức,14,Thành Phố Hải Phòng,2318,Phường Nam Đồ Sơn
13,Thành Phố Hải Phòng,1805,Quận Đồ Sơn,263949,Phường Minh Đức,14,Thành Phố Hải Phòng,2318,Phường Nam Đồ Sơn
13,Thành Phố Hải Phòng,1805,Quận Đồ Sơn,329485,Phường Vạn Hương,14,Thành Phố Hải Phòng,27150,Phường Đồ Sơn
13,Thành Phố Hải Phòng,1805,Quận Đồ Sơn,395021,Phường Hải Sơn,14,Thành Phố Hải Phòng,27150,Phường Đồ Sơn
13,Thành Phố Hải Phòng,2061,Quận An Dương,67597,Phường Đồng Thái,14,Thành Phố Hải Phòng,9742,Phường An Hải
13,Thành Phố Hải Phòng,2061,Quận An Dương,67597,Phường Đồng Thái,14,Thành Phố Hải Phòng,27662,Phường An Dương
13,Thành Phố Hải Phòng,2061,Quận An Dương,198669,Phường An Hòa,14,Thành Phố Hải Phòng,11278,Phường An Phong
13,Thành Phố Hải Phòng,2061,Quận An Dương,526349,Phường An Hải,14,Thành Phố Hải Phòng,9742,Phường An Hải
13,Thành Phố Hải Phòng,2061,Quận An Dương,526349,Phường An Hải,14,Thành Phố Hải Phòng,27662,Phường An Dương
13,Thành Phố Hải Phòng,2061,Quận An Dương,591885,Phường Hồng Phong,14,Thành Phố Hải Phòng,11278,Phường An Phong
13,Thành Phố Hải Phòng,2061,Quận An Dương,657421,Phường Hồng Thái,14,Thành Phố Hải Phòng,9742,Phường An Hải
13,Thành Phố Hải Phòng,2061,Quận An Dương,722957,Phường Lê Lợi,14,Thành Phố Hải Phòng,9742,Phường An Hải
13,Thành Phố Hải Phòng,2061,Quận An Dương,722957,Phường Lê Lợi,14,Thành Phố Hải Phòng,27662,Phường An Dương
13,Thành Phố Hải Phòng,2061,Quận An Dương,788493,Phường Lê Thiện,14,Thành Phố Hải Phòng,11022,Phường Hồng An
13,Thành Phố Hải Phòng,2061,Quận An Dương,788493,Phường Lê Thiện,14,Thành Phố Hải Phòng,11278,Phường An Phong
13,Thành Phố Hải Phòng,2061,Quận An Dương,854029,Phường Nam Sơn,14,Thành Phố Hải Phòng,27662,Phường An Dương
13,Thành Phố Hải Phòng,2061,Quận An Dương,985101,Phường Tân Tiến,14,Thành Phố Hải Phòng,27662,Phường An Dương
13,Thành Phố Hải Phòng,2061,Quận An Dương,1050637,Phường An Đồng,14,Thành Phố Hải Phòng,9742,Phường An Hải
13,Thành Phố Hải Phòng,2317,Huyện An Lão,67853,Xã An Tiến,14,Thành Phố Hải Phòng,4110,Xã An Lão
13,Thành Phố Hải Phòng,2317,Huyện An Lão,133389,Xã Bát Trang,14,Thành Phố Hải Phòng,14606,Xã An Trường
13,Thành Phố Hải Phòng,2317,Huyện An Lão,198925,Xã Chiến Thắng,14,Thành Phố Hải Phòng,14094,Xã An Hưng
13,Thành Phố Hải Phòng,2317,Huyện An Lão,264461,Xã Mỹ Đức,14,Thành Phố Hải Phòng,1550,Xã An Khánh
13,Thành Phố Hải Phòng,2317,Huyện An Lão,329997,Xã Quang Hưng,14,Thành Phố Hải Phòng,14350,Xã An Quang
13,Thành Phố Hải Phòng,2317,Huyện An Lão,395533,Xã Quang Trung,14,Thành Phố Hải Phòng,14350,Xã An Quang
13,Thành Phố Hải Phòng,2317,Huyện An Lão,461069,Xã Quốc Tuấn,14,Thành Phố Hải Phòng,14350,Xã An Quang
13,Thành Phố Hải Phòng,2317,Huyện An Lão,526605,Xã Tân Dân,14,Thành Phố Hải Phòng,4110,Xã An Lão
13,Thành Phố Hải Phòng,2317,Huyện An Lão,592141,Xã Tân Viên,14,Thành Phố Hải Phòng,1550,Xã An Khánh
13,Thành Phố Hải Phòng,2317,Huyện An Lão,657677,Xã Thái Sơn,14,Thành Phố Hải Phòng,1550,Xã An Khánh
13,Thành Phố Hải Phòng,2317,Huyện An Lão,657677,Xã Thái Sơn,14,Thành Phố Hải Phòng,4110,Xã An Lão
13,Thành Phố Hải Phòng,2317,Huyện An Lão,723213,Xã Trường Thành,14,Thành Phố Hải Phòng,14606,Xã An Trường
13,Thành Phố Hải Phòng,2317,Huyện An Lão,788749,Xã Trường Thọ,14,Thành Phố Hải Phòng,14606,Xã An Trường
13,Thành Phố Hải Phòng,2317,Huyện An Lão,854285,Thị Trấn An Lão,14,Thành Phố Hải Phòng,4110,Xã An Lão
13,Thành Phố Hải Phòng,2317,Huyện An Lão,919821,Thị Trấn Trường Sơn,14,Thành Phố Hải Phòng,4110,Xã An Lão
13,Thành Phố Hải Phòng,2317,Huyện An Lão,919821,Thị Trấn Trường Sơn,14,Thành Phố Hải Phòng,4878,Phường Phù Liễn
13,Thành Phố Hải Phòng,2317,Huyện An Lão,985357,Xã An Thái,14,Thành Phố Hải Phòng,14094,Xã An Hưng
13,Thành Phố Hải Phòng,2317,Huyện An Lão,1050893,Xã An Thắng,14,Thành Phố Hải Phòng,4110,Xã An Lão
13,Thành Phố Hải Phòng,2317,Huyện An Lão,1116429,Xã An Thọ,14,Thành Phố Hải Phòng,14094,Xã An Hưng
13,Thành Phố Hải Phòng,2573,Huyện Cát Hải,68109,Xã Việt Hải,14,Thành Phố Hải Phòng,25614,Đặc Khu Cát Hải
13,Thành Phố Hải Phòng,2573,Huyện Cát Hải,133645,Xã Hiền Hào,14,Thành Phố Hải Phòng,25614,Đặc Khu Cát Hải
13,Thành Phố Hải Phòng,2573,Huyện Cát Hải,199181,Xã Đồng Bài,14,Thành Phố Hải Phòng,25614,Đặc Khu Cát Hải
13,Thành Phố Hải Phòng,2573,Huyện Cát Hải,264717,Xã Gia Luận,14,Thành Phố Hải Phòng,25614,Đặc Khu Cát Hải
13,Thành Phố Hải Phòng,2573,Huyện Cát Hải,330253,Xã Nghĩa Lộ,14,Thành Phố Hải Phòng,25614,Đặc Khu Cát Hải
13,Thành Phố Hải Phòng,2573,Huyện Cát Hải,395789,Xã Phù Long,14,Thành Phố Hải Phòng,25614,Đặc Khu Cát Hải
13,Thành Phố Hải Phòng,2573,Huyện Cát Hải,461325,Thị Trấn Cát Bà,14,Thành Phố Hải Phòng,25614,Đặc Khu Cát Hải
13,Thành Phố Hải Phòng,2573,Huyện Cát Hải,526861,Thị Trấn Cát Hải,14,Thành Phố Hải Phòng,25614,Đặc Khu Cát Hải
13,Thành Phố Hải Phòng,2573,Huyện Cát Hải,592397,Xã Văn Phong,14,Thành Phố Hải Phòng,25614,Đặc Khu Cát Hải
13,Thành Phố Hải Phòng,2573,Huyện Cát Hải,657933,Xã Trân Châu,14,Thành Phố Hải Phòng,25614,Đặc Khu Cát Hải
13,Thành Phố Hải Phòng,2573,Huyện Cát Hải,723469,Xã Xuân Đám,14,Thành Phố Hải Phòng,25614,Đặc Khu Cát Hải
13,Thành Phố Hải Phòng,2573,Huyện Cát Hải,789005,Xã Hoàng Châu,14,Thành Phố Hải Phòng,25614,Đặc Khu Cát Hải
13,Thành Phố Hải Phòng,2829,Huyện Kiến Thụy,68365,Xã Tân Trào,14,Thành Phố Hải Phòng,9998,Xã Kiến Hưng
13,Thành Phố Hải Phòng,2829,Huyện Kiến Thụy,133901,Thị Trấn Núi Đối,14,Thành Phố Hải Phòng,25870,Xã Kiến Thụy
13,Thành Phố Hải Phòng,2829,Huyện Kiến Thụy,199437,Xã Đại Đồng,14,Thành Phố Hải Phòng,14862,Xã Kiến Minh
13,Thành Phố Hải Phòng,2829,Huyện Kiến Thụy,264973,Xã Kiến Hưng,14,Thành Phố Hải Phòng,9998,Xã Kiến Hưng
13,Thành Phố Hải Phòng,2829,Huyện Kiến Thụy,264973,Xã Kiến Hưng,14,Thành Phố Hải Phòng,25870,Xã Kiến Thụy
13,Thành Phố Hải Phòng,2829,Huyện Kiến Thụy,330509,Xã Đại Hợp,14,Thành Phố Hải Phòng,4366,Xã Kiến Hải
13,Thành Phố Hải Phòng,2829,Huyện Kiến Thụy,396045,Xã Đoàn Xá,14,Thành Phố Hải Phòng,4366,Xã Kiến Hải
13,Thành Phố Hải Phòng,2829,Huyện Kiến Thụy,396045,Xã Đoàn Xá,14,Thành Phố Hải Phòng,9998,Xã Kiến Hưng
13,Thành Phố Hải Phòng,2829,Huyện Kiến Thụy,461581,Xã Đông Phương,14,Thành Phố Hải Phòng,14862,Xã Kiến Minh
13,Thành Phố Hải Phòng,2829,Huyện Kiến Thụy,527117,Xã Du Lễ,14,Thành Phố Hải Phòng,15118,Xã Nghi Dương
13,Thành Phố Hải Phòng,2829,Huyện Kiến Thụy,592653,Xã Hữu Bằng,14,Thành Phố Hải Phòng,25870,Xã Kiến Thụy
13,Thành Phố Hải Phòng,2829,Huyện Kiến Thụy,658189,Xã Kiến Quốc,14,Thành Phố Hải Phòng,15118,Xã Nghi Dương
13,Thành Phố Hải Phòng,2829,Huyện Kiến Thụy,723725,Xã Minh Tân,14,Thành Phố Hải Phòng,14862,Xã Kiến Minh
13,Thành Phố Hải Phòng,2829,Huyện Kiến Thụy,854797,Xã Ngũ Phúc,14,Thành Phố Hải Phòng,15118,Xã Nghi Dương
13,Thành Phố Hải Phòng,2829,Huyện Kiến Thụy,920333,Xã Tân Phong,14,Thành Phố Hải Phòng,4366,Xã Kiến Hải
13,Thành Phố Hải Phòng,2829,Huyện Kiến Thụy,985869,Xã Thanh Sơn,14,Thành Phố Hải Phòng,25870,Xã Kiến Thụy
13,Thành Phố Hải Phòng,2829,Huyện Kiến Thụy,1051405,Xã Thuận Thiên,14,Thành Phố Hải Phòng,25870,Xã Kiến Thụy
13,Thành Phố Hải Phòng,2829,Huyện Kiến Thụy,1182477,Xã Tú Sơn,14,Thành Phố Hải Phòng,4366,Xã Kiến Hải
13,Thành Phố Hải Phòng,3085,Huyện Bạch Long Vĩ,,,14,Thành Phố Hải Phòng,9486,Đặc Khu Bạch Long Vĩ
13,Thành Phố Hải Phòng,3341,Thành Phố Thủy Nguyên,134413,Phường Tam Hưng,14,Thành Phố Hải Phòng,12558,Phường Nam Triệu
13,Thành Phố Hải Phòng,3341,Thành Phố Thủy Nguyên,199949,Phường Dương Quan,14,Thành Phố Hải Phòng,26126,Phường Thủy Nguyên
13,Thành Phố Hải Phòng,3341,Thành Phố Thủy Nguyên,265485,Phường Thiên Hương,14,Thành Phố Hải Phòng,11790,Phường Thiên Hương
13,Thành Phố Hải Phòng,3341,Thành Phố Thủy Nguyên,462093,Phường Thủy Hà,14,Thành Phố Hải Phòng,12302,Phường Hòa Bình
13,Thành Phố Hải Phòng,3341,Thành Phố Thủy Nguyên,462093,Phường Thủy Hà,14,Thành Phố Hải Phòng,26126,Phường Thủy Nguyên
13,Thành Phố Hải Phòng,3341,Thành Phố Thủy Nguyên,593165,Xã Bạch Đằng,14,Thành Phố Hải Phòng,17678,Phường Bạch Đằng
13,Thành Phố Hải Phòng,3341,Thành Phố Thủy Nguyên,658701,Phường Hòa Bình,14,Thành Phố Hải Phòng,12302,Phường Hòa Bình
13,Thành Phố Hải Phòng,3341,Thành Phố Thủy Nguyên,724237,Phường Hoa Động,14,Thành Phố Hải Phòng,11790,Phường Thiên Hương
13,Thành Phố Hải Phòng,3341,Thành Phố Thủy Nguyên,724237,Phường Hoa Động,14,Thành Phố Hải Phòng,26126,Phường Thủy Nguyên
13,Thành Phố Hải Phòng,3341,Thành Phố Thủy Nguyên,1051917,Phường Lê Hồng Phong,14,Thành Phố Hải Phòng,11790,Phường Thiên Hương
13,Thành Phố Hải Phòng,3341,Thành Phố Thủy Nguyên,1051917,Phường Lê Hồng Phong,14,Thành Phố Hải Phòng,13070,Phường Lê Ích Mộc
13,Thành Phố Hải Phòng,3341,Thành Phố Thủy Nguyên,1248525,Phường Hoàng Lâm,14,Thành Phố Hải Phòng,11790,Phường Thiên Hương
13,Thành Phố Hải Phòng,3341,Thành Phố Thủy Nguyên,1314061,Phường Lập Lễ,14,Thành Phố Hải Phòng,12558,Phường Nam Triệu
13,Thành Phố Hải Phòng,3341,Thành Phố Thủy Nguyên,1379597,Xã Liên Xuân,14,Thành Phố Hải Phòng,12046,Phường Lưu Kiếm
13,Thành Phố Hải Phòng,3341,Thành Phố Thủy Nguyên,1379597,Xã Liên Xuân,14,Thành Phố Hải Phòng,12814,Xã Việt Khê
13,Thành Phố Hải Phòng,3341,Thành Phố Thủy Nguyên,1445133,Phường Lưu Kiếm,14,Thành Phố Hải Phòng,12046,Phường Lưu Kiếm
13,Thành Phố Hải Phòng,3341,Thành Phố Thủy Nguyên,1641741,Phường Phạm Ngũ Lão,14,Thành Phố Hải Phòng,17678,Phường Bạch Đằng
13,Thành Phố Hải Phòng,3341,Thành Phố Thủy Nguyên,1707277,Phường Minh Đức,14,Thành Phố Hải Phòng,17678,Phường Bạch Đằng
13,Thành Phố Hải Phòng,3341,Thành Phố Thủy Nguyên,1772813,Phường Thủy Đường,14,Thành Phố Hải Phòng,26126,Phường Thủy Nguyên
13,Thành Phố Hải Phòng,3341,Thành Phố Thủy Nguyên,1838349,Phường An Lư,14,Thành Phố Hải Phòng,12302,Phường Hòa Bình
13,Thành Phố Hải Phòng,3341,Thành Phố Thủy Nguyên,1838349,Phường An Lư,14,Thành Phố Hải Phòng,26126,Phường Thủy Nguyên
13,Thành Phố Hải Phòng,3341,Thành Phố Thủy Nguyên,1969421,Xã Quang Trung,14,Thành Phố Hải Phòng,13070,Phường Lê Ích Mộc
13,Thành Phố Hải Phòng,3341,Thành Phố Thủy Nguyên,2100493,Phường Trần Hưng Đạo,14,Thành Phố Hải Phòng,12046,Phường Lưu Kiếm
13,Thành Phố Hải Phòng,3341,Thành Phố Thủy Nguyên,2231565,Phường Nam Triệu Giang,14,Thành Phố Hải Phòng,12558,Phường Nam Triệu
13,Thành Phố Hải Phòng,3341,Thành Phố Thủy Nguyên,2297101,Xã Ninh Sơn,14,Thành Phố Hải Phòng,12814,Xã Việt Khê
13,Thành Phố Hải Phòng,3341,Thành Phố Thủy Nguyên,2428173,Phường Quảng Thanh,14,Thành Phố Hải Phòng,13070,Phường Lê Ích Mộc
13,Thành Phố Hải Phòng,3597,Huyện Tiên Lãng,69133,Thị Trấn Tiên Lãng,14,Thành Phố Hải Phòng,15374,Xã Tiên Lãng
13,Thành Phố Hải Phòng,3597,Huyện Tiên Lãng,134669,Xã Bắc Hưng,14,Thành Phố Hải Phòng,15630,Xã Chấn Hưng
13,Thành Phố Hải Phòng,3597,Huyện Tiên Lãng,200205,Xã Khởi Nghĩa,14,Thành Phố Hải Phòng,15374,Xã Tiên Lãng
13,Thành Phố Hải Phòng,3597,Huyện Tiên Lãng,265741,Xã Kiến Thiết,14,Thành Phố Hải Phòng,1806,Xã Tân Minh
13,Thành Phố Hải Phòng,3597,Huyện Tiên Lãng,396813,Xã Cấp Tiến,14,Thành Phố Hải Phòng,1806,Xã Tân Minh
13,Thành Phố Hải Phòng,3597,Huyện Tiên Lãng,462349,Xã Đại Thắng,14,Thành Phố Hải Phòng,5390,Xã Quyết Thắng
13,Thành Phố Hải Phòng,3597,Huyện Tiên Lãng,527885,Xã Đoàn Lập,14,Thành Phố Hải Phòng,1806,Xã Tân Minh
13,Thành Phố Hải Phòng,3597,Huyện Tiên Lãng,593421,Xã Đông Hưng,14,Thành Phố Hải Phòng,15630,Xã Chấn Hưng
13,Thành Phố Hải Phòng,3597,Huyện Tiên Lãng,658957,Xã Hùng Thắng,14,Thành Phố Hải Phòng,15886,Xã Hùng Thắng
13,Thành Phố Hải Phòng,3597,Huyện Tiên Lãng,724493,Xã Nam Hưng,14,Thành Phố Hải Phòng,15630,Xã Chấn Hưng
13,Thành Phố Hải Phòng,3597,Huyện Tiên Lãng,855565,Xã Quyết Tiến,14,Thành Phố Hải Phòng,15374,Xã Tiên Lãng
13,Thành Phố Hải Phòng,3597,Huyện Tiên Lãng,921101,Xã Tây Hưng,14,Thành Phố Hải Phòng,15630,Xã Chấn Hưng
13,Thành Phố Hải Phòng,3597,Huyện Tiên Lãng,986637,Xã Tiên Cường,14,Thành Phố Hải Phòng,5390,Xã Quyết Thắng
13,Thành Phố Hải Phòng,3597,Huyện Tiên Lãng,1052173,Xã Tiên Minh,14,Thành Phố Hải Phòng,5646,Xã Tiên Minh
13,Thành Phố Hải Phòng,3597,Huyện Tiên Lãng,1117709,Xã Tiên Thắng,14,Thành Phố Hải Phòng,5646,Xã Tiên Minh
13,Thành Phố Hải Phòng,3597,Huyện Tiên Lãng,1183245,Xã Tiên Thanh,14,Thành Phố Hải Phòng,15374,Xã Tiên Lãng
13,Thành Phố Hải Phòng,3597,Huyện Tiên Lãng,1248781,Xã Tân Minh,14,Thành Phố Hải Phòng,1806,Xã Tân Minh
13,Thành Phố Hải Phòng,3597,Huyện Tiên Lãng,1248781,Xã Tân Minh,14,Thành Phố Hải Phòng,5646,Xã Tiên Minh
13,Thành Phố Hải Phòng,3597,Huyện Tiên Lãng,1314317,Xã Tự Cường,14,Thành Phố Hải Phòng,5390,Xã Quyết Thắng
13,Thành Phố Hải Phòng,3597,Huyện Tiên Lãng,1379853,Xã Vinh Quang,14,Thành Phố Hải Phòng,15886,Xã Hùng Thắng
13,Thành Phố Hải Phòng,3853,Huyện Vĩnh Bảo,265997,Xã Tiền Phong,14,Thành Phố Hải Phòng,16654,Xã Vĩnh Hải
13,Thành Phố Hải Phòng,3853,Huyện Vĩnh Bảo,331533,Xã Trấn Dương,14,Thành Phố Hải Phòng,16398,Xã Nguyễn Bỉnh Khiêm
13,Thành Phố Hải Phòng,3853,Huyện Vĩnh Bảo,397069,Xã Trung Lập,14,Thành Phố Hải Phòng,17166,Xã Vĩnh Thịnh
13,Thành Phố Hải Phòng,3853,Huyện Vĩnh Bảo,462605,Xã Việt Tiến,14,Thành Phố Hải Phòng,17166,Xã Vĩnh Thịnh
13,Thành Phố Hải Phòng,3853,Huyện Vĩnh Bảo,528141,Xã Vĩnh An,14,Thành Phố Hải Phòng,17422,Xã Vĩnh Thuận
13,Thành Phố Hải Phòng,3853,Huyện Vĩnh Bảo,724749,Xã Liên Am,14,Thành Phố Hải Phòng,10510,Xã Vĩnh Am
13,Thành Phố Hải Phòng,3853,Huyện Vĩnh Bảo,855821,Xã Cao Minh,14,Thành Phố Hải Phòng,10510,Xã Vĩnh Am
13,Thành Phố Hải Phòng,3853,Huyện Vĩnh Bảo,986893,Xã Hùng Tiến,14,Thành Phố Hải Phòng,16910,Xã Vĩnh Hòa
13,Thành Phố Hải Phòng,3853,Huyện Vĩnh Bảo,1117965,Xã Vĩnh Hải,14,Thành Phố Hải Phòng,16654,Xã Vĩnh Hải
13,Thành Phố Hải Phòng,3853,Huyện Vĩnh Bảo,1183501,Thị Trấn Vĩnh Bảo,14,Thành Phố Hải Phòng,16142,Xã Vĩnh Bảo
13,Thành Phố Hải Phòng,3853,Huyện Vĩnh Bảo,1314573,Xã Dũng Tiến,14,Thành Phố Hải Phòng,17422,Xã Vĩnh Thuận
13,Thành Phố Hải Phòng,3853,Huyện Vĩnh Bảo,1380109,Xã Giang Biên,14,Thành Phố Hải Phòng,17422,Xã Vĩnh Thuận
13,Thành Phố Hải Phòng,3853,Huyện Vĩnh Bảo,1445645,Xã Vĩnh Hòa,14,Thành Phố Hải Phòng,16910,Xã Vĩnh Hòa
13,Thành Phố Hải Phòng,3853,Huyện Vĩnh Bảo,1511181,Xã Hòa Bình,14,Thành Phố Hải Phòng,16398,Xã Nguyễn Bỉnh Khiêm
13,Thành Phố Hải Phòng,3853,Huyện Vĩnh Bảo,1576717,Xã Lý Học,14,Thành Phố Hải Phòng,16398,Xã Nguyễn Bỉnh Khiêm
13,Thành Phố Hải Phòng,3853,Huyện Vĩnh Bảo,1642253,Xã Vĩnh Hưng,14,Thành Phố Hải Phòng,16142,Xã Vĩnh Bảo
13,Thành Phố Hải Phòng,3853,Huyện Vĩnh Bảo,1707789,Xã Tam Cường,14,Thành Phố Hải Phòng,10510,Xã Vĩnh Am
13,Thành Phố Hải Phòng,3853,Huyện Vĩnh Bảo,1838861,Xã Tân Hưng,14,Thành Phố Hải Phòng,16142,Xã Vĩnh Bảo
13,Thành Phố Hải Phòng,3853,Huyện Vĩnh Bảo,1904397,Xã Tân Liên,14,Thành Phố Hải Phòng,16142,Xã Vĩnh Bảo
13,Thành Phố Hải Phòng,3853,Huyện Vĩnh Bảo,1969933,Xã Thắng Thủy,14,Thành Phố Hải Phòng,17166,Xã Vĩnh Thịnh
14,Thành Phố Đà Nẵng,270,Quận Cẩm Lệ,65806,Phường Hòa Xuân,13,Thành Phố Đà Nẵng,22029,Phường Hòa Xuân
14,Thành Phố Đà Nẵng,270,Quận Cẩm Lệ,131342,Phường Khuê Trung,13,Thành Phố Đà Nẵng,21773,Phường Cẩm Lệ
14,Thành Phố Đà Nẵng,270,Quận Cẩm Lệ,196878,Phường Hòa Thọ Tây,13,Thành Phố Đà Nẵng,21773,Phường Cẩm Lệ
14,Thành Phố Đà Nẵng,270,Quận Cẩm Lệ,262414,Phường Hòa Thọ Đông,13,Thành Phố Đà Nẵng,21773,Phường Cẩm Lệ
14,Thành Phố Đà Nẵng,270,Quận Cẩm Lệ,327950,Phường Hòa Phát,13,Thành Phố Đà Nẵng,20237,Phường An Khê
14,Thành Phố Đà Nẵng,270,Quận Cẩm Lệ,393486,Phường Hòa An,13,Thành Phố Đà Nẵng,20237,Phường An Khê
14,Thành Phố Đà Nẵng,526,Quận Hải Châu,66062,Phường Bình Thuận,13,Thành Phố Đà Nẵng,19725,Phường Hòa Cường
14,Thành Phố Đà Nẵng,526,Quận Hải Châu,131598,Phường Phước Ninh,13,Thành Phố Đà Nẵng,19469,Phường Hải Châu
14,Thành Phố Đà Nẵng,526,Quận Hải Châu,328206,Phường Thuận Phước,13,Thành Phố Đà Nẵng,19469,Phường Hải Châu
14,Thành Phố Đà Nẵng,526,Quận Hải Châu,393742,Phường Thanh Bình,13,Thành Phố Đà Nẵng,19469,Phường Hải Châu
14,Thành Phố Đà Nẵng,526,Quận Hải Châu,459278,Phường Thạch Thang,13,Thành Phố Đà Nẵng,19469,Phường Hải Châu
14,Thành Phố Đà Nẵng,526,Quận Hải Châu,524814,Phường Hòa Thuận Tây,13,Thành Phố Đà Nẵng,19725,Phường Hòa Cường
14,Thành Phố Đà Nẵng,526,Quận Hải Châu,655886,Phường Hòa Cường Nam,13,Thành Phố Đà Nẵng,19725,Phường Hòa Cường
14,Thành Phố Đà Nẵng,526,Quận Hải Châu,721422,Phường Hòa Cường Bắc,13,Thành Phố Đà Nẵng,19725,Phường Hòa Cường
14,Thành Phố Đà Nẵng,526,Quận Hải Châu,852494,Phường Hải Châu,13,Thành Phố Đà Nẵng,19469,Phường Hải Châu
14,Thành Phố Đà Nẵng,782,Quận Liên Chiểu,66318,Phường Hòa Minh,13,Thành Phố Đà Nẵng,21261,Phường Hòa Khánh
14,Thành Phố Đà Nẵng,782,Quận Liên Chiểu,131854,Phường Hòa Khánh Nam,13,Thành Phố Đà Nẵng,21261,Phường Hòa Khánh
14,Thành Phố Đà Nẵng,782,Quận Liên Chiểu,197390,Phường Hòa Khánh Bắc,13,Thành Phố Đà Nẵng,21517,Phường Liên Chiểu
14,Thành Phố Đà Nẵng,782,Quận Liên Chiểu,262926,Phường Hòa Hiệp Nam,13,Thành Phố Đà Nẵng,781,Phường Hải Vân
14,Thành Phố Đà Nẵng,782,Quận Liên Chiểu,328462,Phường Hòa Hiệp Bắc,13,Thành Phố Đà Nẵng,781,Phường Hải Vân
14,Thành Phố Đà Nẵng,1038,Quận Ngũ Hành Sơn,66574,Phường Khuê Mỹ,13,Thành Phố Đà Nẵng,21005,Phường Ngũ Hành Sơn
14,Thành Phố Đà Nẵng,1038,Quận Ngũ Hành Sơn,132110,Phường Hòa Quý,13,Thành Phố Đà Nẵng,21005,Phường Ngũ Hành Sơn
14,Thành Phố Đà Nẵng,1038,Quận Ngũ Hành Sơn,197646,Phường Hòa Hải,13,Thành Phố Đà Nẵng,21005,Phường Ngũ Hành Sơn
14,Thành Phố Đà Nẵng,1038,Quận Ngũ Hành Sơn,263182,Phường Mỹ An,13,Thành Phố Đà Nẵng,21005,Phường Ngũ Hành Sơn
14,Thành Phố Đà Nẵng,1294,Quận Sơn Trà,66830,Phường Thọ Quang,13,Thành Phố Đà Nẵng,20749,Phường Sơn Trà
14,Thành Phố Đà Nẵng,1294,Quận Sơn Trà,132366,Phường Phước Mỹ,13,Thành Phố Đà Nẵng,20493,Phường An Hải
14,Thành Phố Đà Nẵng,1294,Quận Sơn Trà,197902,Phường Mân Thái,13,Thành Phố Đà Nẵng,20749,Phường Sơn Trà
14,Thành Phố Đà Nẵng,1294,Quận Sơn Trà,328974,Phường An Hải Nam,13,Thành Phố Đà Nẵng,20493,Phường An Hải
14,Thành Phố Đà Nẵng,1294,Quận Sơn Trà,394510,Phường An Hải Bắc,13,Thành Phố Đà Nẵng,20493,Phường An Hải
14,Thành Phố Đà Nẵng,1294,Quận Sơn Trà,460046,Phường Nại Hiên Đông,13,Thành Phố Đà Nẵng,20749,Phường Sơn Trà
14,Thành Phố Đà Nẵng,1550,Quận Thanh Khê,67086,Phường Thanh Khê Đông,13,Thành Phố Đà Nẵng,19981,Phường Thanh Khê
14,Thành Phố Đà Nẵng,1550,Quận Thanh Khê,132622,Phường Thạc Gián,13,Thành Phố Đà Nẵng,19981,Phường Thanh Khê
14,Thành Phố Đà Nẵng,1550,Quận Thanh Khê,394766,Phường Chính Gián,13,Thành Phố Đà Nẵng,19981,Phường Thanh Khê
14,Thành Phố Đà Nẵng,1550,Quận Thanh Khê,460302,Phường Xuân Hà,13,Thành Phố Đà Nẵng,19981,Phường Thanh Khê
14,Thành Phố Đà Nẵng,1550,Quận Thanh Khê,591374,Phường Thanh Khê Tây,13,Thành Phố Đà Nẵng,19981,Phường Thanh Khê
14,Thành Phố Đà Nẵng,1550,Quận Thanh Khê,656910,Phường An Khê,13,Thành Phố Đà Nẵng,20237,Phường An Khê
14,Thành Phố Đà Nẵng,1806,Huyện Hòa Vang,67342,Xã Hòa Tiến,13,Thành Phố Đà Nẵng,22541,Xã Hòa Tiến
14,Thành Phố Đà Nẵng,1806,Huyện Hòa Vang,132878,Xã Hòa Sơn,13,Thành Phố Đà Nẵng,21261,Phường Hòa Khánh
14,Thành Phố Đà Nẵng,1806,Huyện Hòa Vang,198414,Xã Hòa Phước,13,Thành Phố Đà Nẵng,22029,Phường Hòa Xuân
14,Thành Phố Đà Nẵng,1806,Huyện Hòa Vang,263950,Xã Hòa Phú,13,Thành Phố Đà Nẵng,22285,Xã Hòa Vang
14,Thành Phố Đà Nẵng,1806,Huyện Hòa Vang,329486,Xã Hòa Phong,13,Thành Phố Đà Nẵng,22285,Xã Hòa Vang
14,Thành Phố Đà Nẵng,1806,Huyện Hòa Vang,395022,Xã Hòa Ninh,13,Thành Phố Đà Nẵng,22797,Xã Bà Nà
14,Thành Phố Đà Nẵng,1806,Huyện Hòa Vang,460558,Xã Hòa Nhơn,13,Thành Phố Đà Nẵng,22797,Xã Bà Nà
14,Thành Phố Đà Nẵng,1806,Huyện Hòa Vang,526094,Xã Hòa Liên,13,Thành Phố Đà Nẵng,21517,Phường Liên Chiểu
14,Thành Phố Đà Nẵng,1806,Huyện Hòa Vang,591630,Xã Hòa Khương,13,Thành Phố Đà Nẵng,22541,Xã Hòa Tiến
14,Thành Phố Đà Nẵng,1806,Huyện Hòa Vang,657166,Xã Hòa Châu,13,Thành Phố Đà Nẵng,22029,Phường Hòa Xuân
14,Thành Phố Đà Nẵng,1806,Huyện Hòa Vang,722702,Xã Hòa Bắc,13,Thành Phố Đà Nẵng,781,Phường Hải Vân
14,Thành Phố Đà Nẵng,2062,Huyện Hoàng Sa,,,13,Thành Phố Đà Nẵng,1549,Đặc Khu Hoàng Sa
15,Thành Phố Cần Thơ,271,Quận Bình Thủy,65807,Phường Thới An Đông,15,Thành Phố Cần Thơ,3599,Phường Thới An Đông
15,Thành Phố Cần Thơ,271,Quận Bình Thủy,131343,Phường Trà An,15,Thành Phố Cần Thơ,3599,Phường Thới An Đông
15,Thành Phố Cần Thơ,271,Quận Bình Thủy,196879,Phường Trà Nóc,15,Thành Phố Cần Thơ,3599,Phường Thới An Đông
15,Thành Phố Cần Thơ,271,Quận Bình Thủy,262415,Phường An Thới,15,Thành Phố Cần Thơ,15887,Phường Bình Thủy
15,Thành Phố Cần Thơ,271,Quận Bình Thủy,327951,Phường Bình Thủy,15,Thành Phố Cần Thơ,15887,Phường Bình Thủy
15,Thành Phố Cần Thơ,271,Quận Bình Thủy,393487,Phường Bùi Hữu Nghĩa,15,Thành Phố Cần Thơ,2319,Phường Cái Khế
15,Thành Phố Cần Thơ,271,Quận Bình Thủy,393487,Phường Bùi Hữu Nghĩa,15,Thành Phố Cần Thơ,15887,Phường Bình Thủy
15,Thành Phố Cần Thơ,271,Quận Bình Thủy,459023,Phường Long Hòa,15,Thành Phố Cần Thơ,2063,Phường Long Tuyền
15,Thành Phố Cần Thơ,271,Quận Bình Thủy,524559,Phường Long Tuyền,15,Thành Phố Cần Thơ,2063,Phường Long Tuyền
15,Thành Phố Cần Thơ,271,Quận Bình Thủy,524559,Phường Long Tuyền,15,Thành Phố Cần Thơ,2575,Phường An Bình
15,Thành Phố Cần Thơ,527,Quận Cái Răng,66063,Phường Lê Bình,15,Thành Phố Cần Thơ,3855,Phường Cái Răng
15,Thành Phố Cần Thơ,527,Quận Cái Răng,131599,Phường Ba Láng,15,Thành Phố Cần Thơ,3855,Phường Cái Răng
15,Thành Phố Cần Thơ,527,Quận Cái Răng,197135,Phường Tân Phú,15,Thành Phố Cần Thơ,4111,Phường Hưng Phú
15,Thành Phố Cần Thơ,527,Quận Cái Răng,262671,Phường Thường Thạnh,15,Thành Phố Cần Thơ,3855,Phường Cái Răng
15,Thành Phố Cần Thơ,527,Quận Cái Răng,328207,Phường Phú Thứ,15,Thành Phố Cần Thơ,4111,Phường Hưng Phú
15,Thành Phố Cần Thơ,527,Quận Cái Răng,393743,Phường Hưng Phú,15,Thành Phố Cần Thơ,4111,Phường Hưng Phú
15,Thành Phố Cần Thơ,527,Quận Cái Răng,459279,Phường Hưng Thạnh,15,Thành Phố Cần Thơ,3855,Phường Cái Răng
15,Thành Phố Cần Thơ,783,Quận Ninh Kiều,66319,Phường An Hòa,15,Thành Phố Cần Thơ,2319,Phường Cái Khế
15,Thành Phố Cần Thơ,783,Quận Ninh Kiều,197391,Phường Cái Khế,15,Thành Phố Cần Thơ,2319,Phường Cái Khế
15,Thành Phố Cần Thơ,783,Quận Ninh Kiều,262927,Phường An Bình,15,Thành Phố Cần Thơ,2575,Phường An Bình
15,Thành Phố Cần Thơ,783,Quận Ninh Kiều,393999,Phường An Khánh,15,Thành Phố Cần Thơ,3343,Phường Tân An
15,Thành Phố Cần Thơ,783,Quận Ninh Kiều,525071,Phường Hưng Lợi,15,Thành Phố Cần Thơ,3343,Phường Tân An
15,Thành Phố Cần Thơ,783,Quận Ninh Kiều,590607,Phường Tân An,15,Thành Phố Cần Thơ,3087,Phường Ninh Kiều
15,Thành Phố Cần Thơ,783,Quận Ninh Kiều,656143,Phường Thới Bình,15,Thành Phố Cần Thơ,3087,Phường Ninh Kiều
15,Thành Phố Cần Thơ,783,Quận Ninh Kiều,721679,Phường Xuân Khánh,15,Thành Phố Cần Thơ,3087,Phường Ninh Kiều
15,Thành Phố Cần Thơ,1039,Quận Ô Môn,66575,Phường Thới An,15,Thành Phố Cần Thơ,4367,Phường Ô Môn
15,Thành Phố Cần Thơ,1039,Quận Ô Môn,132111,Phường Thới Hòa,15,Thành Phố Cần Thơ,4367,Phường Ô Môn
15,Thành Phố Cần Thơ,1039,Quận Ô Môn,197647,Phường Thới Long,15,Thành Phố Cần Thơ,4623,Phường Thới Long
15,Thành Phố Cần Thơ,1039,Quận Ô Môn,263183,Phường Châu Văn Liêm,15,Thành Phố Cần Thơ,4367,Phường Ô Môn
15,Thành Phố Cần Thơ,1039,Quận Ô Môn,328719,Phường Long Hưng,15,Thành Phố Cần Thơ,4623,Phường Thới Long
15,Thành Phố Cần Thơ,1039,Quận Ô Môn,394255,Phường Phước Thới,15,Thành Phố Cần Thơ,4879,Phường Phước Thới
15,Thành Phố Cần Thơ,1039,Quận Ô Môn,459791,Phường Trường Lạc,15,Thành Phố Cần Thơ,4879,Phường Phước Thới
15,Thành Phố Cần Thơ,1295,Huyện Cờ Đỏ,66831,Xã Đông Thắng,15,Thành Phố Cần Thơ,7183,Xã Đông Hiệp
15,Thành Phố Cần Thơ,1295,Huyện Cờ Đỏ,132367,Thị Trấn Cờ Đỏ,15,Thành Phố Cần Thơ,6927,Xã Cờ Đỏ
15,Thành Phố Cần Thơ,1295,Huyện Cờ Đỏ,197903,Xã Đông Hiệp,15,Thành Phố Cần Thơ,7183,Xã Đông Hiệp
15,Thành Phố Cần Thơ,1295,Huyện Cờ Đỏ,263439,Xã Thạnh Phú,15,Thành Phố Cần Thơ,1295,Xã Thạnh Phú
15,Thành Phố Cần Thơ,1295,Huyện Cờ Đỏ,328975,Xã Thới Đông,15,Thành Phố Cần Thơ,6927,Xã Cờ Đỏ
15,Thành Phố Cần Thơ,1295,Huyện Cờ Đỏ,394511,Xã Thới Hưng,15,Thành Phố Cần Thơ,1551,Xã Thới Hưng
15,Thành Phố Cần Thơ,1295,Huyện Cờ Đỏ,460047,Xã Thới Xuân,15,Thành Phố Cần Thơ,6927,Xã Cờ Đỏ
15,Thành Phố Cần Thơ,1295,Huyện Cờ Đỏ,525583,Xã Trung An,15,Thành Phố Cần Thơ,5135,Phường Trung Nhứt
15,Thành Phố Cần Thơ,1295,Huyện Cờ Đỏ,591119,Xã Trung Hưng,15,Thành Phố Cần Thơ,7439,Xã Trung Hưng
15,Thành Phố Cần Thơ,1295,Huyện Cờ Đỏ,656655,Xã Trung Thạnh,15,Thành Phố Cần Thơ,7439,Xã Trung Hưng
15,Thành Phố Cần Thơ,1551,Huyện Phong Điền,67087,Xã Giai Xuân,15,Thành Phố Cần Thơ,5391,Xã Phong Điền
15,Thành Phố Cần Thơ,1551,Huyện Phong Điền,132623,Thị Trấn Phong Điền,15,Thành Phố Cần Thơ,5391,Xã Phong Điền
15,Thành Phố Cần Thơ,1551,Huyện Phong Điền,198159,Xã Mỹ Khánh,15,Thành Phố Cần Thơ,2575,Phường An Bình
15,Thành Phố Cần Thơ,1551,Huyện Phong Điền,263695,Xã Nhơn Ái,15,Thành Phố Cần Thơ,5647,Xã Nhơn Ái
15,Thành Phố Cần Thơ,1551,Huyện Phong Điền,329231,Xã Nhơn Nghĩa,15,Thành Phố Cần Thơ,5647,Xã Nhơn Ái
15,Thành Phố Cần Thơ,1551,Huyện Phong Điền,394767,Xã Tân Thới,15,Thành Phố Cần Thơ,5391,Xã Phong Điền
15,Thành Phố Cần Thơ,1551,Huyện Phong Điền,460303,Xã Trường Long,15,Thành Phố Cần Thơ,1807,Xã Trường Long
15,Thành Phố Cần Thơ,1807,Quận Thốt Nốt,67343,Phường Trung Nhứt,15,Thành Phố Cần Thơ,5135,Phường Trung Nhứt
15,Thành Phố Cần Thơ,1807,Quận Thốt Nốt,132879,Phường Tân Hưng,15,Thành Phố Cần Thơ,4623,Phường Thới Long
15,Thành Phố Cần Thơ,1807,Quận Thốt Nốt,198415,Phường Tân Lộc,15,Thành Phố Cần Thơ,2831,Phường Tân Lộc
15,Thành Phố Cần Thơ,1807,Quận Thốt Nốt,263951,Phường Thuận An,15,Thành Phố Cần Thơ,16143,Phường Thốt Nốt
15,Thành Phố Cần Thơ,1807,Quận Thốt Nốt,329487,Phường Thuận Hưng,15,Thành Phố Cần Thơ,16399,Phường Thuận Hưng
15,Thành Phố Cần Thơ,1807,Quận Thốt Nốt,395023,Phường Trung Kiên,15,Thành Phố Cần Thơ,16399,Phường Thuận Hưng
15,Thành Phố Cần Thơ,1807,Quận Thốt Nốt,460559,Phường Thạnh Hòa,15,Thành Phố Cần Thơ,5135,Phường Trung Nhứt
15,Thành Phố Cần Thơ,1807,Quận Thốt Nốt,526095,Phường Thới Thuận,15,Thành Phố Cần Thơ,16143,Phường Thốt Nốt
15,Thành Phố Cần Thơ,1807,Quận Thốt Nốt,591631,Phường Thốt Nốt,15,Thành Phố Cần Thơ,16143,Phường Thốt Nốt
15,Thành Phố Cần Thơ,1807,Quận Thốt Nốt,591631,Phường Thốt Nốt,15,Thành Phố Cần Thơ,16399,Phường Thuận Hưng
15,Thành Phố Cần Thơ,2063,Huyện Vĩnh Thạnh,67599,Xã Thạnh Lộc,15,Thành Phố Cần Thơ,7695,Xã Vĩnh Thạnh
15,Thành Phố Cần Thơ,2063,Huyện Vĩnh Thạnh,133135,Xã Thạnh Quới,15,Thành Phố Cần Thơ,8463,Xã Thạnh Quới
15,Thành Phố Cần Thơ,2063,Huyện Vĩnh Thạnh,198671,Xã Thạnh Thắng,15,Thành Phố Cần Thơ,8207,Xã Thạnh An
15,Thành Phố Cần Thơ,2063,Huyện Vĩnh Thạnh,264207,Xã Vĩnh Bình,15,Thành Phố Cần Thơ,7951,Xã Vĩnh Trinh
15,Thành Phố Cần Thơ,2063,Huyện Vĩnh Thạnh,329743,Thị Trấn Thanh An,15,Thành Phố Cần Thơ,8207,Xã Thạnh An
15,Thành Phố Cần Thơ,2063,Huyện Vĩnh Thạnh,395279,Thị Trấn Vĩnh Thạnh,15,Thành Phố Cần Thơ,7695,Xã Vĩnh Thạnh
15,Thành Phố Cần Thơ,2063,Huyện Vĩnh Thạnh,460815,Xã Thạnh Lợi,15,Thành Phố Cần Thơ,8207,Xã Thạnh An
15,Thành Phố Cần Thơ,2063,Huyện Vĩnh Thạnh,526351,Xã Thạnh Mỹ,15,Thành Phố Cần Thơ,7695,Xã Vĩnh Thạnh
15,Thành Phố Cần Thơ,2063,Huyện Vĩnh Thạnh,591887,Xã Thạnh Tiến,15,Thành Phố Cần Thơ,8463,Xã Thạnh Quới
15,Thành Phố Cần Thơ,2063,Huyện Vĩnh Thạnh,657423,Xã Vĩnh Trinh,15,Thành Phố Cần Thơ,7951,Xã Vĩnh Trinh
15,Thành Phố Cần Thơ,2063,Huyện Vĩnh Thạnh,722959,Xã Thạnh An,15,Thành Phố Cần Thơ,8463,Xã Thạnh Quới
15,Thành Phố Cần Thơ,2319,Huyện Thới Lai,67855,Xã Trường Thắng,15,Thành Phố Cần Thơ,5903,Xã Thới Lai
15,Thành Phố Cần Thơ,2319,Huyện Thới Lai,133391,Xã Trường Xuân B,15,Thành Phố Cần Thơ,6415,Xã Trường Xuân
15,Thành Phố Cần Thơ,2319,Huyện Thới Lai,198927,Xã Xuân Thắng,15,Thành Phố Cần Thơ,7183,Xã Đông Hiệp
15,Thành Phố Cần Thơ,2319,Huyện Thới Lai,264463,Thị Trấn Thới Lai,15,Thành Phố Cần Thơ,5903,Xã Thới Lai
15,Thành Phố Cần Thơ,2319,Huyện Thới Lai,329999,Xã Định Môn,15,Thành Phố Cần Thơ,6671,Xã Trường Thành
15,Thành Phố Cần Thơ,2319,Huyện Thới Lai,395535,Xã Đông Bình,15,Thành Phố Cần Thơ,6159,Xã Đông Thuận
15,Thành Phố Cần Thơ,2319,Huyện Thới Lai,461071,Xã Đông Thuận,15,Thành Phố Cần Thơ,6159,Xã Đông Thuận
15,Thành Phố Cần Thơ,2319,Huyện Thới Lai,526607,Xã Tân Thạnh,15,Thành Phố Cần Thơ,6671,Xã Trường Thành
15,Thành Phố Cần Thơ,2319,Huyện Thới Lai,592143,Xã Thới Tân,15,Thành Phố Cần Thơ,5903,Xã Thới Lai
15,Thành Phố Cần Thơ,2319,Huyện Thới Lai,657679,Xã Thới Thạnh,15,Thành Phố Cần Thơ,4367,Phường Ô Môn
15,Thành Phố Cần Thơ,2319,Huyện Thới Lai,723215,Xã Trường Thành,15,Thành Phố Cần Thơ,6671,Xã Trường Thành
15,Thành Phố Cần Thơ,2319,Huyện Thới Lai,788751,Xã Trường Xuân,15,Thành Phố Cần Thơ,6415,Xã Trường Xuân
15,Thành Phố Cần Thơ,2319,Huyện Thới Lai,854287,Xã Trường Xuân A,15,Thành Phố Cần Thơ,6415,Xã Trường Xuân
16,Tỉnh An Giang,272,Thành Phố Long Xuyên,65808,Phường Mỹ Thới,17,Tỉnh An Giang,4113,Phường Mỹ Thới
16,Tỉnh An Giang,272,Thành Phố Long Xuyên,131344,Phường Mỹ Xuyên,17,Tỉnh An Giang,3601,Phường Long Xuyên
16,Tỉnh An Giang,272,Thành Phố Long Xuyên,196880,Xã Mỹ Hòa Hưng,17,Tỉnh An Giang,2577,Xã Mỹ Hòa Hưng
16,Tỉnh An Giang,272,Thành Phố Long Xuyên,262416,Xã Mỹ Khánh,17,Tỉnh An Giang,3857,Phường Bình Đức
16,Tỉnh An Giang,272,Thành Phố Long Xuyên,327952,Phường Bình Đức,17,Tỉnh An Giang,3857,Phường Bình Đức
16,Tỉnh An Giang,272,Thành Phố Long Xuyên,393488,Phường Bình Khánh,17,Tỉnh An Giang,3857,Phường Bình Đức
16,Tỉnh An Giang,272,Thành Phố Long Xuyên,524560,Phường Mỹ Bình,17,Tỉnh An Giang,3601,Phường Long Xuyên
16,Tỉnh An Giang,272,Thành Phố Long Xuyên,590096,Phường Mỹ Hòa,17,Tỉnh An Giang,3601,Phường Long Xuyên
16,Tỉnh An Giang,272,Thành Phố Long Xuyên,655632,Phường Mỹ Long,17,Tỉnh An Giang,3601,Phường Long Xuyên
16,Tỉnh An Giang,272,Thành Phố Long Xuyên,721168,Phường Mỹ Phước,17,Tỉnh An Giang,3601,Phường Long Xuyên
16,Tỉnh An Giang,272,Thành Phố Long Xuyên,786704,Phường Mỹ Quý,17,Tỉnh An Giang,3601,Phường Long Xuyên
16,Tỉnh An Giang,272,Thành Phố Long Xuyên,852240,Phường Mỹ Thạnh,17,Tỉnh An Giang,4113,Phường Mỹ Thới
16,Tỉnh An Giang,528,Thành Phố Châu Đốc,66064,Phường Núi Sam,17,Tỉnh An Giang,1297,Phường Vĩnh Tế
16,Tỉnh An Giang,528,Thành Phố Châu Đốc,131600,Phường Vĩnh Mỹ,17,Tỉnh An Giang,1553,Phường Châu Đốc
16,Tỉnh An Giang,528,Thành Phố Châu Đốc,197136,Xã Vĩnh Châu,17,Tỉnh An Giang,1297,Phường Vĩnh Tế
16,Tỉnh An Giang,528,Thành Phố Châu Đốc,197136,Xã Vĩnh Châu,17,Tỉnh An Giang,1553,Phường Châu Đốc
16,Tỉnh An Giang,528,Thành Phố Châu Đốc,262672,Phường Vĩnh Ngươn,17,Tỉnh An Giang,1553,Phường Châu Đốc
16,Tỉnh An Giang,528,Thành Phố Châu Đốc,328208,Xã Vĩnh Tế,17,Tỉnh An Giang,1297,Phường Vĩnh Tế
16,Tỉnh An Giang,528,Thành Phố Châu Đốc,393744,Phường Châu Phú A,17,Tỉnh An Giang,1553,Phường Châu Đốc
16,Tỉnh An Giang,528,Thành Phố Châu Đốc,459280,Phường Châu Phú B,17,Tỉnh An Giang,1553,Phường Châu Đốc
16,Tỉnh An Giang,784,Thị Xã Tân Châu,66320,Phường Long Châu,17,Tỉnh An Giang,5137,Phường Long Phú
16,Tỉnh An Giang,784,Thị Xã Tân Châu,131856,Phường Long Hưng,17,Tỉnh An Giang,5137,Phường Long Phú
16,Tỉnh An Giang,784,Thị Xã Tân Châu,197392,Phường Long Phú,17,Tỉnh An Giang,5137,Phường Long Phú
16,Tỉnh An Giang,784,Thị Xã Tân Châu,262928,Phường Long Sơn,17,Tỉnh An Giang,4881,Phường Tân Châu
16,Tỉnh An Giang,784,Thị Xã Tân Châu,328464,Phường Long Thạnh,17,Tỉnh An Giang,4881,Phường Tân Châu
16,Tỉnh An Giang,784,Thị Xã Tân Châu,394000,Xã Châu Phong,17,Tỉnh An Giang,5649,Xã Châu Phong
16,Tỉnh An Giang,784,Thị Xã Tân Châu,459536,Xã Lê Chánh,17,Tỉnh An Giang,5649,Xã Châu Phong
16,Tỉnh An Giang,784,Thị Xã Tân Châu,525072,Xã Long An,17,Tỉnh An Giang,5393,Xã Tân An
16,Tỉnh An Giang,784,Thị Xã Tân Châu,590608,Xã Phú Lộc,17,Tỉnh An Giang,5905,Xã Vĩnh Xương
16,Tỉnh An Giang,784,Thị Xã Tân Châu,656144,Xã Phú Vĩnh,17,Tỉnh An Giang,5649,Xã Châu Phong
16,Tỉnh An Giang,784,Thị Xã Tân Châu,721680,Xã Tân An,17,Tỉnh An Giang,5393,Xã Tân An
16,Tỉnh An Giang,784,Thị Xã Tân Châu,787216,Xã Tân Thạnh,17,Tỉnh An Giang,5393,Xã Tân An
16,Tỉnh An Giang,784,Thị Xã Tân Châu,852752,Xã Vĩnh Hòa,17,Tỉnh An Giang,5905,Xã Vĩnh Xương
16,Tỉnh An Giang,784,Thị Xã Tân Châu,918288,Xã Vĩnh Xương,17,Tỉnh An Giang,5905,Xã Vĩnh Xương
16,Tỉnh An Giang,1040,Huyện An Phú,66576,Thị Trấn An Phú,17,Tỉnh An Giang,1809,Xã An Phú
16,Tỉnh An Giang,1040,Huyện An Phú,132112,Thị Trấn Long Bình,17,Tỉnh An Giang,4625,Xã Khánh Bình
16,Tỉnh An Giang,1040,Huyện An Phú,197648,Thị Trấn Đa Phước,17,Tỉnh An Giang,4369,Xã Vĩnh Hậu
16,Tỉnh An Giang,1040,Huyện An Phú,263184,Xã Khánh An,17,Tỉnh An Giang,4625,Xã Khánh Bình
16,Tỉnh An Giang,1040,Huyện An Phú,328720,Xã Khánh Bình,17,Tỉnh An Giang,4625,Xã Khánh Bình
16,Tỉnh An Giang,1040,Huyện An Phú,394256,Xã Nhơn Hội,17,Tỉnh An Giang,2833,Xã Nhơn Hội
16,Tỉnh An Giang,1040,Huyện An Phú,459792,Xã Phú Hội,17,Tỉnh An Giang,1809,Xã An Phú
16,Tỉnh An Giang,1040,Huyện An Phú,459792,Xã Phú Hội,17,Tỉnh An Giang,2833,Xã Nhơn Hội
16,Tỉnh An Giang,1040,Huyện An Phú,525328,Xã Phước Hưng,17,Tỉnh An Giang,1809,Xã An Phú
16,Tỉnh An Giang,1040,Huyện An Phú,525328,Xã Phước Hưng,17,Tỉnh An Giang,2833,Xã Nhơn Hội
16,Tỉnh An Giang,1040,Huyện An Phú,590864,Xã Quốc Thái,17,Tỉnh An Giang,2833,Xã Nhơn Hội
16,Tỉnh An Giang,1040,Huyện An Phú,656400,Xã Vĩnh Hậu,17,Tỉnh An Giang,4369,Xã Vĩnh Hậu
16,Tỉnh An Giang,1040,Huyện An Phú,721936,Xã Vĩnh Hội Đông,17,Tỉnh An Giang,1809,Xã An Phú
16,Tỉnh An Giang,1040,Huyện An Phú,787472,Xã Vĩnh Lộc,17,Tỉnh An Giang,3089,Xã Phú Hữu
16,Tỉnh An Giang,1040,Huyện An Phú,853008,Xã Vĩnh Trường,17,Tỉnh An Giang,4369,Xã Vĩnh Hậu
16,Tỉnh An Giang,1040,Huyện An Phú,918544,Xã Phú Hữu,17,Tỉnh An Giang,3089,Xã Phú Hữu
16,Tỉnh An Giang,1296,Huyện Châu Phú,66832,Xã Đào Hữu Cảnh,17,Tỉnh An Giang,8721,Xã Thạnh Mỹ Tây
16,Tỉnh An Giang,1296,Huyện Châu Phú,132368,Xã Thạnh Mỹ Tây,17,Tỉnh An Giang,8721,Xã Thạnh Mỹ Tây
16,Tỉnh An Giang,1296,Huyện Châu Phú,197904,Xã Bình Thủy,17,Tỉnh An Giang,8465,Xã Bình Mỹ
16,Tỉnh An Giang,1296,Huyện Châu Phú,263440,Xã Khánh Hòa,17,Tỉnh An Giang,7697,Xã Mỹ Đức
16,Tỉnh An Giang,1296,Huyện Châu Phú,328976,Xã Mỹ Đức,17,Tỉnh An Giang,7697,Xã Mỹ Đức
16,Tỉnh An Giang,1296,Huyện Châu Phú,394512,Xã Mỹ Phú,17,Tỉnh An Giang,7953,Xã Vĩnh Thạnh Trung
16,Tỉnh An Giang,1296,Huyện Châu Phú,460048,Thị Trấn Vĩnh Thạnh Trung,17,Tỉnh An Giang,7953,Xã Vĩnh Thạnh Trung
16,Tỉnh An Giang,1296,Huyện Châu Phú,525584,Thị Trấn Cái Dầu,17,Tỉnh An Giang,8209,Xã Châu Phú
16,Tỉnh An Giang,1296,Huyện Châu Phú,591120,Xã Bình Chánh,17,Tỉnh An Giang,8465,Xã Bình Mỹ
16,Tỉnh An Giang,1296,Huyện Châu Phú,656656,Xã Bình Long,17,Tỉnh An Giang,8209,Xã Châu Phú
16,Tỉnh An Giang,1296,Huyện Châu Phú,722192,Xã Bình Mỹ,17,Tỉnh An Giang,8465,Xã Bình Mỹ
16,Tỉnh An Giang,1296,Huyện Châu Phú,787728,Xã Bình Phú,17,Tỉnh An Giang,8209,Xã Châu Phú
16,Tỉnh An Giang,1296,Huyện Châu Phú,853264,Xã Ô Long Vỹ,17,Tỉnh An Giang,8721,Xã Thạnh Mỹ Tây
16,Tỉnh An Giang,1552,Huyện Châu Thành,67088,Xã Hòa Bình Thạnh,17,Tỉnh An Giang,11537,Xã An Châu
16,Tỉnh An Giang,1552,Huyện Châu Thành,132624,Xã Tân Phú,17,Tỉnh An Giang,12561,Xã Vĩnh An
16,Tỉnh An Giang,1552,Huyện Châu Thành,198160,Xã Vĩnh Lợi,17,Tỉnh An Giang,12049,Xã Cần Đăng
16,Tỉnh An Giang,1552,Huyện Châu Thành,263696,Xã Vĩnh Nhuận,17,Tỉnh An Giang,12305,Xã Vĩnh Hanh
16,Tỉnh An Giang,1552,Huyện Châu Thành,329232,Xã Vĩnh Thành,17,Tỉnh An Giang,11537,Xã An Châu
16,Tỉnh An Giang,1552,Huyện Châu Thành,394768,Xã Vĩnh An,17,Tỉnh An Giang,12561,Xã Vĩnh An
16,Tỉnh An Giang,1552,Huyện Châu Thành,460304,Thị Trấn An Châu,17,Tỉnh An Giang,11537,Xã An Châu
16,Tỉnh An Giang,1552,Huyện Châu Thành,525840,Xã An Hòa,17,Tỉnh An Giang,11793,Xã Bình Hòa
16,Tỉnh An Giang,1552,Huyện Châu Thành,591376,Thị Trấn Vĩnh Bình,17,Tỉnh An Giang,12561,Xã Vĩnh An
16,Tỉnh An Giang,1552,Huyện Châu Thành,656912,Xã Bình Hòa,17,Tỉnh An Giang,11793,Xã Bình Hòa
16,Tỉnh An Giang,1552,Huyện Châu Thành,722448,Xã Bình Thạnh,17,Tỉnh An Giang,11793,Xã Bình Hòa
16,Tỉnh An Giang,1552,Huyện Châu Thành,787984,Xã Cần Đăng,17,Tỉnh An Giang,12049,Xã Cần Đăng
16,Tỉnh An Giang,1552,Huyện Châu Thành,853520,Xã Vĩnh Hanh,17,Tỉnh An Giang,12305,Xã Vĩnh Hanh
16,Tỉnh An Giang,1808,Huyện Chợ Mới,67344,Thị Trấn Chợ Mới,17,Tỉnh An Giang,13585,Xã Chợ Mới
16,Tỉnh An Giang,1808,Huyện Chợ Mới,132880,Thị Trấn Mỹ Luông,17,Tỉnh An Giang,13329,Xã Long Điền
16,Tỉnh An Giang,1808,Huyện Chợ Mới,198416,Xã Kiến Thành,17,Tỉnh An Giang,13585,Xã Chợ Mới
16,Tỉnh An Giang,1808,Huyện Chợ Mới,263952,Xã Long Điền A,17,Tỉnh An Giang,13329,Xã Long Điền
16,Tỉnh An Giang,1808,Huyện Chợ Mới,329488,Xã Long Điền B,17,Tỉnh An Giang,13329,Xã Long Điền
16,Tỉnh An Giang,1808,Huyện Chợ Mới,395024,Xã An Thạnh Trung,17,Tỉnh An Giang,14097,Xã Long Kiến
16,Tỉnh An Giang,1808,Huyện Chợ Mới,460560,Xã Bình Phước Xuân,17,Tỉnh An Giang,12817,Xã Cù Lao Giêng
16,Tỉnh An Giang,1808,Huyện Chợ Mới,526096,Xã Hòa An,17,Tỉnh An Giang,13073,Xã Hội An
16,Tỉnh An Giang,1808,Huyện Chợ Mới,591632,Xã Hòa Bình,17,Tỉnh An Giang,13073,Xã Hội An
16,Tỉnh An Giang,1808,Huyện Chợ Mới,657168,Thị Trấn Hội An,17,Tỉnh An Giang,13073,Xã Hội An
16,Tỉnh An Giang,1808,Huyện Chợ Mới,722704,Xã Kiến An,17,Tỉnh An Giang,13585,Xã Chợ Mới
16,Tỉnh An Giang,1808,Huyện Chợ Mới,788240,Xã Long Giang,17,Tỉnh An Giang,13841,Xã Nhơn Mỹ
16,Tỉnh An Giang,1808,Huyện Chợ Mới,853776,Xã Long Kiến,17,Tỉnh An Giang,14097,Xã Long Kiến
16,Tỉnh An Giang,1808,Huyện Chợ Mới,919312,Xã Mỹ An,17,Tỉnh An Giang,14097,Xã Long Kiến
16,Tỉnh An Giang,1808,Huyện Chợ Mới,984848,Xã Mỹ Hiệp,17,Tỉnh An Giang,12817,Xã Cù Lao Giêng
16,Tỉnh An Giang,1808,Huyện Chợ Mới,1050384,Xã Mỹ Hội Đông,17,Tỉnh An Giang,13841,Xã Nhơn Mỹ
16,Tỉnh An Giang,1808,Huyện Chợ Mới,1115920,Xã Nhơn Mỹ,17,Tỉnh An Giang,13841,Xã Nhơn Mỹ
16,Tỉnh An Giang,1808,Huyện Chợ Mới,1181456,Xã Tấn Mỹ,17,Tỉnh An Giang,12817,Xã Cù Lao Giêng
16,Tỉnh An Giang,2064,Huyện Phú Tân,67600,Thị Trấn Chợ Vàm,17,Tỉnh An Giang,6929,Xã Chợ Vàm
16,Tỉnh An Giang,2064,Huyện Phú Tân,133136,Thị Trấn Phú Mỹ,17,Tỉnh An Giang,6161,Xã Phú Tân
16,Tỉnh An Giang,2064,Huyện Phú Tân,198672,Xã Bình Thạnh Đông,17,Tỉnh An Giang,6673,Xã Bình Thạnh Đông
16,Tỉnh An Giang,2064,Huyện Phú Tân,264208,Xã Hiệp Xương,17,Tỉnh An Giang,6673,Xã Bình Thạnh Đông
16,Tỉnh An Giang,2064,Huyện Phú Tân,329744,Xã Long Hòa,17,Tỉnh An Giang,7441,Xã Phú Lâm
16,Tỉnh An Giang,2064,Huyện Phú Tân,395280,Xã Phú An,17,Tỉnh An Giang,6417,Xã Phú An
16,Tỉnh An Giang,2064,Huyện Phú Tân,460816,Xã Phú Long,17,Tỉnh An Giang,7441,Xã Phú Lâm
16,Tỉnh An Giang,2064,Huyện Phú Tân,526352,Xã Phú Thành,17,Tỉnh An Giang,6929,Xã Chợ Vàm
16,Tỉnh An Giang,2064,Huyện Phú Tân,591888,Xã Phú Hiệp,17,Tỉnh An Giang,7185,Xã Hòa Lạc
16,Tỉnh An Giang,2064,Huyện Phú Tân,657424,Xã Phú Hưng,17,Tỉnh An Giang,6161,Xã Phú Tân
16,Tỉnh An Giang,2064,Huyện Phú Tân,722960,Xã Phú Lâm,17,Tỉnh An Giang,7441,Xã Phú Lâm
16,Tỉnh An Giang,2064,Huyện Phú Tân,788496,Xã Phú Thạnh,17,Tỉnh An Giang,6929,Xã Chợ Vàm
16,Tỉnh An Giang,2064,Huyện Phú Tân,854032,Xã Phú Thọ,17,Tỉnh An Giang,6417,Xã Phú An
16,Tỉnh An Giang,2064,Huyện Phú Tân,919568,Xã Phú Xuân,17,Tỉnh An Giang,6417,Xã Phú An
16,Tỉnh An Giang,2064,Huyện Phú Tân,985104,Xã Tân Hòa,17,Tỉnh An Giang,6161,Xã Phú Tân
16,Tỉnh An Giang,2064,Huyện Phú Tân,1050640,Xã Tân Trung,17,Tỉnh An Giang,6161,Xã Phú Tân
16,Tỉnh An Giang,2064,Huyện Phú Tân,1116176,Xã Hòa Lạc,17,Tỉnh An Giang,7185,Xã Hòa Lạc
16,Tỉnh An Giang,2064,Huyện Phú Tân,1181712,Xã Phú Bình,17,Tỉnh An Giang,6673,Xã Bình Thạnh Đông
16,Tỉnh An Giang,2320,Huyện Thoại Sơn,67856,Xã Định Mỹ,17,Tỉnh An Giang,14865,Xã Định Mỹ
16,Tỉnh An Giang,2320,Huyện Thoại Sơn,133392,Xã Mỹ Phú Đông,17,Tỉnh An Giang,15633,Xã Tây Phú
16,Tỉnh An Giang,2320,Huyện Thoại Sơn,198928,Xã Phú Thuận,17,Tỉnh An Giang,15121,Xã Phú Hòa
16,Tỉnh An Giang,2320,Huyện Thoại Sơn,264464,Xã Tây Phú,17,Tỉnh An Giang,15633,Xã Tây Phú
16,Tỉnh An Giang,2320,Huyện Thoại Sơn,330000,Xã Vĩnh Chánh,17,Tỉnh An Giang,15121,Xã Phú Hòa
16,Tỉnh An Giang,2320,Huyện Thoại Sơn,395536,Xã Vĩnh Khánh,17,Tỉnh An Giang,15377,Xã Vĩnh Trạch
16,Tỉnh An Giang,2320,Huyện Thoại Sơn,461072,Xã Vĩnh Phú,17,Tỉnh An Giang,14865,Xã Định Mỹ
16,Tỉnh An Giang,2320,Huyện Thoại Sơn,526608,Thị Trấn Núi Sập,17,Tỉnh An Giang,14353,Xã Thoại Sơn
16,Tỉnh An Giang,2320,Huyện Thoại Sơn,592144,Thị Trấn Óc Eo,17,Tỉnh An Giang,14609,Xã Óc Eo
16,Tỉnh An Giang,2320,Huyện Thoại Sơn,657680,Thị Trấn Phú Hòa,17,Tỉnh An Giang,15121,Xã Phú Hòa
16,Tỉnh An Giang,2320,Huyện Thoại Sơn,723216,Xã An Bình,17,Tỉnh An Giang,15633,Xã Tây Phú
16,Tỉnh An Giang,2320,Huyện Thoại Sơn,788752,Xã Bình Thành,17,Tỉnh An Giang,14353,Xã Thoại Sơn
16,Tỉnh An Giang,2320,Huyện Thoại Sơn,854288,Xã Định Thành,17,Tỉnh An Giang,14865,Xã Định Mỹ
16,Tỉnh An Giang,2320,Huyện Thoại Sơn,919824,Xã Thoại Giang,17,Tỉnh An Giang,14353,Xã Thoại Sơn
16,Tỉnh An Giang,2320,Huyện Thoại Sơn,985360,Xã Vĩnh Trạch,17,Tỉnh An Giang,15377,Xã Vĩnh Trạch
16,Tỉnh An Giang,2320,Huyện Thoại Sơn,1050896,Xã Vọng Đông,17,Tỉnh An Giang,14609,Xã Óc Eo
16,Tỉnh An Giang,2320,Huyện Thoại Sơn,1116432,Xã Vọng Thê,17,Tỉnh An Giang,14609,Xã Óc Eo
16,Tỉnh An Giang,2576,Thị Xã Tịnh Biên,68112,Xã Tân Lập,17,Tỉnh An Giang,10001,Xã Núi Cấm
16,Tỉnh An Giang,2576,Thị Xã Tịnh Biên,133648,Xã Tân Lợi,17,Tỉnh An Giang,9745,Phường Chi Lăng
16,Tỉnh An Giang,2576,Thị Xã Tịnh Biên,199184,Phường Núi Voi,17,Tỉnh An Giang,9745,Phường Chi Lăng
16,Tỉnh An Giang,2576,Thị Xã Tịnh Biên,264720,Phường Thới Sơn,17,Tỉnh An Giang,8977,Phường Thới Sơn
16,Tỉnh An Giang,2576,Thị Xã Tịnh Biên,330256,Phường An Phú,17,Tỉnh An Giang,9233,Phường Tịnh Biên
16,Tỉnh An Giang,2576,Thị Xã Tịnh Biên,395792,Phường Chi Lăng,17,Tỉnh An Giang,9745,Phường Chi Lăng
16,Tỉnh An Giang,2576,Thị Xã Tịnh Biên,461328,Phường Nhà Bàng,17,Tỉnh An Giang,8977,Phường Thới Sơn
16,Tỉnh An Giang,2576,Thị Xã Tịnh Biên,526864,Phường Tịnh Biên,17,Tỉnh An Giang,9233,Phường Tịnh Biên
16,Tỉnh An Giang,2576,Thị Xã Tịnh Biên,592400,Xã An Cư,17,Tỉnh An Giang,9489,Xã An Cư
16,Tỉnh An Giang,2576,Thị Xã Tịnh Biên,657936,Xã An Hảo,17,Tỉnh An Giang,10001,Xã Núi Cấm
16,Tỉnh An Giang,2576,Thị Xã Tịnh Biên,723472,Xã An Nông,17,Tỉnh An Giang,9233,Phường Tịnh Biên
16,Tỉnh An Giang,2576,Thị Xã Tịnh Biên,789008,Phường Nhơn Hưng,17,Tỉnh An Giang,8977,Phường Thới Sơn
16,Tỉnh An Giang,2576,Thị Xã Tịnh Biên,854544,Xã Văn Giáo,17,Tỉnh An Giang,9489,Xã An Cư
16,Tỉnh An Giang,2576,Thị Xã Tịnh Biên,920080,Xã Vĩnh Trung,17,Tỉnh An Giang,9489,Xã An Cư
16,Tỉnh An Giang,2832,Huyện Tri Tôn,68368,Xã Vĩnh Gia,17,Tỉnh An Giang,11281,Xã Vĩnh Gia
16,Tỉnh An Giang,2832,Huyện Tri Tôn,133904,Xã Vĩnh Phước,17,Tỉnh An Giang,11281,Xã Vĩnh Gia
16,Tỉnh An Giang,2832,Huyện Tri Tôn,199440,Thị Trấn Ba Chúc,17,Tỉnh An Giang,10257,Xã Ba Chúc
16,Tỉnh An Giang,2832,Huyện Tri Tôn,264976,Thị Trấn Tri Tôn,17,Tỉnh An Giang,10513,Xã Tri Tôn
16,Tỉnh An Giang,2832,Huyện Tri Tôn,330512,Xã An Tức,17,Tỉnh An Giang,10769,Xã Ô Lâm
16,Tỉnh An Giang,2832,Huyện Tri Tôn,396048,Xã Châu Lăng,17,Tỉnh An Giang,10513,Xã Tri Tôn
16,Tỉnh An Giang,2832,Huyện Tri Tôn,461584,Thị Trấn Cô Tô,17,Tỉnh An Giang,11025,Xã Cô Tô
16,Tỉnh An Giang,2832,Huyện Tri Tôn,527120,Xã Lạc Quới,17,Tỉnh An Giang,10257,Xã Ba Chúc
16,Tỉnh An Giang,2832,Huyện Tri Tôn,592656,Xã Lê Trì,17,Tỉnh An Giang,10257,Xã Ba Chúc
16,Tỉnh An Giang,2832,Huyện Tri Tôn,658192,Xã Lương An Trà,17,Tỉnh An Giang,11281,Xã Vĩnh Gia
16,Tỉnh An Giang,2832,Huyện Tri Tôn,723728,Xã Lương Phi,17,Tỉnh An Giang,10769,Xã Ô Lâm
16,Tỉnh An Giang,2832,Huyện Tri Tôn,789264,Xã Núi Tô,17,Tỉnh An Giang,10513,Xã Tri Tôn
16,Tỉnh An Giang,2832,Huyện Tri Tôn,854800,Xã Ô Lâm,17,Tỉnh An Giang,10769,Xã Ô Lâm
16,Tỉnh An Giang,2832,Huyện Tri Tôn,920336,Xã Tân Tuyến,17,Tỉnh An Giang,11025,Xã Cô Tô
16,Tỉnh An Giang,2832,Huyện Tri Tôn,985872,Xã Tà Đảnh,17,Tỉnh An Giang,11025,Xã Cô Tô
17,Tỉnh Bà Rịa-Vũng Tàu,273,Thành Phố Vũng Tàu,65809,Phường Nguyễn An Ninh,12,Thành Phố Hồ Chí Minh,33548,Phường Tam Thắng
17,Tỉnh Bà Rịa-Vũng Tàu,273,Thành Phố Vũng Tàu,131345,Phường 1,12,Thành Phố Hồ Chí Minh,40204,Phường Vũng Tàu
17,Tỉnh Bà Rịa-Vũng Tàu,273,Thành Phố Vũng Tàu,196881,Xã Long Sơn,12,Thành Phố Hồ Chí Minh,39436,Xã Long Sơn
17,Tỉnh Bà Rịa-Vũng Tàu,273,Thành Phố Vũng Tàu,262417,Phường 10,12,Thành Phố Hồ Chí Minh,12812,Phường Rạch Dừa
17,Tỉnh Bà Rịa-Vũng Tàu,273,Thành Phố Vũng Tàu,327953,Phường 11,12,Thành Phố Hồ Chí Minh,33804,Phường Phước Thắng
17,Tỉnh Bà Rịa-Vũng Tàu,273,Thành Phố Vũng Tàu,393489,Phường 2,12,Thành Phố Hồ Chí Minh,40204,Phường Vũng Tàu
17,Tỉnh Bà Rịa-Vũng Tàu,273,Thành Phố Vũng Tàu,459025,Phường 3,12,Thành Phố Hồ Chí Minh,40204,Phường Vũng Tàu
17,Tỉnh Bà Rịa-Vũng Tàu,273,Thành Phố Vũng Tàu,524561,Phường 4,12,Thành Phố Hồ Chí Minh,40204,Phường Vũng Tàu
17,Tỉnh Bà Rịa-Vũng Tàu,273,Thành Phố Vũng Tàu,590097,Phường 5,12,Thành Phố Hồ Chí Minh,40204,Phường Vũng Tàu
17,Tỉnh Bà Rịa-Vũng Tàu,273,Thành Phố Vũng Tàu,655633,Phường Thắng Nhì,12,Thành Phố Hồ Chí Minh,40204,Phường Vũng Tàu
17,Tỉnh Bà Rịa-Vũng Tàu,273,Thành Phố Vũng Tàu,721169,Phường Thắng Tam,12,Thành Phố Hồ Chí Minh,40204,Phường Vũng Tàu
17,Tỉnh Bà Rịa-Vũng Tàu,273,Thành Phố Vũng Tàu,786705,Phường 7,12,Thành Phố Hồ Chí Minh,33548,Phường Tam Thắng
17,Tỉnh Bà Rịa-Vũng Tàu,273,Thành Phố Vũng Tàu,852241,Phường 8,12,Thành Phố Hồ Chí Minh,33548,Phường Tam Thắng
17,Tỉnh Bà Rịa-Vũng Tàu,273,Thành Phố Vũng Tàu,917777,Phường 9,12,Thành Phố Hồ Chí Minh,33548,Phường Tam Thắng
17,Tỉnh Bà Rịa-Vũng Tàu,273,Thành Phố Vũng Tàu,983313,Phường Rạch Dừa,12,Thành Phố Hồ Chí Minh,12812,Phường Rạch Dừa
17,Tỉnh Bà Rịa-Vũng Tàu,273,Thành Phố Vũng Tàu,1048849,Phường Thắng Nhất,12,Thành Phố Hồ Chí Minh,12812,Phường Rạch Dừa
17,Tỉnh Bà Rịa-Vũng Tàu,273,Thành Phố Vũng Tàu,1114385,Phường 12,12,Thành Phố Hồ Chí Minh,33804,Phường Phước Thắng
17,Tỉnh Bà Rịa-Vũng Tàu,529,Thành Phố Bà Rịa,66065,Phường Kim Dinh,12,Thành Phố Hồ Chí Minh,34316,Phường Long Hương
17,Tỉnh Bà Rịa-Vũng Tàu,529,Thành Phố Bà Rịa,131601,Phường Long Hương,12,Thành Phố Hồ Chí Minh,34316,Phường Long Hương
17,Tỉnh Bà Rịa-Vũng Tàu,529,Thành Phố Bà Rịa,197137,Phường Long Tâm,12,Thành Phố Hồ Chí Minh,34572,Phường Tam Long
17,Tỉnh Bà Rịa-Vũng Tàu,529,Thành Phố Bà Rịa,262673,Phường Long Toàn,12,Thành Phố Hồ Chí Minh,34060,Phường Bà Rịa
17,Tỉnh Bà Rịa-Vũng Tàu,529,Thành Phố Bà Rịa,393745,Phường Phước Hưng,12,Thành Phố Hồ Chí Minh,34060,Phường Bà Rịa
17,Tỉnh Bà Rịa-Vũng Tàu,529,Thành Phố Bà Rịa,459281,Phường Phước Nguyên,12,Thành Phố Hồ Chí Minh,34060,Phường Bà Rịa
17,Tỉnh Bà Rịa-Vũng Tàu,529,Thành Phố Bà Rịa,524817,Phường Phước Trung,12,Thành Phố Hồ Chí Minh,34060,Phường Bà Rịa
17,Tỉnh Bà Rịa-Vũng Tàu,529,Thành Phố Bà Rịa,590353,Xã Hòa Long,12,Thành Phố Hồ Chí Minh,34572,Phường Tam Long
17,Tỉnh Bà Rịa-Vũng Tàu,529,Thành Phố Bà Rịa,655889,Xã Long Phước,12,Thành Phố Hồ Chí Minh,34572,Phường Tam Long
17,Tỉnh Bà Rịa-Vũng Tàu,529,Thành Phố Bà Rịa,721425,Xã Tân Hưng,12,Thành Phố Hồ Chí Minh,34316,Phường Long Hương
17,Tỉnh Bà Rịa-Vũng Tàu,785,Huyện Châu Đức,66321,Xã Xà Bang,12,Thành Phố Hồ Chí Minh,36876,Xã Châu Đức
17,Tỉnh Bà Rịa-Vũng Tàu,785,Huyện Châu Đức,131857,Xã Xuân Sơn,12,Thành Phố Hồ Chí Minh,37132,Xã Xuân Sơn
17,Tỉnh Bà Rịa-Vũng Tàu,785,Huyện Châu Đức,197393,Thị Trấn Kim Long,12,Thành Phố Hồ Chí Minh,36620,Xã Kim Long
17,Tỉnh Bà Rịa-Vũng Tàu,785,Huyện Châu Đức,262929,Thị Trấn Ngãi Giao,12,Thành Phố Hồ Chí Minh,36108,Xã Ngãi Giao
17,Tỉnh Bà Rịa-Vũng Tàu,785,Huyện Châu Đức,328465,Xã Bàu Chinh,12,Thành Phố Hồ Chí Minh,36620,Xã Kim Long
17,Tỉnh Bà Rịa-Vũng Tàu,785,Huyện Châu Đức,394001,Xã Bình Ba,12,Thành Phố Hồ Chí Minh,36108,Xã Ngãi Giao
17,Tỉnh Bà Rịa-Vũng Tàu,785,Huyện Châu Đức,459537,Xã Bình Giã,12,Thành Phố Hồ Chí Minh,36364,Xã Bình Giã
17,Tỉnh Bà Rịa-Vũng Tàu,785,Huyện Châu Đức,525073,Xã Bình Trung,12,Thành Phố Hồ Chí Minh,36364,Xã Bình Giã
17,Tỉnh Bà Rịa-Vũng Tàu,785,Huyện Châu Đức,590609,Xã Cù Bị,12,Thành Phố Hồ Chí Minh,36876,Xã Châu Đức
17,Tỉnh Bà Rịa-Vũng Tàu,785,Huyện Châu Đức,656145,Xã Đá Bạc,12,Thành Phố Hồ Chí Minh,37388,Xã Nghĩa Thành
17,Tỉnh Bà Rịa-Vũng Tàu,785,Huyện Châu Đức,721681,Xã Quảng Thành,12,Thành Phố Hồ Chí Minh,36364,Xã Bình Giã
17,Tỉnh Bà Rịa-Vũng Tàu,785,Huyện Châu Đức,787217,Xã Sơn Bình,12,Thành Phố Hồ Chí Minh,37132,Xã Xuân Sơn
17,Tỉnh Bà Rịa-Vũng Tàu,785,Huyện Châu Đức,852753,Xã Suối Nghệ,12,Thành Phố Hồ Chí Minh,36108,Xã Ngãi Giao
17,Tỉnh Bà Rịa-Vũng Tàu,785,Huyện Châu Đức,918289,Xã Suối Rao,12,Thành Phố Hồ Chí Minh,37132,Xã Xuân Sơn
17,Tỉnh Bà Rịa-Vũng Tàu,785,Huyện Châu Đức,983825,Xã Láng Lớn,12,Thành Phố Hồ Chí Minh,36620,Xã Kim Long
17,Tỉnh Bà Rịa-Vũng Tàu,785,Huyện Châu Đức,1049361,Xã Nghĩa Thành,12,Thành Phố Hồ Chí Minh,37388,Xã Nghĩa Thành
17,Tỉnh Bà Rịa-Vũng Tàu,1041,Huyện Côn Đảo,,,12,Thành Phố Hồ Chí Minh,17676,Đặc Khu Côn Đảo
17,Tỉnh Bà Rịa-Vũng Tàu,1553,Huyện Long Đất,67089,Thị Trấn Đất Đỏ,12,Thành Phố Hồ Chí Minh,38668,Xã Đất Đỏ
17,Tỉnh Bà Rịa-Vũng Tàu,1553,Huyện Long Đất,132625,Thị Trấn Phước Hải,12,Thành Phố Hồ Chí Minh,39180,Xã Phước Hải
17,Tỉnh Bà Rịa-Vũng Tàu,1553,Huyện Long Đất,198161,Xã Láng Dài,12,Thành Phố Hồ Chí Minh,38668,Xã Đất Đỏ
17,Tỉnh Bà Rịa-Vũng Tàu,1553,Huyện Long Đất,263697,Xã Long Tân,12,Thành Phố Hồ Chí Minh,38668,Xã Đất Đỏ
17,Tỉnh Bà Rịa-Vũng Tàu,1553,Huyện Long Đất,329233,Xã Phước Hội,12,Thành Phố Hồ Chí Minh,39180,Xã Phước Hải
17,Tỉnh Bà Rịa-Vũng Tàu,1553,Huyện Long Đất,460305,Xã Phước Long Thọ,12,Thành Phố Hồ Chí Minh,38668,Xã Đất Đỏ
17,Tỉnh Bà Rịa-Vũng Tàu,1553,Huyện Long Đất,591377,Thị Trấn Long Điền,12,Thành Phố Hồ Chí Minh,17932,Xã Long Điền
17,Tỉnh Bà Rịa-Vũng Tàu,1553,Huyện Long Đất,656913,Thị Trấn Long Hải,12,Thành Phố Hồ Chí Minh,38924,Xã Long Hải
17,Tỉnh Bà Rịa-Vũng Tàu,1553,Huyện Long Đất,722449,Xã Phước Hưng,12,Thành Phố Hồ Chí Minh,38924,Xã Long Hải
17,Tỉnh Bà Rịa-Vũng Tàu,1553,Huyện Long Đất,787985,Xã Phước Tỉnh,12,Thành Phố Hồ Chí Minh,38924,Xã Long Hải
17,Tỉnh Bà Rịa-Vũng Tàu,1553,Huyện Long Đất,853521,Xã Tam An,12,Thành Phố Hồ Chí Minh,17932,Xã Long Điền
17,Tỉnh Bà Rịa-Vũng Tàu,1809,Thành Phố Phú Mỹ,67345,Phường Phú Mỹ,12,Thành Phố Hồ Chí Minh,34828,Phường Phú Mỹ
17,Tỉnh Bà Rịa-Vũng Tàu,1809,Thành Phố Phú Mỹ,132881,Xã Châu Pha,12,Thành Phố Hồ Chí Minh,35852,Xã Châu Pha
17,Tỉnh Bà Rịa-Vũng Tàu,1809,Thành Phố Phú Mỹ,198417,Phường Hắc Dịch,12,Thành Phố Hồ Chí Minh,35084,Phường Tân Thành
17,Tỉnh Bà Rịa-Vũng Tàu,1809,Thành Phố Phú Mỹ,263953,Phường Mỹ Xuân,12,Thành Phố Hồ Chí Minh,34828,Phường Phú Mỹ
17,Tỉnh Bà Rịa-Vũng Tàu,1809,Thành Phố Phú Mỹ,329489,Phường Phước Hòa,12,Thành Phố Hồ Chí Minh,35340,Phường Tân Phước
17,Tỉnh Bà Rịa-Vũng Tàu,1809,Thành Phố Phú Mỹ,395025,Xã Sông Xoài,12,Thành Phố Hồ Chí Minh,35084,Phường Tân Thành
17,Tỉnh Bà Rịa-Vũng Tàu,1809,Thành Phố Phú Mỹ,460561,Phường Tân Hải,12,Thành Phố Hồ Chí Minh,35596,Phường Tân Hải
17,Tỉnh Bà Rịa-Vũng Tàu,1809,Thành Phố Phú Mỹ,526097,Xã Tóc Tiên,12,Thành Phố Hồ Chí Minh,35852,Xã Châu Pha
17,Tỉnh Bà Rịa-Vũng Tàu,1809,Thành Phố Phú Mỹ,591633,Phường Tân Hòa,12,Thành Phố Hồ Chí Minh,35596,Phường Tân Hải
17,Tỉnh Bà Rịa-Vũng Tàu,1809,Thành Phố Phú Mỹ,657169,Phường Tân Phước,12,Thành Phố Hồ Chí Minh,35340,Phường Tân Phước
17,Tỉnh Bà Rịa-Vũng Tàu,2065,Huyện Xuyên Mộc,67601,Xã Bàu Lâm,12,Thành Phố Hồ Chí Minh,38412,Xã Bàu Lâm
17,Tỉnh Bà Rịa-Vũng Tàu,2065,Huyện Xuyên Mộc,133137,Xã Bình Châu,12,Thành Phố Hồ Chí Minh,39948,Xã Bình Châu
17,Tỉnh Bà Rịa-Vũng Tàu,2065,Huyện Xuyên Mộc,198673,Xã Bông Trang,12,Thành Phố Hồ Chí Minh,37900,Xã Xuyên Mộc
17,Tỉnh Bà Rịa-Vũng Tàu,2065,Huyện Xuyên Mộc,264209,Xã Bưng Riềng,12,Thành Phố Hồ Chí Minh,37900,Xã Xuyên Mộc
17,Tỉnh Bà Rịa-Vũng Tàu,2065,Huyện Xuyên Mộc,329745,Thị Trấn Phước Bửu,12,Thành Phố Hồ Chí Minh,37644,Xã Hồ Tràm
17,Tỉnh Bà Rịa-Vũng Tàu,2065,Huyện Xuyên Mộc,395281,Xã Phước Tân,12,Thành Phố Hồ Chí Minh,37644,Xã Hồ Tràm
17,Tỉnh Bà Rịa-Vũng Tàu,2065,Huyện Xuyên Mộc,460817,Xã Hòa Bình,12,Thành Phố Hồ Chí Minh,38156,Xã Hòa Hội
17,Tỉnh Bà Rịa-Vũng Tàu,2065,Huyện Xuyên Mộc,526353,Xã Hòa Hiệp,12,Thành Phố Hồ Chí Minh,39692,Xã Hòa Hiệp
17,Tỉnh Bà Rịa-Vũng Tàu,2065,Huyện Xuyên Mộc,591889,Xã Hòa Hội,12,Thành Phố Hồ Chí Minh,38156,Xã Hòa Hội
17,Tỉnh Bà Rịa-Vũng Tàu,2065,Huyện Xuyên Mộc,657425,Xã Hòa Hưng,12,Thành Phố Hồ Chí Minh,38156,Xã Hòa Hội
17,Tỉnh Bà Rịa-Vũng Tàu,2065,Huyện Xuyên Mộc,722961,Xã Tân Lâm,12,Thành Phố Hồ Chí Minh,38412,Xã Bàu Lâm
17,Tỉnh Bà Rịa-Vũng Tàu,2065,Huyện Xuyên Mộc,788497,Xã Xuyên Mộc,12,Thành Phố Hồ Chí Minh,37900,Xã Xuyên Mộc
17,Tỉnh Bà Rịa-Vũng Tàu,2065,Huyện Xuyên Mộc,854033,Xã Phước Thuận,12,Thành Phố Hồ Chí Minh,37644,Xã Hồ Tràm
18,Tỉnh Bạc Liêu,274,Thành Phố Bạc Liêu,65810,Phường 3,19,Tỉnh Cà Mau,5907,Phường Bạc Liêu
18,Tỉnh Bạc Liêu,274,Thành Phố Bạc Liêu,131346,Phường 5,19,Tỉnh Cà Mau,6163,Phường Vĩnh Trạch
18,Tỉnh Bạc Liêu,274,Thành Phố Bạc Liêu,196882,Phường Nhà Mát,19,Tỉnh Cà Mau,6419,Phường Hiệp Thành
18,Tỉnh Bạc Liêu,274,Thành Phố Bạc Liêu,262418,Phường 7,19,Tỉnh Cà Mau,5907,Phường Bạc Liêu
18,Tỉnh Bạc Liêu,274,Thành Phố Bạc Liêu,327954,Phường 8,19,Tỉnh Cà Mau,5907,Phường Bạc Liêu
18,Tỉnh Bạc Liêu,274,Thành Phố Bạc Liêu,393490,Phường 1,19,Tỉnh Cà Mau,5907,Phường Bạc Liêu
18,Tỉnh Bạc Liêu,274,Thành Phố Bạc Liêu,459026,Phường 2,19,Tỉnh Cà Mau,5907,Phường Bạc Liêu
18,Tỉnh Bạc Liêu,274,Thành Phố Bạc Liêu,524562,Xã Hiệp Thành,19,Tỉnh Cà Mau,6419,Phường Hiệp Thành
18,Tỉnh Bạc Liêu,274,Thành Phố Bạc Liêu,590098,Xã Vĩnh Trạch,19,Tỉnh Cà Mau,6163,Phường Vĩnh Trạch
18,Tỉnh Bạc Liêu,274,Thành Phố Bạc Liêu,655634,Xã Vĩnh Trạch Đông,19,Tỉnh Cà Mau,6419,Phường Hiệp Thành
18,Tỉnh Bạc Liêu,530,Thị Xã Giá Rai,66066,Xã Phong Thạnh Đông,19,Tỉnh Cà Mau,6931,Phường Láng Tròn
18,Tỉnh Bạc Liêu,530,Thị Xã Giá Rai,131602,Xã Phong Thạnh,19,Tỉnh Cà Mau,6675,Phường Giá Rai
18,Tỉnh Bạc Liêu,530,Thị Xã Giá Rai,197138,Xã Phong Tân,19,Tỉnh Cà Mau,6931,Phường Láng Tròn
18,Tỉnh Bạc Liêu,530,Thị Xã Giá Rai,262674,Xã Phong Thạnh A,19,Tỉnh Cà Mau,6675,Phường Giá Rai
18,Tỉnh Bạc Liêu,530,Thị Xã Giá Rai,328210,Xã Tân Thạnh,19,Tỉnh Cà Mau,7187,Xã Phong Thạnh
18,Tỉnh Bạc Liêu,530,Thị Xã Giá Rai,393746,Phường Láng Tròn,19,Tỉnh Cà Mau,6931,Phường Láng Tròn
18,Tỉnh Bạc Liêu,530,Thị Xã Giá Rai,459282,Phường 1,19,Tỉnh Cà Mau,6675,Phường Giá Rai
18,Tỉnh Bạc Liêu,530,Thị Xã Giá Rai,524818,Phường Hộ Phòng,19,Tỉnh Cà Mau,6675,Phường Giá Rai
18,Tỉnh Bạc Liêu,530,Thị Xã Giá Rai,590354,Xã Phong Thạnh Tây,19,Tỉnh Cà Mau,7187,Xã Phong Thạnh
18,Tỉnh Bạc Liêu,530,Thị Xã Giá Rai,655890,Xã Tân Phong,19,Tỉnh Cà Mau,7187,Xã Phong Thạnh
18,Tỉnh Bạc Liêu,786,Huyện Hồng Dân,66322,Xã Ninh Quới,19,Tỉnh Cà Mau,8211,Xã Ninh Quới
18,Tỉnh Bạc Liêu,786,Huyện Hồng Dân,131858,Xã Ninh Hòa,19,Tỉnh Cà Mau,7443,Xã Hồng Dân
18,Tỉnh Bạc Liêu,786,Huyện Hồng Dân,197394,Xã Ninh Thạnh Lợi,19,Tỉnh Cà Mau,7955,Xã Ninh Thạnh Lợi
18,Tỉnh Bạc Liêu,786,Huyện Hồng Dân,262930,Xã Ninh Thạnh Lợi A,19,Tỉnh Cà Mau,7955,Xã Ninh Thạnh Lợi
18,Tỉnh Bạc Liêu,786,Huyện Hồng Dân,328466,Xã Lộc Ninh,19,Tỉnh Cà Mau,7443,Xã Hồng Dân
18,Tỉnh Bạc Liêu,786,Huyện Hồng Dân,394002,Xã Ninh Quới A,19,Tỉnh Cà Mau,8211,Xã Ninh Quới
18,Tỉnh Bạc Liêu,786,Huyện Hồng Dân,459538,Xã Vĩnh Lộc,19,Tỉnh Cà Mau,7699,Xã Vĩnh Lộc
18,Tỉnh Bạc Liêu,786,Huyện Hồng Dân,525074,Xã Vĩnh Lộc A,19,Tỉnh Cà Mau,7699,Xã Vĩnh Lộc
18,Tỉnh Bạc Liêu,786,Huyện Hồng Dân,590610,Thị Trấn Ngan Dừa,19,Tỉnh Cà Mau,7443,Xã Hồng Dân
18,Tỉnh Bạc Liêu,1042,Huyện Hòa Bình,66578,Xã Vĩnh Thịnh,19,Tỉnh Cà Mau,10259,Xã Vĩnh Hậu
18,Tỉnh Bạc Liêu,1042,Huyện Hòa Bình,132114,Xã Vĩnh Hậu A,19,Tỉnh Cà Mau,10259,Xã Vĩnh Hậu
18,Tỉnh Bạc Liêu,1042,Huyện Hòa Bình,197650,Xã Vĩnh Mỹ A,19,Tỉnh Cà Mau,9747,Xã Hòa Bình
18,Tỉnh Bạc Liêu,1042,Huyện Hòa Bình,263186,Thị Trấn Hòa Bình,19,Tỉnh Cà Mau,9747,Xã Hòa Bình
18,Tỉnh Bạc Liêu,1042,Huyện Hòa Bình,328722,Xã Minh Diệu,19,Tỉnh Cà Mau,10003,Xã Vĩnh Mỹ
18,Tỉnh Bạc Liêu,1042,Huyện Hòa Bình,394258,Xã Vĩnh Bình,19,Tỉnh Cà Mau,10003,Xã Vĩnh Mỹ
18,Tỉnh Bạc Liêu,1042,Huyện Hòa Bình,459794,Xã Vĩnh Hậu,19,Tỉnh Cà Mau,10259,Xã Vĩnh Hậu
18,Tỉnh Bạc Liêu,1042,Huyện Hòa Bình,525330,Xã Vĩnh Mỹ B,19,Tỉnh Cà Mau,10003,Xã Vĩnh Mỹ
18,Tỉnh Bạc Liêu,1298,Huyện Đông Hải,66834,Xã An Phúc,19,Tỉnh Cà Mau,8723,Xã Định Thành
18,Tỉnh Bạc Liêu,1298,Huyện Đông Hải,132370,Xã An Trạch,19,Tỉnh Cà Mau,8979,Xã An Trạch
18,Tỉnh Bạc Liêu,1298,Huyện Đông Hải,197906,Thị Trấn Gành Hào,19,Tỉnh Cà Mau,8467,Xã Gành Hào
18,Tỉnh Bạc Liêu,1298,Huyện Đông Hải,263442,Xã An Trạch A,19,Tỉnh Cà Mau,8979,Xã An Trạch
18,Tỉnh Bạc Liêu,1298,Huyện Đông Hải,328978,Xã Định Thành,19,Tỉnh Cà Mau,8723,Xã Định Thành
18,Tỉnh Bạc Liêu,1298,Huyện Đông Hải,394514,Xã Định Thành A,19,Tỉnh Cà Mau,8723,Xã Định Thành
18,Tỉnh Bạc Liêu,1298,Huyện Đông Hải,460050,Xã Long Điền Đông A,19,Tỉnh Cà Mau,9491,Xã Đông Hải
18,Tỉnh Bạc Liêu,1298,Huyện Đông Hải,525586,Xã Long Điền Tây,19,Tỉnh Cà Mau,8467,Xã Gành Hào
18,Tỉnh Bạc Liêu,1298,Huyện Đông Hải,591122,Xã Điền Hải,19,Tỉnh Cà Mau,9235,Xã Long Điền
18,Tỉnh Bạc Liêu,1298,Huyện Đông Hải,656658,Xã Long Điền,19,Tỉnh Cà Mau,9235,Xã Long Điền
18,Tỉnh Bạc Liêu,1298,Huyện Đông Hải,722194,Xã Long Điền Đông,19,Tỉnh Cà Mau,9491,Xã Đông Hải
18,Tỉnh Bạc Liêu,1554,Huyện Phước Long,67090,Xã Phong Thạnh Tây B,19,Tỉnh Cà Mau,11027,Xã Phong Hiệp
18,Tỉnh Bạc Liêu,1554,Huyện Phước Long,132626,Xã Phước Long,19,Tỉnh Cà Mau,10771,Xã Vĩnh Phước
18,Tỉnh Bạc Liêu,1554,Huyện Phước Long,198162,Xã Hưng Phú,19,Tỉnh Cà Mau,11283,Xã Vĩnh Thanh
18,Tỉnh Bạc Liêu,1554,Huyện Phước Long,263698,Xã Vĩnh Phú Tây,19,Tỉnh Cà Mau,10771,Xã Vĩnh Phước
18,Tỉnh Bạc Liêu,1554,Huyện Phước Long,329234,Xã Vĩnh Thanh,19,Tỉnh Cà Mau,11283,Xã Vĩnh Thanh
18,Tỉnh Bạc Liêu,1554,Huyện Phước Long,394770,Thị Trấn Phước Long,19,Tỉnh Cà Mau,10515,Xã Phước Long
18,Tỉnh Bạc Liêu,1554,Huyện Phước Long,460306,Xã Phong Thạnh Tây A,19,Tỉnh Cà Mau,11027,Xã Phong Hiệp
18,Tỉnh Bạc Liêu,1554,Huyện Phước Long,525842,Xã Vĩnh Phú Đông,19,Tỉnh Cà Mau,10515,Xã Phước Long
18,Tỉnh Bạc Liêu,1810,Huyện Vĩnh Lợi,67346,Xã Vĩnh Hưng,19,Tỉnh Cà Mau,12051,Xã Châu Thới
18,Tỉnh Bạc Liêu,1810,Huyện Vĩnh Lợi,132882,Xã Châu Hưng A,19,Tỉnh Cà Mau,11539,Xã Vĩnh Lợi
18,Tỉnh Bạc Liêu,1810,Huyện Vĩnh Lợi,198418,Thị Trấn Châu Hưng,19,Tỉnh Cà Mau,11539,Xã Vĩnh Lợi
18,Tỉnh Bạc Liêu,1810,Huyện Vĩnh Lợi,263954,Xã Châu Thới,19,Tỉnh Cà Mau,12051,Xã Châu Thới
18,Tỉnh Bạc Liêu,1810,Huyện Vĩnh Lợi,329490,Xã Hưng Hội,19,Tỉnh Cà Mau,11795,Xã Hưng Hội
18,Tỉnh Bạc Liêu,1810,Huyện Vĩnh Lợi,395026,Xã Hưng Thành,19,Tỉnh Cà Mau,11795,Xã Hưng Hội
18,Tỉnh Bạc Liêu,1810,Huyện Vĩnh Lợi,460562,Xã Long Thạnh,19,Tỉnh Cà Mau,9747,Xã Hòa Bình
18,Tỉnh Bạc Liêu,1810,Huyện Vĩnh Lợi,526098,Xã Vĩnh Hưng A,19,Tỉnh Cà Mau,12051,Xã Châu Thới
19,Tỉnh Bắc Giang,275,Thành Phố Bắc Giang,65811,Phường Đồng Sơn,18,Tỉnh Bắc Ninh,24338,Phường Tiền Phong
19,Tỉnh Bắc Giang,275,Thành Phố Bắc Giang,131347,Phường Hoàng Văn Thụ,18,Tỉnh Bắc Ninh,23826,Phường Bắc Giang
19,Tỉnh Bắc Giang,275,Thành Phố Bắc Giang,196883,Phường Xương Giang,18,Tỉnh Bắc Ninh,23826,Phường Bắc Giang
19,Tỉnh Bắc Giang,275,Thành Phố Bắc Giang,327955,Phường Mỹ Độ,18,Tỉnh Bắc Ninh,24082,Phường Đa Mai
19,Tỉnh Bắc Giang,275,Thành Phố Bắc Giang,393491,Phường Ngô Quyền,18,Tỉnh Bắc Ninh,23826,Phường Bắc Giang
19,Tỉnh Bắc Giang,275,Thành Phố Bắc Giang,459027,Phường Thọ Xương,18,Tỉnh Bắc Ninh,23826,Phường Bắc Giang
19,Tỉnh Bắc Giang,275,Thành Phố Bắc Giang,590099,Phường Trần Phú,18,Tỉnh Bắc Ninh,23826,Phường Bắc Giang
19,Tỉnh Bắc Giang,275,Thành Phố Bắc Giang,655635,Phường Đa Mai,18,Tỉnh Bắc Ninh,24082,Phường Đa Mai
19,Tỉnh Bắc Giang,275,Thành Phố Bắc Giang,721171,Phường Dĩnh Kế,18,Tỉnh Bắc Ninh,23826,Phường Bắc Giang
19,Tỉnh Bắc Giang,275,Thành Phố Bắc Giang,786707,Phường Song Mai,18,Tỉnh Bắc Ninh,24082,Phường Đa Mai
19,Tỉnh Bắc Giang,275,Thành Phố Bắc Giang,852243,Phường Song Khê,18,Tỉnh Bắc Ninh,24338,Phường Tiền Phong
19,Tỉnh Bắc Giang,275,Thành Phố Bắc Giang,917779,Phường Tân Mỹ,18,Tỉnh Bắc Ninh,24082,Phường Đa Mai
19,Tỉnh Bắc Giang,275,Thành Phố Bắc Giang,983315,Phường Tân Tiến,18,Tỉnh Bắc Ninh,25106,Phường Tân Tiến
19,Tỉnh Bắc Giang,275,Thành Phố Bắc Giang,1048851,Phường Dĩnh Trì,18,Tỉnh Bắc Ninh,23826,Phường Bắc Giang
19,Tỉnh Bắc Giang,275,Thành Phố Bắc Giang,1114387,Xã Đồng Phúc,18,Tỉnh Bắc Ninh,23570,Xã Đồng Việt
19,Tỉnh Bắc Giang,275,Thành Phố Bắc Giang,1179923,Xã Đồng Việt,18,Tỉnh Bắc Ninh,23570,Xã Đồng Việt
19,Tỉnh Bắc Giang,275,Thành Phố Bắc Giang,1245459,Xã Đức Giang,18,Tỉnh Bắc Ninh,23570,Xã Đồng Việt
19,Tỉnh Bắc Giang,275,Thành Phố Bắc Giang,1310995,Xã Lãng Sơn,18,Tỉnh Bắc Ninh,24594,Phường Tân An
19,Tỉnh Bắc Giang,275,Thành Phố Bắc Giang,1376531,Xã Quỳnh Sơn,18,Tỉnh Bắc Ninh,24594,Phường Tân An
19,Tỉnh Bắc Giang,275,Thành Phố Bắc Giang,1442067,Xã Tiến Dũng,18,Tỉnh Bắc Ninh,25362,Phường Cảnh Thụy
19,Tỉnh Bắc Giang,275,Thành Phố Bắc Giang,1507603,Xã Trí Yên,18,Tỉnh Bắc Ninh,24594,Phường Tân An
19,Tỉnh Bắc Giang,275,Thành Phố Bắc Giang,1573139,Xã Tư Mại,18,Tỉnh Bắc Ninh,25362,Phường Cảnh Thụy
19,Tỉnh Bắc Giang,275,Thành Phố Bắc Giang,1638675,Xã Xuân Phú,18,Tỉnh Bắc Ninh,25106,Phường Tân Tiến
19,Tỉnh Bắc Giang,275,Thành Phố Bắc Giang,1704211,Xã Yên Lư,18,Tỉnh Bắc Ninh,24850,Phường Yên Dũng
19,Tỉnh Bắc Giang,275,Thành Phố Bắc Giang,1769747,Phường Tân An,18,Tỉnh Bắc Ninh,24594,Phường Tân An
19,Tỉnh Bắc Giang,275,Thành Phố Bắc Giang,1835283,Phường Nham Biền,18,Tỉnh Bắc Ninh,24850,Phường Yên Dũng
19,Tỉnh Bắc Giang,275,Thành Phố Bắc Giang,1900819,Phường Tân Liễu,18,Tỉnh Bắc Ninh,24850,Phường Yên Dũng
19,Tỉnh Bắc Giang,275,Thành Phố Bắc Giang,1966355,Phường Nội Hoàng,18,Tỉnh Bắc Ninh,24338,Phường Tiền Phong
19,Tỉnh Bắc Giang,275,Thành Phố Bắc Giang,2031891,Phường Tiền Phong,18,Tỉnh Bắc Ninh,24338,Phường Tiền Phong
19,Tỉnh Bắc Giang,275,Thành Phố Bắc Giang,2097427,Phường Cảnh Thụy,18,Tỉnh Bắc Ninh,25362,Phường Cảnh Thụy
19,Tỉnh Bắc Giang,275,Thành Phố Bắc Giang,2162963,Phường Hương Gián,18,Tỉnh Bắc Ninh,25106,Phường Tân Tiến
19,Tỉnh Bắc Giang,531,Huyện Hiệp Hòa,66067,Xã Toàn Thắng,18,Tỉnh Bắc Ninh,22034,Xã Hoàng Vân
19,Tỉnh Bắc Giang,531,Huyện Hiệp Hòa,131603,Xã Hoàng Vân,18,Tỉnh Bắc Ninh,22034,Xã Hoàng Vân
19,Tỉnh Bắc Giang,531,Huyện Hiệp Hòa,197139,Xã Hợp Thịnh,18,Tỉnh Bắc Ninh,21522,Xã Hợp Thịnh
19,Tỉnh Bắc Giang,531,Huyện Hiệp Hòa,328211,Xã Hương Lâm,18,Tỉnh Bắc Ninh,22290,Xã Xuân Cẩm
19,Tỉnh Bắc Giang,531,Huyện Hiệp Hòa,393747,Xã Lương Phong,18,Tỉnh Bắc Ninh,21778,Xã Hiệp Hòa
19,Tỉnh Bắc Giang,531,Huyện Hiệp Hòa,459283,Xã Mai Đình,18,Tỉnh Bắc Ninh,22290,Xã Xuân Cẩm
19,Tỉnh Bắc Giang,531,Huyện Hiệp Hòa,524819,Xã Mai Trung,18,Tỉnh Bắc Ninh,21522,Xã Hợp Thịnh
19,Tỉnh Bắc Giang,531,Huyện Hiệp Hòa,590355,Xã Ngọc Sơn,18,Tỉnh Bắc Ninh,22034,Xã Hoàng Vân
19,Tỉnh Bắc Giang,531,Huyện Hiệp Hòa,721427,Xã Châu Minh,18,Tỉnh Bắc Ninh,22290,Xã Xuân Cẩm
19,Tỉnh Bắc Giang,531,Huyện Hiệp Hòa,786963,Xã Sơn Thịnh,18,Tỉnh Bắc Ninh,21522,Xã Hợp Thịnh
19,Tỉnh Bắc Giang,531,Huyện Hiệp Hòa,852499,Xã Danh Thắng,18,Tỉnh Bắc Ninh,21778,Xã Hiệp Hòa
19,Tỉnh Bắc Giang,531,Huyện Hiệp Hòa,1049107,Xã Đoan Bái,18,Tỉnh Bắc Ninh,21778,Xã Hiệp Hòa
19,Tỉnh Bắc Giang,531,Huyện Hiệp Hòa,1114643,Xã Đông Lỗ,18,Tỉnh Bắc Ninh,21778,Xã Hiệp Hòa
19,Tỉnh Bắc Giang,531,Huyện Hiệp Hòa,1311251,Xã Xuân Cẩm,18,Tỉnh Bắc Ninh,22290,Xã Xuân Cẩm
19,Tỉnh Bắc Giang,531,Huyện Hiệp Hòa,1376787,Xã Thường Thắng,18,Tỉnh Bắc Ninh,21522,Xã Hợp Thịnh
19,Tỉnh Bắc Giang,531,Huyện Hiệp Hòa,1442323,Thị Trấn Thắng,18,Tỉnh Bắc Ninh,21778,Xã Hiệp Hòa
19,Tỉnh Bắc Giang,531,Huyện Hiệp Hòa,1507859,Thị Trấn Bắc Lý,18,Tỉnh Bắc Ninh,22290,Xã Xuân Cẩm
19,Tỉnh Bắc Giang,531,Huyện Hiệp Hòa,1573395,Xã Hùng Thái,18,Tỉnh Bắc Ninh,21522,Xã Hợp Thịnh
19,Tỉnh Bắc Giang,531,Huyện Hiệp Hòa,1638931,Xã Đồng Tiến,18,Tỉnh Bắc Ninh,22034,Xã Hoàng Vân
19,Tỉnh Bắc Giang,787,Huyện Lạng Giang,66323,Thị Trấn Kép,18,Tỉnh Bắc Ninh,18450,Xã Kép
19,Tỉnh Bắc Giang,787,Huyện Lạng Giang,131859,Thị Trấn Vôi,18,Tỉnh Bắc Ninh,17938,Xã Lạng Giang
19,Tỉnh Bắc Giang,787,Huyện Lạng Giang,197395,Xã An Hà,18,Tỉnh Bắc Ninh,18962,Xã Tiên Lục
19,Tỉnh Bắc Giang,787,Huyện Lạng Giang,262931,Xã Đại Lâm,18,Tỉnh Bắc Ninh,18706,Xã Tân Dĩnh
19,Tỉnh Bắc Giang,787,Huyện Lạng Giang,328467,Xã Đào Mỹ,18,Tỉnh Bắc Ninh,18962,Xã Tiên Lục
19,Tỉnh Bắc Giang,787,Huyện Lạng Giang,394003,Xã Dương Đức,18,Tỉnh Bắc Ninh,18194,Xã Mỹ Thái
19,Tỉnh Bắc Giang,787,Huyện Lạng Giang,459539,Xã Hương Lạc,18,Tỉnh Bắc Ninh,17938,Xã Lạng Giang
19,Tỉnh Bắc Giang,787,Huyện Lạng Giang,525075,Xã Hương Sơn,18,Tỉnh Bắc Ninh,18450,Xã Kép
19,Tỉnh Bắc Giang,787,Huyện Lạng Giang,656147,Xã Mỹ Thái,18,Tỉnh Bắc Ninh,18194,Xã Mỹ Thái
19,Tỉnh Bắc Giang,787,Huyện Lạng Giang,721683,Xã Nghĩa Hòa,18,Tỉnh Bắc Ninh,18962,Xã Tiên Lục
19,Tỉnh Bắc Giang,787,Huyện Lạng Giang,787219,Xã Nghĩa Hưng,18,Tỉnh Bắc Ninh,18962,Xã Tiên Lục
19,Tỉnh Bắc Giang,787,Huyện Lạng Giang,852755,Xã Quang Thịnh,18,Tỉnh Bắc Ninh,18450,Xã Kép
19,Tỉnh Bắc Giang,787,Huyện Lạng Giang,918291,Xã Tân Dĩnh,18,Tỉnh Bắc Ninh,18706,Xã Tân Dĩnh
19,Tỉnh Bắc Giang,787,Huyện Lạng Giang,983827,Xã Tân Hưng,18,Tỉnh Bắc Ninh,17938,Xã Lạng Giang
19,Tỉnh Bắc Giang,787,Huyện Lạng Giang,1049363,Xã Tân Thanh,18,Tỉnh Bắc Ninh,18194,Xã Mỹ Thái
19,Tỉnh Bắc Giang,787,Huyện Lạng Giang,1114899,Xã Thái Đào,18,Tỉnh Bắc Ninh,18706,Xã Tân Dĩnh
19,Tỉnh Bắc Giang,787,Huyện Lạng Giang,1180435,Xã Tiên Lục,18,Tỉnh Bắc Ninh,18962,Xã Tiên Lục
19,Tỉnh Bắc Giang,787,Huyện Lạng Giang,1245971,Xã Xuân Hương,18,Tỉnh Bắc Ninh,18194,Xã Mỹ Thái
19,Tỉnh Bắc Giang,787,Huyện Lạng Giang,1311507,Xã Xương Lâm,18,Tỉnh Bắc Ninh,17938,Xã Lạng Giang
19,Tỉnh Bắc Giang,1043,Huyện Lục Nam,66579,Xã Lục Sơn,18,Tỉnh Bắc Ninh,15890,Xã Lục Sơn
19,Tỉnh Bắc Giang,1043,Huyện Lục Nam,132115,Xã Cương Sơn,18,Tỉnh Bắc Ninh,17170,Xã Lục Nam
19,Tỉnh Bắc Giang,1043,Huyện Lục Nam,197651,Xã Trường Giang,18,Tỉnh Bắc Ninh,16914,Xã Nghĩa Phương
19,Tỉnh Bắc Giang,1043,Huyện Lục Nam,263187,Xã Nghĩa Phương,18,Tỉnh Bắc Ninh,16914,Xã Nghĩa Phương
19,Tỉnh Bắc Giang,1043,Huyện Lục Nam,328723,Thị Trấn Phương Sơn,18,Tỉnh Bắc Ninh,17170,Xã Lục Nam
19,Tỉnh Bắc Giang,1043,Huyện Lục Nam,394259,Xã Tam Dị,18,Tỉnh Bắc Ninh,17682,Xã Bảo Đài
19,Tỉnh Bắc Giang,1043,Huyện Lục Nam,459795,Xã Thanh Lâm,18,Tỉnh Bắc Ninh,17682,Xã Bảo Đài
19,Tỉnh Bắc Giang,1043,Huyện Lục Nam,525331,Xã Tiên Nha,18,Tỉnh Bắc Ninh,17170,Xã Lục Nam
19,Tỉnh Bắc Giang,1043,Huyện Lục Nam,590867,Xã Trường Sơn,18,Tỉnh Bắc Ninh,16146,Xã Trường Sơn
19,Tỉnh Bắc Giang,1043,Huyện Lục Nam,656403,Xã Vô Tranh,18,Tỉnh Bắc Ninh,16146,Xã Trường Sơn
19,Tỉnh Bắc Giang,1043,Huyện Lục Nam,787475,Xã Yên Sơn,18,Tỉnh Bắc Ninh,17426,Xã Bắc Lũng
19,Tỉnh Bắc Giang,1043,Huyện Lục Nam,853011,Xã Bảo Sơn,18,Tỉnh Bắc Ninh,17682,Xã Bảo Đài
19,Tỉnh Bắc Giang,1043,Huyện Lục Nam,918547,Xã Đan Hội,18,Tỉnh Bắc Ninh,16402,Xã Cẩm Lý
19,Tỉnh Bắc Giang,1043,Huyện Lục Nam,984083,Thị Trấn Đồi Ngô,18,Tỉnh Bắc Ninh,17170,Xã Lục Nam
19,Tỉnh Bắc Giang,1043,Huyện Lục Nam,1049619,Xã Bắc Lũng,18,Tỉnh Bắc Ninh,17426,Xã Bắc Lũng
19,Tỉnh Bắc Giang,1043,Huyện Lục Nam,1115155,Xã Bảo Đài,18,Tỉnh Bắc Ninh,17682,Xã Bảo Đài
19,Tỉnh Bắc Giang,1043,Huyện Lục Nam,1180691,Xã Bình Sơn,18,Tỉnh Bắc Ninh,15890,Xã Lục Sơn
19,Tỉnh Bắc Giang,1043,Huyện Lục Nam,1246227,Xã Cẩm Lý,18,Tỉnh Bắc Ninh,16402,Xã Cẩm Lý
19,Tỉnh Bắc Giang,1043,Huyện Lục Nam,1311763,Xã Chu Điện,18,Tỉnh Bắc Ninh,17170,Xã Lục Nam
19,Tỉnh Bắc Giang,1043,Huyện Lục Nam,1377299,Xã Đông Hưng,18,Tỉnh Bắc Ninh,16658,Xã Đông Phú
19,Tỉnh Bắc Giang,1043,Huyện Lục Nam,1442835,Xã Đông Phú,18,Tỉnh Bắc Ninh,16658,Xã Đông Phú
19,Tỉnh Bắc Giang,1043,Huyện Lục Nam,1508371,Xã Huyền Sơn,18,Tỉnh Bắc Ninh,16914,Xã Nghĩa Phương
19,Tỉnh Bắc Giang,1043,Huyện Lục Nam,1573907,Xã Khám Lạng,18,Tỉnh Bắc Ninh,17426,Xã Bắc Lũng
19,Tỉnh Bắc Giang,1043,Huyện Lục Nam,1639443,Xã Lan Mẫu,18,Tỉnh Bắc Ninh,17426,Xã Bắc Lũng
19,Tỉnh Bắc Giang,1299,Huyện Lục Ngạn,66835,Xã Phong Minh,18,Tỉnh Bắc Ninh,274,Xã Sa Lý
19,Tỉnh Bắc Giang,1299,Huyện Lục Ngạn,132371,Xã Đèo Gia,18,Tỉnh Bắc Ninh,14098,Xã Đèo Gia
19,Tỉnh Bắc Giang,1299,Huyện Lục Ngạn,197907,Xã Cấm Sơn,18,Tỉnh Bắc Ninh,14610,Xã Tân Sơn
19,Tỉnh Bắc Giang,1299,Huyện Lục Ngạn,263443,Xã Hộ Đáp,18,Tỉnh Bắc Ninh,14354,Xã Sơn Hải
19,Tỉnh Bắc Giang,1299,Huyện Lục Ngạn,328979,Xã Đồng Cốc,18,Tỉnh Bắc Ninh,13842,Xã Lục Ngạn
19,Tỉnh Bắc Giang,1299,Huyện Lục Ngạn,394515,Xã Giáp Sơn,18,Tỉnh Bắc Ninh,13842,Xã Lục Ngạn
19,Tỉnh Bắc Giang,1299,Huyện Lục Ngạn,525587,Thị Trấn Biển Động,18,Tỉnh Bắc Ninh,13586,Xã Biển Động
19,Tỉnh Bắc Giang,1299,Huyện Lục Ngạn,591123,Xã Biên Sơn,18,Tỉnh Bắc Ninh,530,Xã Biên Sơn
19,Tỉnh Bắc Giang,1299,Huyện Lục Ngạn,853267,Xã Kim Sơn,18,Tỉnh Bắc Ninh,13586,Xã Biển Động
19,Tỉnh Bắc Giang,1299,Huyện Lục Ngạn,1049875,Thị Trấn Phì Điền,18,Tỉnh Bắc Ninh,13842,Xã Lục Ngạn
19,Tỉnh Bắc Giang,1299,Huyện Lục Ngạn,1115411,Xã Phong Vân,18,Tỉnh Bắc Ninh,530,Xã Biên Sơn
19,Tỉnh Bắc Giang,1299,Huyện Lục Ngạn,1180947,Xã Phú Nhuận,18,Tỉnh Bắc Ninh,13586,Xã Biển Động
19,Tỉnh Bắc Giang,1299,Huyện Lục Ngạn,1377555,Xã Xa Lý,18,Tỉnh Bắc Ninh,274,Xã Sa Lý
19,Tỉnh Bắc Giang,1299,Huyện Lục Ngạn,1443091,Xã Sơn Hải,18,Tỉnh Bắc Ninh,14354,Xã Sơn Hải
19,Tỉnh Bắc Giang,1299,Huyện Lục Ngạn,1508627,Xã Tân Hoa,18,Tỉnh Bắc Ninh,13842,Xã Lục Ngạn
19,Tỉnh Bắc Giang,1299,Huyện Lục Ngạn,1705235,Xã Tân Lập,18,Tỉnh Bắc Ninh,14098,Xã Đèo Gia
19,Tỉnh Bắc Giang,1299,Huyện Lục Ngạn,1770771,Xã Tân Mộc,18,Tỉnh Bắc Ninh,14866,Xã Nam Dương
19,Tỉnh Bắc Giang,1299,Huyện Lục Ngạn,1836307,Xã Tân Quang,18,Tỉnh Bắc Ninh,13842,Xã Lục Ngạn
19,Tỉnh Bắc Giang,1299,Huyện Lục Ngạn,1901843,Xã Tân Sơn,18,Tỉnh Bắc Ninh,14610,Xã Tân Sơn
19,Tỉnh Bắc Giang,1299,Huyện Lục Ngạn,1967379, Trung Tâm Huấn Luyện Cấm Sơn,18,Tỉnh Bắc Ninh,530,Xã Biên Sơn
19,Tỉnh Bắc Giang,1555,Huyện Sơn Động,67091,Xã Lệ Viễn,18,Tỉnh Bắc Ninh,13074,Xã An Lạc
19,Tỉnh Bắc Giang,1555,Huyện Sơn Động,132627,Xã Hữu Sản,18,Tỉnh Bắc Ninh,13330,Xã Vân Sơn
19,Tỉnh Bắc Giang,1555,Huyện Sơn Động,198163,Xã An Bá,18,Tỉnh Bắc Ninh,12050,Xã Sơn Động
19,Tỉnh Bắc Giang,1555,Huyện Sơn Động,263699,Thị Trấn An Châu,18,Tỉnh Bắc Ninh,12050,Xã Sơn Động
19,Tỉnh Bắc Giang,1555,Huyện Sơn Động,329235,Xã An Lạc,18,Tỉnh Bắc Ninh,13074,Xã An Lạc
19,Tỉnh Bắc Giang,1555,Huyện Sơn Động,394771,Xã Cẩm Đàn,18,Tỉnh Bắc Ninh,12818,Xã Yên Định
19,Tỉnh Bắc Giang,1555,Huyện Sơn Động,460307,Xã Dương Hưu,18,Tỉnh Bắc Ninh,12562,Xã Dương Hưu
19,Tỉnh Bắc Giang,1555,Huyện Sơn Động,525843,Xã Giáo Liêm,18,Tỉnh Bắc Ninh,11794,Xã Đại Sơn
19,Tỉnh Bắc Giang,1555,Huyện Sơn Động,591379,Xã Long Sơn,18,Tỉnh Bắc Ninh,12562,Xã Dương Hưu
19,Tỉnh Bắc Giang,1555,Huyện Sơn Động,656915,Xã Thanh Luận,18,Tỉnh Bắc Ninh,12306,Xã Tây Yên Tử
19,Tỉnh Bắc Giang,1555,Huyện Sơn Động,722451,Xã Tuấn Đạo,18,Tỉnh Bắc Ninh,786,Xã Tuấn Đạo
19,Tỉnh Bắc Giang,1555,Huyện Sơn Động,787987,Xã Vân Sơn,18,Tỉnh Bắc Ninh,13330,Xã Vân Sơn
19,Tỉnh Bắc Giang,1555,Huyện Sơn Động,853523,Xã Yên Định,18,Tỉnh Bắc Ninh,12818,Xã Yên Định
19,Tỉnh Bắc Giang,1555,Huyện Sơn Động,919059,Xã Phúc Sơn,18,Tỉnh Bắc Ninh,11794,Xã Đại Sơn
19,Tỉnh Bắc Giang,1555,Huyện Sơn Động,984595,Xã Vĩnh An,18,Tỉnh Bắc Ninh,12050,Xã Sơn Động
19,Tỉnh Bắc Giang,1555,Huyện Sơn Động,1050131,Xã Đại Sơn,18,Tỉnh Bắc Ninh,11794,Xã Đại Sơn
19,Tỉnh Bắc Giang,1555,Huyện Sơn Động,1115667,Thị Trấn Tây Yên Tử,18,Tỉnh Bắc Ninh,12306,Xã Tây Yên Tử
19,Tỉnh Bắc Giang,1811,Huyện Tân Yên,67347,Thị Trấn Cao Thượng,18,Tỉnh Bắc Ninh,20242,Xã Tân Yên
19,Tỉnh Bắc Giang,1811,Huyện Tân Yên,132883,Thị Trấn Nhã Nam,18,Tỉnh Bắc Ninh,20754,Xã Nhã Nam
19,Tỉnh Bắc Giang,1811,Huyện Tân Yên,198419,Xã An Dương,18,Tỉnh Bắc Ninh,20754,Xã Nhã Nam
19,Tỉnh Bắc Giang,1811,Huyện Tân Yên,263955,Xã Cao Xá,18,Tỉnh Bắc Ninh,20242,Xã Tân Yên
19,Tỉnh Bắc Giang,1811,Huyện Tân Yên,395027,Xã Hợp Đức,18,Tỉnh Bắc Ninh,21010,Xã Phúc Hòa
19,Tỉnh Bắc Giang,1811,Huyện Tân Yên,460563,Xã Lam Sơn,18,Tỉnh Bắc Ninh,21266,Xã Quang Trung
19,Tỉnh Bắc Giang,1811,Huyện Tân Yên,591635,Xã Liên Chung,18,Tỉnh Bắc Ninh,21010,Xã Phúc Hòa
19,Tỉnh Bắc Giang,1811,Huyện Tân Yên,657171,Xã Liên Sơn,18,Tỉnh Bắc Ninh,20754,Xã Nhã Nam
19,Tỉnh Bắc Giang,1811,Huyện Tân Yên,722707,Xã Ngọc Châu,18,Tỉnh Bắc Ninh,20498,Xã Ngọc Thiện
19,Tỉnh Bắc Giang,1811,Huyện Tân Yên,788243,Xã Ngọc Lý,18,Tỉnh Bắc Ninh,20242,Xã Tân Yên
19,Tỉnh Bắc Giang,1811,Huyện Tân Yên,853779,Xã Ngọc Thiện,18,Tỉnh Bắc Ninh,20498,Xã Ngọc Thiện
19,Tỉnh Bắc Giang,1811,Huyện Tân Yên,919315,Xã Ngọc Vân,18,Tỉnh Bắc Ninh,20498,Xã Ngọc Thiện
19,Tỉnh Bắc Giang,1811,Huyện Tân Yên,984851,Xã Phúc Hòa,18,Tỉnh Bắc Ninh,21010,Xã Phúc Hòa
19,Tỉnh Bắc Giang,1811,Huyện Tân Yên,1115923,Xã Quang Trung,18,Tỉnh Bắc Ninh,21266,Xã Quang Trung
19,Tỉnh Bắc Giang,1811,Huyện Tân Yên,1181459,Xã Quế Nham,18,Tỉnh Bắc Ninh,24082,Phường Đa Mai
19,Tỉnh Bắc Giang,1811,Huyện Tân Yên,1246995,Xã Song Vân,18,Tỉnh Bắc Ninh,20498,Xã Ngọc Thiện
19,Tỉnh Bắc Giang,1811,Huyện Tân Yên,1312531,Xã Tân Trung,18,Tỉnh Bắc Ninh,20754,Xã Nhã Nam
19,Tỉnh Bắc Giang,1811,Huyện Tân Yên,1378067,Xã Việt Lập,18,Tỉnh Bắc Ninh,20242,Xã Tân Yên
19,Tỉnh Bắc Giang,1811,Huyện Tân Yên,1443603,Xã Việt Ngọc,18,Tỉnh Bắc Ninh,20498,Xã Ngọc Thiện
19,Tỉnh Bắc Giang,2067,Thị Xã Việt Yên,67603,Xã Vân Hà,18,Tỉnh Bắc Ninh,23314,Phường Vân Hà
19,Tỉnh Bắc Giang,2067,Thị Xã Việt Yên,133139,Xã Tiên Sơn,18,Tỉnh Bắc Ninh,23314,Phường Vân Hà
19,Tỉnh Bắc Giang,2067,Thị Xã Việt Yên,198675,Xã Trung Sơn,18,Tỉnh Bắc Ninh,23314,Phường Vân Hà
19,Tỉnh Bắc Giang,2067,Thị Xã Việt Yên,264211,Phường Tự Lạn,18,Tỉnh Bắc Ninh,22546,Phường Tự Lạn
19,Tỉnh Bắc Giang,2067,Thị Xã Việt Yên,329747,Phường Vân Trung,18,Tỉnh Bắc Ninh,23058,Phường Nếnh
19,Tỉnh Bắc Giang,2067,Thị Xã Việt Yên,395283,Xã Việt Tiến,18,Tỉnh Bắc Ninh,22546,Phường Tự Lạn
19,Tỉnh Bắc Giang,2067,Thị Xã Việt Yên,460819,Phường Bích Động,18,Tỉnh Bắc Ninh,22802,Phường Việt Yên
19,Tỉnh Bắc Giang,2067,Thị Xã Việt Yên,526355,Phường Nếnh,18,Tỉnh Bắc Ninh,23058,Phường Nếnh
19,Tỉnh Bắc Giang,2067,Thị Xã Việt Yên,591891,Phường Hồng Thái,18,Tỉnh Bắc Ninh,22802,Phường Việt Yên
19,Tỉnh Bắc Giang,2067,Thị Xã Việt Yên,657427,Xã Hương Mai,18,Tỉnh Bắc Ninh,22546,Phường Tự Lạn
19,Tỉnh Bắc Giang,2067,Thị Xã Việt Yên,722963,Xã Minh Đức,18,Tỉnh Bắc Ninh,22802,Phường Việt Yên
19,Tỉnh Bắc Giang,2067,Thị Xã Việt Yên,788499,Xã Nghĩa Trung,18,Tỉnh Bắc Ninh,22802,Phường Việt Yên
19,Tỉnh Bắc Giang,2067,Thị Xã Việt Yên,854035,Phường Ninh Sơn,18,Tỉnh Bắc Ninh,23314,Phường Vân Hà
19,Tỉnh Bắc Giang,2067,Thị Xã Việt Yên,919571,Phường Quang Châu,18,Tỉnh Bắc Ninh,23058,Phường Nếnh
19,Tỉnh Bắc Giang,2067,Thị Xã Việt Yên,985107,Phường Quảng Minh,18,Tỉnh Bắc Ninh,23314,Phường Vân Hà
19,Tỉnh Bắc Giang,2067,Thị Xã Việt Yên,1050643,Phường Tăng Tiến,18,Tỉnh Bắc Ninh,23058,Phường Nếnh
19,Tỉnh Bắc Giang,2067,Thị Xã Việt Yên,1116179,Xã Thượng Lan,18,Tỉnh Bắc Ninh,22546,Phường Tự Lạn
19,Tỉnh Bắc Giang,2579,Huyện Yên Thế,68115,Thị Trấn Bố Hạ,18,Tỉnh Bắc Ninh,19474,Xã Bố Hạ
19,Tỉnh Bắc Giang,2579,Huyện Yên Thế,133651,Xã Đồng Hưu,18,Tỉnh Bắc Ninh,11538,Xã Đồng Kỳ
19,Tỉnh Bắc Giang,2579,Huyện Yên Thế,199187,Xã Đồng Kỳ,18,Tỉnh Bắc Ninh,11538,Xã Đồng Kỳ
19,Tỉnh Bắc Giang,2579,Huyện Yên Thế,264723,Xã Đồng Lạc,18,Tỉnh Bắc Ninh,19218,Xã Yên Thế
19,Tỉnh Bắc Giang,2579,Huyện Yên Thế,330259,Xã Đồng Vương,18,Tỉnh Bắc Ninh,11538,Xã Đồng Kỳ
19,Tỉnh Bắc Giang,2579,Huyện Yên Thế,461331,Xã Đông Sơn,18,Tỉnh Bắc Ninh,19474,Xã Bố Hạ
19,Tỉnh Bắc Giang,2579,Huyện Yên Thế,526867,Xã Đồng Tâm,18,Tỉnh Bắc Ninh,19218,Xã Yên Thế
19,Tỉnh Bắc Giang,2579,Huyện Yên Thế,592403,Xã Đồng Tiến,18,Tỉnh Bắc Ninh,19730,Xã Xuân Lương
19,Tỉnh Bắc Giang,2579,Huyện Yên Thế,657939,Xã Hương Vĩ,18,Tỉnh Bắc Ninh,19474,Xã Bố Hạ
19,Tỉnh Bắc Giang,2579,Huyện Yên Thế,789011,Xã Tam Tiến,18,Tỉnh Bắc Ninh,19986,Xã Tam Tiến
19,Tỉnh Bắc Giang,2579,Huyện Yên Thế,854547,Xã Tân Hiệp,18,Tỉnh Bắc Ninh,19218,Xã Yên Thế
19,Tỉnh Bắc Giang,2579,Huyện Yên Thế,920083,Xã An Thượng,18,Tỉnh Bắc Ninh,19986,Xã Tam Tiến
19,Tỉnh Bắc Giang,2579,Huyện Yên Thế,985619,Xã Canh Nậu,18,Tỉnh Bắc Ninh,19730,Xã Xuân Lương
19,Tỉnh Bắc Giang,2579,Huyện Yên Thế,1051155,Xã Tân Sỏi,18,Tỉnh Bắc Ninh,19218,Xã Yên Thế
19,Tỉnh Bắc Giang,2579,Huyện Yên Thế,1116691,Xã Tiến Thắng,18,Tỉnh Bắc Ninh,19986,Xã Tam Tiến
19,Tỉnh Bắc Giang,2579,Huyện Yên Thế,1182227,Xã Xuân Lương,18,Tỉnh Bắc Ninh,19730,Xã Xuân Lương
19,Tỉnh Bắc Giang,2579,Huyện Yên Thế,1247763,Thị Trấn Phồn Xương,18,Tỉnh Bắc Ninh,19218,Xã Yên Thế
19,Tỉnh Bắc Giang,2835,Thị Xã Chũ,68371,Xã Kiên Lao,18,Tỉnh Bắc Ninh,15122,Xã Kiên Lao
19,Tỉnh Bắc Giang,2835,Thị Xã Chũ,133907,Xã Kiên Thành,18,Tỉnh Bắc Ninh,15122,Xã Kiên Lao
19,Tỉnh Bắc Giang,2835,Thị Xã Chũ,199443,Xã Mỹ An,18,Tỉnh Bắc Ninh,15634,Phường Phượng Sơn
19,Tỉnh Bắc Giang,2835,Thị Xã Chũ,264979,Xã Nam Dương,18,Tỉnh Bắc Ninh,14866,Xã Nam Dương
19,Tỉnh Bắc Giang,2835,Thị Xã Chũ,330515,Xã Quý Sơn,18,Tỉnh Bắc Ninh,15634,Phường Phượng Sơn
19,Tỉnh Bắc Giang,2835,Thị Xã Chũ,396051,Phường Thanh Hải,18,Tỉnh Bắc Ninh,15378,Phường Chũ
19,Tỉnh Bắc Giang,2835,Thị Xã Chũ,461587,Phường Chũ,18,Tỉnh Bắc Ninh,15378,Phường Chũ
19,Tỉnh Bắc Giang,2835,Thị Xã Chũ,527123,Phường Trù Hựu,18,Tỉnh Bắc Ninh,15378,Phường Chũ
19,Tỉnh Bắc Giang,2835,Thị Xã Chũ,592659,Phường Hồng Giang,18,Tỉnh Bắc Ninh,15378,Phường Chũ
19,Tỉnh Bắc Giang,2835,Thị Xã Chũ,658195,Phường Phượng Sơn,18,Tỉnh Bắc Ninh,15634,Phường Phượng Sơn
20,Tỉnh Bắc Kạn,276,Thành Phố Bắc Kạn,65812,Phường Đức Xuân,41,Tỉnh Thái Nguyên,20521,Phường Đức Xuân
20,Tỉnh Bắc Kạn,276,Thành Phố Bắc Kạn,131348,Phường Xuất Hóa,41,Tỉnh Thái Nguyên,20777,Phường Bắc Kạn
20,Tỉnh Bắc Kạn,276,Thành Phố Bắc Kạn,196884,Phường Nguyễn Thị Minh Khai,41,Tỉnh Thái Nguyên,20521,Phường Đức Xuân
20,Tỉnh Bắc Kạn,276,Thành Phố Bắc Kạn,262420,Phường Phùng Chí Kiên,41,Tỉnh Thái Nguyên,20777,Phường Bắc Kạn
20,Tỉnh Bắc Kạn,276,Thành Phố Bắc Kạn,327956,Phường Sông Cầu,41,Tỉnh Thái Nguyên,20777,Phường Bắc Kạn
20,Tỉnh Bắc Kạn,276,Thành Phố Bắc Kạn,393492,Xã Dương Quang,41,Tỉnh Thái Nguyên,20265,Xã Phong Quang
20,Tỉnh Bắc Kạn,276,Thành Phố Bắc Kạn,459028,Phường Huyền Tụng,41,Tỉnh Thái Nguyên,20521,Phường Đức Xuân
20,Tỉnh Bắc Kạn,276,Thành Phố Bắc Kạn,524564,Xã Nông Thượng,41,Tỉnh Thái Nguyên,20777,Phường Bắc Kạn
20,Tỉnh Bắc Kạn,532,Huyện Ba Bể,66068,Xã Mỹ Phương,41,Tỉnh Thái Nguyên,14889,Xã Thượng Minh
20,Tỉnh Bắc Kạn,532,Huyện Ba Bể,131604,Xã Nam Mẫu,41,Tỉnh Thái Nguyên,16425,Xã Ba Bể
20,Tỉnh Bắc Kạn,532,Huyện Ba Bể,197140,Xã Đồng Phúc,41,Tỉnh Thái Nguyên,15145,Xã Đồng Phúc
20,Tỉnh Bắc Kạn,532,Huyện Ba Bể,262676,Xã Hoàng Trĩ,41,Tỉnh Thái Nguyên,15145,Xã Đồng Phúc
20,Tỉnh Bắc Kạn,532,Huyện Ba Bể,328212,Xã Yến Dương,41,Tỉnh Thái Nguyên,14889,Xã Thượng Minh
20,Tỉnh Bắc Kạn,532,Huyện Ba Bể,393748,Xã Chu Hương,41,Tỉnh Thái Nguyên,14889,Xã Thượng Minh
20,Tỉnh Bắc Kạn,532,Huyện Ba Bể,459284,Xã Phúc Lộc,41,Tỉnh Thái Nguyên,14633,Xã Phúc Lộc
20,Tỉnh Bắc Kạn,532,Huyện Ba Bể,524820,Xã Hà Hiệu,41,Tỉnh Thái Nguyên,14633,Xã Phúc Lộc
20,Tỉnh Bắc Kạn,532,Huyện Ba Bể,590356,Xã Khang Ninh,41,Tỉnh Thái Nguyên,16425,Xã Ba Bể
20,Tỉnh Bắc Kạn,532,Huyện Ba Bể,655892,Xã Thượng Giáo,41,Tỉnh Thái Nguyên,16681,Xã Chợ Rã
20,Tỉnh Bắc Kạn,532,Huyện Ba Bể,721428,Thị Trấn Chợ Rã,41,Tỉnh Thái Nguyên,16681,Xã Chợ Rã
20,Tỉnh Bắc Kạn,532,Huyện Ba Bể,786964,Xã Bành Trạch,41,Tỉnh Thái Nguyên,14633,Xã Phúc Lộc
20,Tỉnh Bắc Kạn,532,Huyện Ba Bể,852500,Xã Cao Thượng,41,Tỉnh Thái Nguyên,16425,Xã Ba Bể
20,Tỉnh Bắc Kạn,532,Huyện Ba Bể,918036,Xã Địa Linh,41,Tỉnh Thái Nguyên,16681,Xã Chợ Rã
20,Tỉnh Bắc Kạn,532,Huyện Ba Bể,983572,Xã Quảng Khê,41,Tỉnh Thái Nguyên,15145,Xã Đồng Phúc
20,Tỉnh Bắc Kạn,788,Huyện Bạch Thông,66324,Xã Cẩm Giàng,41,Tỉnh Thái Nguyên,19497,Xã Cẩm Giàng
20,Tỉnh Bắc Kạn,788,Huyện Bạch Thông,131860,Xã Cao Sơn,41,Tỉnh Thái Nguyên,19753,Xã Vĩnh Thông
20,Tỉnh Bắc Kạn,788,Huyện Bạch Thông,197396,Xã Mỹ Thanh,41,Tỉnh Thái Nguyên,19497,Xã Cẩm Giàng
20,Tỉnh Bắc Kạn,788,Huyện Bạch Thông,262932,Xã Vi Hương,41,Tỉnh Thái Nguyên,19241,Xã Phủ Thông
20,Tỉnh Bắc Kạn,788,Huyện Bạch Thông,328468,Xã Vũ Muộn,41,Tỉnh Thái Nguyên,19753,Xã Vĩnh Thông
20,Tỉnh Bắc Kạn,788,Huyện Bạch Thông,394004,Xã Đôn Phong,41,Tỉnh Thái Nguyên,20265,Xã Phong Quang
20,Tỉnh Bắc Kạn,788,Huyện Bạch Thông,459540,Thị Trấn Phủ Thông,41,Tỉnh Thái Nguyên,19241,Xã Phủ Thông
20,Tỉnh Bắc Kạn,788,Huyện Bạch Thông,525076,Xã Quang Thuận,41,Tỉnh Thái Nguyên,20009,Xã Bạch Thông
20,Tỉnh Bắc Kạn,788,Huyện Bạch Thông,590612,Xã Sĩ Bình,41,Tỉnh Thái Nguyên,19753,Xã Vĩnh Thông
20,Tỉnh Bắc Kạn,788,Huyện Bạch Thông,656148,Xã Dương Phong,41,Tỉnh Thái Nguyên,20009,Xã Bạch Thông
20,Tỉnh Bắc Kạn,788,Huyện Bạch Thông,721684,Xã Quân Hà,41,Tỉnh Thái Nguyên,19497,Xã Cẩm Giàng
20,Tỉnh Bắc Kạn,788,Huyện Bạch Thông,787220,Xã Lục Bình,41,Tỉnh Thái Nguyên,19241,Xã Phủ Thông
20,Tỉnh Bắc Kạn,788,Huyện Bạch Thông,852756,Xã Nguyên Phúc,41,Tỉnh Thái Nguyên,19497,Xã Cẩm Giàng
20,Tỉnh Bắc Kạn,788,Huyện Bạch Thông,918292,Xã Tân Tú,41,Tỉnh Thái Nguyên,19241,Xã Phủ Thông
20,Tỉnh Bắc Kạn,1044,Huyện Chợ Mới,66580,Xã Cao Kỳ,41,Tỉnh Thái Nguyên,22569,Xã Tân Kỳ
20,Tỉnh Bắc Kạn,1044,Huyện Chợ Mới,132116,Xã Hòa Mục,41,Tỉnh Thái Nguyên,22569,Xã Tân Kỳ
20,Tỉnh Bắc Kạn,1044,Huyện Chợ Mới,197652,Xã Nông Hạ,41,Tỉnh Thái Nguyên,23081,Xã Thanh Thịnh
20,Tỉnh Bắc Kạn,1044,Huyện Chợ Mới,263188,Xã Quảng Chu,41,Tỉnh Thái Nguyên,23337,Xã Chợ Mới
20,Tỉnh Bắc Kạn,1044,Huyện Chợ Mới,328724,Thị Trấn Đồng Tâm,41,Tỉnh Thái Nguyên,23337,Xã Chợ Mới
20,Tỉnh Bắc Kạn,1044,Huyện Chợ Mới,394260,Xã Bình Văn,41,Tỉnh Thái Nguyên,23593,Xã Yên Bình
20,Tỉnh Bắc Kạn,1044,Huyện Chợ Mới,459796,Xã Mai Lạp,41,Tỉnh Thái Nguyên,22825,Xã Thanh Mai
20,Tỉnh Bắc Kạn,1044,Huyện Chợ Mới,525332,Xã Như Cố,41,Tỉnh Thái Nguyên,23337,Xã Chợ Mới
20,Tỉnh Bắc Kạn,1044,Huyện Chợ Mới,590868,Xã Thanh Vận,41,Tỉnh Thái Nguyên,22825,Xã Thanh Mai
20,Tỉnh Bắc Kạn,1044,Huyện Chợ Mới,656404,Xã Yên Cư,41,Tỉnh Thái Nguyên,23593,Xã Yên Bình
20,Tỉnh Bắc Kạn,1044,Huyện Chợ Mới,721940,Xã Tân Sơn,41,Tỉnh Thái Nguyên,22569,Xã Tân Kỳ
20,Tỉnh Bắc Kạn,1044,Huyện Chợ Mới,787476,Xã Yên Hân,41,Tỉnh Thái Nguyên,23593,Xã Yên Bình
20,Tỉnh Bắc Kạn,1044,Huyện Chợ Mới,853012,Xã Thanh Thịnh,41,Tỉnh Thái Nguyên,23081,Xã Thanh Thịnh
20,Tỉnh Bắc Kạn,1044,Huyện Chợ Mới,918548,Xã Thanh Mai,41,Tỉnh Thái Nguyên,22825,Xã Thanh Mai
20,Tỉnh Bắc Kạn,1300,Huyện Chợ Đồn,66836,Xã Bản Thi,41,Tỉnh Thái Nguyên,18217,Xã Yên Thịnh
20,Tỉnh Bắc Kạn,1300,Huyện Chợ Đồn,132372,Xã Bằng Phúc,41,Tỉnh Thái Nguyên,15145,Xã Đồng Phúc
20,Tỉnh Bắc Kạn,1300,Huyện Chợ Đồn,197908,Xã Nam Cường,41,Tỉnh Thái Nguyên,17705,Xã Nam Cường
20,Tỉnh Bắc Kạn,1300,Huyện Chợ Đồn,263444,Xã Xuân Lạc,41,Tỉnh Thái Nguyên,17705,Xã Nam Cường
20,Tỉnh Bắc Kạn,1300,Huyện Chợ Đồn,328980,Xã Yên Thịnh,41,Tỉnh Thái Nguyên,18217,Xã Yên Thịnh
20,Tỉnh Bắc Kạn,1300,Huyện Chợ Đồn,394516,Xã Bình Trung,41,Tỉnh Thái Nguyên,18985,Xã Nghĩa Tá
20,Tỉnh Bắc Kạn,1300,Huyện Chợ Đồn,460052,Xã Đại Sảo,41,Tỉnh Thái Nguyên,18729,Xã Yên Phong
20,Tỉnh Bắc Kạn,1300,Huyện Chợ Đồn,525588,Xã Đồng Lạc,41,Tỉnh Thái Nguyên,17705,Xã Nam Cường
20,Tỉnh Bắc Kạn,1300,Huyện Chợ Đồn,591124,Xã Lương Bằng,41,Tỉnh Thái Nguyên,18985,Xã Nghĩa Tá
20,Tỉnh Bắc Kạn,1300,Huyện Chợ Đồn,656660,Xã Nghĩa Tá,41,Tỉnh Thái Nguyên,18985,Xã Nghĩa Tá
20,Tỉnh Bắc Kạn,1300,Huyện Chợ Đồn,722196,Xã Ngọc Phái,41,Tỉnh Thái Nguyên,18473,Xã Chợ Đồn
20,Tỉnh Bắc Kạn,1300,Huyện Chợ Đồn,787732,Xã Phương Viên,41,Tỉnh Thái Nguyên,18473,Xã Chợ Đồn
20,Tỉnh Bắc Kạn,1300,Huyện Chợ Đồn,853268,Xã Quảng Bạch,41,Tỉnh Thái Nguyên,17961,Xã Quảng Bạch
20,Tỉnh Bắc Kạn,1300,Huyện Chợ Đồn,918804,Xã Đồng Thắng,41,Tỉnh Thái Nguyên,20009,Xã Bạch Thông
20,Tỉnh Bắc Kạn,1300,Huyện Chợ Đồn,984340,Xã Tân Lập,41,Tỉnh Thái Nguyên,17961,Xã Quảng Bạch
20,Tỉnh Bắc Kạn,1300,Huyện Chợ Đồn,1049876,Xã Yên Mỹ,41,Tỉnh Thái Nguyên,18729,Xã Yên Phong
20,Tỉnh Bắc Kạn,1300,Huyện Chợ Đồn,1115412,Xã Yên Phong,41,Tỉnh Thái Nguyên,18729,Xã Yên Phong
20,Tỉnh Bắc Kạn,1300,Huyện Chợ Đồn,1180948,Xã Yên Thượng,41,Tỉnh Thái Nguyên,18217,Xã Yên Thịnh
20,Tỉnh Bắc Kạn,1300,Huyện Chợ Đồn,1246484,Thị Trấn Bằng Lũng,41,Tỉnh Thái Nguyên,18473,Xã Chợ Đồn
20,Tỉnh Bắc Kạn,1300,Huyện Chợ Đồn,1312020,Xã Bằng Lãng,41,Tỉnh Thái Nguyên,18473,Xã Chợ Đồn
20,Tỉnh Bắc Kạn,1556,Huyện Na Rì,67092,Xã Đổng Xá,41,Tỉnh Thái Nguyên,22313,Xã Xuân Dương
20,Tỉnh Bắc Kạn,1556,Huyện Na Rì,132628,Xã Dương Sơn,41,Tỉnh Thái Nguyên,22057,Xã Côn Minh
20,Tỉnh Bắc Kạn,1556,Huyện Na Rì,198164,Xã Liêm Thủy,41,Tỉnh Thái Nguyên,22313,Xã Xuân Dương
20,Tỉnh Bắc Kạn,1556,Huyện Na Rì,263700,Xã Trần Phú,41,Tỉnh Thái Nguyên,21801,Xã Trần Phú
20,Tỉnh Bắc Kạn,1556,Huyện Na Rì,329236,Xã Kim Hỷ,41,Tỉnh Thái Nguyên,21033,Xã Văn Lang
20,Tỉnh Bắc Kạn,1556,Huyện Na Rì,394772,Thị Trấn Yến Lạc,41,Tỉnh Thái Nguyên,21545,Xã Na Rì
20,Tỉnh Bắc Kạn,1556,Huyện Na Rì,460308,Xã Côn Minh,41,Tỉnh Thái Nguyên,22057,Xã Côn Minh
20,Tỉnh Bắc Kạn,1556,Huyện Na Rì,525844,Xã Cư Lễ,41,Tỉnh Thái Nguyên,21801,Xã Trần Phú
20,Tỉnh Bắc Kạn,1556,Huyện Na Rì,591380,Xã Cường Lợi,41,Tỉnh Thái Nguyên,21289,Xã Cường Lợi
20,Tỉnh Bắc Kạn,1556,Huyện Na Rì,656916,Xã Kim Lư,41,Tỉnh Thái Nguyên,21545,Xã Na Rì
20,Tỉnh Bắc Kạn,1556,Huyện Na Rì,722452,Xã Văn Lang,41,Tỉnh Thái Nguyên,21033,Xã Văn Lang
20,Tỉnh Bắc Kạn,1556,Huyện Na Rì,787988,Xã Sơn Thành,41,Tỉnh Thái Nguyên,21545,Xã Na Rì
20,Tỉnh Bắc Kạn,1556,Huyện Na Rì,853524,Xã Lương Thượng,41,Tỉnh Thái Nguyên,21033,Xã Văn Lang
20,Tỉnh Bắc Kạn,1556,Huyện Na Rì,919060,Xã Quang Phong,41,Tỉnh Thái Nguyên,22057,Xã Côn Minh
20,Tỉnh Bắc Kạn,1556,Huyện Na Rì,984596,Xã Văn Minh,41,Tỉnh Thái Nguyên,21801,Xã Trần Phú
20,Tỉnh Bắc Kạn,1556,Huyện Na Rì,1050132,Xã Văn Vũ,41,Tỉnh Thái Nguyên,21289,Xã Cường Lợi
20,Tỉnh Bắc Kạn,1556,Huyện Na Rì,1115668,Xã Xuân Dương,41,Tỉnh Thái Nguyên,22313,Xã Xuân Dương
20,Tỉnh Bắc Kạn,1812,Huyện Ngân Sơn,67348,Xã Trung Hòa,41,Tỉnh Thái Nguyên,17193,Xã Nà Phặc
20,Tỉnh Bắc Kạn,1812,Huyện Ngân Sơn,132884,Thị Trấn Nà Phặc,41,Tỉnh Thái Nguyên,17193,Xã Nà Phặc
20,Tỉnh Bắc Kạn,1812,Huyện Ngân Sơn,198420,Xã Bằng Vân,41,Tỉnh Thái Nguyên,15401,Xã Bằng Vân
20,Tỉnh Bắc Kạn,1812,Huyện Ngân Sơn,263956,Xã Cốc Đán,41,Tỉnh Thái Nguyên,16937,Xã Ngân Sơn
20,Tỉnh Bắc Kạn,1812,Huyện Ngân Sơn,329492,Xã Đức Vân,41,Tỉnh Thái Nguyên,16937,Xã Ngân Sơn
20,Tỉnh Bắc Kạn,1812,Huyện Ngân Sơn,395028,Xã Hiệp Lực,41,Tỉnh Thái Nguyên,17449,Xã Hiệp Lực
20,Tỉnh Bắc Kạn,1812,Huyện Ngân Sơn,460564,Xã Thuần Mang,41,Tỉnh Thái Nguyên,17449,Xã Hiệp Lực
20,Tỉnh Bắc Kạn,1812,Huyện Ngân Sơn,526100,Xã Thượng Ân,41,Tỉnh Thái Nguyên,15401,Xã Bằng Vân
20,Tỉnh Bắc Kạn,1812,Huyện Ngân Sơn,591636,Xã Thượng Quan,41,Tỉnh Thái Nguyên,297,Xã Thượng Quan
20,Tỉnh Bắc Kạn,1812,Huyện Ngân Sơn,657172,Thị Trấn Vân Tùng,41,Tỉnh Thái Nguyên,16937,Xã Ngân Sơn
20,Tỉnh Bắc Kạn,2068,Huyện Pác Nặm,67604,Xã Cao Tân,41,Tỉnh Thái Nguyên,16169,Xã Cao Minh
20,Tỉnh Bắc Kạn,2068,Huyện Pác Nặm,133140,Xã Cổ Linh,41,Tỉnh Thái Nguyên,16169,Xã Cao Minh
20,Tỉnh Bắc Kạn,2068,Huyện Pác Nặm,198676,Xã An Thắng,41,Tỉnh Thái Nguyên,15913,Xã Nghiên Loan
20,Tỉnh Bắc Kạn,2068,Huyện Pác Nặm,264212,Xã Bằng Thành,41,Tỉnh Thái Nguyên,15657,Xã Bằng Thành
20,Tỉnh Bắc Kạn,2068,Huyện Pác Nặm,329748,Xã Bộc Bố,41,Tỉnh Thái Nguyên,15657,Xã Bằng Thành
20,Tỉnh Bắc Kạn,2068,Huyện Pác Nặm,395284,Xã Công Bằng,41,Tỉnh Thái Nguyên,16169,Xã Cao Minh
20,Tỉnh Bắc Kạn,2068,Huyện Pác Nặm,460820,Xã Giáo Hiệu,41,Tỉnh Thái Nguyên,15657,Xã Bằng Thành
20,Tỉnh Bắc Kạn,2068,Huyện Pác Nặm,526356,Xã Nghiên Loan,41,Tỉnh Thái Nguyên,15913,Xã Nghiên Loan
20,Tỉnh Bắc Kạn,2068,Huyện Pác Nặm,591892,Xã Nhạn Môn,41,Tỉnh Thái Nguyên,15657,Xã Bằng Thành
20,Tỉnh Bắc Kạn,2068,Huyện Pác Nặm,657428,Xã Xuân La,41,Tỉnh Thái Nguyên,15913,Xã Nghiên Loan
21,Tỉnh Bắc Ninh,277,Thành Phố Bắc Ninh,65813,Phường Đại Phúc,18,Tỉnh Bắc Ninh,1298,Phường Võ Cường
21,Tỉnh Bắc Ninh,277,Thành Phố Bắc Ninh,131349,Phường Đáp Cầu,18,Tỉnh Bắc Ninh,1554,Phường Vũ Ninh
21,Tỉnh Bắc Ninh,277,Thành Phố Bắc Ninh,196885,Phường Hạp Lĩnh,18,Tỉnh Bắc Ninh,1810,Phường Hạp Lĩnh
21,Tỉnh Bắc Ninh,277,Thành Phố Bắc Ninh,262421,Phường Hòa Long,18,Tỉnh Bắc Ninh,1042,Phường Kinh Bắc
21,Tỉnh Bắc Ninh,277,Thành Phố Bắc Ninh,327957,Phường Suối Hoa,18,Tỉnh Bắc Ninh,1042,Phường Kinh Bắc
21,Tỉnh Bắc Ninh,277,Thành Phố Bắc Ninh,393493,Phường Thị Cầu,18,Tỉnh Bắc Ninh,1554,Phường Vũ Ninh
21,Tỉnh Bắc Ninh,277,Thành Phố Bắc Ninh,459029,Phường Kinh Bắc,18,Tỉnh Bắc Ninh,1042,Phường Kinh Bắc
21,Tỉnh Bắc Ninh,277,Thành Phố Bắc Ninh,524565,Phường Tiền Ninh Vệ,18,Tỉnh Bắc Ninh,1042,Phường Kinh Bắc
21,Tỉnh Bắc Ninh,277,Thành Phố Bắc Ninh,655637,Phường Vạn An,18,Tỉnh Bắc Ninh,1042,Phường Kinh Bắc
21,Tỉnh Bắc Ninh,277,Thành Phố Bắc Ninh,721173,Phường Vân Dương,18,Tỉnh Bắc Ninh,2066,Phường Nam Sơn
21,Tỉnh Bắc Ninh,277,Thành Phố Bắc Ninh,852245,Phường Võ Cường,18,Tỉnh Bắc Ninh,1298,Phường Võ Cường
21,Tỉnh Bắc Ninh,277,Thành Phố Bắc Ninh,917781,Phường Vũ Ninh,18,Tỉnh Bắc Ninh,1554,Phường Vũ Ninh
21,Tỉnh Bắc Ninh,277,Thành Phố Bắc Ninh,983317,Phường Khắc Niệm,18,Tỉnh Bắc Ninh,1810,Phường Hạp Lĩnh
21,Tỉnh Bắc Ninh,277,Thành Phố Bắc Ninh,1048853,Phường Khúc Xuyên,18,Tỉnh Bắc Ninh,1042,Phường Kinh Bắc
21,Tỉnh Bắc Ninh,277,Thành Phố Bắc Ninh,1114389,Phường Kim Chân,18,Tỉnh Bắc Ninh,1554,Phường Vũ Ninh
21,Tỉnh Bắc Ninh,277,Thành Phố Bắc Ninh,1179925,Phường Nam Sơn,18,Tỉnh Bắc Ninh,2066,Phường Nam Sơn
21,Tỉnh Bắc Ninh,277,Thành Phố Bắc Ninh,1245461,Phường Phong Khê,18,Tỉnh Bắc Ninh,1298,Phường Võ Cường
21,Tỉnh Bắc Ninh,533,Huyện Gia Bình,66069,Xã Bình Dương,18,Tỉnh Bắc Ninh,9490,Xã Nhân Thắng
21,Tỉnh Bắc Ninh,533,Huyện Gia Bình,131605,Xã Cao Đức,18,Tỉnh Bắc Ninh,10002,Xã Cao Đức
21,Tỉnh Bắc Ninh,533,Huyện Gia Bình,197141,Thị Trấn Gia Bình,18,Tỉnh Bắc Ninh,9234,Xã Gia Bình
21,Tỉnh Bắc Ninh,533,Huyện Gia Bình,262677,Xã Đại Bái,18,Tỉnh Bắc Ninh,9234,Xã Gia Bình
21,Tỉnh Bắc Ninh,533,Huyện Gia Bình,328213,Xã Đại Lai,18,Tỉnh Bắc Ninh,9746,Xã Đại Lai
21,Tỉnh Bắc Ninh,533,Huyện Gia Bình,393749,Xã Đông Cứu,18,Tỉnh Bắc Ninh,10258,Xã Đông Cứu
21,Tỉnh Bắc Ninh,533,Huyện Gia Bình,459285,Xã Giang Sơn,18,Tỉnh Bắc Ninh,10258,Xã Đông Cứu
21,Tỉnh Bắc Ninh,533,Huyện Gia Bình,524821,Xã Lãng Ngâm,18,Tỉnh Bắc Ninh,10258,Xã Đông Cứu
21,Tỉnh Bắc Ninh,533,Huyện Gia Bình,590357,Thị Trấn Nhân Thắng,18,Tỉnh Bắc Ninh,9490,Xã Nhân Thắng
21,Tỉnh Bắc Ninh,533,Huyện Gia Bình,655893,Xã Vạn Ninh,18,Tỉnh Bắc Ninh,10002,Xã Cao Đức
21,Tỉnh Bắc Ninh,533,Huyện Gia Bình,721429,Xã Xuân Lai,18,Tỉnh Bắc Ninh,9234,Xã Gia Bình
21,Tỉnh Bắc Ninh,533,Huyện Gia Bình,786965,Xã Quỳnh Phú,18,Tỉnh Bắc Ninh,9234,Xã Gia Bình
21,Tỉnh Bắc Ninh,533,Huyện Gia Bình,852501,Xã Song Giang,18,Tỉnh Bắc Ninh,9746,Xã Đại Lai
21,Tỉnh Bắc Ninh,533,Huyện Gia Bình,918037,Xã Thái Bảo,18,Tỉnh Bắc Ninh,9490,Xã Nhân Thắng
21,Tỉnh Bắc Ninh,789,Huyện Lương Tài,66325,Xã Phú Lương,18,Tỉnh Bắc Ninh,11026,Xã Trung Chính
21,Tỉnh Bắc Ninh,789,Huyện Lương Tài,131861,Xã Quảng Phú,18,Tỉnh Bắc Ninh,10770,Xã Lâm Thao
21,Tỉnh Bắc Ninh,789,Huyện Lương Tài,197397,Xã Tân Lãng,18,Tỉnh Bắc Ninh,10514,Xã Lương Tài
21,Tỉnh Bắc Ninh,789,Huyện Lương Tài,262933,Xã Trung Chính,18,Tỉnh Bắc Ninh,11026,Xã Trung Chính
21,Tỉnh Bắc Ninh,789,Huyện Lương Tài,328469,Xã Trung Kênh,18,Tỉnh Bắc Ninh,11282,Xã Trung Kênh
21,Tỉnh Bắc Ninh,789,Huyện Lương Tài,394005,Xã Quang Minh,18,Tỉnh Bắc Ninh,11026,Xã Trung Chính
21,Tỉnh Bắc Ninh,789,Huyện Lương Tài,459541,Xã An Thịnh,18,Tỉnh Bắc Ninh,11282,Xã Trung Kênh
21,Tỉnh Bắc Ninh,789,Huyện Lương Tài,525077,Xã Bình Định,18,Tỉnh Bắc Ninh,10770,Xã Lâm Thao
21,Tỉnh Bắc Ninh,789,Huyện Lương Tài,590613,Thị Trấn Thứa,18,Tỉnh Bắc Ninh,10514,Xã Lương Tài
21,Tỉnh Bắc Ninh,789,Huyện Lương Tài,721685,Xã Lâm Thao,18,Tỉnh Bắc Ninh,10770,Xã Lâm Thao
21,Tỉnh Bắc Ninh,789,Huyện Lương Tài,852757,Xã An Tập,18,Tỉnh Bắc Ninh,11282,Xã Trung Kênh
21,Tỉnh Bắc Ninh,789,Huyện Lương Tài,918293,Xã Phú Hòa,18,Tỉnh Bắc Ninh,10514,Xã Lương Tài
21,Tỉnh Bắc Ninh,1045,Thị Xã Quế Võ,66581,Phường Quế Tân,18,Tỉnh Bắc Ninh,4882,Phường Quế Võ
21,Tỉnh Bắc Ninh,1045,Thị Xã Quế Võ,132117,Xã Đức Long,18,Tỉnh Bắc Ninh,6418,Xã Phù Lãng
21,Tỉnh Bắc Ninh,1045,Thị Xã Quế Võ,197653,Phường Phương Liễu,18,Tỉnh Bắc Ninh,5138,Phường Phương Liễu
21,Tỉnh Bắc Ninh,1045,Thị Xã Quế Võ,263189,Xã Việt Thống,18,Tỉnh Bắc Ninh,5394,Phường Nhân Hòa
21,Tỉnh Bắc Ninh,1045,Thị Xã Quế Võ,328725,Xã Yên Giả,18,Tỉnh Bắc Ninh,6162,Xã Chi Lăng
21,Tỉnh Bắc Ninh,1045,Thị Xã Quế Võ,394261,Phường Việt Hùng,18,Tỉnh Bắc Ninh,4882,Phường Quế Võ
21,Tỉnh Bắc Ninh,1045,Thị Xã Quế Võ,459797,Phường Phố Mới,18,Tỉnh Bắc Ninh,4882,Phường Quế Võ
21,Tỉnh Bắc Ninh,1045,Thị Xã Quế Võ,525333,Phường Bằng An,18,Tỉnh Bắc Ninh,4882,Phường Quế Võ
21,Tỉnh Bắc Ninh,1045,Thị Xã Quế Võ,590869,Phường Bồng Lai,18,Tỉnh Bắc Ninh,5906,Phường Bồng Lai
21,Tỉnh Bắc Ninh,1045,Thị Xã Quế Võ,656405,Phường Cách Bi,18,Tỉnh Bắc Ninh,5906,Phường Bồng Lai
21,Tỉnh Bắc Ninh,1045,Thị Xã Quế Võ,721941,Xã Châu Phong,18,Tỉnh Bắc Ninh,6418,Xã Phù Lãng
21,Tỉnh Bắc Ninh,1045,Thị Xã Quế Võ,787477,Xã Chi Lăng,18,Tỉnh Bắc Ninh,6162,Xã Chi Lăng
21,Tỉnh Bắc Ninh,1045,Thị Xã Quế Võ,853013,Phường Đại Xuân,18,Tỉnh Bắc Ninh,5394,Phường Nhân Hòa
21,Tỉnh Bắc Ninh,1045,Thị Xã Quế Võ,918549,Xã Đào Viên,18,Tỉnh Bắc Ninh,5650,Phường Đào Viên
21,Tỉnh Bắc Ninh,1045,Thị Xã Quế Võ,984085,Phường Phượng Mao,18,Tỉnh Bắc Ninh,5138,Phường Phương Liễu
21,Tỉnh Bắc Ninh,1045,Thị Xã Quế Võ,1115157,Xã Mộ Đạo,18,Tỉnh Bắc Ninh,5906,Phường Bồng Lai
21,Tỉnh Bắc Ninh,1045,Thị Xã Quế Võ,1180693,Xã Ngọc Xá,18,Tỉnh Bắc Ninh,5650,Phường Đào Viên
21,Tỉnh Bắc Ninh,1045,Thị Xã Quế Võ,1246229,Phường Nhân Hòa,18,Tỉnh Bắc Ninh,5394,Phường Nhân Hòa
21,Tỉnh Bắc Ninh,1045,Thị Xã Quế Võ,1311765,Xã Phù Lãng,18,Tỉnh Bắc Ninh,6418,Xã Phù Lãng
21,Tỉnh Bắc Ninh,1045,Thị Xã Quế Võ,1377301,Phường Phù Lương,18,Tỉnh Bắc Ninh,5650,Phường Đào Viên
21,Tỉnh Bắc Ninh,1301,Thị Xã Thuận Thành,66837,Xã Đình Tổ,18,Tỉnh Bắc Ninh,4114,Phường Trí Quả
21,Tỉnh Bắc Ninh,1301,Thị Xã Thuận Thành,132373,Phường Gia Đông,18,Tỉnh Bắc Ninh,3346,Phường Thuận Thành
21,Tỉnh Bắc Ninh,1301,Thị Xã Thuận Thành,197909,Phường Hồ,18,Tỉnh Bắc Ninh,3346,Phường Thuận Thành
21,Tỉnh Bắc Ninh,1301,Thị Xã Thuận Thành,263445,Phường An Bình,18,Tỉnh Bắc Ninh,3602,Phường Mão Điền
21,Tỉnh Bắc Ninh,1301,Thị Xã Thuận Thành,328981,Xã Đại Đồng Thành,18,Tỉnh Bắc Ninh,3346,Phường Thuận Thành
21,Tỉnh Bắc Ninh,1301,Thị Xã Thuận Thành,394517,Phường Hà Mãn,18,Tỉnh Bắc Ninh,4370,Phường Song Liễu
21,Tỉnh Bắc Ninh,1301,Thị Xã Thuận Thành,460053,Xã Hoài Thượng,18,Tỉnh Bắc Ninh,3602,Phường Mão Điền
21,Tỉnh Bắc Ninh,1301,Thị Xã Thuận Thành,525589,Xã Mão Điền,18,Tỉnh Bắc Ninh,3602,Phường Mão Điền
21,Tỉnh Bắc Ninh,1301,Thị Xã Thuận Thành,591125,Xã Nghĩa Đạo,18,Tỉnh Bắc Ninh,3858,Phường Trạm Lộ
21,Tỉnh Bắc Ninh,1301,Thị Xã Thuận Thành,656661,Xã Ngũ Thái,18,Tỉnh Bắc Ninh,4370,Phường Song Liễu
21,Tỉnh Bắc Ninh,1301,Thị Xã Thuận Thành,722197,Phường Song Hồ,18,Tỉnh Bắc Ninh,3346,Phường Thuận Thành
21,Tỉnh Bắc Ninh,1301,Thị Xã Thuận Thành,787733,Xã Song Liễu,18,Tỉnh Bắc Ninh,4370,Phường Song Liễu
21,Tỉnh Bắc Ninh,1301,Thị Xã Thuận Thành,853269,Phường Thanh Khương,18,Tỉnh Bắc Ninh,4114,Phường Trí Quả
21,Tỉnh Bắc Ninh,1301,Thị Xã Thuận Thành,918805,Xã Nguyệt Đức,18,Tỉnh Bắc Ninh,4626,Phường Ninh Xá
21,Tỉnh Bắc Ninh,1301,Thị Xã Thuận Thành,984341,Phường Ninh Xá,18,Tỉnh Bắc Ninh,4626,Phường Ninh Xá
21,Tỉnh Bắc Ninh,1301,Thị Xã Thuận Thành,1049877,Phường Trạm Lộ,18,Tỉnh Bắc Ninh,3858,Phường Trạm Lộ
21,Tỉnh Bắc Ninh,1301,Thị Xã Thuận Thành,1115413,Phường Trí Quả,18,Tỉnh Bắc Ninh,4114,Phường Trí Quả
21,Tỉnh Bắc Ninh,1301,Thị Xã Thuận Thành,1180949,Phường Xuân Lâm,18,Tỉnh Bắc Ninh,4370,Phường Song Liễu
21,Tỉnh Bắc Ninh,1557,Huyện Tiên Du,67093,Xã Hoàn Sơn,18,Tỉnh Bắc Ninh,8722,Xã Đại Đồng
21,Tỉnh Bắc Ninh,1557,Huyện Tiên Du,132629,Xã Đại Đồng,18,Tỉnh Bắc Ninh,8722,Xã Đại Đồng
21,Tỉnh Bắc Ninh,1557,Huyện Tiên Du,198165,Thị Trấn Lim,18,Tỉnh Bắc Ninh,7954,Xã Tiên Du
21,Tỉnh Bắc Ninh,1557,Huyện Tiên Du,263701,Xã Cảnh Hưng,18,Tỉnh Bắc Ninh,8978,Xã Phật Tích
21,Tỉnh Bắc Ninh,1557,Huyện Tiên Du,329237,Xã Hiên Vân,18,Tỉnh Bắc Ninh,8210,Xã Liên Bão
21,Tỉnh Bắc Ninh,1557,Huyện Tiên Du,394773,Xã Lạc Vệ,18,Tỉnh Bắc Ninh,8466,Xã Tân Chi
21,Tỉnh Bắc Ninh,1557,Huyện Tiên Du,460309,Xã Liên Bão,18,Tỉnh Bắc Ninh,8210,Xã Liên Bão
21,Tỉnh Bắc Ninh,1557,Huyện Tiên Du,525845,Xã Minh Đạo,18,Tỉnh Bắc Ninh,8978,Xã Phật Tích
21,Tỉnh Bắc Ninh,1557,Huyện Tiên Du,591381,Xã Nội Duệ,18,Tỉnh Bắc Ninh,7954,Xã Tiên Du
21,Tỉnh Bắc Ninh,1557,Huyện Tiên Du,656917,Xã Phật Tích,18,Tỉnh Bắc Ninh,8978,Xã Phật Tích
21,Tỉnh Bắc Ninh,1557,Huyện Tiên Du,722453,Xã Phú Lâm,18,Tỉnh Bắc Ninh,7954,Xã Tiên Du
21,Tỉnh Bắc Ninh,1557,Huyện Tiên Du,787989,Xã Tân Chi,18,Tỉnh Bắc Ninh,8466,Xã Tân Chi
21,Tỉnh Bắc Ninh,1557,Huyện Tiên Du,853525,Xã Tri Phương,18,Tỉnh Bắc Ninh,8722,Xã Đại Đồng
21,Tỉnh Bắc Ninh,1557,Huyện Tiên Du,919061,Xã Việt Đoàn,18,Tỉnh Bắc Ninh,8210,Xã Liên Bão
21,Tỉnh Bắc Ninh,1813,Thành Phố Từ Sơn,67349,Phường Tam Sơn,18,Tỉnh Bắc Ninh,2578,Phường Tam Sơn
21,Tỉnh Bắc Ninh,1813,Thành Phố Từ Sơn,132885,Phường Tương Giang,18,Tỉnh Bắc Ninh,2578,Phường Tam Sơn
21,Tỉnh Bắc Ninh,1813,Thành Phố Từ Sơn,198421,Phường Đông Ngàn,18,Tỉnh Bắc Ninh,2322,Phường Từ Sơn
21,Tỉnh Bắc Ninh,1813,Thành Phố Từ Sơn,263957,Phường Đồng Kỵ,18,Tỉnh Bắc Ninh,2834,Phường Đồng Nguyên
21,Tỉnh Bắc Ninh,1813,Thành Phố Từ Sơn,329493,Phường Châu Khê,18,Tỉnh Bắc Ninh,3090,Phường Phù Khê
21,Tỉnh Bắc Ninh,1813,Thành Phố Từ Sơn,395029,Phường Đình Bảng,18,Tỉnh Bắc Ninh,2322,Phường Từ Sơn
21,Tỉnh Bắc Ninh,1813,Thành Phố Từ Sơn,460565,Phường Đồng Nguyên,18,Tỉnh Bắc Ninh,2834,Phường Đồng Nguyên
21,Tỉnh Bắc Ninh,1813,Thành Phố Từ Sơn,526101,Phường Tân Hồng,18,Tỉnh Bắc Ninh,2322,Phường Từ Sơn
21,Tỉnh Bắc Ninh,1813,Thành Phố Từ Sơn,591637,Phường Trang Hạ,18,Tỉnh Bắc Ninh,2834,Phường Đồng Nguyên
21,Tỉnh Bắc Ninh,1813,Thành Phố Từ Sơn,657173,Phường Hương Mạc,18,Tỉnh Bắc Ninh,3090,Phường Phù Khê
21,Tỉnh Bắc Ninh,1813,Thành Phố Từ Sơn,722709,Phường Phù Chẩn,18,Tỉnh Bắc Ninh,2322,Phường Từ Sơn
21,Tỉnh Bắc Ninh,1813,Thành Phố Từ Sơn,788245,Phường Phù Khê,18,Tỉnh Bắc Ninh,3090,Phường Phù Khê
21,Tỉnh Bắc Ninh,2069,Huyện Yên Phong,67605,Xã Dũng Liệt,18,Tỉnh Bắc Ninh,7442,Xã Yên Trung
21,Tỉnh Bắc Ninh,2069,Huyện Yên Phong,133141,Xã Hòa Tiến,18,Tỉnh Bắc Ninh,7186,Xã Tam Giang
21,Tỉnh Bắc Ninh,2069,Huyện Yên Phong,198677,Thị Trấn Chờ,18,Tỉnh Bắc Ninh,6674,Xã Yên Phong
21,Tỉnh Bắc Ninh,2069,Huyện Yên Phong,264213,Xã Đông Phong,18,Tỉnh Bắc Ninh,7698,Xã Tam Đa
21,Tỉnh Bắc Ninh,2069,Huyện Yên Phong,329749,Xã Đông Thọ,18,Tỉnh Bắc Ninh,6930,Xã Văn Môn
21,Tỉnh Bắc Ninh,2069,Huyện Yên Phong,395285,Xã Đông Tiến,18,Tỉnh Bắc Ninh,6674,Xã Yên Phong
21,Tỉnh Bắc Ninh,2069,Huyện Yên Phong,460821,Xã Long Châu,18,Tỉnh Bắc Ninh,6674,Xã Yên Phong
21,Tỉnh Bắc Ninh,2069,Huyện Yên Phong,526357,Xã Tam Đa,18,Tỉnh Bắc Ninh,7698,Xã Tam Đa
21,Tỉnh Bắc Ninh,2069,Huyện Yên Phong,591893,Xã Tam Giang,18,Tỉnh Bắc Ninh,7186,Xã Tam Giang
21,Tỉnh Bắc Ninh,2069,Huyện Yên Phong,657429,Xã Thụy Hòa,18,Tỉnh Bắc Ninh,7698,Xã Tam Đa
21,Tỉnh Bắc Ninh,2069,Huyện Yên Phong,722965,Xã Trung Nghĩa,18,Tỉnh Bắc Ninh,6674,Xã Yên Phong
21,Tỉnh Bắc Ninh,2069,Huyện Yên Phong,788501,Xã Văn Môn,18,Tỉnh Bắc Ninh,6930,Xã Văn Môn
21,Tỉnh Bắc Ninh,2069,Huyện Yên Phong,854037,Xã Yên Phụ,18,Tỉnh Bắc Ninh,6930,Xã Văn Môn
21,Tỉnh Bắc Ninh,2069,Huyện Yên Phong,919573,Xã Yên Trung,18,Tỉnh Bắc Ninh,7442,Xã Yên Trung
22,Tỉnh Bến Tre,278,Thành Phố Bến Tre,65814,Phường 7,44,Tỉnh Vĩnh Long,20268,Phường Bến Tre
22,Tỉnh Bến Tre,278,Thành Phố Bến Tre,131350,Phường 8,44,Tỉnh Vĩnh Long,20012,Phường Phú Khương
22,Tỉnh Bến Tre,278,Thành Phố Bến Tre,196886,Phường Phú Khương,44,Tỉnh Vĩnh Long,20012,Phường Phú Khương
22,Tỉnh Bến Tre,278,Thành Phố Bến Tre,262422,Phường Phú Tân,44,Tỉnh Vĩnh Long,20780,Phường Phú Tân
22,Tỉnh Bến Tre,278,Thành Phố Bến Tre,327958,Xã Bình Phú,44,Tỉnh Vĩnh Long,20268,Phường Bến Tre
22,Tỉnh Bến Tre,278,Thành Phố Bến Tre,393494,Xã Mỹ Thạnh An,44,Tỉnh Vĩnh Long,19756,Phường An Hội
22,Tỉnh Bến Tre,278,Thành Phố Bến Tre,459030,Phường An Hội,44,Tỉnh Vĩnh Long,19756,Phường An Hội
22,Tỉnh Bến Tre,278,Thành Phố Bến Tre,655638,Phường 6,44,Tỉnh Vĩnh Long,20524,Phường Sơn Đông
22,Tỉnh Bến Tre,278,Thành Phố Bến Tre,721174,Xã Nhơn Thạnh,44,Tỉnh Vĩnh Long,20012,Phường Phú Khương
22,Tỉnh Bến Tre,278,Thành Phố Bến Tre,786710,Xã Phú Hưng,44,Tỉnh Vĩnh Long,20012,Phường Phú Khương
22,Tỉnh Bến Tre,278,Thành Phố Bến Tre,852246,Xã Phú Nhuận,44,Tỉnh Vĩnh Long,19756,Phường An Hội
22,Tỉnh Bến Tre,278,Thành Phố Bến Tre,917782,Xã Sơn Đông,44,Tỉnh Vĩnh Long,20524,Phường Sơn Đông
22,Tỉnh Bến Tre,534,Huyện Ba Tri,66070,Xã An Ngãi Tây,44,Tỉnh Vĩnh Long,28204,Xã An Hiệp
22,Tỉnh Bến Tre,534,Huyện Ba Tri,131606,Xã Tân Hưng,44,Tỉnh Vĩnh Long,28204,Xã An Hiệp
22,Tỉnh Bến Tre,534,Huyện Ba Tri,197142,Xã An Đức,44,Tỉnh Vĩnh Long,27180,Xã Ba Tri
22,Tỉnh Bến Tre,534,Huyện Ba Tri,262678,Xã An Hiệp,44,Tỉnh Vĩnh Long,28204,Xã An Hiệp
22,Tỉnh Bến Tre,534,Huyện Ba Tri,328214,Xã An Hòa Tây,44,Tỉnh Vĩnh Long,26668,Xã Tân Thủy
22,Tỉnh Bến Tre,534,Huyện Ba Tri,393750,Thị Trấn Ba Tri,44,Tỉnh Vĩnh Long,27180,Xã Ba Tri
22,Tỉnh Bến Tre,534,Huyện Ba Tri,459286,Xã An Bình Tây,44,Tỉnh Vĩnh Long,27180,Xã Ba Tri
22,Tỉnh Bến Tre,534,Huyện Ba Tri,524822,Xã An Ngãi Trung,44,Tỉnh Vĩnh Long,27948,Xã An Ngãi Trung
22,Tỉnh Bến Tre,534,Huyện Ba Tri,590358,Xã An Phú Trung,44,Tỉnh Vĩnh Long,27948,Xã An Ngãi Trung
22,Tỉnh Bến Tre,534,Huyện Ba Tri,655894,Thị Trấn Tiệm Tôm,44,Tỉnh Vĩnh Long,26668,Xã Tân Thủy
22,Tỉnh Bến Tre,534,Huyện Ba Tri,721430,Xã Bảo Thạnh,44,Tỉnh Vĩnh Long,26924,Xã Bảo Thạnh
22,Tỉnh Bến Tre,534,Huyện Ba Tri,852502,Xã Bảo Thuận,44,Tỉnh Vĩnh Long,26924,Xã Bảo Thạnh
22,Tỉnh Bến Tre,534,Huyện Ba Tri,918038,Xã Mỹ Chánh,44,Tỉnh Vĩnh Long,27692,Xã Mỹ Chánh Hòa
22,Tỉnh Bến Tre,534,Huyện Ba Tri,983574,Xã Mỹ Hòa,44,Tỉnh Vĩnh Long,27692,Xã Mỹ Chánh Hòa
22,Tỉnh Bến Tre,534,Huyện Ba Tri,1049110,Xã Mỹ Nhơn,44,Tỉnh Vĩnh Long,27692,Xã Mỹ Chánh Hòa
22,Tỉnh Bến Tre,534,Huyện Ba Tri,1114646,Xã Mỹ Thạnh,44,Tỉnh Vĩnh Long,27948,Xã An Ngãi Trung
22,Tỉnh Bến Tre,534,Huyện Ba Tri,1180182,Xã Phú Lễ,44,Tỉnh Vĩnh Long,27436,Xã Tân Xuân
22,Tỉnh Bến Tre,534,Huyện Ba Tri,1245718,Xã Phước Ngãi,44,Tỉnh Vĩnh Long,27436,Xã Tân Xuân
22,Tỉnh Bến Tre,534,Huyện Ba Tri,1311254,Xã Tân Thủy,44,Tỉnh Vĩnh Long,26668,Xã Tân Thủy
22,Tỉnh Bến Tre,534,Huyện Ba Tri,1376790,Xã Tân Xuân,44,Tỉnh Vĩnh Long,27436,Xã Tân Xuân
22,Tỉnh Bến Tre,534,Huyện Ba Tri,1442326,Xã Vĩnh An,44,Tỉnh Vĩnh Long,27180,Xã Ba Tri
22,Tỉnh Bến Tre,534,Huyện Ba Tri,1507862,Xã Vĩnh Hòa,44,Tỉnh Vĩnh Long,27180,Xã Ba Tri
22,Tỉnh Bến Tre,790,Huyện Bình Đại,66326,Xã Vang Quới Đông,44,Tỉnh Vĩnh Long,31276,Xã Lộc Thuận
22,Tỉnh Bến Tre,790,Huyện Bình Đại,131862,Xã Vang Quới Tây,44,Tỉnh Vĩnh Long,31276,Xã Lộc Thuận
22,Tỉnh Bến Tre,790,Huyện Bình Đại,197398,Xã Tam Hiệp,44,Tỉnh Vĩnh Long,31788,Xã Phú Thuận
22,Tỉnh Bến Tre,790,Huyện Bình Đại,262934,Xã Bình Thới,44,Tỉnh Vĩnh Long,30764,Xã Bình Đại
22,Tỉnh Bến Tre,790,Huyện Bình Đại,328470,Thị Trấn Bình Đại,44,Tỉnh Vĩnh Long,30764,Xã Bình Đại
22,Tỉnh Bến Tre,790,Huyện Bình Đại,394006,Xã Bình Thắng,44,Tỉnh Vĩnh Long,30764,Xã Bình Đại
22,Tỉnh Bến Tre,790,Huyện Bình Đại,459542,Xã Châu Hưng,44,Tỉnh Vĩnh Long,31532,Xã Châu Hưng
22,Tỉnh Bến Tre,790,Huyện Bình Đại,525078,Xã Đại Hòa Lộc,44,Tỉnh Vĩnh Long,30508,Xã Thạnh Phước
22,Tỉnh Bến Tre,790,Huyện Bình Đại,590614,Xã Định Trung,44,Tỉnh Vĩnh Long,31020,Xã Thạnh Trị
22,Tỉnh Bến Tre,790,Huyện Bình Đại,656150,Xã Thạnh Phước,44,Tỉnh Vĩnh Long,30508,Xã Thạnh Phước
22,Tỉnh Bến Tre,790,Huyện Bình Đại,721686,Xã Thạnh Trị,44,Tỉnh Vĩnh Long,31020,Xã Thạnh Trị
22,Tỉnh Bến Tre,790,Huyện Bình Đại,787222,Xã Lộc Thuận,44,Tỉnh Vĩnh Long,31276,Xã Lộc Thuận
22,Tỉnh Bến Tre,790,Huyện Bình Đại,852758,Xã Long Định,44,Tỉnh Vĩnh Long,31788,Xã Phú Thuận
22,Tỉnh Bến Tre,790,Huyện Bình Đại,918294,Xã Long Hòa,44,Tỉnh Vĩnh Long,31532,Xã Châu Hưng
22,Tỉnh Bến Tre,790,Huyện Bình Đại,983830,Xã Phú Long,44,Tỉnh Vĩnh Long,31020,Xã Thạnh Trị
22,Tỉnh Bến Tre,790,Huyện Bình Đại,1049366,Xã Phú Thuận,44,Tỉnh Vĩnh Long,31788,Xã Phú Thuận
22,Tỉnh Bến Tre,790,Huyện Bình Đại,1180438,Xã Thới Lai,44,Tỉnh Vĩnh Long,31532,Xã Châu Hưng
22,Tỉnh Bến Tre,790,Huyện Bình Đại,1245974,Xã Thới Thuận,44,Tỉnh Vĩnh Long,30252,Xã Thới Thuận
22,Tỉnh Bến Tre,790,Huyện Bình Đại,1311510,Xã Thừa Đức,44,Tỉnh Vĩnh Long,30252,Xã Thới Thuận
22,Tỉnh Bến Tre,1046,Huyện Châu Thành,66582,Xã Phước Thạnh,44,Tỉnh Vĩnh Long,20780,Phường Phú Tân
22,Tỉnh Bến Tre,1046,Huyện Châu Thành,132118,Xã Quới Thành,44,Tỉnh Vĩnh Long,21548,Xã Tiên Thủy
22,Tỉnh Bến Tre,1046,Huyện Châu Thành,197654,Xã Tiên Long,44,Tỉnh Vĩnh Long,21804,Xã Tân Phú
22,Tỉnh Bến Tre,1046,Huyện Châu Thành,263190,Xã Tường Đa,44,Tỉnh Vĩnh Long,21036,Xã Phú Túc
22,Tỉnh Bến Tre,1046,Huyện Châu Thành,328726,Xã Tân Phú,44,Tỉnh Vĩnh Long,21804,Xã Tân Phú
22,Tỉnh Bến Tre,1046,Huyện Châu Thành,394262,Xã Phú Túc,44,Tỉnh Vĩnh Long,21036,Xã Phú Túc
22,Tỉnh Bến Tre,1046,Huyện Châu Thành,459798,Xã Quới Sơn,44,Tỉnh Vĩnh Long,21292,Xã Giao Long
22,Tỉnh Bến Tre,1046,Huyện Châu Thành,525334,Thị Trấn Châu Thành,44,Tỉnh Vĩnh Long,21036,Xã Phú Túc
22,Tỉnh Bến Tre,1046,Huyện Châu Thành,787478,Xã An Phước,44,Tỉnh Vĩnh Long,21292,Xã Giao Long
22,Tỉnh Bến Tre,1046,Huyện Châu Thành,853014,Xã Giao Long,44,Tỉnh Vĩnh Long,21292,Xã Giao Long
22,Tỉnh Bến Tre,1046,Huyện Châu Thành,918550,Xã Hữu Định,44,Tỉnh Vĩnh Long,20780,Phường Phú Tân
22,Tỉnh Bến Tre,1046,Huyện Châu Thành,1049622,Xã Phú Đức,44,Tỉnh Vĩnh Long,21804,Xã Tân Phú
22,Tỉnh Bến Tre,1046,Huyện Châu Thành,1180694,Xã Tam Phước,44,Tỉnh Vĩnh Long,20524,Phường Sơn Đông
22,Tỉnh Bến Tre,1046,Huyện Châu Thành,1246230,Xã Tân Thạch,44,Tỉnh Vĩnh Long,21036,Xã Phú Túc
22,Tỉnh Bến Tre,1046,Huyện Châu Thành,1311766,Xã Thành Triệu,44,Tỉnh Vĩnh Long,21548,Xã Tiên Thủy
22,Tỉnh Bến Tre,1046,Huyện Châu Thành,1377302,Thị Trấn Tiên Thủy,44,Tỉnh Vĩnh Long,21548,Xã Tiên Thủy
22,Tỉnh Bến Tre,1302,Huyện Chợ Lách,66838,Xã Long Thới,44,Tỉnh Vĩnh Long,22316,Xã Chợ Lách
22,Tỉnh Bến Tre,1302,Huyện Chợ Lách,132374,Xã Phú Phụng,44,Tỉnh Vĩnh Long,22060,Xã Phú Phụng
22,Tỉnh Bến Tre,1302,Huyện Chợ Lách,197910,Xã Phú Sơn,44,Tỉnh Vĩnh Long,22572,Xã Vĩnh Thành
22,Tỉnh Bến Tre,1302,Huyện Chợ Lách,263446,Xã Tân Thiềng,44,Tỉnh Vĩnh Long,22572,Xã Vĩnh Thành
22,Tỉnh Bến Tre,1302,Huyện Chợ Lách,328982,Xã Vĩnh Bình,44,Tỉnh Vĩnh Long,22060,Xã Phú Phụng
22,Tỉnh Bến Tre,1302,Huyện Chợ Lách,394518,Xã Vĩnh Hòa,44,Tỉnh Vĩnh Long,22828,Xã Hưng Khánh Trung
22,Tỉnh Bến Tre,1302,Huyện Chợ Lách,460054,Xã Vĩnh Thành,44,Tỉnh Vĩnh Long,22572,Xã Vĩnh Thành
22,Tỉnh Bến Tre,1302,Huyện Chợ Lách,525590,Xã Hòa Nghĩa,44,Tỉnh Vĩnh Long,22316,Xã Chợ Lách
22,Tỉnh Bến Tre,1302,Huyện Chợ Lách,591126,Xã Hưng Khánh Trung B,44,Tỉnh Vĩnh Long,22828,Xã Hưng Khánh Trung
22,Tỉnh Bến Tre,1302,Huyện Chợ Lách,656662,Thị Trấn Chợ Lách,44,Tỉnh Vĩnh Long,22316,Xã Chợ Lách
22,Tỉnh Bến Tre,1302,Huyện Chợ Lách,722198,Xã Sơn Định,44,Tỉnh Vĩnh Long,22060,Xã Phú Phụng
22,Tỉnh Bến Tre,1558,Huyện Giồng Trôm,67094,Xã Bình Hòa,44,Tỉnh Vĩnh Long,28716,Xã Giồng Trôm
22,Tỉnh Bến Tre,1558,Huyện Giồng Trôm,132630,Xã Châu Bình,44,Tỉnh Vĩnh Long,29740,Xã Châu Hòa
22,Tỉnh Bến Tre,1558,Huyện Giồng Trôm,198166,Xã Châu Hòa,44,Tỉnh Vĩnh Long,29740,Xã Châu Hòa
22,Tỉnh Bến Tre,1558,Huyện Giồng Trôm,263702,Xã Hưng Lễ,44,Tỉnh Vĩnh Long,28460,Xã Hưng Nhượng
22,Tỉnh Bến Tre,1558,Huyện Giồng Trôm,329238,Xã Hưng Phong,44,Tỉnh Vĩnh Long,29228,Xã Phước Long
22,Tỉnh Bến Tre,1558,Huyện Giồng Trôm,394774,Xã Lương Phú,44,Tỉnh Vĩnh Long,29484,Xã Lương Phú
22,Tỉnh Bến Tre,1558,Huyện Giồng Trôm,460310,Xã Phước Long,44,Tỉnh Vĩnh Long,29228,Xã Phước Long
22,Tỉnh Bến Tre,1558,Huyện Giồng Trôm,525846,Xã Sơn Phú,44,Tỉnh Vĩnh Long,19756,Phường An Hội
22,Tỉnh Bến Tre,1558,Huyện Giồng Trôm,591382,Xã Long Mỹ,44,Tỉnh Vĩnh Long,29228,Xã Phước Long
22,Tỉnh Bến Tre,1558,Huyện Giồng Trôm,656918,Xã Lương Hòa,44,Tỉnh Vĩnh Long,29996,Xã Lương Hòa
22,Tỉnh Bến Tre,1558,Huyện Giồng Trôm,722454,Thị Trấn Giồng Trôm,44,Tỉnh Vĩnh Long,28716,Xã Giồng Trôm
22,Tỉnh Bến Tre,1558,Huyện Giồng Trôm,787990,Xã Bình Thành,44,Tỉnh Vĩnh Long,28716,Xã Giồng Trôm
22,Tỉnh Bến Tre,1558,Huyện Giồng Trôm,853526,Xã Lương Quới,44,Tỉnh Vĩnh Long,29740,Xã Châu Hòa
22,Tỉnh Bến Tre,1558,Huyện Giồng Trôm,919062,Xã Mỹ Thạnh,44,Tỉnh Vĩnh Long,29484,Xã Lương Phú
22,Tỉnh Bến Tre,1558,Huyện Giồng Trôm,984598,Xã Phong Nẫm,44,Tỉnh Vĩnh Long,29996,Xã Lương Hòa
22,Tỉnh Bến Tre,1558,Huyện Giồng Trôm,1050134,Xã Hưng Nhượng,44,Tỉnh Vĩnh Long,28460,Xã Hưng Nhượng
22,Tỉnh Bến Tre,1558,Huyện Giồng Trôm,1115670,Xã Tân Hào,44,Tỉnh Vĩnh Long,28972,Xã Tân Hào
22,Tỉnh Bến Tre,1558,Huyện Giồng Trôm,1181206,Xã Tân Lợi Thạnh,44,Tỉnh Vĩnh Long,28972,Xã Tân Hào
22,Tỉnh Bến Tre,1558,Huyện Giồng Trôm,1246742,Xã Tân Thanh,44,Tỉnh Vĩnh Long,28460,Xã Hưng Nhượng
22,Tỉnh Bến Tre,1558,Huyện Giồng Trôm,1312278,Xã Thạnh Phú Đông,44,Tỉnh Vĩnh Long,28972,Xã Tân Hào
22,Tỉnh Bến Tre,1558,Huyện Giồng Trôm,1377814,Xã Thuận Điền,44,Tỉnh Vĩnh Long,29484,Xã Lương Phú
22,Tỉnh Bến Tre,1814,Huyện Mỏ Cày Nam,67350,Xã An Thới,44,Tỉnh Vĩnh Long,24364,Xã Thành Thới
22,Tỉnh Bến Tre,1814,Huyện Mỏ Cày Nam,132886,Xã Minh Đức,44,Tỉnh Vĩnh Long,24620,Xã An Định
22,Tỉnh Bến Tre,1814,Huyện Mỏ Cày Nam,198422,Xã An Thạnh,44,Tỉnh Vĩnh Long,24108,Xã Mỏ Cày
22,Tỉnh Bến Tre,1814,Huyện Mỏ Cày Nam,263958,Xã An Định,44,Tỉnh Vĩnh Long,24620,Xã An Định
22,Tỉnh Bến Tre,1814,Huyện Mỏ Cày Nam,329494,Thị Trấn Mỏ Cày,44,Tỉnh Vĩnh Long,24108,Xã Mỏ Cày
22,Tỉnh Bến Tre,1814,Huyện Mỏ Cày Nam,395030,Xã Bình Khánh,44,Tỉnh Vĩnh Long,23852,Xã Đồng Khởi
22,Tỉnh Bến Tre,1814,Huyện Mỏ Cày Nam,460566,Xã Cẩm Sơn,44,Tỉnh Vĩnh Long,24876,Xã Hương Mỹ
22,Tỉnh Bến Tre,1814,Huyện Mỏ Cày Nam,526102,Xã Đa Phước Hội,44,Tỉnh Vĩnh Long,24108,Xã Mỏ Cày
22,Tỉnh Bến Tre,1814,Huyện Mỏ Cày Nam,591638,Xã Định Thủy,44,Tỉnh Vĩnh Long,23852,Xã Đồng Khởi
22,Tỉnh Bến Tre,1814,Huyện Mỏ Cày Nam,657174,Xã Hương Mỹ,44,Tỉnh Vĩnh Long,24876,Xã Hương Mỹ
22,Tỉnh Bến Tre,1814,Huyện Mỏ Cày Nam,722710,Xã Ngãi Đăng,44,Tỉnh Vĩnh Long,24876,Xã Hương Mỹ
22,Tỉnh Bến Tre,1814,Huyện Mỏ Cày Nam,788246,Xã Phước Hiệp,44,Tỉnh Vĩnh Long,23852,Xã Đồng Khởi
22,Tỉnh Bến Tre,1814,Huyện Mỏ Cày Nam,853782,Xã Tân Hội,44,Tỉnh Vĩnh Long,24108,Xã Mỏ Cày
22,Tỉnh Bến Tre,1814,Huyện Mỏ Cày Nam,919318,Xã Tân Trung,44,Tỉnh Vĩnh Long,24620,Xã An Định
22,Tỉnh Bến Tre,1814,Huyện Mỏ Cày Nam,984854,Xã Thành Thới A,44,Tỉnh Vĩnh Long,24364,Xã Thành Thới
22,Tỉnh Bến Tre,1814,Huyện Mỏ Cày Nam,1050390,Xã Thành Thới B,44,Tỉnh Vĩnh Long,24364,Xã Thành Thới
22,Tỉnh Bến Tre,2070,Huyện Thạnh Phú,67606,Xã An Điền,44,Tỉnh Vĩnh Long,26156,Xã Thạnh Hải
22,Tỉnh Bến Tre,2070,Huyện Thạnh Phú,133142,Xã An Thạnh,44,Tỉnh Vĩnh Long,25644,Xã Thạnh Phú
22,Tỉnh Bến Tre,2070,Huyện Thạnh Phú,198678,Xã Đại Điền,44,Tỉnh Vĩnh Long,25132,Xã Đại Điền
22,Tỉnh Bến Tre,2070,Huyện Thạnh Phú,264214,Xã Hòa Lợi,44,Tỉnh Vĩnh Long,25388,Xã Quới Điền
22,Tỉnh Bến Tre,2070,Huyện Thạnh Phú,329750,Xã Mỹ An,44,Tỉnh Vĩnh Long,25644,Xã Thạnh Phú
22,Tỉnh Bến Tre,2070,Huyện Thạnh Phú,395286,Xã Mỹ Hưng,44,Tỉnh Vĩnh Long,25388,Xã Quới Điền
22,Tỉnh Bến Tre,2070,Huyện Thạnh Phú,460822,Xã Quới Điền,44,Tỉnh Vĩnh Long,25388,Xã Quới Điền
22,Tỉnh Bến Tre,2070,Huyện Thạnh Phú,526358,Xã Thạnh Hải,44,Tỉnh Vĩnh Long,26156,Xã Thạnh Hải
22,Tỉnh Bến Tre,2070,Huyện Thạnh Phú,591894,Xã Thới Thạnh,44,Tỉnh Vĩnh Long,25132,Xã Đại Điền
22,Tỉnh Bến Tre,2070,Huyện Thạnh Phú,657430,Xã Tân Phong,44,Tỉnh Vĩnh Long,25132,Xã Đại Điền
22,Tỉnh Bến Tre,2070,Huyện Thạnh Phú,722966,Xã Thạnh Phong,44,Tỉnh Vĩnh Long,26412,Xã Thạnh Phong
22,Tỉnh Bến Tre,2070,Huyện Thạnh Phú,788502,Thị Trấn Thạnh Phú,44,Tỉnh Vĩnh Long,25644,Xã Thạnh Phú
22,Tỉnh Bến Tre,2070,Huyện Thạnh Phú,854038,Xã An Nhơn,44,Tỉnh Vĩnh Long,25900,Xã An Qui
22,Tỉnh Bến Tre,2070,Huyện Thạnh Phú,919574,Xã An Quy,44,Tỉnh Vĩnh Long,25900,Xã An Qui
22,Tỉnh Bến Tre,2070,Huyện Thạnh Phú,985110,Xã An Thuận,44,Tỉnh Vĩnh Long,25900,Xã An Qui
22,Tỉnh Bến Tre,2070,Huyện Thạnh Phú,1050646,Xã Bình Thạnh,44,Tỉnh Vĩnh Long,25644,Xã Thạnh Phú
22,Tỉnh Bến Tre,2070,Huyện Thạnh Phú,1116182,Xã Giao Thạnh,44,Tỉnh Vĩnh Long,26412,Xã Thạnh Phong
22,Tỉnh Bến Tre,2070,Huyện Thạnh Phú,1181718,Xã Phú Khánh,44,Tỉnh Vĩnh Long,25132,Xã Đại Điền
22,Tỉnh Bến Tre,2326,Huyện Mỏ Cày Bắc,67862,Xã Thạnh Ngãi,44,Tỉnh Vĩnh Long,23084,Xã Phước Mỹ Trung
22,Tỉnh Bến Tre,2326,Huyện Mỏ Cày Bắc,133398,Xã Hưng Khánh Trung A,44,Tỉnh Vĩnh Long,22828,Xã Hưng Khánh Trung
22,Tỉnh Bến Tre,2326,Huyện Mỏ Cày Bắc,198934,Xã Phú Mỹ,44,Tỉnh Vĩnh Long,23084,Xã Phước Mỹ Trung
22,Tỉnh Bến Tre,2326,Huyện Mỏ Cày Bắc,264470,Xã Tân Bình,44,Tỉnh Vĩnh Long,23340,Xã Tân Thành Bình
22,Tỉnh Bến Tre,2326,Huyện Mỏ Cày Bắc,330006,Xã Tân Thanh Tây,44,Tỉnh Vĩnh Long,23596,Xã Nhuận Phú Tân
22,Tỉnh Bến Tre,2326,Huyện Mỏ Cày Bắc,395542,Xã Thành An,44,Tỉnh Vĩnh Long,23340,Xã Tân Thành Bình
22,Tỉnh Bến Tre,2326,Huyện Mỏ Cày Bắc,461078,Xã Thanh Tân,44,Tỉnh Vĩnh Long,20268,Phường Bến Tre
22,Tỉnh Bến Tre,2326,Huyện Mỏ Cày Bắc,526614,Xã Khánh Thạnh Tân,44,Tỉnh Vĩnh Long,23596,Xã Nhuận Phú Tân
22,Tỉnh Bến Tre,2326,Huyện Mỏ Cày Bắc,592150,Xã Nhuận Phú Tân,44,Tỉnh Vĩnh Long,23596,Xã Nhuận Phú Tân
22,Tỉnh Bến Tre,2326,Huyện Mỏ Cày Bắc,657686,Thị Trấn Phước Mỹ Trung,44,Tỉnh Vĩnh Long,23084,Xã Phước Mỹ Trung
22,Tỉnh Bến Tre,2326,Huyện Mỏ Cày Bắc,723222,Xã Tân Phú Tây,44,Tỉnh Vĩnh Long,23084,Xã Phước Mỹ Trung
22,Tỉnh Bến Tre,2326,Huyện Mỏ Cày Bắc,788758,Xã Tân Thành Bình,44,Tỉnh Vĩnh Long,23340,Xã Tân Thành Bình
22,Tỉnh Bến Tre,2326,Huyện Mỏ Cày Bắc,854294,Xã Hòa Lộc,44,Tỉnh Vĩnh Long,23340,Xã Tân Thành Bình
23,Tỉnh Bình Dương,279,Thành Phố Thủ Dầu Một,65815,Phường Định Hòa,12,Thành Phố Hồ Chí Minh,15628,Phường Chánh Hiệp
23,Tỉnh Bình Dương,279,Thành Phố Thủ Dầu Một,131351,Phường Hiệp An,12,Thành Phố Hồ Chí Minh,11276,Phường Phú An
23,Tỉnh Bình Dương,279,Thành Phố Thủ Dầu Một,131351,Phường Hiệp An,12,Thành Phố Hồ Chí Minh,15628,Phường Chánh Hiệp
23,Tỉnh Bình Dương,279,Thành Phố Thủ Dầu Một,196887,Phường Hiệp Thành,12,Thành Phố Hồ Chí Minh,12044,Phường Thủ Dầu Một
23,Tỉnh Bình Dương,279,Thành Phố Thủ Dầu Một,196887,Phường Hiệp Thành,12,Thành Phố Hồ Chí Minh,17420,Phường Phú Lợi
23,Tỉnh Bình Dương,279,Thành Phố Thủ Dầu Một,262423,Phường Hòa Phú,12,Thành Phố Hồ Chí Minh,41484,Phường Bình Dương
23,Tỉnh Bình Dương,279,Thành Phố Thủ Dầu Một,327959,Phường Chánh Nghĩa,12,Thành Phố Hồ Chí Minh,12044,Phường Thủ Dầu Một
23,Tỉnh Bình Dương,279,Thành Phố Thủ Dầu Một,393495,Phường Phú Cường,12,Thành Phố Hồ Chí Minh,12044,Phường Thủ Dầu Một
23,Tỉnh Bình Dương,279,Thành Phố Thủ Dầu Một,459031,Phường Phú Hòa,12,Thành Phố Hồ Chí Minh,17420,Phường Phú Lợi
23,Tỉnh Bình Dương,279,Thành Phố Thủ Dầu Một,524567,Phường Phú Lợi,12,Thành Phố Hồ Chí Minh,17420,Phường Phú Lợi
23,Tỉnh Bình Dương,279,Thành Phố Thủ Dầu Một,590103,Phường Phú Mỹ,12,Thành Phố Hồ Chí Minh,41484,Phường Bình Dương
23,Tỉnh Bình Dương,279,Thành Phố Thủ Dầu Một,655639,Phường Phú Tân,12,Thành Phố Hồ Chí Minh,41484,Phường Bình Dương
23,Tỉnh Bình Dương,279,Thành Phố Thủ Dầu Một,721175,Phường Phú Thọ,12,Thành Phố Hồ Chí Minh,12044,Phường Thủ Dầu Một
23,Tỉnh Bình Dương,279,Thành Phố Thủ Dầu Một,786711,Phường Chánh Mỹ,12,Thành Phố Hồ Chí Minh,12044,Phường Thủ Dầu Một
23,Tỉnh Bình Dương,279,Thành Phố Thủ Dầu Một,786711,Phường Chánh Mỹ,12,Thành Phố Hồ Chí Minh,15628,Phường Chánh Hiệp
23,Tỉnh Bình Dương,279,Thành Phố Thủ Dầu Một,852247,Phường Tương Bình Hiệp,12,Thành Phố Hồ Chí Minh,15628,Phường Chánh Hiệp
23,Tỉnh Bình Dương,279,Thành Phố Thủ Dầu Một,917783,Phường Tân An,12,Thành Phố Hồ Chí Minh,11276,Phường Phú An
23,Tỉnh Bình Dương,535,Thành Phố Bến Cát,66071,Phường Mỹ Phước,12,Thành Phố Hồ Chí Minh,13836,Phường Long Nguyên
23,Tỉnh Bình Dương,535,Thành Phố Bến Cát,66071,Phường Mỹ Phước,12,Thành Phố Hồ Chí Minh,14348,Phường Bến Cát
23,Tỉnh Bình Dương,535,Thành Phố Bến Cát,131607,Phường An Điền,12,Thành Phố Hồ Chí Minh,13836,Phường Long Nguyên
23,Tỉnh Bình Dương,535,Thành Phố Bến Cát,197143,Phường Chánh Phú Hòa,12,Thành Phố Hồ Chí Minh,42252,Phường Chánh Phú Hòa
23,Tỉnh Bình Dương,535,Thành Phố Bến Cát,262679,Phường Hòa Lợi,12,Thành Phố Hồ Chí Minh,41996,Phường Hòa Lợi
23,Tỉnh Bình Dương,535,Thành Phố Bến Cát,328215,Phường Tân Định,12,Thành Phố Hồ Chí Minh,41996,Phường Hòa Lợi
23,Tỉnh Bình Dương,535,Thành Phố Bến Cát,393751,Phường Thới Hòa,12,Thành Phố Hồ Chí Minh,15884,Phường Thới Hòa
23,Tỉnh Bình Dương,535,Thành Phố Bến Cát,459287,Phường An Tây,12,Thành Phố Hồ Chí Minh,16140,Phường Tây Nam
23,Tỉnh Bình Dương,535,Thành Phố Bến Cát,524823,Xã Phú An,12,Thành Phố Hồ Chí Minh,11276,Phường Phú An
23,Tỉnh Bình Dương,791,Thành Phố Tân Uyên,66327,Phường Tân Vĩnh Hiệp,12,Thành Phố Hồ Chí Minh,14860,Phường Tân Khánh
23,Tỉnh Bình Dương,791,Thành Phố Tân Uyên,131863,Xã Thạnh Hội,12,Thành Phố Hồ Chí Minh,14860,Phường Tân Khánh
23,Tỉnh Bình Dương,791,Thành Phố Tân Uyên,197399,Phường Thạnh Phước,12,Thành Phố Hồ Chí Minh,14860,Phường Tân Khánh
23,Tỉnh Bình Dương,791,Thành Phố Tân Uyên,262935,Phường Vĩnh Tân,12,Thành Phố Hồ Chí Minh,42508,Phường Vĩnh Tân
23,Tỉnh Bình Dương,791,Thành Phố Tân Uyên,328471,Phường Tân Phước Khánh,12,Thành Phố Hồ Chí Minh,14860,Phường Tân Khánh
23,Tỉnh Bình Dương,791,Thành Phố Tân Uyên,394007,Phường Thái Hòa,12,Thành Phố Hồ Chí Minh,14860,Phường Tân Khánh
23,Tỉnh Bình Dương,791,Thành Phố Tân Uyên,394007,Phường Thái Hòa,12,Thành Phố Hồ Chí Minh,17164,Phường Tân Đông Hiệp
23,Tỉnh Bình Dương,791,Thành Phố Tân Uyên,459543,Phường Uyên Hưng,12,Thành Phố Hồ Chí Minh,15116,Phường Tân Uyên
23,Tỉnh Bình Dương,791,Thành Phố Tân Uyên,525079,Xã Bạch Đằng,12,Thành Phố Hồ Chí Minh,15116,Phường Tân Uyên
23,Tỉnh Bình Dương,791,Thành Phố Tân Uyên,590615,Phường Hội Nghĩa,12,Thành Phố Hồ Chí Minh,40460,Phường Bình Cơ
23,Tỉnh Bình Dương,791,Thành Phố Tân Uyên,656151,Phường Khánh Bình,12,Thành Phố Hồ Chí Minh,41740,Phường Tân Hiệp
23,Tỉnh Bình Dương,791,Thành Phố Tân Uyên,721687,Phường Phú Chánh,12,Thành Phố Hồ Chí Minh,41484,Phường Bình Dương
23,Tỉnh Bình Dương,791,Thành Phố Tân Uyên,787223,Phường Tân Hiệp,12,Thành Phố Hồ Chí Minh,41740,Phường Tân Hiệp
23,Tỉnh Bình Dương,1047,Thành Phố Thuận An,66583,Phường Bình Chuẩn,12,Thành Phố Hồ Chí Minh,11532,Phường Thuận Giao
23,Tỉnh Bình Dương,1047,Thành Phố Thuận An,66583,Phường Bình Chuẩn,12,Thành Phố Hồ Chí Minh,12556,Phường An Phú
23,Tỉnh Bình Dương,1047,Thành Phố Thuận An,132119,Phường Bình Hòa,12,Thành Phố Hồ Chí Minh,11788,Phường Bình Hòa
23,Tỉnh Bình Dương,1047,Thành Phố Thuận An,197655,Phường Bình Nhâm,12,Thành Phố Hồ Chí Minh,12300,Phường Lái Thiêu
23,Tỉnh Bình Dương,1047,Thành Phố Thuận An,263191,Phường Hưng Định,12,Thành Phố Hồ Chí Minh,43020,Phường Thuận An
23,Tỉnh Bình Dương,1047,Thành Phố Thuận An,328727,Phường Thuận Giao,12,Thành Phố Hồ Chí Minh,11532,Phường Thuận Giao
23,Tỉnh Bình Dương,1047,Thành Phố Thuận An,394263,Phường Vĩnh Phú,12,Thành Phố Hồ Chí Minh,11788,Phường Bình Hòa
23,Tỉnh Bình Dương,1047,Thành Phố Thuận An,394263,Phường Vĩnh Phú,12,Thành Phố Hồ Chí Minh,12300,Phường Lái Thiêu
23,Tỉnh Bình Dương,1047,Thành Phố Thuận An,459799,Phường An Thạnh,12,Thành Phố Hồ Chí Minh,43020,Phường Thuận An
23,Tỉnh Bình Dương,1047,Thành Phố Thuận An,525335,Phường Lái Thiêu,12,Thành Phố Hồ Chí Minh,12300,Phường Lái Thiêu
23,Tỉnh Bình Dương,1047,Thành Phố Thuận An,590871,Phường An Phú,12,Thành Phố Hồ Chí Minh,12556,Phường An Phú
23,Tỉnh Bình Dương,1047,Thành Phố Thuận An,656407,Xã An Sơn,12,Thành Phố Hồ Chí Minh,43020,Phường Thuận An
23,Tỉnh Bình Dương,1303,Thành Phố Dĩ An,66839,Phường Dĩ An,12,Thành Phố Hồ Chí Minh,16908,Phường Dĩ An
23,Tỉnh Bình Dương,1303,Thành Phố Dĩ An,132375,Phường An Bình,12,Thành Phố Hồ Chí Minh,16908,Phường Dĩ An
23,Tỉnh Bình Dương,1303,Thành Phố Dĩ An,197911,Phường Bình Thắng,12,Thành Phố Hồ Chí Minh,42764,Phường Đông Hòa
23,Tỉnh Bình Dương,1303,Thành Phố Dĩ An,263447,Phường Bình An,12,Thành Phố Hồ Chí Minh,42764,Phường Đông Hòa
23,Tỉnh Bình Dương,1303,Thành Phố Dĩ An,328983,Phường Đông Hòa,12,Thành Phố Hồ Chí Minh,42764,Phường Đông Hòa
23,Tỉnh Bình Dương,1303,Thành Phố Dĩ An,394519,Phường Tân Bình,12,Thành Phố Hồ Chí Minh,17164,Phường Tân Đông Hiệp
23,Tỉnh Bình Dương,1303,Thành Phố Dĩ An,460055,Phường Tân Đông Hiệp,12,Thành Phố Hồ Chí Minh,16908,Phường Dĩ An
23,Tỉnh Bình Dương,1303,Thành Phố Dĩ An,460055,Phường Tân Đông Hiệp,12,Thành Phố Hồ Chí Minh,17164,Phường Tân Đông Hiệp
23,Tỉnh Bình Dương,1559,Huyện Dầu Tiếng,67095,Xã Thanh Tuyền,12,Thành Phố Hồ Chí Minh,16140,Phường Tây Nam
23,Tỉnh Bình Dương,1559,Huyện Dầu Tiếng,132631,Xã Minh Thạnh,12,Thành Phố Hồ Chí Minh,13068,Xã Long Hòa
23,Tỉnh Bình Dương,1559,Huyện Dầu Tiếng,132631,Xã Minh Thạnh,12,Thành Phố Hồ Chí Minh,13324,Xã Minh Thạnh
23,Tỉnh Bình Dương,1559,Huyện Dầu Tiếng,198167,Xã Định Thành,12,Thành Phố Hồ Chí Minh,14604,Xã Dầu Tiếng
23,Tỉnh Bình Dương,1559,Huyện Dầu Tiếng,263703,Xã Long Hòa,12,Thành Phố Hồ Chí Minh,13068,Xã Long Hòa
23,Tỉnh Bình Dương,1559,Huyện Dầu Tiếng,329239,Xã Long Tân,12,Thành Phố Hồ Chí Minh,13068,Xã Long Hòa
23,Tỉnh Bình Dương,1559,Huyện Dầu Tiếng,394775,Xã Minh Hòa,12,Thành Phố Hồ Chí Minh,13324,Xã Minh Thạnh
23,Tỉnh Bình Dương,1559,Huyện Dầu Tiếng,460311,Xã Minh Tân,12,Thành Phố Hồ Chí Minh,13068,Xã Long Hòa
23,Tỉnh Bình Dương,1559,Huyện Dầu Tiếng,460311,Xã Minh Tân,12,Thành Phố Hồ Chí Minh,13324,Xã Minh Thạnh
23,Tỉnh Bình Dương,1559,Huyện Dầu Tiếng,525847,Thị Trấn Dầu Tiếng,12,Thành Phố Hồ Chí Minh,14604,Xã Dầu Tiếng
23,Tỉnh Bình Dương,1559,Huyện Dầu Tiếng,591383,Xã An Lập,12,Thành Phố Hồ Chí Minh,16140,Phường Tây Nam
23,Tỉnh Bình Dương,1559,Huyện Dầu Tiếng,591383,Xã An Lập,12,Thành Phố Hồ Chí Minh,16396,Xã Thanh An
23,Tỉnh Bình Dương,1559,Huyện Dầu Tiếng,656919,Xã Định An,12,Thành Phố Hồ Chí Minh,14604,Xã Dầu Tiếng
23,Tỉnh Bình Dương,1559,Huyện Dầu Tiếng,722455,Xã Định Hiệp,12,Thành Phố Hồ Chí Minh,14604,Xã Dầu Tiếng
23,Tỉnh Bình Dương,1559,Huyện Dầu Tiếng,722455,Xã Định Hiệp,12,Thành Phố Hồ Chí Minh,16396,Xã Thanh An
23,Tỉnh Bình Dương,1559,Huyện Dầu Tiếng,787991,Xã Thanh An,12,Thành Phố Hồ Chí Minh,16396,Xã Thanh An
23,Tỉnh Bình Dương,1815,Huyện Phú Giáo,67351,Thị Trấn Phước Vĩnh,12,Thành Phố Hồ Chí Minh,5388,Xã Phú Giáo
23,Tỉnh Bình Dương,1815,Huyện Phú Giáo,132887,Xã An Bình,12,Thành Phố Hồ Chí Minh,5388,Xã Phú Giáo
23,Tỉnh Bình Dương,1815,Huyện Phú Giáo,198423,Xã An Linh,12,Thành Phố Hồ Chí Minh,40972,Xã An Long
23,Tỉnh Bình Dương,1815,Huyện Phú Giáo,263959,Xã An Long,12,Thành Phố Hồ Chí Minh,40972,Xã An Long
23,Tỉnh Bình Dương,1815,Huyện Phú Giáo,329495,Xã An Thái,12,Thành Phố Hồ Chí Minh,41228,Xã Phước Thành
23,Tỉnh Bình Dương,1815,Huyện Phú Giáo,395031,Xã Phước Hòa,12,Thành Phố Hồ Chí Minh,15372,Xã Phước Hòa
23,Tỉnh Bình Dương,1815,Huyện Phú Giáo,460567,Xã Phước Sang,12,Thành Phố Hồ Chí Minh,41228,Xã Phước Thành
23,Tỉnh Bình Dương,1815,Huyện Phú Giáo,526103,Xã Tam Lập,12,Thành Phố Hồ Chí Minh,5388,Xã Phú Giáo
23,Tỉnh Bình Dương,1815,Huyện Phú Giáo,526103,Xã Tam Lập,12,Thành Phố Hồ Chí Minh,15372,Xã Phước Hòa
23,Tỉnh Bình Dương,1815,Huyện Phú Giáo,591639,Xã Tân Hiệp,12,Thành Phố Hồ Chí Minh,41228,Xã Phước Thành
23,Tỉnh Bình Dương,1815,Huyện Phú Giáo,657175,Xã Tân Long,12,Thành Phố Hồ Chí Minh,40972,Xã An Long
23,Tỉnh Bình Dương,1815,Huyện Phú Giáo,722711,Xã Vĩnh Hòa,12,Thành Phố Hồ Chí Minh,15372,Xã Phước Hòa
23,Tỉnh Bình Dương,2071,Huyện Bàu Bàng,67607,Xã Tân Hưng,12,Thành Phố Hồ Chí Minh,14348,Phường Bến Cát
23,Tỉnh Bình Dương,2071,Huyện Bàu Bàng,133143,Xã Cây Trường 2,12,Thành Phố Hồ Chí Minh,14092,Xã Trừ Văn Thố
23,Tỉnh Bình Dương,2071,Huyện Bàu Bàng,198679,Xã Hưng Hòa,12,Thành Phố Hồ Chí Minh,42252,Phường Chánh Phú Hòa
23,Tỉnh Bình Dương,2071,Huyện Bàu Bàng,264215,Xã Lai Hưng,12,Thành Phố Hồ Chí Minh,14348,Phường Bến Cát
23,Tỉnh Bình Dương,2071,Huyện Bàu Bàng,329751,Xã Long Nguyên,12,Thành Phố Hồ Chí Minh,13836,Phường Long Nguyên
23,Tỉnh Bình Dương,2071,Huyện Bàu Bàng,395287,Xã Trừ Văn Thố,12,Thành Phố Hồ Chí Minh,14092,Xã Trừ Văn Thố
23,Tỉnh Bình Dương,2071,Huyện Bàu Bàng,460823,Thị Trấn Lai Uyên,12,Thành Phố Hồ Chí Minh,14092,Xã Trừ Văn Thố
23,Tỉnh Bình Dương,2071,Huyện Bàu Bàng,460823,Thị Trấn Lai Uyên,12,Thành Phố Hồ Chí Minh,33292,Xã Bàu Bàng
23,Tỉnh Bình Dương,2327,Huyện Bắc Tân Uyên,67863,Xã Lạc An,12,Thành Phố Hồ Chí Minh,5900,Xã Thường Tân
23,Tỉnh Bình Dương,2327,Huyện Bắc Tân Uyên,133399,Xã Hiếu Liêm,12,Thành Phố Hồ Chí Minh,5900,Xã Thường Tân
23,Tỉnh Bình Dương,2327,Huyện Bắc Tân Uyên,198935,Xã Thường Tân,12,Thành Phố Hồ Chí Minh,5900,Xã Thường Tân
23,Tỉnh Bình Dương,2327,Huyện Bắc Tân Uyên,264471,Xã Bình Mỹ,12,Thành Phố Hồ Chí Minh,40460,Phường Bình Cơ
23,Tỉnh Bình Dương,2327,Huyện Bắc Tân Uyên,330007,Xã Đất Cuốc,12,Thành Phố Hồ Chí Minh,40716,Xã Bắc Tân Uyên
23,Tỉnh Bình Dương,2327,Huyện Bắc Tân Uyên,395543,Thị Trấn Tân Bình,12,Thành Phố Hồ Chí Minh,42508,Phường Vĩnh Tân
23,Tỉnh Bình Dương,2327,Huyện Bắc Tân Uyên,461079,Xã Tân Định,12,Thành Phố Hồ Chí Minh,40716,Xã Bắc Tân Uyên
23,Tỉnh Bình Dương,2327,Huyện Bắc Tân Uyên,526615,Xã Tân Lập,12,Thành Phố Hồ Chí Minh,15116,Phường Tân Uyên
23,Tỉnh Bình Dương,2327,Huyện Bắc Tân Uyên,592151,Xã Tân Mỹ,12,Thành Phố Hồ Chí Minh,5900,Xã Thường Tân
23,Tỉnh Bình Dương,2327,Huyện Bắc Tân Uyên,592151,Xã Tân Mỹ,12,Thành Phố Hồ Chí Minh,15116,Phường Tân Uyên
23,Tỉnh Bình Dương,2327,Huyện Bắc Tân Uyên,657687,Thị Trấn Tân Thành,12,Thành Phố Hồ Chí Minh,40716,Xã Bắc Tân Uyên
24,Tỉnh Bình Định,280,Thành Phố Quy Nhơn,65816,Xã Nhơn Hải,25,Tỉnh Gia Lai,3353,Phường Quy Nhơn Đông
24,Tỉnh Bình Định,280,Thành Phố Quy Nhơn,327960,Phường Bùi Thị Xuân,25,Tỉnh Gia Lai,23577,Phường Quy Nhơn Tây
24,Tỉnh Bình Định,280,Thành Phố Quy Nhơn,393496,Phường Đống Đa,25,Tỉnh Gia Lai,23321,Phường Quy Nhơn
24,Tỉnh Bình Định,280,Thành Phố Quy Nhơn,459032,Phường Ghềnh Ráng,25,Tỉnh Gia Lai,23833,Phường Quy Nhơn Nam
24,Tỉnh Bình Định,280,Thành Phố Quy Nhơn,524568,Phường Hải Cảng,25,Tỉnh Gia Lai,23321,Phường Quy Nhơn
24,Tỉnh Bình Định,280,Thành Phố Quy Nhơn,590104,Phường Ngô Mây,25,Tỉnh Gia Lai,23833,Phường Quy Nhơn Nam
24,Tỉnh Bình Định,280,Thành Phố Quy Nhơn,655640,Phường Nguyễn Văn Cừ,25,Tỉnh Gia Lai,23833,Phường Quy Nhơn Nam
24,Tỉnh Bình Định,280,Thành Phố Quy Nhơn,721176,Phường Nhơn Bình,25,Tỉnh Gia Lai,3353,Phường Quy Nhơn Đông
24,Tỉnh Bình Định,280,Thành Phố Quy Nhơn,786712,Phường Nhơn Phú,25,Tỉnh Gia Lai,24089,Phường Quy Nhơn Bắc
24,Tỉnh Bình Định,280,Thành Phố Quy Nhơn,852248,Phường Quang Trung,25,Tỉnh Gia Lai,23833,Phường Quy Nhơn Nam
24,Tỉnh Bình Định,280,Thành Phố Quy Nhơn,917784,Phường Thị Nại,25,Tỉnh Gia Lai,23321,Phường Quy Nhơn
24,Tỉnh Bình Định,280,Thành Phố Quy Nhơn,1048856,Phường Trần Phú,25,Tỉnh Gia Lai,23321,Phường Quy Nhơn
24,Tỉnh Bình Định,280,Thành Phố Quy Nhơn,1114392,Phường Trần Quang Diệu,25,Tỉnh Gia Lai,24089,Phường Quy Nhơn Bắc
24,Tỉnh Bình Định,280,Thành Phố Quy Nhơn,1179928,Xã Nhơn Hội,25,Tỉnh Gia Lai,3353,Phường Quy Nhơn Đông
24,Tỉnh Bình Định,280,Thành Phố Quy Nhơn,1245464,Xã Nhơn Lý,25,Tỉnh Gia Lai,3353,Phường Quy Nhơn Đông
24,Tỉnh Bình Định,280,Thành Phố Quy Nhơn,1311000,Xã Phước Mỹ,25,Tỉnh Gia Lai,23577,Phường Quy Nhơn Tây
24,Tỉnh Bình Định,280,Thành Phố Quy Nhơn,1376536,Xã Nhơn Châu,25,Tỉnh Gia Lai,537,Xã Nhơn Châu
24,Tỉnh Bình Định,536,Thị Xã An Nhơn,66072,Xã Nhơn Thọ,25,Tỉnh Gia Lai,25369,Phường An Nhơn Nam
24,Tỉnh Bình Định,536,Thị Xã An Nhơn,131608,Xã Nhơn Phúc,25,Tỉnh Gia Lai,24345,Phường Bình Định
24,Tỉnh Bình Định,536,Thị Xã An Nhơn,197144,Xã Nhơn Tân,25,Tỉnh Gia Lai,25113,Xã An Nhơn Tây
24,Tỉnh Bình Định,536,Thị Xã An Nhơn,262680,Phường Nhơn Thành,25,Tỉnh Gia Lai,25625,Phường An Nhơn Bắc
24,Tỉnh Bình Định,536,Thị Xã An Nhơn,328216,Phường Bình Định,25,Tỉnh Gia Lai,24345,Phường Bình Định
24,Tỉnh Bình Định,536,Thị Xã An Nhơn,393752,Phường Đập Đá,25,Tỉnh Gia Lai,24601,Phường An Nhơn
24,Tỉnh Bình Định,536,Thị Xã An Nhơn,459288,Xã Nhơn An,25,Tỉnh Gia Lai,24857,Phường An Nhơn Đông
24,Tỉnh Bình Định,536,Thị Xã An Nhơn,524824,Xã Nhơn Hạnh,25,Tỉnh Gia Lai,25625,Phường An Nhơn Bắc
24,Tỉnh Bình Định,536,Thị Xã An Nhơn,590360,Xã Nhơn Hậu,25,Tỉnh Gia Lai,24601,Phường An Nhơn
24,Tỉnh Bình Định,536,Thị Xã An Nhơn,655896,Phường Nhơn Hòa,25,Tỉnh Gia Lai,25369,Phường An Nhơn Nam
24,Tỉnh Bình Định,536,Thị Xã An Nhơn,721432,Phường Nhơn Hưng,25,Tỉnh Gia Lai,24857,Phường An Nhơn Đông
24,Tỉnh Bình Định,536,Thị Xã An Nhơn,786968,Xã Nhơn Lộc,25,Tỉnh Gia Lai,25113,Xã An Nhơn Tây
24,Tỉnh Bình Định,536,Thị Xã An Nhơn,852504,Xã Nhơn Mỹ,25,Tỉnh Gia Lai,24601,Phường An Nhơn
24,Tỉnh Bình Định,536,Thị Xã An Nhơn,918040,Xã Nhơn Phong,25,Tỉnh Gia Lai,25625,Phường An Nhơn Bắc
24,Tỉnh Bình Định,536,Thị Xã An Nhơn,983576,Xã Nhơn Khánh,25,Tỉnh Gia Lai,24345,Phường Bình Định
24,Tỉnh Bình Định,792,Huyện An Lão,66328,Xã An Dũng,25,Tỉnh Gia Lai,34585,Xã An Vinh
24,Tỉnh Bình Định,792,Huyện An Lão,131864,Xã An Hưng,25,Tỉnh Gia Lai,34329,Xã An Lão
24,Tỉnh Bình Định,792,Huyện An Lão,197400,Xã An Nghĩa,25,Tỉnh Gia Lai,793,Xã An Toàn
24,Tỉnh Bình Định,792,Huyện An Lão,197400,Xã An Nghĩa,25,Tỉnh Gia Lai,2841,Xã An Hòa
24,Tỉnh Bình Định,792,Huyện An Lão,262936,Xã An Quang,25,Tỉnh Gia Lai,2841,Xã An Hòa
24,Tỉnh Bình Định,792,Huyện An Lão,328472,Xã An Vinh,25,Tỉnh Gia Lai,34585,Xã An Vinh
24,Tỉnh Bình Định,792,Huyện An Lão,394008,Xã An Toàn,25,Tỉnh Gia Lai,793,Xã An Toàn
24,Tỉnh Bình Định,792,Huyện An Lão,459544,Xã An Trung,25,Tỉnh Gia Lai,34585,Xã An Vinh
24,Tỉnh Bình Định,792,Huyện An Lão,525080,Thị Trấn An Lão,25,Tỉnh Gia Lai,34329,Xã An Lão
24,Tỉnh Bình Định,792,Huyện An Lão,590616,Xã An Hòa,25,Tỉnh Gia Lai,2841,Xã An Hòa
24,Tỉnh Bình Định,792,Huyện An Lão,656152,Xã An Tân,25,Tỉnh Gia Lai,34329,Xã An Lão
24,Tỉnh Bình Định,1048,Huyện Hoài Ân,66584,Xã Bok Tới,25,Tỉnh Gia Lai,32537,Xã Kim Sơn
24,Tỉnh Bình Định,1048,Huyện Hoài Ân,132120,Xã Đak Mang,25,Tỉnh Gia Lai,32281,Xã Ân Tường
24,Tỉnh Bình Định,1048,Huyện Hoài Ân,197656,Xã Ân Sơn,25,Tỉnh Gia Lai,32793,Xã Vạn Đức
24,Tỉnh Bình Định,1048,Huyện Hoài Ân,263192,Xã Ân Hảo Đông,25,Tỉnh Gia Lai,33049,Xã Ân Hảo
24,Tỉnh Bình Định,1048,Huyện Hoài Ân,328728,Thị Trấn Tăng Bạt Hổ,25,Tỉnh Gia Lai,32025,Xã Hoài Ân
24,Tỉnh Bình Định,1048,Huyện Hoài Ân,394264,Xã Ân Đức,25,Tỉnh Gia Lai,32025,Xã Hoài Ân
24,Tỉnh Bình Định,1048,Huyện Hoài Ân,459800,Xã Ân Thạnh,25,Tỉnh Gia Lai,32793,Xã Vạn Đức
24,Tỉnh Bình Định,1048,Huyện Hoài Ân,525336,Xã Ân Tín,25,Tỉnh Gia Lai,32793,Xã Vạn Đức
24,Tỉnh Bình Định,1048,Huyện Hoài Ân,590872,Xã Ân Tường Đông,25,Tỉnh Gia Lai,32025,Xã Hoài Ân
24,Tỉnh Bình Định,1048,Huyện Hoài Ân,656408,Xã Ân Hảo Tây,25,Tỉnh Gia Lai,33049,Xã Ân Hảo
24,Tỉnh Bình Định,1048,Huyện Hoài Ân,721944,Xã Ân Hữu,25,Tỉnh Gia Lai,32281,Xã Ân Tường
24,Tỉnh Bình Định,1048,Huyện Hoài Ân,787480,Xã Ân Mỹ,25,Tỉnh Gia Lai,33049,Xã Ân Hảo
24,Tỉnh Bình Định,1048,Huyện Hoài Ân,853016,Xã Ân Nghĩa,25,Tỉnh Gia Lai,32537,Xã Kim Sơn
24,Tỉnh Bình Định,1048,Huyện Hoài Ân,918552,Xã Ân Phong,25,Tỉnh Gia Lai,32025,Xã Hoài Ân
24,Tỉnh Bình Định,1048,Huyện Hoài Ân,984088,Xã Ân Tường Tây,25,Tỉnh Gia Lai,32281,Xã Ân Tường
24,Tỉnh Bình Định,1304,Thị Xã Hoài Nhơn,66840,Xã Hoài Châu,25,Tỉnh Gia Lai,26393,Phường Tam Quan
24,Tỉnh Bình Định,1304,Thị Xã Hoài Nhơn,132376,Xã Hoài Hải,25,Tỉnh Gia Lai,26649,Phường Hoài Nhơn Đông
24,Tỉnh Bình Định,1304,Thị Xã Hoài Nhơn,197912,Phường Hoài Thanh Tây,25,Tỉnh Gia Lai,26137,Phường Hoài Nhơn
24,Tỉnh Bình Định,1304,Thị Xã Hoài Nhơn,263448,Phường Hoài Xuân,25,Tỉnh Gia Lai,27161,Phường Hoài Nhơn Nam
24,Tỉnh Bình Định,1304,Thị Xã Hoài Nhơn,328984,Phường Bồng Sơn,25,Tỉnh Gia Lai,25881,Phường Bồng Sơn
24,Tỉnh Bình Định,1304,Thị Xã Hoài Nhơn,394520,Phường Tam Quan,25,Tỉnh Gia Lai,26393,Phường Tam Quan
24,Tỉnh Bình Định,1304,Thị Xã Hoài Nhơn,460056,Xã Hoài Châu Bắc,25,Tỉnh Gia Lai,27417,Phường Hoài Nhơn Bắc
24,Tỉnh Bình Định,1304,Thị Xã Hoài Nhơn,525592,Phường Hoài Đức,25,Tỉnh Gia Lai,25881,Phường Bồng Sơn
24,Tỉnh Bình Định,1304,Thị Xã Hoài Nhơn,591128,Phường Hoài Hương,25,Tỉnh Gia Lai,26649,Phường Hoài Nhơn Đông
24,Tỉnh Bình Định,1304,Thị Xã Hoài Nhơn,656664,Xã Hoài Mỹ,25,Tỉnh Gia Lai,26649,Phường Hoài Nhơn Đông
24,Tỉnh Bình Định,1304,Thị Xã Hoài Nhơn,722200,Xã Hoài Phú,25,Tỉnh Gia Lai,26905,Phường Hoài Nhơn Tây
24,Tỉnh Bình Định,1304,Thị Xã Hoài Nhơn,787736,Xã Hoài Sơn,25,Tỉnh Gia Lai,27417,Phường Hoài Nhơn Bắc
24,Tỉnh Bình Định,1304,Thị Xã Hoài Nhơn,853272,Phường Hoài Tân,25,Tỉnh Gia Lai,27161,Phường Hoài Nhơn Nam
24,Tỉnh Bình Định,1304,Thị Xã Hoài Nhơn,918808,Phường Hoài Thanh,25,Tỉnh Gia Lai,26137,Phường Hoài Nhơn
24,Tỉnh Bình Định,1304,Thị Xã Hoài Nhơn,984344,Phường Tam Quan Bắc,25,Tỉnh Gia Lai,27417,Phường Hoài Nhơn Bắc
24,Tỉnh Bình Định,1304,Thị Xã Hoài Nhơn,1049880,Phường Tam Quan Nam,25,Tỉnh Gia Lai,26137,Phường Hoài Nhơn
24,Tỉnh Bình Định,1304,Thị Xã Hoài Nhơn,1115416,Phường Hoài Hảo,25,Tỉnh Gia Lai,26905,Phường Hoài Nhơn Tây
24,Tỉnh Bình Định,1560,Huyện Phù Cát,67096,Xã Cát Chánh,25,Tỉnh Gia Lai,22297,Xã Ngô Mây
24,Tỉnh Bình Định,1560,Huyện Phù Cát,132632,Xã Cát Hải,25,Tỉnh Gia Lai,22553,Xã Cát Tiến
24,Tỉnh Bình Định,1560,Huyện Phù Cát,198168,Xã Cát Hưng,25,Tỉnh Gia Lai,22297,Xã Ngô Mây
24,Tỉnh Bình Định,1560,Huyện Phù Cát,263704,Xã Cát Thắng,25,Tỉnh Gia Lai,22297,Xã Ngô Mây
24,Tỉnh Bình Định,1560,Huyện Phù Cát,329240,Thị Trấn Ngô Mây,25,Tỉnh Gia Lai,27673,Xã Phù Cát
24,Tỉnh Bình Định,1560,Huyện Phù Cát,394776,Xã Cát Hanh,25,Tỉnh Gia Lai,23065,Xã Hòa Hội
24,Tỉnh Bình Định,1560,Huyện Phù Cát,460312,Xã Cát Hiệp,25,Tỉnh Gia Lai,23065,Xã Hòa Hội
24,Tỉnh Bình Định,1560,Huyện Phù Cát,525848,Thị Trấn Cát Khánh,25,Tỉnh Gia Lai,22809,Xã Đề Gi
24,Tỉnh Bình Định,1560,Huyện Phù Cát,591384,Xã Cát Lâm,25,Tỉnh Gia Lai,28185,Xã Hội Sơn
24,Tỉnh Bình Định,1560,Huyện Phù Cát,656920,Xã Cát Minh,25,Tỉnh Gia Lai,22809,Xã Đề Gi
24,Tỉnh Bình Định,1560,Huyện Phù Cát,722456,Xã Cát Nhơn,25,Tỉnh Gia Lai,27929,Xã Xuân An
24,Tỉnh Bình Định,1560,Huyện Phù Cát,787992,Xã Cát Sơn,25,Tỉnh Gia Lai,28185,Xã Hội Sơn
24,Tỉnh Bình Định,1560,Huyện Phù Cát,853528,Xã Cát Tài,25,Tỉnh Gia Lai,22809,Xã Đề Gi
24,Tỉnh Bình Định,1560,Huyện Phù Cát,919064,Xã Cát Tân,25,Tỉnh Gia Lai,27673,Xã Phù Cát
24,Tỉnh Bình Định,1560,Huyện Phù Cát,984600,Xã Cát Thành,25,Tỉnh Gia Lai,22553,Xã Cát Tiến
24,Tỉnh Bình Định,1560,Huyện Phù Cát,1050136,Thị Trấn Cát Tiến,25,Tỉnh Gia Lai,22553,Xã Cát Tiến
24,Tỉnh Bình Định,1560,Huyện Phù Cát,1115672,Xã Cát Trinh,25,Tỉnh Gia Lai,27673,Xã Phù Cát
24,Tỉnh Bình Định,1560,Huyện Phù Cát,1181208,Xã Cát Tường,25,Tỉnh Gia Lai,27929,Xã Xuân An
24,Tỉnh Bình Định,1816,Huyện Phù Mỹ,67352,Xã Mỹ Chánh,25,Tỉnh Gia Lai,28697,Xã An Lương
24,Tỉnh Bình Định,1816,Huyện Phù Mỹ,132888,Xã Mỹ Chánh Tây,25,Tỉnh Gia Lai,28441,Xã Phù Mỹ
24,Tỉnh Bình Định,1816,Huyện Phù Mỹ,198424,Xã Mỹ Châu,25,Tỉnh Gia Lai,29721,Xã Phù Mỹ Bắc
24,Tỉnh Bình Định,1816,Huyện Phù Mỹ,263960,Thị Trấn Bình Dương,25,Tỉnh Gia Lai,28953,Xã Bình Dương
24,Tỉnh Bình Định,1816,Huyện Phù Mỹ,329496,Thị Trấn Phù Mỹ,25,Tỉnh Gia Lai,28441,Xã Phù Mỹ
24,Tỉnh Bình Định,1816,Huyện Phù Mỹ,395032,Xã Mỹ Đức,25,Tỉnh Gia Lai,29721,Xã Phù Mỹ Bắc
24,Tỉnh Bình Định,1816,Huyện Phù Mỹ,460568,Xã Mỹ Hiệp,25,Tỉnh Gia Lai,29465,Xã Phù Mỹ Nam
24,Tỉnh Bình Định,1816,Huyện Phù Mỹ,526104,Xã Mỹ An,25,Tỉnh Gia Lai,3097,Xã Phù Mỹ Đông
24,Tỉnh Bình Định,1816,Huyện Phù Mỹ,591640,Xã Mỹ Cát,25,Tỉnh Gia Lai,28697,Xã An Lương
24,Tỉnh Bình Định,1816,Huyện Phù Mỹ,657176,Xã Mỹ Hòa,25,Tỉnh Gia Lai,29209,Xã Phù Mỹ Tây
24,Tỉnh Bình Định,1816,Huyện Phù Mỹ,722712,Xã Mỹ Lộc,25,Tỉnh Gia Lai,29721,Xã Phù Mỹ Bắc
24,Tỉnh Bình Định,1816,Huyện Phù Mỹ,788248,Xã Mỹ Lợi,25,Tỉnh Gia Lai,28953,Xã Bình Dương
24,Tỉnh Bình Định,1816,Huyện Phù Mỹ,853784,Xã Mỹ Phong,25,Tỉnh Gia Lai,28953,Xã Bình Dương
24,Tỉnh Bình Định,1816,Huyện Phù Mỹ,919320,Xã Mỹ Quang,25,Tỉnh Gia Lai,28441,Xã Phù Mỹ
24,Tỉnh Bình Định,1816,Huyện Phù Mỹ,984856,Xã Mỹ Tài,25,Tỉnh Gia Lai,29465,Xã Phù Mỹ Nam
24,Tỉnh Bình Định,1816,Huyện Phù Mỹ,1050392,Xã Mỹ Thắng,25,Tỉnh Gia Lai,3097,Xã Phù Mỹ Đông
24,Tỉnh Bình Định,1816,Huyện Phù Mỹ,1115928,Xã Mỹ Thành,25,Tỉnh Gia Lai,28697,Xã An Lương
24,Tỉnh Bình Định,1816,Huyện Phù Mỹ,1181464,Xã Mỹ Thọ,25,Tỉnh Gia Lai,3097,Xã Phù Mỹ Đông
24,Tỉnh Bình Định,1816,Huyện Phù Mỹ,1247000,Xã Mỹ Trinh,25,Tỉnh Gia Lai,29209,Xã Phù Mỹ Tây
24,Tỉnh Bình Định,2072,Huyện Tây Sơn,67608,Xã Bình Hòa,25,Tỉnh Gia Lai,31769,Xã Bình An
24,Tỉnh Bình Định,2072,Huyện Tây Sơn,133144,Xã Vĩnh An,25,Tỉnh Gia Lai,31257,Xã Bình Phú
24,Tỉnh Bình Định,2072,Huyện Tây Sơn,198680,Xã Bình Nghi,25,Tỉnh Gia Lai,3609,Xã Tây Sơn
24,Tỉnh Bình Định,2072,Huyện Tây Sơn,264216,Xã Bình Tân,25,Tỉnh Gia Lai,31513,Xã Bình Hiệp
24,Tỉnh Bình Định,2072,Huyện Tây Sơn,329752,Xã Bình Thành,25,Tỉnh Gia Lai,31769,Xã Bình An
24,Tỉnh Bình Định,2072,Huyện Tây Sơn,395288,Thị Trấn Phú Phong,25,Tỉnh Gia Lai,3609,Xã Tây Sơn
24,Tỉnh Bình Định,2072,Huyện Tây Sơn,460824,Xã Bình Thuận,25,Tỉnh Gia Lai,31513,Xã Bình Hiệp
24,Tỉnh Bình Định,2072,Huyện Tây Sơn,526360,Xã Bình Tường,25,Tỉnh Gia Lai,31257,Xã Bình Phú
24,Tỉnh Bình Định,2072,Huyện Tây Sơn,591896,Xã Tây An,25,Tỉnh Gia Lai,31513,Xã Bình Hiệp
24,Tỉnh Bình Định,2072,Huyện Tây Sơn,657432,Xã Tây Bình,25,Tỉnh Gia Lai,31769,Xã Bình An
24,Tỉnh Bình Định,2072,Huyện Tây Sơn,722968,Xã Tây Giang,25,Tỉnh Gia Lai,31001,Xã Bình Khê
24,Tỉnh Bình Định,2072,Huyện Tây Sơn,788504,Xã Tây Phú,25,Tỉnh Gia Lai,31257,Xã Bình Phú
24,Tỉnh Bình Định,2072,Huyện Tây Sơn,854040,Xã Tây Thuận,25,Tỉnh Gia Lai,31001,Xã Bình Khê
24,Tỉnh Bình Định,2072,Huyện Tây Sơn,919576,Xã Tây Vinh,25,Tỉnh Gia Lai,31769,Xã Bình An
24,Tỉnh Bình Định,2072,Huyện Tây Sơn,985112,Xã Tây Xuân,25,Tỉnh Gia Lai,3609,Xã Tây Sơn
24,Tỉnh Bình Định,2328,Huyện Tuy Phước,67864,Xã Phước Thành,25,Tỉnh Gia Lai,30489,Xã Tuy Phước Tây
24,Tỉnh Bình Định,2328,Huyện Tuy Phước,133400,Xã Phước Thuận,25,Tỉnh Gia Lai,29977,Xã Tuy Phước
24,Tỉnh Bình Định,2328,Huyện Tuy Phước,198936,Xã Phước Hòa,25,Tỉnh Gia Lai,30233,Xã Tuy Phước Đông
24,Tỉnh Bình Định,2328,Huyện Tuy Phước,264472,Xã Phước Hưng,25,Tỉnh Gia Lai,30745,Xã Tuy Phước Bắc
24,Tỉnh Bình Định,2328,Huyện Tuy Phước,330008,Xã Phước Lộc,25,Tỉnh Gia Lai,29977,Xã Tuy Phước
24,Tỉnh Bình Định,2328,Huyện Tuy Phước,395544,Thị Trấn Diêu Trì,25,Tỉnh Gia Lai,29977,Xã Tuy Phước
24,Tỉnh Bình Định,2328,Huyện Tuy Phước,461080,Thị Trấn Tuy Phước,25,Tỉnh Gia Lai,29977,Xã Tuy Phước
24,Tỉnh Bình Định,2328,Huyện Tuy Phước,526616,Xã Phước An,25,Tỉnh Gia Lai,30489,Xã Tuy Phước Tây
24,Tỉnh Bình Định,2328,Huyện Tuy Phước,592152,Xã Phước Hiệp,25,Tỉnh Gia Lai,30745,Xã Tuy Phước Bắc
24,Tỉnh Bình Định,2328,Huyện Tuy Phước,657688,Xã Phước Nghĩa,25,Tỉnh Gia Lai,29977,Xã Tuy Phước
24,Tỉnh Bình Định,2328,Huyện Tuy Phước,723224,Xã Phước Quang,25,Tỉnh Gia Lai,30745,Xã Tuy Phước Bắc
24,Tỉnh Bình Định,2328,Huyện Tuy Phước,788760,Xã Phước Sơn,25,Tỉnh Gia Lai,30233,Xã Tuy Phước Đông
24,Tỉnh Bình Định,2328,Huyện Tuy Phước,854296,Xã Phước Thắng,25,Tỉnh Gia Lai,30233,Xã Tuy Phước Đông
24,Tỉnh Bình Định,2584,Huyện Vân Canh,68120,Xã Canh Hòa,25,Tỉnh Gia Lai,1049,Xã Vân Canh
24,Tỉnh Bình Định,2584,Huyện Vân Canh,133656,Xã Canh Liên,25,Tỉnh Gia Lai,281,Xã Canh Liên
24,Tỉnh Bình Định,2584,Huyện Vân Canh,199192,Xã Canh Hiệp,25,Tỉnh Gia Lai,1049,Xã Vân Canh
24,Tỉnh Bình Định,2584,Huyện Vân Canh,199192,Xã Canh Hiệp,25,Tỉnh Gia Lai,2585,Xã Canh Vinh
24,Tỉnh Bình Định,2584,Huyện Vân Canh,264728,Xã Canh Thuận,25,Tỉnh Gia Lai,1049,Xã Vân Canh
24,Tỉnh Bình Định,2584,Huyện Vân Canh,330264,Thị Trấn Vân Canh,25,Tỉnh Gia Lai,1049,Xã Vân Canh
24,Tỉnh Bình Định,2584,Huyện Vân Canh,395800,Xã Canh Hiển,25,Tỉnh Gia Lai,2585,Xã Canh Vinh
24,Tỉnh Bình Định,2584,Huyện Vân Canh,461336,Xã Canh Vinh,25,Tỉnh Gia Lai,2585,Xã Canh Vinh
24,Tỉnh Bình Định,2840,Huyện Vĩnh Thạnh,68376,Xã Vĩnh Hiệp,25,Tỉnh Gia Lai,33561,Xã Vĩnh Thịnh
24,Tỉnh Bình Định,2840,Huyện Vĩnh Thạnh,133912,Xã Vĩnh Hòa,25,Tỉnh Gia Lai,33817,Xã Vĩnh Quang
24,Tỉnh Bình Định,2840,Huyện Vĩnh Thạnh,199448,Xã Vĩnh Kim,25,Tỉnh Gia Lai,34073,Xã Vĩnh Sơn
24,Tỉnh Bình Định,2840,Huyện Vĩnh Thạnh,264984,Xã Vĩnh Quang,25,Tỉnh Gia Lai,33817,Xã Vĩnh Quang
24,Tỉnh Bình Định,2840,Huyện Vĩnh Thạnh,330520,Xã Vĩnh Thịnh,25,Tỉnh Gia Lai,33561,Xã Vĩnh Thịnh
24,Tỉnh Bình Định,2840,Huyện Vĩnh Thạnh,396056,Xã Vĩnh Thuận,25,Tỉnh Gia Lai,33817,Xã Vĩnh Quang
24,Tỉnh Bình Định,2840,Huyện Vĩnh Thạnh,461592,Thị Trấn Vĩnh Thạnh,25,Tỉnh Gia Lai,33305,Xã Vĩnh Thạnh
24,Tỉnh Bình Định,2840,Huyện Vĩnh Thạnh,527128,Xã Vĩnh Hảo,25,Tỉnh Gia Lai,33305,Xã Vĩnh Thạnh
24,Tỉnh Bình Định,2840,Huyện Vĩnh Thạnh,592664,Xã Vĩnh Sơn,25,Tỉnh Gia Lai,34073,Xã Vĩnh Sơn
25,Tỉnh Bình Phước,281,Thành Phố Đồng Xoài,65817,Phường Tân Bình,23,Tỉnh Đồng Nai,17175,Phường Bình Phước
25,Tỉnh Bình Phước,281,Thành Phố Đồng Xoài,131353,Phường Tân Đồng,23,Tỉnh Đồng Nai,17175,Phường Bình Phước
25,Tỉnh Bình Phước,281,Thành Phố Đồng Xoài,196889,Phường Tân Phú,23,Tỉnh Đồng Nai,17175,Phường Bình Phước
25,Tỉnh Bình Phước,281,Thành Phố Đồng Xoài,262425,Phường Tân Thiện,23,Tỉnh Đồng Nai,17175,Phường Bình Phước
25,Tỉnh Bình Phước,281,Thành Phố Đồng Xoài,327961,Phường Tân Xuân,23,Tỉnh Đồng Nai,17175,Phường Bình Phước
25,Tỉnh Bình Phước,281,Thành Phố Đồng Xoài,393497,Xã Tiến Hưng,23,Tỉnh Đồng Nai,17175,Phường Bình Phước
25,Tỉnh Bình Phước,281,Thành Phố Đồng Xoài,459033,Phường Tiến Thành,23,Tỉnh Đồng Nai,17431,Phường Đồng Xoài
25,Tỉnh Bình Phước,281,Thành Phố Đồng Xoài,524569,Xã Tân Thành,23,Tỉnh Đồng Nai,17431,Phường Đồng Xoài
25,Tỉnh Bình Phước,537,Thị Xã Bình Long,66073,Phường Hưng Chiến,23,Tỉnh Đồng Nai,18967,Phường Bình Long
25,Tỉnh Bình Phước,537,Thị Xã Bình Long,131609,Phường An Lộc,23,Tỉnh Đồng Nai,18967,Phường Bình Long
25,Tỉnh Bình Phước,537,Thị Xã Bình Long,197145,Phường Phú Đức,23,Tỉnh Đồng Nai,18967,Phường Bình Long
25,Tỉnh Bình Phước,537,Thị Xã Bình Long,262681,Phường Phú Thịnh,23,Tỉnh Đồng Nai,19223,Phường An Lộc
25,Tỉnh Bình Phước,537,Thị Xã Bình Long,328217,Xã Thanh Lương,23,Tỉnh Đồng Nai,19223,Phường An Lộc
25,Tỉnh Bình Phước,537,Thị Xã Bình Long,393753,Xã Thanh Phú,23,Tỉnh Đồng Nai,19223,Phường An Lộc
25,Tỉnh Bình Phước,793,Thị Xã Phước Long,66329,Xã Long Giang,23,Tỉnh Đồng Nai,18455,Phường Phước Bình
25,Tỉnh Bình Phước,793,Thị Xã Phước Long,131865,Phường Long Phước,23,Tỉnh Đồng Nai,18455,Phường Phước Bình
25,Tỉnh Bình Phước,793,Thị Xã Phước Long,197401,Phường Long Thủy,23,Tỉnh Đồng Nai,18711,Phường Phước Long
25,Tỉnh Bình Phước,793,Thị Xã Phước Long,262937,Phường Phước Bình,23,Tỉnh Đồng Nai,18455,Phường Phước Bình
25,Tỉnh Bình Phước,793,Thị Xã Phước Long,328473,Phường Sơn Giang,23,Tỉnh Đồng Nai,18711,Phường Phước Long
25,Tỉnh Bình Phước,793,Thị Xã Phước Long,394009,Phường Thác Mơ,23,Tỉnh Đồng Nai,18711,Phường Phước Long
25,Tỉnh Bình Phước,793,Thị Xã Phước Long,459545,Xã Phước Tín,23,Tỉnh Đồng Nai,18711,Phường Phước Long
25,Tỉnh Bình Phước,1049,Huyện Bù Đăng,66585,Xã Đồng Nai,23,Tỉnh Đồng Nai,15127,Xã Thọ Sơn
25,Tỉnh Bình Phước,1049,Huyện Bù Đăng,132121,Xã Đoàn Kết,23,Tỉnh Đồng Nai,14871,Xã Bù Đăng
25,Tỉnh Bình Phước,1049,Huyện Bù Đăng,197657,Xã Bình Minh,23,Tỉnh Đồng Nai,15639,Xã Bom Bo
25,Tỉnh Bình Phước,1049,Huyện Bù Đăng,263193,Xã Bom Bo,23,Tỉnh Đồng Nai,15639,Xã Bom Bo
25,Tỉnh Bình Phước,1049,Huyện Bù Đăng,328729,Xã Đak Nhau,23,Tỉnh Đồng Nai,15383,Xã Đak Nhau
25,Tỉnh Bình Phước,1049,Huyện Bù Đăng,394265,Xã Đăng Hà,23,Tỉnh Đồng Nai,14359,Xã Phước Sơn
25,Tỉnh Bình Phước,1049,Huyện Bù Đăng,459801,Xã Đức Liễu,23,Tỉnh Đồng Nai,14615,Xã Nghĩa Trung
25,Tỉnh Bình Phước,1049,Huyện Bù Đăng,525337,Xã Đường 10,23,Tỉnh Đồng Nai,15383,Xã Đak Nhau
25,Tỉnh Bình Phước,1049,Huyện Bù Đăng,590873,Xã Minh Hưng,23,Tỉnh Đồng Nai,14871,Xã Bù Đăng
25,Tỉnh Bình Phước,1049,Huyện Bù Đăng,656409,Xã Nghĩa Bình,23,Tỉnh Đồng Nai,14615,Xã Nghĩa Trung
25,Tỉnh Bình Phước,1049,Huyện Bù Đăng,721945,Xã Nghĩa Trung,23,Tỉnh Đồng Nai,14615,Xã Nghĩa Trung
25,Tỉnh Bình Phước,1049,Huyện Bù Đăng,787481,Xã Phú Sơn,23,Tỉnh Đồng Nai,15127,Xã Thọ Sơn
25,Tỉnh Bình Phước,1049,Huyện Bù Đăng,853017,Xã Phước Sơn,23,Tỉnh Đồng Nai,14359,Xã Phước Sơn
25,Tỉnh Bình Phước,1049,Huyện Bù Đăng,918553,Xã Thọ Sơn,23,Tỉnh Đồng Nai,15127,Xã Thọ Sơn
25,Tỉnh Bình Phước,1049,Huyện Bù Đăng,984089,Xã Thống Nhất,23,Tỉnh Đồng Nai,14359,Xã Phước Sơn
25,Tỉnh Bình Phước,1049,Huyện Bù Đăng,1049625,Thị Trấn Đức Phong,23,Tỉnh Đồng Nai,14871,Xã Bù Đăng
25,Tỉnh Bình Phước,1305,Huyện Bù Đốp,66841,Xã Thanh Hòa,23,Tỉnh Đồng Nai,23063,Xã Thiện Hưng
25,Tỉnh Bình Phước,1305,Huyện Bù Đốp,132377,Thị Trấn Thanh Bình,23,Tỉnh Đồng Nai,23063,Xã Thiện Hưng
25,Tỉnh Bình Phước,1305,Huyện Bù Đốp,197913,Xã Hưng Phước,23,Tỉnh Đồng Nai,23319,Xã Hưng Phước
25,Tỉnh Bình Phước,1305,Huyện Bù Đốp,263449,Xã Phước Thiện,23,Tỉnh Đồng Nai,23319,Xã Hưng Phước
25,Tỉnh Bình Phước,1305,Huyện Bù Đốp,328985,Xã Tân Thành,23,Tỉnh Đồng Nai,22807,Xã Tân Tiến
25,Tỉnh Bình Phước,1305,Huyện Bù Đốp,394521,Xã Tân Tiến,23,Tỉnh Đồng Nai,22807,Xã Tân Tiến
25,Tỉnh Bình Phước,1305,Huyện Bù Đốp,460057,Xã Thiện Hưng,23,Tỉnh Đồng Nai,23063,Xã Thiện Hưng
25,Tỉnh Bình Phước,1561,Thị Xã Chơn Thành,67097,Phường Hưng Long,23,Tỉnh Đồng Nai,19735,Phường Chơn Thành
25,Tỉnh Bình Phước,1561,Thị Xã Chơn Thành,132633,Phường Minh Hưng,23,Tỉnh Đồng Nai,19479,Phường Minh Hưng
25,Tỉnh Bình Phước,1561,Thị Xã Chơn Thành,198169,Xã Minh Lập,23,Tỉnh Đồng Nai,19991,Xã Nha Bích
25,Tỉnh Bình Phước,1561,Thị Xã Chơn Thành,263705,Phường Minh Long,23,Tỉnh Đồng Nai,19479,Phường Minh Hưng
25,Tỉnh Bình Phước,1561,Thị Xã Chơn Thành,329241,Xã Minh Thắng,23,Tỉnh Đồng Nai,19991,Xã Nha Bích
25,Tỉnh Bình Phước,1561,Thị Xã Chơn Thành,394777,Phường Minh Thành,23,Tỉnh Đồng Nai,19735,Phường Chơn Thành
25,Tỉnh Bình Phước,1561,Thị Xã Chơn Thành,460313,Xã Nha Bích,23,Tỉnh Đồng Nai,19991,Xã Nha Bích
25,Tỉnh Bình Phước,1561,Thị Xã Chơn Thành,525849,Xã Quang Minh,23,Tỉnh Đồng Nai,20247,Xã Tân Quan
25,Tỉnh Bình Phước,1561,Thị Xã Chơn Thành,591385,Phường Thành Tâm,23,Tỉnh Đồng Nai,19735,Phường Chơn Thành
25,Tỉnh Bình Phước,1817,Huyện Lộc Ninh,67353,Thị Trấn Lộc Ninh,23,Tỉnh Đồng Nai,21527,Xã Lộc Ninh
25,Tỉnh Bình Phước,1817,Huyện Lộc Ninh,132889,Xã Lộc An,23,Tỉnh Đồng Nai,22807,Xã Tân Tiến
25,Tỉnh Bình Phước,1817,Huyện Lộc Ninh,198425,Xã Lộc Hiệp,23,Tỉnh Đồng Nai,22551,Xã Lộc Quang
25,Tỉnh Bình Phước,1817,Huyện Lộc Ninh,263961,Xã Lộc Hòa,23,Tỉnh Đồng Nai,22295,Xã Lộc Thạnh
25,Tỉnh Bình Phước,1817,Huyện Lộc Ninh,329497,Xã Lộc Hưng,23,Tỉnh Đồng Nai,21783,Xã Lộc Hưng
25,Tỉnh Bình Phước,1817,Huyện Lộc Ninh,395033,Xã Lộc Khánh,23,Tỉnh Đồng Nai,21783,Xã Lộc Hưng
25,Tỉnh Bình Phước,1817,Huyện Lộc Ninh,460569,Xã Lộc Phú,23,Tỉnh Đồng Nai,22551,Xã Lộc Quang
25,Tỉnh Bình Phước,1817,Huyện Lộc Ninh,526105,Xã Lộc Quang,23,Tỉnh Đồng Nai,22551,Xã Lộc Quang
25,Tỉnh Bình Phước,1817,Huyện Lộc Ninh,591641,Xã Lộc Tấn,23,Tỉnh Đồng Nai,22039,Xã Lộc Tấn
25,Tỉnh Bình Phước,1817,Huyện Lộc Ninh,657177,Xã Lộc Thái,23,Tỉnh Đồng Nai,21527,Xã Lộc Ninh
25,Tỉnh Bình Phước,1817,Huyện Lộc Ninh,722713,Xã Lộc Thành,23,Tỉnh Đồng Nai,21271,Xã Lộc Thành
25,Tỉnh Bình Phước,1817,Huyện Lộc Ninh,788249,Xã Lộc Thạnh,23,Tỉnh Đồng Nai,22295,Xã Lộc Thạnh
25,Tỉnh Bình Phước,1817,Huyện Lộc Ninh,853785,Xã Lộc Thiện,23,Tỉnh Đồng Nai,22039,Xã Lộc Tấn
25,Tỉnh Bình Phước,1817,Huyện Lộc Ninh,919321,Xã Lộc Thịnh,23,Tỉnh Đồng Nai,21271,Xã Lộc Thành
25,Tỉnh Bình Phước,1817,Huyện Lộc Ninh,984857,Xã Lộc Thuận,23,Tỉnh Đồng Nai,21527,Xã Lộc Ninh
25,Tỉnh Bình Phước,1817,Huyện Lộc Ninh,1050393,Xã Lộc Điền,23,Tỉnh Đồng Nai,21783,Xã Lộc Hưng
25,Tỉnh Bình Phước,2073,Huyện Đồng Phú,67609,Xã Tân Hòa,23,Tỉnh Đồng Nai,13847,Xã Tân Lợi
25,Tỉnh Bình Phước,2073,Huyện Đồng Phú,133145,Xã Tân Hưng,23,Tỉnh Đồng Nai,13847,Xã Tân Lợi
25,Tỉnh Bình Phước,2073,Huyện Đồng Phú,198681,Xã Đồng Tiến,23,Tỉnh Đồng Nai,13591,Xã Đồng Tâm
25,Tỉnh Bình Phước,2073,Huyện Đồng Phú,264217,Thị Trấn Tân Phú,23,Tỉnh Đồng Nai,14103,Xã Đồng Phú
25,Tỉnh Bình Phước,2073,Huyện Đồng Phú,329753,Xã Đồng Tâm,23,Tỉnh Đồng Nai,13591,Xã Đồng Tâm
25,Tỉnh Bình Phước,2073,Huyện Đồng Phú,395289,Xã Tân Lập,23,Tỉnh Đồng Nai,14103,Xã Đồng Phú
25,Tỉnh Bình Phước,2073,Huyện Đồng Phú,460825,Xã Tân Lợi,23,Tỉnh Đồng Nai,13847,Xã Tân Lợi
25,Tỉnh Bình Phước,2073,Huyện Đồng Phú,526361,Xã Tân Phước,23,Tỉnh Đồng Nai,13591,Xã Đồng Tâm
25,Tỉnh Bình Phước,2073,Huyện Đồng Phú,591897,Xã Tân Tiến,23,Tỉnh Đồng Nai,14103,Xã Đồng Phú
25,Tỉnh Bình Phước,2073,Huyện Đồng Phú,657433,Xã Thuận Lợi,23,Tỉnh Đồng Nai,13335,Xã Thuận Lợi
25,Tỉnh Bình Phước,2073,Huyện Đồng Phú,722969,Xã Thuận Phú,23,Tỉnh Đồng Nai,13335,Xã Thuận Lợi
25,Tỉnh Bình Phước,2329,Huyện Hớn Quản,67865,Xã Tân Quan,23,Tỉnh Đồng Nai,20247,Xã Tân Quan
25,Tỉnh Bình Phước,2329,Huyện Hớn Quản,133401,Xã Thanh An,23,Tỉnh Đồng Nai,20503,Xã Tân Hưng
25,Tỉnh Bình Phước,2329,Huyện Hớn Quản,198937,Xã Minh Đức,23,Tỉnh Đồng Nai,21015,Xã Minh Đức
25,Tỉnh Bình Phước,2329,Huyện Hớn Quản,264473,Xã Minh Tâm,23,Tỉnh Đồng Nai,21015,Xã Minh Đức
25,Tỉnh Bình Phước,2329,Huyện Hớn Quản,330009,Xã Phước An,23,Tỉnh Đồng Nai,20247,Xã Tân Quan
25,Tỉnh Bình Phước,2329,Huyện Hớn Quản,395545,Xã Tân Hiệp,23,Tỉnh Đồng Nai,20759,Xã Tân Khai
25,Tỉnh Bình Phước,2329,Huyện Hớn Quản,461081,Xã Tân Hưng,23,Tỉnh Đồng Nai,20503,Xã Tân Hưng
25,Tỉnh Bình Phước,2329,Huyện Hớn Quản,526617,Xã Tân Lợi,23,Tỉnh Đồng Nai,20247,Xã Tân Quan
25,Tỉnh Bình Phước,2329,Huyện Hớn Quản,592153,Xã Thanh Bình,23,Tỉnh Đồng Nai,18967,Phường Bình Long
25,Tỉnh Bình Phước,2329,Huyện Hớn Quản,657689,Xã An Khương,23,Tỉnh Đồng Nai,20503,Xã Tân Hưng
25,Tỉnh Bình Phước,2329,Huyện Hớn Quản,723225,Xã An Phú,23,Tỉnh Đồng Nai,21015,Xã Minh Đức
25,Tỉnh Bình Phước,2329,Huyện Hớn Quản,788761,Xã Đồng Nơ,23,Tỉnh Đồng Nai,20759,Xã Tân Khai
25,Tỉnh Bình Phước,2329,Huyện Hớn Quản,854297,Thị Trấn Tân Khai,23,Tỉnh Đồng Nai,20759,Xã Tân Khai
25,Tỉnh Bình Phước,2585,Huyện Bù Gia Mập,68121,Xã Đa Kia,23,Tỉnh Đồng Nai,23831,Xã Đa Kia
25,Tỉnh Bình Phước,2585,Huyện Bù Gia Mập,133657,Xã Đak Ơ,23,Tỉnh Đồng Nai,1559,Xã Đăk Ơ
25,Tỉnh Bình Phước,2585,Huyện Bù Gia Mập,199193,Xã Đức Hạnh,23,Tỉnh Đồng Nai,23575,Xã Phú Nghĩa
25,Tỉnh Bình Phước,2585,Huyện Bù Gia Mập,264729,Xã Phú Nghĩa,23,Tỉnh Đồng Nai,23575,Xã Phú Nghĩa
25,Tỉnh Bình Phước,2585,Huyện Bù Gia Mập,330265,Xã Phú Văn,23,Tỉnh Đồng Nai,23575,Xã Phú Nghĩa
25,Tỉnh Bình Phước,2585,Huyện Bù Gia Mập,395801,Xã Phước Minh,23,Tỉnh Đồng Nai,23831,Xã Đa Kia
25,Tỉnh Bình Phước,2585,Huyện Bù Gia Mập,461337,Xã Bình Thắng,23,Tỉnh Đồng Nai,23831,Xã Đa Kia
25,Tỉnh Bình Phước,2585,Huyện Bù Gia Mập,526873,Xã Bù Gia Mập,23,Tỉnh Đồng Nai,2071,Xã Bù Gia Mập
25,Tỉnh Bình Phước,2841,Huyện Phú Riềng,68377,Xã Bù Nho,23,Tỉnh Đồng Nai,6167,Xã Phú Riềng
25,Tỉnh Bình Phước,2841,Huyện Phú Riềng,133913,Xã Long Bình,23,Tỉnh Đồng Nai,24087,Xã Bình Tân
25,Tỉnh Bình Phước,2841,Huyện Phú Riềng,199449,Xã Long Hà,23,Tỉnh Đồng Nai,24343,Xã Long Hà
25,Tỉnh Bình Phước,2841,Huyện Phú Riềng,264985,Xã Long Hưng,23,Tỉnh Đồng Nai,24087,Xã Bình Tân
25,Tỉnh Bình Phước,2841,Huyện Phú Riềng,330521,Xã Phú Riềng,23,Tỉnh Đồng Nai,6167,Xã Phú Riềng
25,Tỉnh Bình Phước,2841,Huyện Phú Riềng,396057,Xã Long Tân,23,Tỉnh Đồng Nai,24343,Xã Long Hà
25,Tỉnh Bình Phước,2841,Huyện Phú Riềng,461593,Xã Phú Trung,23,Tỉnh Đồng Nai,13079,Xã Phú Trung
25,Tỉnh Bình Phước,2841,Huyện Phú Riềng,527129,Xã Phước Tân,23,Tỉnh Đồng Nai,13079,Xã Phú Trung
25,Tỉnh Bình Phước,2841,Huyện Phú Riềng,592665,Xã Bình Sơn,23,Tỉnh Đồng Nai,18455,Phường Phước Bình
25,Tỉnh Bình Phước,2841,Huyện Phú Riềng,658201,Xã Bình Tân,23,Tỉnh Đồng Nai,24087,Xã Bình Tân
26,Tỉnh Bình Thuận,282,Thành Phố Phan Thiết,65818,Phường Hàm Tiến,30,Tỉnh Lâm Đồng,29726,Phường Mũi Né
26,Tỉnh Bình Thuận,282,Thành Phố Phan Thiết,131354,Phường Bình Hưng,30,Tỉnh Lâm Đồng,30238,Phường Phan Thiết
26,Tỉnh Bình Thuận,282,Thành Phố Phan Thiết,196890,Phường Đức Long,30,Tỉnh Lâm Đồng,30494,Phường Tiến Thành
26,Tỉnh Bình Thuận,282,Thành Phố Phan Thiết,393498,Phường Xuân An,30,Tỉnh Lâm Đồng,29214,Phường Hàm Thắng
26,Tỉnh Bình Thuận,282,Thành Phố Phan Thiết,459034,Xã Phong Nẫm,30,Tỉnh Lâm Đồng,29470,Phường Bình Thuận
26,Tỉnh Bình Thuận,282,Thành Phố Phan Thiết,524570,Xã Thiện Nghiệp,30,Tỉnh Lâm Đồng,29726,Phường Mũi Né
26,Tỉnh Bình Thuận,282,Thành Phố Phan Thiết,655642,Phường Lạc Đạo,30,Tỉnh Lâm Đồng,30238,Phường Phan Thiết
26,Tỉnh Bình Thuận,282,Thành Phố Phan Thiết,721178,Phường Mũi Né,30,Tỉnh Lâm Đồng,29726,Phường Mũi Né
26,Tỉnh Bình Thuận,282,Thành Phố Phan Thiết,786714,Phường Phú Hài,30,Tỉnh Lâm Đồng,29982,Phường Phú Thủy
26,Tỉnh Bình Thuận,282,Thành Phố Phan Thiết,852250,Phường Phú Tài,30,Tỉnh Lâm Đồng,29470,Phường Bình Thuận
26,Tỉnh Bình Thuận,282,Thành Phố Phan Thiết,917786,Phường Phú Thủy,30,Tỉnh Lâm Đồng,29982,Phường Phú Thủy
26,Tỉnh Bình Thuận,282,Thành Phố Phan Thiết,983322,Phường Phú Trinh,30,Tỉnh Lâm Đồng,30238,Phường Phan Thiết
26,Tỉnh Bình Thuận,282,Thành Phố Phan Thiết,1048858,Phường Thanh Hải,30,Tỉnh Lâm Đồng,29982,Phường Phú Thủy
26,Tỉnh Bình Thuận,282,Thành Phố Phan Thiết,1114394,Xã Tiến Lợi,30,Tỉnh Lâm Đồng,30750,Xã Tuyên Quang
26,Tỉnh Bình Thuận,282,Thành Phố Phan Thiết,1179930,Xã Tiến Thành,30,Tỉnh Lâm Đồng,30494,Phường Tiến Thành
26,Tỉnh Bình Thuận,538,Thị Xã La Gi,66074,Phường Phước Lộc,30,Tỉnh Lâm Đồng,25118,Phường Phước Hội
26,Tỉnh Bình Thuận,538,Thị Xã La Gi,131610,Phường Tân An,30,Tỉnh Lâm Đồng,24862,Phường La Gi
26,Tỉnh Bình Thuận,538,Thị Xã La Gi,197146,Phường Tân Thiện,30,Tỉnh Lâm Đồng,24862,Phường La Gi
26,Tỉnh Bình Thuận,538,Thị Xã La Gi,262682,Xã Tân Bình,30,Tỉnh Lâm Đồng,24862,Phường La Gi
26,Tỉnh Bình Thuận,538,Thị Xã La Gi,328218,Xã Tân Hải,30,Tỉnh Lâm Đồng,25374,Xã Tân Hải
26,Tỉnh Bình Thuận,538,Thị Xã La Gi,393754,Xã Tân Phước,30,Tỉnh Lâm Đồng,25118,Phường Phước Hội
26,Tỉnh Bình Thuận,538,Thị Xã La Gi,459290,Xã Tân Tiến,30,Tỉnh Lâm Đồng,25374,Xã Tân Hải
26,Tỉnh Bình Thuận,538,Thị Xã La Gi,524826,Phường Bình Tân,30,Tỉnh Lâm Đồng,24862,Phường La Gi
26,Tỉnh Bình Thuận,538,Thị Xã La Gi,590362,Phường Phước Hội,30,Tỉnh Lâm Đồng,25118,Phường Phước Hội
26,Tỉnh Bình Thuận,794,Huyện Bắc Bình,66330,Xã Phan Thanh,30,Tỉnh Lâm Đồng,2334,Xã Hồng Thái
26,Tỉnh Bình Thuận,794,Huyện Bắc Bình,131866,Xã Phan Tiến,30,Tỉnh Lâm Đồng,23070,Xã Sông Lũy
26,Tỉnh Bình Thuận,794,Huyện Bắc Bình,197402,Xã Sông Bình,30,Tỉnh Lâm Đồng,23326,Xã Lương Sơn
26,Tỉnh Bình Thuận,794,Huyện Bắc Bình,262938,Xã Sông Lũy,30,Tỉnh Lâm Đồng,23070,Xã Sông Lũy
26,Tỉnh Bình Thuận,794,Huyện Bắc Bình,328474,Xã Bình An,30,Tỉnh Lâm Đồng,22558,Xã Hải Ninh
26,Tỉnh Bình Thuận,794,Huyện Bắc Bình,394010,Thị Trấn Chợ Lầu,30,Tỉnh Lâm Đồng,22302,Xã Bắc Bình
26,Tỉnh Bình Thuận,794,Huyện Bắc Bình,459546,Thị Trấn Lương Sơn,30,Tỉnh Lâm Đồng,23326,Xã Lương Sơn
26,Tỉnh Bình Thuận,794,Huyện Bắc Bình,525082,Xã Bình Tân,30,Tỉnh Lâm Đồng,23070,Xã Sông Lũy
26,Tỉnh Bình Thuận,794,Huyện Bắc Bình,590618,Xã Hải Ninh,30,Tỉnh Lâm Đồng,22558,Xã Hải Ninh
26,Tỉnh Bình Thuận,794,Huyện Bắc Bình,656154,Xã Hòa Thắng,30,Tỉnh Lâm Đồng,1822,Xã Hòa Thắng
26,Tỉnh Bình Thuận,794,Huyện Bắc Bình,721690,Xã Hồng Phong,30,Tỉnh Lâm Đồng,1822,Xã Hòa Thắng
26,Tỉnh Bình Thuận,794,Huyện Bắc Bình,787226,Xã Phan Điền,30,Tỉnh Lâm Đồng,22558,Xã Hải Ninh
26,Tỉnh Bình Thuận,794,Huyện Bắc Bình,852762,Xã Phan Hiệp,30,Tỉnh Lâm Đồng,22302,Xã Bắc Bình
26,Tỉnh Bình Thuận,794,Huyện Bắc Bình,918298,Xã Phan Hòa,30,Tỉnh Lâm Đồng,22302,Xã Bắc Bình
26,Tỉnh Bình Thuận,794,Huyện Bắc Bình,983834,Xã Phan Lâm,30,Tỉnh Lâm Đồng,22814,Xã Phan Sơn
26,Tỉnh Bình Thuận,794,Huyện Bắc Bình,1049370,Xã Phan Rí Thành,30,Tỉnh Lâm Đồng,22302,Xã Bắc Bình
26,Tỉnh Bình Thuận,794,Huyện Bắc Bình,1114906,Xã Hồng Thái,30,Tỉnh Lâm Đồng,2334,Xã Hồng Thái
26,Tỉnh Bình Thuận,794,Huyện Bắc Bình,1180442,Xã Phan Sơn,30,Tỉnh Lâm Đồng,22814,Xã Phan Sơn
26,Tỉnh Bình Thuận,1050,Huyện Hàm Tân,66586,Xã Thắng Hải,30,Tỉnh Lâm Đồng,24606,Xã Sơn Mỹ
26,Tỉnh Bình Thuận,1050,Huyện Hàm Tân,132122,Thị Trấn Tân Minh,30,Tỉnh Lâm Đồng,24094,Xã Tân Minh
26,Tỉnh Bình Thuận,1050,Huyện Hàm Tân,197658,Thị Trấn Tân Nghĩa,30,Tỉnh Lâm Đồng,24350,Xã Hàm Tân
26,Tỉnh Bình Thuận,1050,Huyện Hàm Tân,263194,Xã Sơn Mỹ,30,Tỉnh Lâm Đồng,24606,Xã Sơn Mỹ
26,Tỉnh Bình Thuận,1050,Huyện Hàm Tân,328730,Xã Sông Phan,30,Tỉnh Lâm Đồng,23838,Xã Tân Lập
26,Tỉnh Bình Thuận,1050,Huyện Hàm Tân,394266,Xã Tân Đức,30,Tỉnh Lâm Đồng,24094,Xã Tân Minh
26,Tỉnh Bình Thuận,1050,Huyện Hàm Tân,459802,Xã Tân Hà,30,Tỉnh Lâm Đồng,24350,Xã Hàm Tân
26,Tỉnh Bình Thuận,1050,Huyện Hàm Tân,525338,Xã Tân Phúc,30,Tỉnh Lâm Đồng,24094,Xã Tân Minh
26,Tỉnh Bình Thuận,1050,Huyện Hàm Tân,590874,Xã Tân Thắng,30,Tỉnh Lâm Đồng,24606,Xã Sơn Mỹ
26,Tỉnh Bình Thuận,1050,Huyện Hàm Tân,656410,Xã Tân Xuân,30,Tỉnh Lâm Đồng,24350,Xã Hàm Tân
26,Tỉnh Bình Thuận,1306,Huyện Hàm Thuận Bắc,66842,Xã Đông Tiến,30,Tỉnh Lâm Đồng,23582,Xã Đông Giang
26,Tỉnh Bình Thuận,1306,Huyện Hàm Thuận Bắc,132378,Xã Thuận Minh,30,Tỉnh Lâm Đồng,28446,Xã Hàm Thuận
26,Tỉnh Bình Thuận,1306,Huyện Hàm Thuận Bắc,197914,Thị Trấn Ma Lâm,30,Tỉnh Lâm Đồng,28446,Xã Hàm Thuận
26,Tỉnh Bình Thuận,1306,Huyện Hàm Thuận Bắc,263450,Thị Trấn Phú Long,30,Tỉnh Lâm Đồng,29214,Phường Hàm Thắng
26,Tỉnh Bình Thuận,1306,Huyện Hàm Thuận Bắc,328986,Xã Đa Mi,30,Tỉnh Lâm Đồng,27934,Xã La Dạ
26,Tỉnh Bình Thuận,1306,Huyện Hàm Thuận Bắc,394522,Xã Đông Giang,30,Tỉnh Lâm Đồng,23582,Xã Đông Giang
26,Tỉnh Bình Thuận,1306,Huyện Hàm Thuận Bắc,460058,Xã Hàm Thắng,30,Tỉnh Lâm Đồng,29214,Phường Hàm Thắng
26,Tỉnh Bình Thuận,1306,Huyện Hàm Thuận Bắc,525594,Xã Hàm Chính,30,Tỉnh Lâm Đồng,28958,Xã Hàm Liêm
26,Tỉnh Bình Thuận,1306,Huyện Hàm Thuận Bắc,591130,Xã Hàm Đức,30,Tỉnh Lâm Đồng,28446,Xã Hàm Thuận
26,Tỉnh Bình Thuận,1306,Huyện Hàm Thuận Bắc,656666,Xã Hàm Hiệp,30,Tỉnh Lâm Đồng,29470,Phường Bình Thuận
26,Tỉnh Bình Thuận,1306,Huyện Hàm Thuận Bắc,722202,Xã Hàm Liêm,30,Tỉnh Lâm Đồng,28958,Xã Hàm Liêm
26,Tỉnh Bình Thuận,1306,Huyện Hàm Thuận Bắc,787738,Xã Hàm Phú,30,Tỉnh Lâm Đồng,28190,Xã Hàm Thuận Bắc
26,Tỉnh Bình Thuận,1306,Huyện Hàm Thuận Bắc,853274,Xã Hàm Trí,30,Tỉnh Lâm Đồng,28190,Xã Hàm Thuận Bắc
26,Tỉnh Bình Thuận,1306,Huyện Hàm Thuận Bắc,918810,Xã Hồng Liêm,30,Tỉnh Lâm Đồng,28702,Xã Hồng Sơn
26,Tỉnh Bình Thuận,1306,Huyện Hàm Thuận Bắc,984346,Xã Hồng Sơn,30,Tỉnh Lâm Đồng,28702,Xã Hồng Sơn
26,Tỉnh Bình Thuận,1306,Huyện Hàm Thuận Bắc,1049882,Xã La Dạ,30,Tỉnh Lâm Đồng,27934,Xã La Dạ
26,Tỉnh Bình Thuận,1306,Huyện Hàm Thuận Bắc,1115418,Xã Thuận Hòa,30,Tỉnh Lâm Đồng,28190,Xã Hàm Thuận Bắc
26,Tỉnh Bình Thuận,1562,Huyện Hàm Thuận Nam,67098,Thị Trấn Thuận Nam,30,Tỉnh Lâm Đồng,31774,Xã Hàm Thuận Nam
26,Tỉnh Bình Thuận,1562,Huyện Hàm Thuận Nam,132634,Xã Hàm Mỹ,30,Tỉnh Lâm Đồng,30750,Xã Tuyên Quang
26,Tỉnh Bình Thuận,1562,Huyện Hàm Thuận Nam,198170,Xã Hàm Thạnh,30,Tỉnh Lâm Đồng,31006,Xã Hàm Thạnh
26,Tỉnh Bình Thuận,1562,Huyện Hàm Thuận Nam,263706,Xã Mương Mán,30,Tỉnh Lâm Đồng,31262,Xã Hàm Kiệm
26,Tỉnh Bình Thuận,1562,Huyện Hàm Thuận Nam,329242,Xã Mỹ Thạnh,30,Tỉnh Lâm Đồng,31006,Xã Hàm Thạnh
26,Tỉnh Bình Thuận,1562,Huyện Hàm Thuận Nam,394778,Xã Tân Lập,30,Tỉnh Lâm Đồng,23838,Xã Tân Lập
26,Tỉnh Bình Thuận,1562,Huyện Hàm Thuận Nam,460314,Xã Tân Thành,30,Tỉnh Lâm Đồng,31518,Xã Tân Thành
26,Tỉnh Bình Thuận,1562,Huyện Hàm Thuận Nam,525850,Xã Tân Thuận,30,Tỉnh Lâm Đồng,31518,Xã Tân Thành
26,Tỉnh Bình Thuận,1562,Huyện Hàm Thuận Nam,591386,Xã Thuận Quý,30,Tỉnh Lâm Đồng,31518,Xã Tân Thành
26,Tỉnh Bình Thuận,1562,Huyện Hàm Thuận Nam,656922,Xã Hàm Cần,30,Tỉnh Lâm Đồng,31006,Xã Hàm Thạnh
26,Tỉnh Bình Thuận,1562,Huyện Hàm Thuận Nam,722458,Xã Hàm Cường,30,Tỉnh Lâm Đồng,31262,Xã Hàm Kiệm
26,Tỉnh Bình Thuận,1562,Huyện Hàm Thuận Nam,787994,Xã Hàm Kiệm,30,Tỉnh Lâm Đồng,31262,Xã Hàm Kiệm
26,Tỉnh Bình Thuận,1562,Huyện Hàm Thuận Nam,853530,Xã Hàm Minh,30,Tỉnh Lâm Đồng,31774,Xã Hàm Thuận Nam
26,Tỉnh Bình Thuận,1818,Huyện Phú Quý,67354,Xã Long Hải,30,Tỉnh Lâm Đồng,2078,Đặc Khu Phú Quý
26,Tỉnh Bình Thuận,1818,Huyện Phú Quý,132890,Xã Ngũ Phụng,30,Tỉnh Lâm Đồng,2078,Đặc Khu Phú Quý
26,Tỉnh Bình Thuận,1818,Huyện Phú Quý,198426,Xã Tam Thanh,30,Tỉnh Lâm Đồng,2078,Đặc Khu Phú Quý
26,Tỉnh Bình Thuận,2074,Huyện Đức Linh,67610,Xã Đức Hạnh,30,Tỉnh Lâm Đồng,27422,Xã Hoài Đức
26,Tỉnh Bình Thuận,2074,Huyện Đức Linh,133146,Xã Đông Hà,30,Tỉnh Lâm Đồng,27678,Xã Trà Tân
26,Tỉnh Bình Thuận,2074,Huyện Đức Linh,198682,Xã Đức Tín,30,Tỉnh Lâm Đồng,27422,Xã Hoài Đức
26,Tỉnh Bình Thuận,2074,Huyện Đức Linh,264218,Xã Mê Pu,30,Tỉnh Lâm Đồng,26910,Xã Nam Thành
26,Tỉnh Bình Thuận,2074,Huyện Đức Linh,329754,Thị Trấn Đức Tài,30,Tỉnh Lâm Đồng,27422,Xã Hoài Đức
26,Tỉnh Bình Thuận,2074,Huyện Đức Linh,395290,Thị Trấn Võ Xu,30,Tỉnh Lâm Đồng,27166,Xã Đức Linh
26,Tỉnh Bình Thuận,2074,Huyện Đức Linh,460826,Xã Đa Kai,30,Tỉnh Lâm Đồng,26910,Xã Nam Thành
26,Tỉnh Bình Thuận,2074,Huyện Đức Linh,526362,Xã Nam Chính,30,Tỉnh Lâm Đồng,27166,Xã Đức Linh
26,Tỉnh Bình Thuận,2074,Huyện Đức Linh,591898,Xã Sùng Nhơn,30,Tỉnh Lâm Đồng,26910,Xã Nam Thành
26,Tỉnh Bình Thuận,2074,Huyện Đức Linh,657434,Xã Tân Hà,30,Tỉnh Lâm Đồng,27678,Xã Trà Tân
26,Tỉnh Bình Thuận,2074,Huyện Đức Linh,722970,Xã Trà Tân,30,Tỉnh Lâm Đồng,27678,Xã Trà Tân
26,Tỉnh Bình Thuận,2074,Huyện Đức Linh,788506,Xã Vũ Hòa,30,Tỉnh Lâm Đồng,27166,Xã Đức Linh
26,Tỉnh Bình Thuận,2330,Huyện Tánh Linh,67866,Thị Trấn Lạc Tánh,30,Tỉnh Lâm Đồng,26398,Xã Tánh Linh
26,Tỉnh Bình Thuận,2330,Huyện Tánh Linh,133402,Xã Đức Phú,30,Tỉnh Lâm Đồng,25630,Xã Nghị Đức
26,Tỉnh Bình Thuận,2330,Huyện Tánh Linh,198938,Xã Suối Kiết,30,Tỉnh Lâm Đồng,26654,Xã Suối Kiết
26,Tỉnh Bình Thuận,2330,Huyện Tánh Linh,264474,Xã Đức Thuận,30,Tỉnh Lâm Đồng,26398,Xã Tánh Linh
26,Tỉnh Bình Thuận,2330,Huyện Tánh Linh,330010,Xã Gia An,30,Tỉnh Lâm Đồng,26398,Xã Tánh Linh
26,Tỉnh Bình Thuận,2330,Huyện Tánh Linh,395546,Xã Gia Huynh,30,Tỉnh Lâm Đồng,26654,Xã Suối Kiết
26,Tỉnh Bình Thuận,2330,Huyện Tánh Linh,461082,Xã Huy Khiêm,30,Tỉnh Lâm Đồng,26142,Xã Đồng Kho
26,Tỉnh Bình Thuận,2330,Huyện Tánh Linh,526618,Xã La Ngâu,30,Tỉnh Lâm Đồng,26142,Xã Đồng Kho
26,Tỉnh Bình Thuận,2330,Huyện Tánh Linh,592154,Xã Măng Tố,30,Tỉnh Lâm Đồng,25886,Xã Bắc Ruộng
26,Tỉnh Bình Thuận,2330,Huyện Tánh Linh,657690,Xã Nghị Đức,30,Tỉnh Lâm Đồng,25630,Xã Nghị Đức
26,Tỉnh Bình Thuận,2330,Huyện Tánh Linh,723226,Xã Bắc Ruộng,30,Tỉnh Lâm Đồng,25886,Xã Bắc Ruộng
26,Tỉnh Bình Thuận,2330,Huyện Tánh Linh,788762,Xã Đồng Kho,30,Tỉnh Lâm Đồng,26142,Xã Đồng Kho
26,Tỉnh Bình Thuận,2330,Huyện Tánh Linh,854298,Xã Đức Bình,30,Tỉnh Lâm Đồng,26142,Xã Đồng Kho
26,Tỉnh Bình Thuận,2586,Huyện Tuy Phong,68122,Thị Trấn Liên Hương,30,Tỉnh Lâm Đồng,22046,Xã Liên Hương
26,Tỉnh Bình Thuận,2586,Huyện Tuy Phong,133658,Thị Trấn Phan Rí Cửa,30,Tỉnh Lâm Đồng,1310,Xã Phan Rí Cửa
26,Tỉnh Bình Thuận,2586,Huyện Tuy Phong,199194,Xã Bình Thạnh,30,Tỉnh Lâm Đồng,22046,Xã Liên Hương
26,Tỉnh Bình Thuận,2586,Huyện Tuy Phong,264730,Xã Chí Công,30,Tỉnh Lâm Đồng,1310,Xã Phan Rí Cửa
26,Tỉnh Bình Thuận,2586,Huyện Tuy Phong,330266,Xã Hòa Minh,30,Tỉnh Lâm Đồng,1310,Xã Phan Rí Cửa
26,Tỉnh Bình Thuận,2586,Huyện Tuy Phong,395802,Xã Phan Dũng,30,Tỉnh Lâm Đồng,1566,Xã Tuy Phong
26,Tỉnh Bình Thuận,2586,Huyện Tuy Phong,461338,Xã Phong Phú,30,Tỉnh Lâm Đồng,1566,Xã Tuy Phong
26,Tỉnh Bình Thuận,2586,Huyện Tuy Phong,526874,Xã Phú Lạc,30,Tỉnh Lâm Đồng,22046,Xã Liên Hương
26,Tỉnh Bình Thuận,2586,Huyện Tuy Phong,592410,Xã Phước Thể,30,Tỉnh Lâm Đồng,22046,Xã Liên Hương
26,Tỉnh Bình Thuận,2586,Huyện Tuy Phong,657946,Xã Vĩnh Hảo,30,Tỉnh Lâm Đồng,21790,Xã Vĩnh Hảo
26,Tỉnh Bình Thuận,2586,Huyện Tuy Phong,723482,Xã Vĩnh Tân,30,Tỉnh Lâm Đồng,21790,Xã Vĩnh Hảo
27,Tỉnh Cà Mau,283,Thành Phố Cà Mau,65819,Phường 1,19,Tỉnh Cà Mau,12307,Phường An Xuyên
27,Tỉnh Cà Mau,283,Thành Phố Cà Mau,131355,Phường 2,19,Tỉnh Cà Mau,12307,Phường An Xuyên
27,Tỉnh Cà Mau,283,Thành Phố Cà Mau,262427,Phường 5,19,Tỉnh Cà Mau,5395,Phường Tân Thành
27,Tỉnh Cà Mau,283,Thành Phố Cà Mau,327963,Phường 6,19,Tỉnh Cà Mau,5139,Phường Hòa Thành
27,Tỉnh Cà Mau,283,Thành Phố Cà Mau,327963,Phường 6,19,Tỉnh Cà Mau,5395,Phường Tân Thành
27,Tỉnh Cà Mau,283,Thành Phố Cà Mau,393499,Phường 7,19,Tỉnh Cà Mau,5139,Phường Hòa Thành
27,Tỉnh Cà Mau,283,Thành Phố Cà Mau,393499,Phường 7,19,Tỉnh Cà Mau,5395,Phường Tân Thành
27,Tỉnh Cà Mau,283,Thành Phố Cà Mau,459035,Phường 8,19,Tỉnh Cà Mau,4883,Phường Lý Văn Lâm
27,Tỉnh Cà Mau,283,Thành Phố Cà Mau,524571,Xã Hòa Tân,19,Tỉnh Cà Mau,5139,Phường Hòa Thành
27,Tỉnh Cà Mau,283,Thành Phố Cà Mau,590107,Xã Hòa Thành,19,Tỉnh Cà Mau,5139,Phường Hòa Thành
27,Tỉnh Cà Mau,283,Thành Phố Cà Mau,655643,Xã Lý Văn Lâm,19,Tỉnh Cà Mau,4883,Phường Lý Văn Lâm
27,Tỉnh Cà Mau,283,Thành Phố Cà Mau,721179,Xã Tắc Vân,19,Tỉnh Cà Mau,5139,Phường Hòa Thành
27,Tỉnh Cà Mau,283,Thành Phố Cà Mau,721179,Xã Tắc Vân,19,Tỉnh Cà Mau,5395,Phường Tân Thành
27,Tỉnh Cà Mau,283,Thành Phố Cà Mau,786715,Phường 9,19,Tỉnh Cà Mau,12307,Phường An Xuyên
27,Tỉnh Cà Mau,283,Thành Phố Cà Mau,852251,Phường Tân Thành,19,Tỉnh Cà Mau,5395,Phường Tân Thành
27,Tỉnh Cà Mau,283,Thành Phố Cà Mau,917787,Phường Tân Xuyên,19,Tỉnh Cà Mau,12307,Phường An Xuyên
27,Tỉnh Cà Mau,283,Thành Phố Cà Mau,983323,Xã An Xuyên,19,Tỉnh Cà Mau,12307,Phường An Xuyên
27,Tỉnh Cà Mau,283,Thành Phố Cà Mau,1048859,Xã Định Bình,19,Tỉnh Cà Mau,5139,Phường Hòa Thành
27,Tỉnh Cà Mau,283,Thành Phố Cà Mau,1048859,Xã Định Bình,19,Tỉnh Cà Mau,5395,Phường Tân Thành
27,Tỉnh Cà Mau,283,Thành Phố Cà Mau,1114395,Xã Tân Thành,19,Tỉnh Cà Mau,5395,Phường Tân Thành
27,Tỉnh Cà Mau,539,Huyện Cái Nước,66075,Xã Đông Hưng,19,Tỉnh Cà Mau,531,Xã Tân Hưng
27,Tỉnh Cà Mau,539,Huyện Cái Nước,131611,Xã Đông Thới,19,Tỉnh Cà Mau,2579,Xã Cái Nước
27,Tỉnh Cà Mau,539,Huyện Cái Nước,197147,Xã Tân Hưng,19,Tỉnh Cà Mau,531,Xã Tân Hưng
27,Tỉnh Cà Mau,539,Huyện Cái Nước,262683,Xã Trần Thới,19,Tỉnh Cà Mau,2579,Xã Cái Nước
27,Tỉnh Cà Mau,539,Huyện Cái Nước,328219,Thị Trấn Cái Nước,19,Tỉnh Cà Mau,2579,Xã Cái Nước
27,Tỉnh Cà Mau,539,Huyện Cái Nước,393755,Xã Hòa Mỹ,19,Tỉnh Cà Mau,2835,Xã Hưng Mỹ
27,Tỉnh Cà Mau,539,Huyện Cái Nước,393755,Xã Hòa Mỹ,19,Tỉnh Cà Mau,3347,Xã Phú Mỹ
27,Tỉnh Cà Mau,539,Huyện Cái Nước,459291,Xã Hưng Mỹ,19,Tỉnh Cà Mau,2835,Xã Hưng Mỹ
27,Tỉnh Cà Mau,539,Huyện Cái Nước,524827,Xã Lương Thế Trân,19,Tỉnh Cà Mau,3091,Xã Lương Thế Trân
27,Tỉnh Cà Mau,539,Huyện Cái Nước,590363,Xã Phú Hưng,19,Tỉnh Cà Mau,3091,Xã Lương Thế Trân
27,Tỉnh Cà Mau,539,Huyện Cái Nước,655899,Xã Tân Hưng Đông,19,Tỉnh Cà Mau,2579,Xã Cái Nước
27,Tỉnh Cà Mau,539,Huyện Cái Nước,655899,Xã Tân Hưng Đông,19,Tỉnh Cà Mau,2835,Xã Hưng Mỹ
27,Tỉnh Cà Mau,539,Huyện Cái Nước,721435,Xã Thạnh Phú,19,Tỉnh Cà Mau,3091,Xã Lương Thế Trân
27,Tỉnh Cà Mau,795,Huyện Đầm Dơi,66331,Xã Ngọc Chánh,19,Tỉnh Cà Mau,13331,Xã Thanh Tùng
27,Tỉnh Cà Mau,795,Huyện Đầm Dơi,131867,Xã Nguyễn Huân,19,Tỉnh Cà Mau,12819,Xã Tân Tiến
27,Tỉnh Cà Mau,795,Huyện Đầm Dơi,197403,Xã Quách Phẩm,19,Tỉnh Cà Mau,13587,Xã Quách Phẩm
27,Tỉnh Cà Mau,795,Huyện Đầm Dơi,262939,Xã Quách Phẩm Bắc,19,Tỉnh Cà Mau,13587,Xã Quách Phẩm
27,Tỉnh Cà Mau,795,Huyện Đầm Dơi,328475,Xã Tạ An Khương,19,Tỉnh Cà Mau,787,Xã Tạ An Khương
27,Tỉnh Cà Mau,795,Huyện Đầm Dơi,394011,Xã Tân Dân,19,Tỉnh Cà Mau,2323,Xã Đầm Dơi
27,Tỉnh Cà Mau,795,Huyện Đầm Dơi,459547,Xã Tân Đức,19,Tỉnh Cà Mau,12563,Xã Tân Thuận
27,Tỉnh Cà Mau,795,Huyện Đầm Dơi,525083,Xã Tân Thuận,19,Tỉnh Cà Mau,12563,Xã Tân Thuận
27,Tỉnh Cà Mau,795,Huyện Đầm Dơi,590619,Xã Tân Tiến,19,Tỉnh Cà Mau,12819,Xã Tân Tiến
27,Tỉnh Cà Mau,795,Huyện Đầm Dơi,656155,Xã Thanh Tùng,19,Tỉnh Cà Mau,13331,Xã Thanh Tùng
27,Tỉnh Cà Mau,795,Huyện Đầm Dơi,721691,Xã Tạ An Khương Đông,19,Tỉnh Cà Mau,787,Xã Tạ An Khương
27,Tỉnh Cà Mau,795,Huyện Đầm Dơi,787227,Xã Tạ An Khương Nam,19,Tỉnh Cà Mau,787,Xã Tạ An Khương
27,Tỉnh Cà Mau,795,Huyện Đầm Dơi,852763,Xã Tân Duyệt,19,Tỉnh Cà Mau,2323,Xã Đầm Dơi
27,Tỉnh Cà Mau,795,Huyện Đầm Dơi,918299,Xã Tân Trung,19,Tỉnh Cà Mau,13075,Xã Trần Phán
27,Tỉnh Cà Mau,795,Huyện Đầm Dơi,983835,Xã Trần Phán,19,Tỉnh Cà Mau,13075,Xã Trần Phán
27,Tỉnh Cà Mau,795,Huyện Đầm Dơi,1049371,Thị Trấn Đầm Dơi,19,Tỉnh Cà Mau,2323,Xã Đầm Dơi
27,Tỉnh Cà Mau,1051,Huyện Năm Căn,66587,Xã Đất Mới,19,Tỉnh Cà Mau,1811,Xã Đất Mới
27,Tỉnh Cà Mau,1051,Huyện Năm Căn,132123,Xã Hàng Vịnh,19,Tỉnh Cà Mau,2067,Xã Năm Căn
27,Tỉnh Cà Mau,1051,Huyện Năm Căn,197659,Xã Tam Giang,19,Tỉnh Cà Mau,15635,Xã Tam Giang
27,Tỉnh Cà Mau,1051,Huyện Năm Căn,263195,Xã Tam Giang Đông,19,Tỉnh Cà Mau,15635,Xã Tam Giang
27,Tỉnh Cà Mau,1051,Huyện Năm Căn,328731,Xã Hiệp Tùng,19,Tỉnh Cà Mau,15635,Xã Tam Giang
27,Tỉnh Cà Mau,1051,Huyện Năm Căn,394267,Xã Lâm Hải,19,Tỉnh Cà Mau,1811,Xã Đất Mới
27,Tỉnh Cà Mau,1051,Huyện Năm Căn,459803,Thị Trấn Năm Căn,19,Tỉnh Cà Mau,1811,Xã Đất Mới
27,Tỉnh Cà Mau,1051,Huyện Năm Căn,459803,Thị Trấn Năm Căn,19,Tỉnh Cà Mau,2067,Xã Năm Căn
27,Tỉnh Cà Mau,1051,Huyện Năm Căn,525339,Xã Hàm Rồng,19,Tỉnh Cà Mau,1811,Xã Đất Mới
27,Tỉnh Cà Mau,1051,Huyện Năm Căn,525339,Xã Hàm Rồng,19,Tỉnh Cà Mau,2067,Xã Năm Căn
27,Tỉnh Cà Mau,1307,Huyện Ngọc Hiển,66843,Xã Viên An,19,Tỉnh Cà Mau,1299,Xã Đất Mũi
27,Tỉnh Cà Mau,1307,Huyện Ngọc Hiển,132379,Thị Trấn Rạch Gốc,19,Tỉnh Cà Mau,1043,Xã Phan Ngọc Hiển
27,Tỉnh Cà Mau,1307,Huyện Ngọc Hiển,197915,Xã Đất Mũi,19,Tỉnh Cà Mau,1299,Xã Đất Mũi
27,Tỉnh Cà Mau,1307,Huyện Ngọc Hiển,263451,Xã Tam Giang Tây,19,Tỉnh Cà Mau,13843,Xã Tân Ân
27,Tỉnh Cà Mau,1307,Huyện Ngọc Hiển,328987,Xã Tân Ân,19,Tỉnh Cà Mau,1043,Xã Phan Ngọc Hiển
27,Tỉnh Cà Mau,1307,Huyện Ngọc Hiển,394523,Xã Tân Ân Tây,19,Tỉnh Cà Mau,13843,Xã Tân Ân
27,Tỉnh Cà Mau,1307,Huyện Ngọc Hiển,460059,Xã Viên An Đông,19,Tỉnh Cà Mau,1043,Xã Phan Ngọc Hiển
27,Tỉnh Cà Mau,1563,Huyện Phú Tân,67099,Xã Phú Tân,19,Tỉnh Cà Mau,16403,Xã Phú Tân
27,Tỉnh Cà Mau,1563,Huyện Phú Tân,132635,Xã Tân Hải,19,Tỉnh Cà Mau,16403,Xã Phú Tân
27,Tỉnh Cà Mau,1563,Huyện Phú Tân,198171,Xã Nguyễn Việt Khái,19,Tỉnh Cà Mau,15891,Xã Cái Đôi Vàm
27,Tỉnh Cà Mau,1563,Huyện Phú Tân,263707,Xã Rạch Chèo,19,Tỉnh Cà Mau,16147,Xã Nguyễn Việt Khái
27,Tỉnh Cà Mau,1563,Huyện Phú Tân,329243,Thị Trấn Cái Đôi Vàm,19,Tỉnh Cà Mau,15891,Xã Cái Đôi Vàm
27,Tỉnh Cà Mau,1563,Huyện Phú Tân,394779,Xã Phú Mỹ,19,Tỉnh Cà Mau,3347,Xã Phú Mỹ
27,Tỉnh Cà Mau,1563,Huyện Phú Tân,460315,Xã Tân Hưng Tây,19,Tỉnh Cà Mau,16147,Xã Nguyễn Việt Khái
27,Tỉnh Cà Mau,1563,Huyện Phú Tân,525851,Xã Phú Thuận,19,Tỉnh Cà Mau,3347,Xã Phú Mỹ
27,Tỉnh Cà Mau,1563,Huyện Phú Tân,591387,Xã Việt Thắng,19,Tỉnh Cà Mau,16147,Xã Nguyễn Việt Khái
27,Tỉnh Cà Mau,1819,Huyện Thới Bình,67355,Xã Tân Phú,19,Tỉnh Cà Mau,14867,Xã Trí Phải
27,Tỉnh Cà Mau,1819,Huyện Thới Bình,132891,Xã Tân Bằng,19,Tỉnh Cà Mau,15379,Xã Biển Bạch
27,Tỉnh Cà Mau,1819,Huyện Thới Bình,198427,Xã Tân Lộc Đông,19,Tỉnh Cà Mau,15123,Xã Tân Lộc
27,Tỉnh Cà Mau,1819,Huyện Thới Bình,263963,Thị Trấn Thới Bình,19,Tỉnh Cà Mau,14611,Xã Thới Bình
27,Tỉnh Cà Mau,1819,Huyện Thới Bình,329499,Xã Biển Bạch,19,Tỉnh Cà Mau,15379,Xã Biển Bạch
27,Tỉnh Cà Mau,1819,Huyện Thới Bình,395035,Xã Biển Bạch Đông,19,Tỉnh Cà Mau,15379,Xã Biển Bạch
27,Tỉnh Cà Mau,1819,Huyện Thới Bình,460571,Xã Hồ Thị Kỷ,19,Tỉnh Cà Mau,3603,Xã Hồ Thị Kỷ
27,Tỉnh Cà Mau,1819,Huyện Thới Bình,526107,Xã Tân Lộc,19,Tỉnh Cà Mau,15123,Xã Tân Lộc
27,Tỉnh Cà Mau,1819,Huyện Thới Bình,591643,Xã Tân Lộc Bắc,19,Tỉnh Cà Mau,15123,Xã Tân Lộc
27,Tỉnh Cà Mau,1819,Huyện Thới Bình,657179,Xã Thới Bình,19,Tỉnh Cà Mau,14611,Xã Thới Bình
27,Tỉnh Cà Mau,1819,Huyện Thới Bình,722715,Xã Trí Lực,19,Tỉnh Cà Mau,14867,Xã Trí Phải
27,Tỉnh Cà Mau,1819,Huyện Thới Bình,788251,Xã Trí Phải,19,Tỉnh Cà Mau,14867,Xã Trí Phải
27,Tỉnh Cà Mau,2075,Huyện Trần Văn Thời,67611,Thị Trấn Sông Đốc,19,Tỉnh Cà Mau,1555,Xã Sông Đốc
27,Tỉnh Cà Mau,2075,Huyện Trần Văn Thời,133147,Xã Khánh Bình Đông,19,Tỉnh Cà Mau,14099,Xã Khánh Bình
27,Tỉnh Cà Mau,2075,Huyện Trần Văn Thời,198683,Xã Khánh Hưng,19,Tỉnh Cà Mau,14355,Xã Khánh Hưng
27,Tỉnh Cà Mau,2075,Huyện Trần Văn Thời,264219,Thị Trấn Trần Văn Thời,19,Tỉnh Cà Mau,3859,Xã Trần Văn Thời
27,Tỉnh Cà Mau,2075,Huyện Trần Văn Thời,329755,Xã Phong Điền,19,Tỉnh Cà Mau,1555,Xã Sông Đốc
27,Tỉnh Cà Mau,2075,Huyện Trần Văn Thời,329755,Xã Phong Điền,19,Tỉnh Cà Mau,3859,Xã Trần Văn Thời
27,Tỉnh Cà Mau,2075,Huyện Trần Văn Thời,395291,Xã Phong Lạc,19,Tỉnh Cà Mau,3859,Xã Trần Văn Thời
27,Tỉnh Cà Mau,2075,Huyện Trần Văn Thời,460827,Xã Trần Hợi,19,Tỉnh Cà Mau,3859,Xã Trần Văn Thời
27,Tỉnh Cà Mau,2075,Huyện Trần Văn Thời,460827,Xã Trần Hợi,19,Tỉnh Cà Mau,5651,Xã Đá Bạc
27,Tỉnh Cà Mau,2075,Huyện Trần Văn Thời,526363,Xã Khánh Bình,19,Tỉnh Cà Mau,14099,Xã Khánh Bình
27,Tỉnh Cà Mau,2075,Huyện Trần Văn Thời,591899,Xã Khánh Bình Tây,19,Tỉnh Cà Mau,5651,Xã Đá Bạc
27,Tỉnh Cà Mau,2075,Huyện Trần Văn Thời,657435,Xã Khánh Bình Tây Bắc,19,Tỉnh Cà Mau,5651,Xã Đá Bạc
27,Tỉnh Cà Mau,2075,Huyện Trần Văn Thời,722971,Xã Khánh Hải,19,Tỉnh Cà Mau,14355,Xã Khánh Hưng
27,Tỉnh Cà Mau,2075,Huyện Trần Văn Thời,788507,Xã Khánh Lộc,19,Tỉnh Cà Mau,3859,Xã Trần Văn Thời
27,Tỉnh Cà Mau,2075,Huyện Trần Văn Thời,854043,Xã Lợi An,19,Tỉnh Cà Mau,3091,Xã Lương Thế Trân
27,Tỉnh Cà Mau,2075,Huyện Trần Văn Thời,854043,Xã Lợi An,19,Tỉnh Cà Mau,4883,Phường Lý Văn Lâm
27,Tỉnh Cà Mau,2331,Huyện U Minh,67867,Xã Khánh Hòa,19,Tỉnh Cà Mau,275,Xã U Minh
27,Tỉnh Cà Mau,2331,Huyện U Minh,133403,Xã Khánh Tiến,19,Tỉnh Cà Mau,275,Xã U Minh
27,Tỉnh Cà Mau,2331,Huyện U Minh,198939,Xã Nguyễn Phích,19,Tỉnh Cà Mau,4115,Xã Nguyễn Phích
27,Tỉnh Cà Mau,2331,Huyện U Minh,198939,Xã Nguyễn Phích,19,Tỉnh Cà Mau,4371,Xã Khánh An
27,Tỉnh Cà Mau,2331,Huyện U Minh,198939,Xã Nguyễn Phích,19,Tỉnh Cà Mau,4627,Xã Khánh Lâm
27,Tỉnh Cà Mau,2331,Huyện U Minh,264475,Thị Trấn U Minh,19,Tỉnh Cà Mau,4115,Xã Nguyễn Phích
27,Tỉnh Cà Mau,2331,Huyện U Minh,330011,Xã Khánh An,19,Tỉnh Cà Mau,4371,Xã Khánh An
27,Tỉnh Cà Mau,2331,Huyện U Minh,395547,Xã Khánh Hội,19,Tỉnh Cà Mau,4627,Xã Khánh Lâm
27,Tỉnh Cà Mau,2331,Huyện U Minh,461083,Xã Khánh Lâm,19,Tỉnh Cà Mau,4627,Xã Khánh Lâm
27,Tỉnh Cà Mau,2331,Huyện U Minh,526619,Xã Khánh Thuận,19,Tỉnh Cà Mau,4115,Xã Nguyễn Phích
28,Tỉnh Cao Bằng,284,Thành Phố Cao Bằng,65820,Xã Vĩnh Quang,20,Tỉnh Cao Bằng,788,Phường Nùng Trí Cao
28,Tỉnh Cao Bằng,284,Thành Phố Cao Bằng,131356,Xã Chu Trinh,20,Tỉnh Cao Bằng,532,Phường Tân Giang
28,Tỉnh Cao Bằng,284,Thành Phố Cao Bằng,196892,Phường Hợp Giang,20,Tỉnh Cao Bằng,276,Phường Thục Phán
28,Tỉnh Cao Bằng,284,Thành Phố Cao Bằng,262428,Phường Sông Bằng,20,Tỉnh Cao Bằng,788,Phường Nùng Trí Cao
28,Tỉnh Cao Bằng,284,Thành Phố Cao Bằng,327964,Phường Sông Hiến,20,Tỉnh Cao Bằng,276,Phường Thục Phán
28,Tỉnh Cao Bằng,284,Thành Phố Cao Bằng,393500,Phường Tân Giang,20,Tỉnh Cao Bằng,532,Phường Tân Giang
28,Tỉnh Cao Bằng,284,Thành Phố Cao Bằng,459036,Phường Đề Thám,20,Tỉnh Cao Bằng,276,Phường Thục Phán
28,Tỉnh Cao Bằng,284,Thành Phố Cao Bằng,524572,Phường Duyệt Trung,20,Tỉnh Cao Bằng,532,Phường Tân Giang
28,Tỉnh Cao Bằng,284,Thành Phố Cao Bằng,590108,Phường Hòa Chung,20,Tỉnh Cao Bằng,532,Phường Tân Giang
28,Tỉnh Cao Bằng,284,Thành Phố Cao Bằng,655644,Phường Ngọc Xuân,20,Tỉnh Cao Bằng,788,Phường Nùng Trí Cao
28,Tỉnh Cao Bằng,284,Thành Phố Cao Bằng,721180,Xã Hưng Đạo,20,Tỉnh Cao Bằng,276,Phường Thục Phán
28,Tỉnh Cao Bằng,540,Huyện Bảo Lâm,66076,Xã Đức Hạnh,20,Tỉnh Cao Bằng,1812,Xã Cốc Pàng
28,Tỉnh Cao Bằng,540,Huyện Bảo Lâm,131612,Xã Mông Ân,20,Tỉnh Cao Bằng,3860,Xã Bảo Lâm
28,Tỉnh Cao Bằng,540,Huyện Bảo Lâm,197148,Xã Nam Cao,20,Tỉnh Cao Bằng,3348,Xã Nam Quang
28,Tỉnh Cao Bằng,540,Huyện Bảo Lâm,262684,Xã Nam Quang,20,Tỉnh Cao Bằng,3348,Xã Nam Quang
28,Tỉnh Cao Bằng,540,Huyện Bảo Lâm,328220,Xã Quảng Lâm,20,Tỉnh Cao Bằng,3092,Xã Quảng Lâm
28,Tỉnh Cao Bằng,540,Huyện Bảo Lâm,393756,Xã Thạch Lâm,20,Tỉnh Cao Bằng,3092,Xã Quảng Lâm
28,Tỉnh Cao Bằng,540,Huyện Bảo Lâm,459292,Xã Thái Học,20,Tỉnh Cao Bằng,4116,Xã Yên Thổ
28,Tỉnh Cao Bằng,540,Huyện Bảo Lâm,524828,Xã Thái Sơn,20,Tỉnh Cao Bằng,4116,Xã Yên Thổ
28,Tỉnh Cao Bằng,540,Huyện Bảo Lâm,590364,Xã Vĩnh Quang,20,Tỉnh Cao Bằng,3604,Xã Lý Bôn
28,Tỉnh Cao Bằng,540,Huyện Bảo Lâm,655900,Xã Vĩnh Phong,20,Tỉnh Cao Bằng,3860,Xã Bảo Lâm
28,Tỉnh Cao Bằng,540,Huyện Bảo Lâm,721436,Xã Yên Thổ,20,Tỉnh Cao Bằng,4116,Xã Yên Thổ
28,Tỉnh Cao Bằng,540,Huyện Bảo Lâm,786972,Xã Lý Bôn,20,Tỉnh Cao Bằng,3604,Xã Lý Bôn
28,Tỉnh Cao Bằng,540,Huyện Bảo Lâm,852508,Thị Trấn Pác Miầu,20,Tỉnh Cao Bằng,3860,Xã Bảo Lâm
28,Tỉnh Cao Bằng,796,Huyện Bảo Lạc,66332,Xã Xuân Trường,20,Tỉnh Cao Bằng,2580,Xã Xuân Trường
28,Tỉnh Cao Bằng,796,Huyện Bảo Lạc,131868,Xã Bảo Toàn,20,Tỉnh Cao Bằng,1556,Xã Bảo Lạc
28,Tỉnh Cao Bằng,796,Huyện Bảo Lạc,197404,Xã Cô Ba,20,Tỉnh Cao Bằng,2068,Xã Cô Ba
28,Tỉnh Cao Bằng,796,Huyện Bảo Lạc,262940,Xã Cốc Pàng,20,Tỉnh Cao Bằng,1812,Xã Cốc Pàng
28,Tỉnh Cao Bằng,796,Huyện Bảo Lạc,328476,Xã Đình Phùng,20,Tỉnh Cao Bằng,2836,Xã Huy Giáp
28,Tỉnh Cao Bằng,796,Huyện Bảo Lạc,394012,Xã Hồng An,20,Tỉnh Cao Bằng,2580,Xã Xuân Trường
28,Tỉnh Cao Bằng,796,Huyện Bảo Lạc,459548,Xã Hồng Trị,20,Tỉnh Cao Bằng,1556,Xã Bảo Lạc
28,Tỉnh Cao Bằng,796,Huyện Bảo Lạc,525084,Xã Hưng Thịnh,20,Tỉnh Cao Bằng,1300,Xã Hưng Đạo
28,Tỉnh Cao Bằng,796,Huyện Bảo Lạc,590620,Xã Khánh Xuân,20,Tỉnh Cao Bằng,2324,Xã Khánh Xuân
28,Tỉnh Cao Bằng,796,Huyện Bảo Lạc,656156,Xã Kim Cúc,20,Tỉnh Cao Bằng,1300,Xã Hưng Đạo
28,Tỉnh Cao Bằng,796,Huyện Bảo Lạc,721692,Xã Phan Thanh,20,Tỉnh Cao Bằng,2324,Xã Khánh Xuân
28,Tỉnh Cao Bằng,796,Huyện Bảo Lạc,787228,Xã Sơn Lập,20,Tỉnh Cao Bằng,1044,Xã Sơn Lộ
28,Tỉnh Cao Bằng,796,Huyện Bảo Lạc,852764,Xã Sơn Lộ,20,Tỉnh Cao Bằng,1044,Xã Sơn Lộ
28,Tỉnh Cao Bằng,796,Huyện Bảo Lạc,918300,Xã Thượng Hà,20,Tỉnh Cao Bằng,2068,Xã Cô Ba
28,Tỉnh Cao Bằng,796,Huyện Bảo Lạc,983836,Thị Trấn Bảo Lạc,20,Tỉnh Cao Bằng,1556,Xã Bảo Lạc
28,Tỉnh Cao Bằng,796,Huyện Bảo Lạc,1049372,Xã Hưng Đạo,20,Tỉnh Cao Bằng,1300,Xã Hưng Đạo
28,Tỉnh Cao Bằng,796,Huyện Bảo Lạc,1114908,Xã Huy Giáp,20,Tỉnh Cao Bằng,2836,Xã Huy Giáp
28,Tỉnh Cao Bằng,1052,Huyện Hạ Lang,66588,Xã Kim Loan,20,Tỉnh Cao Bằng,4884,Xã Vinh Quý
28,Tỉnh Cao Bằng,1052,Huyện Hạ Lang,132124,Xã Lý Quốc,20,Tỉnh Cao Bằng,4628,Xã Lý Quốc
28,Tỉnh Cao Bằng,1052,Huyện Hạ Lang,197660,Xã Thắng Lợi,20,Tỉnh Cao Bằng,14100,Xã Quang Long
28,Tỉnh Cao Bằng,1052,Huyện Hạ Lang,263196,Thị Trấn Thanh Nhật,20,Tỉnh Cao Bằng,4372,Xã Hạ Lang
28,Tỉnh Cao Bằng,1052,Huyện Hạ Lang,328732,Xã Minh Long,20,Tỉnh Cao Bằng,4628,Xã Lý Quốc
28,Tỉnh Cao Bằng,1052,Huyện Hạ Lang,394268,Xã Quang Long,20,Tỉnh Cao Bằng,14100,Xã Quang Long
28,Tỉnh Cao Bằng,1052,Huyện Hạ Lang,459804,Xã An Lạc,20,Tỉnh Cao Bằng,4884,Xã Vinh Quý
28,Tỉnh Cao Bằng,1052,Huyện Hạ Lang,525340,Xã Cô Ngân,20,Tỉnh Cao Bằng,4884,Xã Vinh Quý
28,Tỉnh Cao Bằng,1052,Huyện Hạ Lang,590876,Xã Đồng Loan,20,Tỉnh Cao Bằng,4628,Xã Lý Quốc
28,Tỉnh Cao Bằng,1052,Huyện Hạ Lang,656412,Xã Đức Quang,20,Tỉnh Cao Bằng,14100,Xã Quang Long
28,Tỉnh Cao Bằng,1052,Huyện Hạ Lang,721948,Xã Thị Hoa,20,Tỉnh Cao Bằng,4372,Xã Hạ Lang
28,Tỉnh Cao Bằng,1052,Huyện Hạ Lang,787484,Xã Thống Nhất,20,Tỉnh Cao Bằng,4372,Xã Hạ Lang
28,Tỉnh Cao Bằng,1052,Huyện Hạ Lang,853020,Xã Vinh Quý,20,Tỉnh Cao Bằng,4884,Xã Vinh Quý
28,Tỉnh Cao Bằng,1308,Huyện Hà Quảng,66844,Xã Hồng Sỹ,20,Tỉnh Cao Bằng,6164,Xã Hà Quảng
28,Tỉnh Cao Bằng,1308,Huyện Hà Quảng,132380,Xã Quý Quân,20,Tỉnh Cao Bằng,5908,Xã Trường Hà
28,Tỉnh Cao Bằng,1308,Huyện Hà Quảng,197916,Xã Trường Hà,20,Tỉnh Cao Bằng,5908,Xã Trường Hà
28,Tỉnh Cao Bằng,1308,Huyện Hà Quảng,263452,Xã Cần Nông,20,Tỉnh Cao Bằng,5396,Xã Cần Yên
28,Tỉnh Cao Bằng,1308,Huyện Hà Quảng,328988,Xã Cần Yên,20,Tỉnh Cao Bằng,5396,Xã Cần Yên
28,Tỉnh Cao Bằng,1308,Huyện Hà Quảng,394524,Xã Đa Thông,20,Tỉnh Cao Bằng,5652,Xã Thông Nông
28,Tỉnh Cao Bằng,1308,Huyện Hà Quảng,460060,Xã Lương Can,20,Tỉnh Cao Bằng,5652,Xã Thông Nông
28,Tỉnh Cao Bằng,1308,Huyện Hà Quảng,525596,Xã Lương Thông,20,Tỉnh Cao Bằng,5396,Xã Cần Yên
28,Tỉnh Cao Bằng,1308,Huyện Hà Quảng,591132,Thị Trấn Xuân Hòa,20,Tỉnh Cao Bằng,5908,Xã Trường Hà
28,Tỉnh Cao Bằng,1308,Huyện Hà Quảng,656668,Xã Cải Viên,20,Tỉnh Cao Bằng,6676,Xã Tổng Cọt
28,Tỉnh Cao Bằng,1308,Huyện Hà Quảng,722204,Xã Lũng Nặm,20,Tỉnh Cao Bằng,6420,Xã Lũng Nặm
28,Tỉnh Cao Bằng,1308,Huyện Hà Quảng,787740,Xã Mã Ba,20,Tỉnh Cao Bằng,6164,Xã Hà Quảng
28,Tỉnh Cao Bằng,1308,Huyện Hà Quảng,853276,Xã Nội Thôn,20,Tỉnh Cao Bằng,6676,Xã Tổng Cọt
28,Tỉnh Cao Bằng,1308,Huyện Hà Quảng,918812,Xã Ngọc Đào,20,Tỉnh Cao Bằng,6164,Xã Hà Quảng
28,Tỉnh Cao Bằng,1308,Huyện Hà Quảng,984348,Xã Tổng Cọt,20,Tỉnh Cao Bằng,6676,Xã Tổng Cọt
28,Tỉnh Cao Bằng,1308,Huyện Hà Quảng,1049884,Xã Thượng Thôn,20,Tỉnh Cao Bằng,6420,Xã Lũng Nặm
28,Tỉnh Cao Bằng,1308,Huyện Hà Quảng,1115420,Thị Trấn Thông Nông,20,Tỉnh Cao Bằng,5652,Xã Thông Nông
28,Tỉnh Cao Bằng,1308,Huyện Hà Quảng,1180956,Xã Yên Sơn,20,Tỉnh Cao Bằng,5140,Xã Thanh Long
28,Tỉnh Cao Bằng,1308,Huyện Hà Quảng,1246492,Xã Ngọc Động,20,Tỉnh Cao Bằng,5140,Xã Thanh Long
28,Tỉnh Cao Bằng,1308,Huyện Hà Quảng,1312028,Xã Sóc Hà,20,Tỉnh Cao Bằng,5908,Xã Trường Hà
28,Tỉnh Cao Bằng,1308,Huyện Hà Quảng,1377564,Xã Thanh Long,20,Tỉnh Cao Bằng,5140,Xã Thanh Long
28,Tỉnh Cao Bằng,1564,Huyện Hòa An,67100,Xã Trương Lương,20,Tỉnh Cao Bằng,9492,Xã Minh Tâm
28,Tỉnh Cao Bằng,1564,Huyện Hòa An,132636,Xã Lê Chung,20,Tỉnh Cao Bằng,532,Phường Tân Giang
28,Tỉnh Cao Bằng,1564,Huyện Hòa An,198172,Xã Nguyễn Huệ,20,Tỉnh Cao Bằng,7700,Xã Nguyễn Huệ
28,Tỉnh Cao Bằng,1564,Huyện Hòa An,263708,Xã Quang Trung,20,Tỉnh Cao Bằng,7700,Xã Nguyễn Huệ
28,Tỉnh Cao Bằng,1564,Huyện Hòa An,329244,Xã Bình Dương,20,Tỉnh Cao Bằng,7444,Xã Bạch Đằng
28,Tỉnh Cao Bằng,1564,Huyện Hòa An,394780,Xã Bạch Đằng,20,Tỉnh Cao Bằng,7444,Xã Bạch Đằng
28,Tỉnh Cao Bằng,1564,Huyện Hòa An,460316,Xã Hồng Nam,20,Tỉnh Cao Bằng,11540,Xã Kim Đồng
28,Tỉnh Cao Bằng,1564,Huyện Hòa An,525852,Xã Dân Chủ,20,Tỉnh Cao Bằng,6932,Xã Nam Tuấn
28,Tỉnh Cao Bằng,1564,Huyện Hòa An,591388,Xã Nam Tuấn,20,Tỉnh Cao Bằng,6932,Xã Nam Tuấn
28,Tỉnh Cao Bằng,1564,Huyện Hòa An,656924,Xã Ngũ Lão,20,Tỉnh Cao Bằng,7700,Xã Nguyễn Huệ
28,Tỉnh Cao Bằng,1564,Huyện Hòa An,722460,Xã Đức Long,20,Tỉnh Cao Bằng,6932,Xã Nam Tuấn
28,Tỉnh Cao Bằng,1564,Huyện Hòa An,787996,Xã Hoàng Tung,20,Tỉnh Cao Bằng,276,Phường Thục Phán
28,Tỉnh Cao Bằng,1564,Huyện Hòa An,853532,Xã Hồng Việt,20,Tỉnh Cao Bằng,7188,Xã Hòa An
28,Tỉnh Cao Bằng,1564,Huyện Hòa An,919068,Xã Đại Tiến,20,Tỉnh Cao Bằng,7188,Xã Hòa An
28,Tỉnh Cao Bằng,1564,Huyện Hòa An,984604,Thị Trấn Nước Hai,20,Tỉnh Cao Bằng,7188,Xã Hòa An
28,Tỉnh Cao Bằng,1820,Huyện Nguyên Bình,67356,Xã Mai Long,20,Tỉnh Cao Bằng,8212,Xã Phan Thanh
28,Tỉnh Cao Bằng,1820,Huyện Nguyên Bình,132892,Xã Hưng Đạo,20,Tỉnh Cao Bằng,8724,Xã Tam Kim
28,Tỉnh Cao Bằng,1820,Huyện Nguyên Bình,198428,Xã Phan Thanh,20,Tỉnh Cao Bằng,8212,Xã Phan Thanh
28,Tỉnh Cao Bằng,1820,Huyện Nguyên Bình,263964,Xã Thể Dục,20,Tỉnh Cao Bằng,8980,Xã Nguyên Bình
28,Tỉnh Cao Bằng,1820,Huyện Nguyên Bình,329500,Xã Thịnh Vượng,20,Tỉnh Cao Bằng,7444,Xã Bạch Đằng
28,Tỉnh Cao Bằng,1820,Huyện Nguyên Bình,395036,Xã Triệu Nguyên,20,Tỉnh Cao Bằng,9236,Xã Tĩnh Túc
28,Tỉnh Cao Bằng,1820,Huyện Nguyên Bình,460572,Xã Vũ Nông,20,Tỉnh Cao Bằng,9236,Xã Tĩnh Túc
28,Tỉnh Cao Bằng,1820,Huyện Nguyên Bình,526108,Xã Yên Lạc,20,Tỉnh Cao Bằng,7956,Xã Ca Thành
28,Tỉnh Cao Bằng,1820,Huyện Nguyên Bình,591644,Thị Trấn Nguyên Bình,20,Tỉnh Cao Bằng,8980,Xã Nguyên Bình
28,Tỉnh Cao Bằng,1820,Huyện Nguyên Bình,657180,Thị Trấn Tĩnh Túc,20,Tỉnh Cao Bằng,9236,Xã Tĩnh Túc
28,Tỉnh Cao Bằng,1820,Huyện Nguyên Bình,722716,Xã Minh Tâm,20,Tỉnh Cao Bằng,9492,Xã Minh Tâm
28,Tỉnh Cao Bằng,1820,Huyện Nguyên Bình,788252,Xã Ca Thành,20,Tỉnh Cao Bằng,7956,Xã Ca Thành
28,Tỉnh Cao Bằng,1820,Huyện Nguyên Bình,853788,Xã Hoa Thám,20,Tỉnh Cao Bằng,8724,Xã Tam Kim
28,Tỉnh Cao Bằng,1820,Huyện Nguyên Bình,919324,Xã Thành Công,20,Tỉnh Cao Bằng,8468,Xã Thành Công
28,Tỉnh Cao Bằng,1820,Huyện Nguyên Bình,984860,Xã Quang Thành,20,Tỉnh Cao Bằng,8468,Xã Thành Công
28,Tỉnh Cao Bằng,1820,Huyện Nguyên Bình,1050396,Xã Tam Kim,20,Tỉnh Cao Bằng,8724,Xã Tam Kim
28,Tỉnh Cao Bằng,1820,Huyện Nguyên Bình,1115932,Xã Vũ Minh,20,Tỉnh Cao Bằng,8980,Xã Nguyên Bình
28,Tỉnh Cao Bằng,2588,Huyện Thạch An,68124,Xã Đức Long,20,Tỉnh Cao Bằng,12308,Xã Đức Long
28,Tỉnh Cao Bằng,2588,Huyện Thạch An,133660,Xã Đức Thông,20,Tỉnh Cao Bằng,11284,Xã Canh Tân
28,Tỉnh Cao Bằng,2588,Huyện Thạch An,199196,Xã Minh Khai,20,Tỉnh Cao Bằng,11028,Xã Minh Khai
28,Tỉnh Cao Bằng,2588,Huyện Thạch An,264732,Xã Quang Trọng,20,Tỉnh Cao Bằng,11028,Xã Minh Khai
28,Tỉnh Cao Bằng,2588,Huyện Thạch An,330268,Xã Thụy Hùng,20,Tỉnh Cao Bằng,12308,Xã Đức Long
28,Tỉnh Cao Bằng,2588,Huyện Thạch An,395804,Thị Trấn Đông Khê,20,Tỉnh Cao Bằng,12052,Xã Đông Khê
28,Tỉnh Cao Bằng,2588,Huyện Thạch An,461340,Xã Canh Tân,20,Tỉnh Cao Bằng,11284,Xã Canh Tân
28,Tỉnh Cao Bằng,2588,Huyện Thạch An,526876,Xã Đức Xuân,20,Tỉnh Cao Bằng,12052,Xã Đông Khê
28,Tỉnh Cao Bằng,2588,Huyện Thạch An,592412,Xã Kim Đồng,20,Tỉnh Cao Bằng,11540,Xã Kim Đồng
28,Tỉnh Cao Bằng,2588,Huyện Thạch An,657948,Xã Lê Lợi,20,Tỉnh Cao Bằng,12308,Xã Đức Long
28,Tỉnh Cao Bằng,2588,Huyện Thạch An,723484,Xã Thái Cường,20,Tỉnh Cao Bằng,11540,Xã Kim Đồng
28,Tỉnh Cao Bằng,2588,Huyện Thạch An,789020,Xã Lê Lai,20,Tỉnh Cao Bằng,11796,Xã Thạch An
28,Tỉnh Cao Bằng,2588,Huyện Thạch An,854556,Xã Trọng Con,20,Tỉnh Cao Bằng,12052,Xã Đông Khê
28,Tỉnh Cao Bằng,2588,Huyện Thạch An,920092,Xã Vân Trình,20,Tỉnh Cao Bằng,11796,Xã Thạch An
28,Tỉnh Cao Bằng,3356,Huyện Trùng Khánh,68892,Xã Ngọc Côn,20,Tỉnh Cao Bằng,14356,Xã Đình Phong
28,Tỉnh Cao Bằng,3356,Huyện Trùng Khánh,134428,Xã Phong Nậm,20,Tỉnh Cao Bằng,14356,Xã Đình Phong
28,Tỉnh Cao Bằng,3356,Huyện Trùng Khánh,199964,Xã Tri Phương,20,Tỉnh Cao Bằng,13076,Xã Quang Trung
28,Tỉnh Cao Bằng,3356,Huyện Trùng Khánh,265500,Xã Cao Thăng,20,Tỉnh Cao Bằng,13332,Xã Đoài Dương
28,Tỉnh Cao Bằng,3356,Huyện Trùng Khánh,331036,Xã Chí Viễn,20,Tỉnh Cao Bằng,13844,Xã Đàm Thủy
28,Tỉnh Cao Bằng,3356,Huyện Trùng Khánh,396572,Xã Đoài Dương,20,Tỉnh Cao Bằng,13332,Xã Đoài Dương
28,Tỉnh Cao Bằng,3356,Huyện Trùng Khánh,462108,Xã Trung Phúc,20,Tỉnh Cao Bằng,13332,Xã Đoài Dương
28,Tỉnh Cao Bằng,3356,Huyện Trùng Khánh,527644,Xã Đình Phong,20,Tỉnh Cao Bằng,14356,Xã Đình Phong
28,Tỉnh Cao Bằng,3356,Huyện Trùng Khánh,593180,Xã Đức Hồng,20,Tỉnh Cao Bằng,13588,Xã Trùng Khánh
28,Tỉnh Cao Bằng,3356,Huyện Trùng Khánh,658716,Xã Khâm Thành,20,Tỉnh Cao Bằng,13588,Xã Trùng Khánh
28,Tỉnh Cao Bằng,3356,Huyện Trùng Khánh,724252,Xã Lăng Hiếu,20,Tỉnh Cao Bằng,13588,Xã Trùng Khánh
28,Tỉnh Cao Bằng,3356,Huyện Trùng Khánh,789788,Xã Ngọc Khê,20,Tỉnh Cao Bằng,14356,Xã Đình Phong
28,Tỉnh Cao Bằng,3356,Huyện Trùng Khánh,855324,Xã Phong Châu,20,Tỉnh Cao Bằng,13844,Xã Đàm Thủy
28,Tỉnh Cao Bằng,3356,Huyện Trùng Khánh,920860,Thị Trấn Trà Lĩnh,20,Tỉnh Cao Bằng,12820,Xã Trà Lĩnh
28,Tỉnh Cao Bằng,3356,Huyện Trùng Khánh,986396,Xã Cao Chương,20,Tỉnh Cao Bằng,12820,Xã Trà Lĩnh
28,Tỉnh Cao Bằng,3356,Huyện Trùng Khánh,1051932,Xã Quang Hán,20,Tỉnh Cao Bằng,12564,Xã Quang Hán
28,Tỉnh Cao Bằng,3356,Huyện Trùng Khánh,1117468,Xã Quang Trung,20,Tỉnh Cao Bằng,13076,Xã Quang Trung
28,Tỉnh Cao Bằng,3356,Huyện Trùng Khánh,1183004,Xã Quang Vinh,20,Tỉnh Cao Bằng,12564,Xã Quang Hán
28,Tỉnh Cao Bằng,3356,Huyện Trùng Khánh,1248540,Xã Xuân Nội,20,Tỉnh Cao Bằng,13076,Xã Quang Trung
28,Tỉnh Cao Bằng,3356,Huyện Trùng Khánh,1314076,Thị Trấn Trùng Khánh,20,Tỉnh Cao Bằng,13588,Xã Trùng Khánh
28,Tỉnh Cao Bằng,3356,Huyện Trùng Khánh,1379612,Xã Đàm Thủy,20,Tỉnh Cao Bằng,13844,Xã Đàm Thủy
28,Tỉnh Cao Bằng,3612,Huyện Quảng Hòa,69148,Xã Quảng Hưng,20,Tỉnh Cao Bằng,10260,Xã Độc Lập
28,Tỉnh Cao Bằng,3612,Huyện Quảng Hòa,134684,Xã Đại Sơn,20,Tỉnh Cao Bằng,9748,Xã Phục Hòa
28,Tỉnh Cao Bằng,3612,Huyện Quảng Hòa,200220,Thị Trấn Tà Lùng,20,Tỉnh Cao Bằng,9748,Xã Phục Hòa
28,Tỉnh Cao Bằng,3612,Huyện Quảng Hòa,265756,Xã Bế Văn Đàn,20,Tỉnh Cao Bằng,10004,Xã Bế Văn Đàn
28,Tỉnh Cao Bằng,3612,Huyện Quảng Hòa,331292,Xã Độc Lập,20,Tỉnh Cao Bằng,10260,Xã Độc Lập
28,Tỉnh Cao Bằng,3612,Huyện Quảng Hòa,396828,Xã Hồng Quang,20,Tỉnh Cao Bằng,10004,Xã Bế Văn Đàn
28,Tỉnh Cao Bằng,3612,Huyện Quảng Hòa,462364,Xã Phi Hải,20,Tỉnh Cao Bằng,10516,Xã Quảng Uyên
28,Tỉnh Cao Bằng,3612,Huyện Quảng Hòa,527900,Xã Ngọc Động,20,Tỉnh Cao Bằng,10772,Xã Hạnh Phúc
28,Tỉnh Cao Bằng,3612,Huyện Quảng Hòa,593436,Xã Phúc Sen,20,Tỉnh Cao Bằng,10516,Xã Quảng Uyên
28,Tỉnh Cao Bằng,3612,Huyện Quảng Hòa,658972,Xã Tự Do,20,Tỉnh Cao Bằng,10772,Xã Hạnh Phúc
28,Tỉnh Cao Bằng,3612,Huyện Quảng Hòa,724508,Xã Quốc Toản,20,Tỉnh Cao Bằng,12820,Xã Trà Lĩnh
28,Tỉnh Cao Bằng,3612,Huyện Quảng Hòa,790044,Thị Trấn Hòa Thuận,20,Tỉnh Cao Bằng,9748,Xã Phục Hòa
28,Tỉnh Cao Bằng,3612,Huyện Quảng Hòa,855580,Xã Cách Linh,20,Tỉnh Cao Bằng,10004,Xã Bế Văn Đàn
28,Tỉnh Cao Bằng,3612,Huyện Quảng Hòa,921116,Xã Mỹ Hưng,20,Tỉnh Cao Bằng,9748,Xã Phục Hòa
28,Tỉnh Cao Bằng,3612,Huyện Quảng Hòa,986652,Xã Tiên Thành,20,Tỉnh Cao Bằng,11796,Xã Thạch An
28,Tỉnh Cao Bằng,3612,Huyện Quảng Hòa,1052188,Thị Trấn Quảng Uyên,20,Tỉnh Cao Bằng,10516,Xã Quảng Uyên
28,Tỉnh Cao Bằng,3612,Huyện Quảng Hòa,1117724,Xã Cai Bộ,20,Tỉnh Cao Bằng,10260,Xã Độc Lập
28,Tỉnh Cao Bằng,3612,Huyện Quảng Hòa,1183260,Xã Chí Thảo,20,Tỉnh Cao Bằng,10516,Xã Quảng Uyên
28,Tỉnh Cao Bằng,3612,Huyện Quảng Hòa,1248796,Xã Hạnh Phúc,20,Tỉnh Cao Bằng,10772,Xã Hạnh Phúc
29,Tỉnh Đắk Lắk,285,Thành Phố Buôn Ma Thuột,65821,Xã Hòa Thuận,21,Tỉnh Đắk Lắk,4885,Phường Tân An
29,Tỉnh Đắk Lắk,285,Thành Phố Buôn Ma Thuột,131357,Xã Hòa Xuân,21,Tỉnh Đắk Lắk,5909,Xã Hòa Phú
29,Tỉnh Đắk Lắk,285,Thành Phố Buôn Ma Thuột,196893,Xã Hòa Thắng,21,Tỉnh Đắk Lắk,5141,Phường Tân Lập
29,Tỉnh Đắk Lắk,285,Thành Phố Buôn Ma Thuột,262429,Phường Tân Hòa,21,Tỉnh Đắk Lắk,5141,Phường Tân Lập
29,Tỉnh Đắk Lắk,285,Thành Phố Buôn Ma Thuột,327965,Phường Tân Lợi,21,Tỉnh Đắk Lắk,4629,Phường Buôn Ma Thuột
29,Tỉnh Đắk Lắk,285,Thành Phố Buôn Ma Thuột,393501,Phường Tân Thành,21,Tỉnh Đắk Lắk,4629,Phường Buôn Ma Thuột
29,Tỉnh Đắk Lắk,285,Thành Phố Buôn Ma Thuột,459037,Phường Tân Tiến,21,Tỉnh Đắk Lắk,4629,Phường Buôn Ma Thuột
29,Tỉnh Đắk Lắk,285,Thành Phố Buôn Ma Thuột,590109,Phường Thành Công,21,Tỉnh Đắk Lắk,4629,Phường Buôn Ma Thuột
29,Tỉnh Đắk Lắk,285,Thành Phố Buôn Ma Thuột,655645,Phường Thành Nhất,21,Tỉnh Đắk Lắk,5397,Phường Thành Nhất
29,Tỉnh Đắk Lắk,285,Thành Phố Buôn Ma Thuột,786717,Phường Tự An,21,Tỉnh Đắk Lắk,4629,Phường Buôn Ma Thuột
29,Tỉnh Đắk Lắk,285,Thành Phố Buôn Ma Thuột,852253,Xã Cư ÊBur,21,Tỉnh Đắk Lắk,4629,Phường Buôn Ma Thuột
29,Tỉnh Đắk Lắk,285,Thành Phố Buôn Ma Thuột,917789,Xã Ea Kao,21,Tỉnh Đắk Lắk,5653,Phường Ea Kao
29,Tỉnh Đắk Lắk,285,Thành Phố Buôn Ma Thuột,983325,Xã Hòa Khánh,21,Tỉnh Đắk Lắk,5909,Xã Hòa Phú
29,Tỉnh Đắk Lắk,285,Thành Phố Buôn Ma Thuột,1048861,Phường Ea Tam,21,Tỉnh Đắk Lắk,5653,Phường Ea Kao
29,Tỉnh Đắk Lắk,285,Thành Phố Buôn Ma Thuột,1114397,Xã Ea Tu,21,Tỉnh Đắk Lắk,4885,Phường Tân An
29,Tỉnh Đắk Lắk,285,Thành Phố Buôn Ma Thuột,1179933,Phường Khánh Xuân,21,Tỉnh Đắk Lắk,5397,Phường Thành Nhất
29,Tỉnh Đắk Lắk,285,Thành Phố Buôn Ma Thuột,1245469,Phường Tân An,21,Tỉnh Đắk Lắk,4885,Phường Tân An
29,Tỉnh Đắk Lắk,285,Thành Phố Buôn Ma Thuột,1311005,Xã Hòa Phú,21,Tỉnh Đắk Lắk,5909,Xã Hòa Phú
29,Tỉnh Đắk Lắk,285,Thành Phố Buôn Ma Thuột,1376541,Phường Tân Lập,21,Tỉnh Đắk Lắk,5141,Phường Tân Lập
29,Tỉnh Đắk Lắk,541,Thị Xã Buôn Hồ,66077,Phường An Lạc,21,Tỉnh Đắk Lắk,6165,Phường Buôn Hồ
29,Tỉnh Đắk Lắk,541,Thị Xã Buôn Hồ,131613,Phường Đạt Hiếu,21,Tỉnh Đắk Lắk,6165,Phường Buôn Hồ
29,Tỉnh Đắk Lắk,541,Thị Xã Buôn Hồ,197149,Phường Đoàn Kết,21,Tỉnh Đắk Lắk,6165,Phường Buôn Hồ
29,Tỉnh Đắk Lắk,541,Thị Xã Buôn Hồ,262685,Phường Thiện An,21,Tỉnh Đắk Lắk,6165,Phường Buôn Hồ
29,Tỉnh Đắk Lắk,541,Thị Xã Buôn Hồ,328221,Xã Bình Thuận,21,Tỉnh Đắk Lắk,6421,Phường Cư Bao
29,Tỉnh Đắk Lắk,541,Thị Xã Buôn Hồ,393757,Xã Cư Bao,21,Tỉnh Đắk Lắk,6421,Phường Cư Bao
29,Tỉnh Đắk Lắk,541,Thị Xã Buôn Hồ,524829,Xã Ea Drông,21,Tỉnh Đắk Lắk,6677,Xã Ea Drông
29,Tỉnh Đắk Lắk,541,Thị Xã Buôn Hồ,590365,Xã Ea Siên,21,Tỉnh Đắk Lắk,6677,Xã Ea Drông
29,Tỉnh Đắk Lắk,541,Thị Xã Buôn Hồ,655901,Phường An Bình,21,Tỉnh Đắk Lắk,6165,Phường Buôn Hồ
29,Tỉnh Đắk Lắk,541,Thị Xã Buôn Hồ,721437,Phường Bình Tân,21,Tỉnh Đắk Lắk,6421,Phường Cư Bao
29,Tỉnh Đắk Lắk,541,Thị Xã Buôn Hồ,786973,Phường Thống Nhất,21,Tỉnh Đắk Lắk,6165,Phường Buôn Hồ
29,Tỉnh Đắk Lắk,797,Huyện Buôn Đôn,66333,Xã Ea Nuôl,21,Tỉnh Đắk Lắk,7957,Xã Ea Nuôl
29,Tỉnh Đắk Lắk,797,Huyện Buôn Đôn,131869,Xã Ea Wer,21,Tỉnh Đắk Lắk,7701,Xã Ea Wer
29,Tỉnh Đắk Lắk,797,Huyện Buôn Đôn,197405,Xã Krông Na,21,Tỉnh Đắk Lắk,2581,Xã Buôn Đôn
29,Tỉnh Đắk Lắk,797,Huyện Buôn Đôn,262941,Xã Tân Hòa,21,Tỉnh Đắk Lắk,7701,Xã Ea Wer
29,Tỉnh Đắk Lắk,797,Huyện Buôn Đôn,328477,Xã Cuôr Knia,21,Tỉnh Đắk Lắk,7957,Xã Ea Nuôl
29,Tỉnh Đắk Lắk,797,Huyện Buôn Đôn,394013,Xã Ea Bar,21,Tỉnh Đắk Lắk,7957,Xã Ea Nuôl
29,Tỉnh Đắk Lắk,797,Huyện Buôn Đôn,459549,Xã Ea Huar,21,Tỉnh Đắk Lắk,7701,Xã Ea Wer
29,Tỉnh Đắk Lắk,1053,Huyện Cư Kuin,66589,Xã Cư Ê Wi,21,Tỉnh Đắk Lắk,18709,Xã Ea Ning
29,Tỉnh Đắk Lắk,1053,Huyện Cư Kuin,132125,Xã Ea Bhốk,21,Tỉnh Đắk Lắk,2325,Xã Dray Bhăng
29,Tỉnh Đắk Lắk,1053,Huyện Cư Kuin,132125,Xã Ea Bhốk,21,Tỉnh Đắk Lắk,2837,Xã Ea KTur
29,Tỉnh Đắk Lắk,1053,Huyện Cư Kuin,197661,Xã Ea Hu,21,Tỉnh Đắk Lắk,18709,Xã Ea Ning
29,Tỉnh Đắk Lắk,1053,Huyện Cư Kuin,263197,Xã Dray Bhăng,21,Tỉnh Đắk Lắk,2325,Xã Dray Bhăng
29,Tỉnh Đắk Lắk,1053,Huyện Cư Kuin,328733,Xã Ea KTur,21,Tỉnh Đắk Lắk,2837,Xã Ea KTur
29,Tỉnh Đắk Lắk,1053,Huyện Cư Kuin,394269,Xã Ea Tiêu,21,Tỉnh Đắk Lắk,2837,Xã Ea KTur
29,Tỉnh Đắk Lắk,1053,Huyện Cư Kuin,459805,Xã Hòa Hiệp,21,Tỉnh Đắk Lắk,2325,Xã Dray Bhăng
29,Tỉnh Đắk Lắk,1053,Huyện Cư Kuin,525341,Xã Ea Ning,21,Tỉnh Đắk Lắk,18709,Xã Ea Ning
29,Tỉnh Đắk Lắk,1309,Huyện Cư M'gar,66845,Xã Ea Kuêh,21,Tỉnh Đắk Lắk,8213,Xã Ea Kiết
29,Tỉnh Đắk Lắk,1309,Huyện Cư M'gar,132381,Thị Trấn Ea Pốk,21,Tỉnh Đắk Lắk,8725,Xã Quảng Phú
29,Tỉnh Đắk Lắk,1309,Huyện Cư M'gar,197917,Thị Trấn Quảng Phú,21,Tỉnh Đắk Lắk,8725,Xã Quảng Phú
29,Tỉnh Đắk Lắk,1309,Huyện Cư M'gar,263453,Xã Cư Suê,21,Tỉnh Đắk Lắk,8725,Xã Quảng Phú
29,Tỉnh Đắk Lắk,1309,Huyện Cư M'gar,328989,Xã Cuor Đăng,21,Tỉnh Đắk Lắk,8981,Xã Cuôr Đăng
29,Tỉnh Đắk Lắk,1309,Huyện Cư M'gar,394525,Xã Ea Kiết,21,Tỉnh Đắk Lắk,8213,Xã Ea Kiết
29,Tỉnh Đắk Lắk,1309,Huyện Cư M'gar,460061,Xã Ea Kpam,21,Tỉnh Đắk Lắk,9237,Xã Cư M'gar
29,Tỉnh Đắk Lắk,1309,Huyện Cư M'gar,525597,Xã Ea Tar,21,Tỉnh Đắk Lắk,9493,Xã Ea Tul
29,Tỉnh Đắk Lắk,1309,Huyện Cư M'gar,591133,Xã Ea Tul,21,Tỉnh Đắk Lắk,9493,Xã Ea Tul
29,Tỉnh Đắk Lắk,1309,Huyện Cư M'gar,656669,Xã Quảng Hiệp,21,Tỉnh Đắk Lắk,8469,Xã Ea M'Droh
29,Tỉnh Đắk Lắk,1309,Huyện Cư M'gar,722205,Xã Quảng Tiến,21,Tỉnh Đắk Lắk,8725,Xã Quảng Phú
29,Tỉnh Đắk Lắk,1309,Huyện Cư M'gar,787741,Xã Ea D'Rơng,21,Tỉnh Đắk Lắk,8981,Xã Cuôr Đăng
29,Tỉnh Đắk Lắk,1309,Huyện Cư M'gar,853277,Xã Cư Dliê M'nông,21,Tỉnh Đắk Lắk,9493,Xã Ea Tul
29,Tỉnh Đắk Lắk,1309,Huyện Cư M'gar,918813,Xã Cư M'Gar,21,Tỉnh Đắk Lắk,9237,Xã Cư M'gar
29,Tỉnh Đắk Lắk,1309,Huyện Cư M'gar,984349,Xã Ea H'đinh,21,Tỉnh Đắk Lắk,9237,Xã Cư M'gar
29,Tỉnh Đắk Lắk,1309,Huyện Cư M'gar,1049885,Xã Ea M'Dróh,21,Tỉnh Đắk Lắk,8469,Xã Ea M'Droh
29,Tỉnh Đắk Lắk,1309,Huyện Cư M'gar,1115421,Xã Ea M'Nang,21,Tỉnh Đắk Lắk,8469,Xã Ea M'Droh
29,Tỉnh Đắk Lắk,1565,Huyện Ea H'Leo,67101,Xã Ea Khal,21,Tỉnh Đắk Lắk,10517,Xã Ea Khăl
29,Tỉnh Đắk Lắk,1565,Huyện Ea H'Leo,132637,Thị Trấn Ea Drăng,21,Tỉnh Đắk Lắk,10773,Xã Ea Drăng
29,Tỉnh Đắk Lắk,1565,Huyện Ea H'Leo,198173,Xã Cư A Mung,21,Tỉnh Đắk Lắk,11029,Xã Ea Wy
29,Tỉnh Đắk Lắk,1565,Huyện Ea H'Leo,263709,Xã Cư Mốt,21,Tỉnh Đắk Lắk,11029,Xã Ea Wy
29,Tỉnh Đắk Lắk,1565,Huyện Ea H'Leo,329245,Xã DLiê Yang,21,Tỉnh Đắk Lắk,10773,Xã Ea Drăng
29,Tỉnh Đắk Lắk,1565,Huyện Ea H'Leo,394781,Xã Ea Hiao,21,Tỉnh Đắk Lắk,11285,Xã Ea Hiao
29,Tỉnh Đắk Lắk,1565,Huyện Ea H'Leo,460317,Xã Ea Nam,21,Tỉnh Đắk Lắk,10517,Xã Ea Khăl
29,Tỉnh Đắk Lắk,1565,Huyện Ea H'Leo,525853,Xã Ea Sol,21,Tỉnh Đắk Lắk,11285,Xã Ea Hiao
29,Tỉnh Đắk Lắk,1565,Huyện Ea H'Leo,591389,Xã Ea Tir,21,Tỉnh Đắk Lắk,10517,Xã Ea Khăl
29,Tỉnh Đắk Lắk,1565,Huyện Ea H'Leo,656925,Xã Ea Wy,21,Tỉnh Đắk Lắk,11029,Xã Ea Wy
29,Tỉnh Đắk Lắk,1565,Huyện Ea H'Leo,722461,Xã Ea Ral,21,Tỉnh Đắk Lắk,10773,Xã Ea Drăng
29,Tỉnh Đắk Lắk,1565,Huyện Ea H'Leo,787997,Xã Ea H'Leo,21,Tỉnh Đắk Lắk,3861,Xã Ea H'Leo
29,Tỉnh Đắk Lắk,1821,Huyện Ea Kar,67357,Xã Cư Bông,21,Tỉnh Đắk Lắk,14613,Xã Cư Yang
29,Tỉnh Đắk Lắk,1821,Huyện Ea Kar,132893,Xã Ea Păl,21,Tỉnh Đắk Lắk,14869,Xã Ea Păl
29,Tỉnh Đắk Lắk,1821,Huyện Ea Kar,198429,Xã Ea Sar,21,Tỉnh Đắk Lắk,14357,Xã Ea Knốp
29,Tỉnh Đắk Lắk,1821,Huyện Ea Kar,263965,Xã Ea Sô,21,Tỉnh Đắk Lắk,14357,Xã Ea Knốp
29,Tỉnh Đắk Lắk,1821,Huyện Ea Kar,329501,Xã Ea Tih,21,Tỉnh Đắk Lắk,14357,Xã Ea Knốp
29,Tỉnh Đắk Lắk,1821,Huyện Ea Kar,395037,Xã Xuân Phú,21,Tỉnh Đắk Lắk,13845,Xã Ea Kar
29,Tỉnh Đắk Lắk,1821,Huyện Ea Kar,460573,Xã Ea KMút,21,Tỉnh Đắk Lắk,13845,Xã Ea Kar
29,Tỉnh Đắk Lắk,1821,Huyện Ea Kar,526109,Xã Ea Ô,21,Tỉnh Đắk Lắk,14101,Xã Ea Ô
29,Tỉnh Đắk Lắk,1821,Huyện Ea Kar,591645,Thị Trấn Ea Kar,21,Tỉnh Đắk Lắk,13845,Xã Ea Kar
29,Tỉnh Đắk Lắk,1821,Huyện Ea Kar,657181,Thị Trấn Ea Knốp,21,Tỉnh Đắk Lắk,14357,Xã Ea Knốp
29,Tỉnh Đắk Lắk,1821,Huyện Ea Kar,722717,Xã Cư Elang,21,Tỉnh Đắk Lắk,14101,Xã Ea Ô
29,Tỉnh Đắk Lắk,1821,Huyện Ea Kar,788253,Xã Cư Jang,21,Tỉnh Đắk Lắk,14613,Xã Cư Yang
29,Tỉnh Đắk Lắk,1821,Huyện Ea Kar,853789,Xã Cư Prông,21,Tỉnh Đắk Lắk,14869,Xã Ea Păl
29,Tỉnh Đắk Lắk,1821,Huyện Ea Kar,919325,Xã Cư Huê,21,Tỉnh Đắk Lắk,13845,Xã Ea Kar
29,Tỉnh Đắk Lắk,1821,Huyện Ea Kar,984861,Xã Cư Ni,21,Tỉnh Đắk Lắk,13845,Xã Ea Kar
29,Tỉnh Đắk Lắk,1821,Huyện Ea Kar,1050397,Xã Ea Đar,21,Tỉnh Đắk Lắk,13845,Xã Ea Kar
29,Tỉnh Đắk Lắk,2077,Huyện Ea Súp,67613,Xã Cư KBang,21,Tỉnh Đắk Lắk,7189,Xã Ea Rốk
29,Tỉnh Đắk Lắk,2077,Huyện Ea Súp,133149,Xã Ea Bung,21,Tỉnh Đắk Lắk,7445,Xã Ea Bung
29,Tỉnh Đắk Lắk,2077,Huyện Ea Súp,198685,Xã Ea Lê,21,Tỉnh Đắk Lắk,6933,Xã Ea Súp
29,Tỉnh Đắk Lắk,2077,Huyện Ea Súp,264221,Xã Ea Rốk,21,Tỉnh Đắk Lắk,7189,Xã Ea Rốk
29,Tỉnh Đắk Lắk,2077,Huyện Ea Súp,329757,Thị Trấn Ea Súp,21,Tỉnh Đắk Lắk,6933,Xã Ea Súp
29,Tỉnh Đắk Lắk,2077,Huyện Ea Súp,395293,Xã Ia Jlơi,21,Tỉnh Đắk Lắk,7189,Xã Ea Rốk
29,Tỉnh Đắk Lắk,2077,Huyện Ea Súp,460829,Xã Ia Lốp,21,Tỉnh Đắk Lắk,4117,Xã Ia Lốp
29,Tỉnh Đắk Lắk,2077,Huyện Ea Súp,526365,Xã Ia Rvê,21,Tỉnh Đắk Lắk,4373,Xã Ia Rvê
29,Tỉnh Đắk Lắk,2077,Huyện Ea Súp,591901,Xã Ya Tờ Mốt,21,Tỉnh Đắk Lắk,7445,Xã Ea Bung
29,Tỉnh Đắk Lắk,2077,Huyện Ea Súp,657437,Xã Cư M'Lan,21,Tỉnh Đắk Lắk,6933,Xã Ea Súp
29,Tỉnh Đắk Lắk,2333,Huyện Krông A Na,67869,Thị Trấn Buôn Trấp,21,Tỉnh Đắk Lắk,18965,Xã Krông Ana
29,Tỉnh Đắk Lắk,2333,Huyện Krông A Na,133405,Xã Băng A Drênh,21,Tỉnh Đắk Lắk,19221,Xã Dur Kmăl
29,Tỉnh Đắk Lắk,2333,Huyện Krông A Na,198941,Xã Bình Hòa,21,Tỉnh Đắk Lắk,18965,Xã Krông Ana
29,Tỉnh Đắk Lắk,2333,Huyện Krông A Na,264477,Xã Dray Sáp,21,Tỉnh Đắk Lắk,19477,Xã Ea Na
29,Tỉnh Đắk Lắk,2333,Huyện Krông A Na,330013,Xã Dur Kmăl,21,Tỉnh Đắk Lắk,19221,Xã Dur Kmăl
29,Tỉnh Đắk Lắk,2333,Huyện Krông A Na,395549,Xã Ea Bông,21,Tỉnh Đắk Lắk,19477,Xã Ea Na
29,Tỉnh Đắk Lắk,2333,Huyện Krông A Na,461085,Xã Ea Na,21,Tỉnh Đắk Lắk,19477,Xã Ea Na
29,Tỉnh Đắk Lắk,2333,Huyện Krông A Na,526621,Xã Quảng Điền,21,Tỉnh Đắk Lắk,18965,Xã Krông Ana
29,Tỉnh Đắk Lắk,2589,Huyện Krông Bông,68125,Thị Trấn Krông Kmar,21,Tỉnh Đắk Lắk,16917,Xã Krông Bông
29,Tỉnh Đắk Lắk,2589,Huyện Krông Bông,133661,Xã Cư Drăm,21,Tỉnh Đắk Lắk,17173,Xã Yang Mao
29,Tỉnh Đắk Lắk,2589,Huyện Krông Bông,199197,Xã Cư Kty,21,Tỉnh Đắk Lắk,16661,Xã Dang Kang
29,Tỉnh Đắk Lắk,2589,Huyện Krông Bông,264733,Xã Cư Pui,21,Tỉnh Đắk Lắk,17429,Xã Cư Pui
29,Tỉnh Đắk Lắk,2589,Huyện Krông Bông,330269,Xã Dang Kang,21,Tỉnh Đắk Lắk,16661,Xã Dang Kang
29,Tỉnh Đắk Lắk,2589,Huyện Krông Bông,395805,Xã Ea Trul,21,Tỉnh Đắk Lắk,16405,Xã Hòa Sơn
29,Tỉnh Đắk Lắk,2589,Huyện Krông Bông,461341,Xã Hòa Lễ,21,Tỉnh Đắk Lắk,16917,Xã Krông Bông
29,Tỉnh Đắk Lắk,2589,Huyện Krông Bông,526877,Xã Hòa Phong,21,Tỉnh Đắk Lắk,17429,Xã Cư Pui
29,Tỉnh Đắk Lắk,2589,Huyện Krông Bông,592413,Xã Hòa Sơn,21,Tỉnh Đắk Lắk,16405,Xã Hòa Sơn
29,Tỉnh Đắk Lắk,2589,Huyện Krông Bông,723485,Xã Hòa Thành,21,Tỉnh Đắk Lắk,16661,Xã Dang Kang
29,Tỉnh Đắk Lắk,2589,Huyện Krông Bông,789021,Xã Khuê Ngọc Điền,21,Tỉnh Đắk Lắk,16917,Xã Krông Bông
29,Tỉnh Đắk Lắk,2589,Huyện Krông Bông,854557,Xã Yang Mao,21,Tỉnh Đắk Lắk,17173,Xã Yang Mao
29,Tỉnh Đắk Lắk,2589,Huyện Krông Bông,920093,Xã Yang Reh,21,Tỉnh Đắk Lắk,16405,Xã Hòa Sơn
29,Tỉnh Đắk Lắk,2845,Huyện Krông Búk,68381,Xã Chư Kbô,21,Tỉnh Đắk Lắk,10005,Xã Krông Búk
29,Tỉnh Đắk Lắk,2845,Huyện Krông Búk,133917,Xã Cư Né,21,Tỉnh Đắk Lắk,10005,Xã Krông Búk
29,Tỉnh Đắk Lắk,2845,Huyện Krông Búk,199453,Xã Cư Pơng,21,Tỉnh Đắk Lắk,10261,Xã Cư Pơng
29,Tỉnh Đắk Lắk,2845,Huyện Krông Búk,264989,Xã Ea Ngai,21,Tỉnh Đắk Lắk,9749,Xã Pơng Drang
29,Tỉnh Đắk Lắk,2845,Huyện Krông Búk,330525,Xã Ea Sin,21,Tỉnh Đắk Lắk,10261,Xã Cư Pơng
29,Tỉnh Đắk Lắk,2845,Huyện Krông Búk,396061,Thị Trấn Pơng Drang,21,Tỉnh Đắk Lắk,9749,Xã Pơng Drang
29,Tỉnh Đắk Lắk,2845,Huyện Krông Búk,461597,Xã Tân Lập,21,Tỉnh Đắk Lắk,9749,Xã Pơng Drang
29,Tỉnh Đắk Lắk,3101,Huyện Krông Năng,68637,Xã Ea Tân,21,Tỉnh Đắk Lắk,11797,Xã Dliê Ya
29,Tỉnh Đắk Lắk,3101,Huyện Krông Năng,134173,Xã Đliê Ya,21,Tỉnh Đắk Lắk,11797,Xã Dliê Ya
29,Tỉnh Đắk Lắk,3101,Huyện Krông Năng,199709,Thị Trấn Krông Năng,21,Tỉnh Đắk Lắk,11541,Xã Krông Năng
29,Tỉnh Đắk Lắk,3101,Huyện Krông Năng,265245,Xã Ea Dăh,21,Tỉnh Đắk Lắk,12309,Xã Phú Xuân
29,Tỉnh Đắk Lắk,3101,Huyện Krông Năng,330781,Xã Ea Hồ,21,Tỉnh Đắk Lắk,11541,Xã Krông Năng
29,Tỉnh Đắk Lắk,3101,Huyện Krông Năng,396317,Xã Ea Puk,21,Tỉnh Đắk Lắk,12309,Xã Phú Xuân
29,Tỉnh Đắk Lắk,3101,Huyện Krông Năng,461853,Xã Ea Tam,21,Tỉnh Đắk Lắk,12053,Xã Tam Giang
29,Tỉnh Đắk Lắk,3101,Huyện Krông Năng,527389,Xã Ea Tóh,21,Tỉnh Đắk Lắk,11797,Xã Dliê Ya
29,Tỉnh Đắk Lắk,3101,Huyện Krông Năng,592925,Xã Phú Lộc,21,Tỉnh Đắk Lắk,11541,Xã Krông Năng
29,Tỉnh Đắk Lắk,3101,Huyện Krông Năng,658461,Xã Phú Xuân,21,Tỉnh Đắk Lắk,12309,Xã Phú Xuân
29,Tỉnh Đắk Lắk,3101,Huyện Krông Năng,723997,Xã Tam Giang,21,Tỉnh Đắk Lắk,12053,Xã Tam Giang
29,Tỉnh Đắk Lắk,3101,Huyện Krông Năng,789533,Xã Cư Klông,21,Tỉnh Đắk Lắk,12053,Xã Tam Giang
29,Tỉnh Đắk Lắk,3357,Huyện Krông Pắc,68893,Xã Ea Uy,21,Tỉnh Đắk Lắk,13077,Xã Tân Tiến
29,Tỉnh Đắk Lắk,3357,Huyện Krông Pắc,134429,Thị Trấn Phước An,21,Tỉnh Đắk Lắk,12565,Xã Krông Pắc
29,Tỉnh Đắk Lắk,3357,Huyện Krông Pắc,199965,Xã Ea Hiu,21,Tỉnh Đắk Lắk,13333,Xã Ea Phê
29,Tỉnh Đắk Lắk,3357,Huyện Krông Pắc,265501,Xã Ea Kênh,21,Tỉnh Đắk Lắk,12821,Xã Ea Knuếc
29,Tỉnh Đắk Lắk,3357,Huyện Krông Pắc,331037,Xã Ea Kly,21,Tỉnh Đắk Lắk,13589,Xã Ea Kly
29,Tỉnh Đắk Lắk,3357,Huyện Krông Pắc,396573,Xã Ea KNuec,21,Tỉnh Đắk Lắk,12821,Xã Ea Knuếc
29,Tỉnh Đắk Lắk,3357,Huyện Krông Pắc,462109,Xã Ea Kuăng,21,Tỉnh Đắk Lắk,13333,Xã Ea Phê
29,Tỉnh Đắk Lắk,3357,Huyện Krông Pắc,527645,Xã Ea Phê,21,Tỉnh Đắk Lắk,13333,Xã Ea Phê
29,Tỉnh Đắk Lắk,3357,Huyện Krông Pắc,593181,Xã Ea Yiêng,21,Tỉnh Đắk Lắk,13077,Xã Tân Tiến
29,Tỉnh Đắk Lắk,3357,Huyện Krông Pắc,658717,Xã Ea Yông,21,Tỉnh Đắk Lắk,12565,Xã Krông Pắc
29,Tỉnh Đắk Lắk,3357,Huyện Krông Pắc,724253,Xã Hòa An,21,Tỉnh Đắk Lắk,12565,Xã Krông Pắc
29,Tỉnh Đắk Lắk,3357,Huyện Krông Pắc,789789,Xã Hòa Đông,21,Tỉnh Đắk Lắk,12821,Xã Ea Knuếc
29,Tỉnh Đắk Lắk,3357,Huyện Krông Pắc,855325,Xã Hòa Tiến,21,Tỉnh Đắk Lắk,12565,Xã Krông Pắc
29,Tỉnh Đắk Lắk,3357,Huyện Krông Pắc,920861,Xã Krông Búk,21,Tỉnh Đắk Lắk,13589,Xã Ea Kly
29,Tỉnh Đắk Lắk,3357,Huyện Krông Pắc,986397,Xã Tân Tiến,21,Tỉnh Đắk Lắk,13077,Xã Tân Tiến
29,Tỉnh Đắk Lắk,3357,Huyện Krông Pắc,1051933,Xã Vụ Bổn,21,Tỉnh Đắk Lắk,3093,Xã Vụ Bổn
29,Tỉnh Đắk Lắk,3613,Huyện Lắk,69149,Xã Ea R'Bin,21,Tỉnh Đắk Lắk,18197,Xã Nam Ka
29,Tỉnh Đắk Lắk,3613,Huyện Lắk,134685,Thị Trấn Liên Sơn,21,Tỉnh Đắk Lắk,17685,Xã Liên Sơn Lắk
29,Tỉnh Đắk Lắk,3613,Huyện Lắk,200221,Xã Bông Krang,21,Tỉnh Đắk Lắk,17685,Xã Liên Sơn Lắk
29,Tỉnh Đắk Lắk,3613,Huyện Lắk,265757,Xã Buôn Tría,21,Tỉnh Đắk Lắk,17941,Xã Đắk Liêng
29,Tỉnh Đắk Lắk,3613,Huyện Lắk,331293,Xã Buôn Triết,21,Tỉnh Đắk Lắk,17941,Xã Đắk Liêng
29,Tỉnh Đắk Lắk,3613,Huyện Lắk,396829,Xã Đắk Liêng,21,Tỉnh Đắk Lắk,17941,Xã Đắk Liêng
29,Tỉnh Đắk Lắk,3613,Huyện Lắk,462365,Xã Đắk Nuê,21,Tỉnh Đắk Lắk,18453,Xã Đắk Phơi
29,Tỉnh Đắk Lắk,3613,Huyện Lắk,527901,Xã Đắk Phơi,21,Tỉnh Đắk Lắk,18453,Xã Đắk Phơi
29,Tỉnh Đắk Lắk,3613,Huyện Lắk,593437,Xã Krông Nô,21,Tỉnh Đắk Lắk,3349,Xã Krông Nô
29,Tỉnh Đắk Lắk,3613,Huyện Lắk,658973,Xã Nam Ka,21,Tỉnh Đắk Lắk,18197,Xã Nam Ka
29,Tỉnh Đắk Lắk,3613,Huyện Lắk,724509,Xã Yang Tao,21,Tỉnh Đắk Lắk,17685,Xã Liên Sơn Lắk
29,Tỉnh Đắk Lắk,3869,Huyện M'Đrắk,69405,Xã Cư K Róa,21,Tỉnh Đắk Lắk,15637,Xã Cư M'ta
29,Tỉnh Đắk Lắk,3869,Huyện M'Đrắk,134941,Xã Cư Prao,21,Tỉnh Đắk Lắk,16149,Xã Cư Prao
29,Tỉnh Đắk Lắk,3869,Huyện M'Đrắk,200477,Xã Cư San,21,Tỉnh Đắk Lắk,15893,Xã Krông Á
29,Tỉnh Đắk Lắk,3869,Huyện M'Đrắk,266013,Xã Ea Lai,21,Tỉnh Đắk Lắk,15125,Xã M'Drắk
29,Tỉnh Đắk Lắk,3869,Huyện M'Đrắk,331549,Xã Ea Pil,21,Tỉnh Đắk Lắk,16149,Xã Cư Prao
29,Tỉnh Đắk Lắk,3869,Huyện M'Đrắk,397085,Xã Ea Riêng,21,Tỉnh Đắk Lắk,15381,Xã Ea Riêng
29,Tỉnh Đắk Lắk,3869,Huyện M'Đrắk,462621,Xã Ea Trang,21,Tỉnh Đắk Lắk,3605,Xã Ea Trang
29,Tỉnh Đắk Lắk,3869,Huyện M'Đrắk,528157,Xã Krông Á,21,Tỉnh Đắk Lắk,15893,Xã Krông Á
29,Tỉnh Đắk Lắk,3869,Huyện M'Đrắk,593693,Xã Krông Jing,21,Tỉnh Đắk Lắk,15125,Xã M'Drắk
29,Tỉnh Đắk Lắk,3869,Huyện M'Đrắk,659229,Thị Trấn M'Đrắk,21,Tỉnh Đắk Lắk,15125,Xã M'Drắk
29,Tỉnh Đắk Lắk,3869,Huyện M'Đrắk,724765,Xã Cư M'Ta,21,Tỉnh Đắk Lắk,15637,Xã Cư M'ta
29,Tỉnh Đắk Lắk,3869,Huyện M'Đrắk,790301,Xã Ea H'Mlay,21,Tỉnh Đắk Lắk,15381,Xã Ea Riêng
29,Tỉnh Đắk Lắk,3869,Huyện M'Đrắk,855837,Xã Ea M'Doal,21,Tỉnh Đắk Lắk,15381,Xã Ea Riêng
30,Tỉnh Đắk Nông,286,Thành Phố Gia Nghĩa,65822,Phường Nghĩa Đức,30,Tỉnh Lâm Đồng,19742,Phường Bắc Gia Nghĩa
30,Tỉnh Đắk Nông,286,Thành Phố Gia Nghĩa,131358,Phường Nghĩa Phú,30,Tỉnh Lâm Đồng,19998,Phường Nam Gia Nghĩa
30,Tỉnh Đắk Nông,286,Thành Phố Gia Nghĩa,196894,Phường Nghĩa Tân,30,Tỉnh Lâm Đồng,19998,Phường Nam Gia Nghĩa
30,Tỉnh Đắk Nông,286,Thành Phố Gia Nghĩa,262430,Phường Nghĩa Thành,30,Tỉnh Lâm Đồng,19742,Phường Bắc Gia Nghĩa
30,Tỉnh Đắk Nông,286,Thành Phố Gia Nghĩa,327966,Phường Nghĩa Trung,30,Tỉnh Lâm Đồng,20254,Phường Đông Gia Nghĩa
30,Tỉnh Đắk Nông,286,Thành Phố Gia Nghĩa,393502,Xã Đắk Nia,30,Tỉnh Lâm Đồng,20254,Phường Đông Gia Nghĩa
30,Tỉnh Đắk Nông,286,Thành Phố Gia Nghĩa,459038,Xã Đắk R'Moan,30,Tỉnh Lâm Đồng,19998,Phường Nam Gia Nghĩa
30,Tỉnh Đắk Nông,286,Thành Phố Gia Nghĩa,524574,Phường Quảng Thành,30,Tỉnh Lâm Đồng,19742,Phường Bắc Gia Nghĩa
30,Tỉnh Đắk Nông,542,Huyện Cư Jút,66078,Xã Đắk Drông,30,Tỉnh Lâm Đồng,15646,Xã Nam Dong
30,Tỉnh Đắk Nông,542,Huyện Cư Jút,131614,Xã Ea Pô,30,Tỉnh Lâm Đồng,15390,Xã Đắk Wil
30,Tỉnh Đắk Nông,542,Huyện Cư Jút,197150,Xã Cư Knia,30,Tỉnh Lâm Đồng,15902,Xã Cư Jút
30,Tỉnh Đắk Nông,542,Huyện Cư Jút,262686,Xã Đắk Wil,30,Tỉnh Lâm Đồng,15390,Xã Đắk Wil
30,Tỉnh Đắk Nông,542,Huyện Cư Jút,328222,Xã Nam Dong,30,Tỉnh Lâm Đồng,15646,Xã Nam Dong
30,Tỉnh Đắk Nông,542,Huyện Cư Jút,393758,Xã Tâm Thắng,30,Tỉnh Lâm Đồng,15902,Xã Cư Jút
30,Tỉnh Đắk Nông,542,Huyện Cư Jút,459294,Xã Trúc Sơn,30,Tỉnh Lâm Đồng,15902,Xã Cư Jút
30,Tỉnh Đắk Nông,542,Huyện Cư Jút,524830,Thị Trấn Ea T'Ling,30,Tỉnh Lâm Đồng,15902,Xã Cư Jút
30,Tỉnh Đắk Nông,798,Huyện Krông Nô,66334,Xã Buôn Choah,30,Tỉnh Lâm Đồng,17182,Xã Nam Đà
30,Tỉnh Đắk Nông,798,Huyện Krông Nô,131870,Thị Trấn Đắk Mâm,30,Tỉnh Lâm Đồng,17438,Xã Krông Nô
30,Tỉnh Đắk Nông,798,Huyện Krông Nô,197406,Xã Đắk Drô,30,Tỉnh Lâm Đồng,17438,Xã Krông Nô
30,Tỉnh Đắk Nông,798,Huyện Krông Nô,262942,Xã Đắk Nang,30,Tỉnh Lâm Đồng,17950,Xã Quảng Phú
30,Tỉnh Đắk Nông,798,Huyện Krông Nô,328478,Xã Đắk Sôr,30,Tỉnh Lâm Đồng,17182,Xã Nam Đà
30,Tỉnh Đắk Nông,798,Huyện Krông Nô,394014,Xã Đức Xuyên,30,Tỉnh Lâm Đồng,17950,Xã Quảng Phú
30,Tỉnh Đắk Nông,798,Huyện Krông Nô,459550,Xã Nam Đà,30,Tỉnh Lâm Đồng,17182,Xã Nam Đà
30,Tỉnh Đắk Nông,798,Huyện Krông Nô,525086,Xã Nam Xuân,30,Tỉnh Lâm Đồng,16926,Xã Đắk Sắk
30,Tỉnh Đắk Nông,798,Huyện Krông Nô,590622,Xã Tân Thành,30,Tỉnh Lâm Đồng,17438,Xã Krông Nô
30,Tỉnh Đắk Nông,798,Huyện Krông Nô,656158,Xã Quảng Phú,30,Tỉnh Lâm Đồng,17950,Xã Quảng Phú
30,Tỉnh Đắk Nông,798,Huyện Krông Nô,721694,Xã Nâm N'Đir,30,Tỉnh Lâm Đồng,17694,Xã Nâm Nung
30,Tỉnh Đắk Nông,798,Huyện Krông Nô,787230,Xã Nâm Nung,30,Tỉnh Lâm Đồng,17694,Xã Nâm Nung
30,Tỉnh Đắk Nông,1054,Huyện Đăk Glong,66590,Xã Quảng Hòa,30,Tỉnh Lâm Đồng,286,Xã Quảng Hòa
30,Tỉnh Đắk Nông,1054,Huyện Đăk Glong,132126,Xã Đắk Ha,30,Tỉnh Lâm Đồng,19742,Phường Bắc Gia Nghĩa
30,Tỉnh Đắk Nông,1054,Huyện Đăk Glong,197662,Xã Đắk PLao,30,Tỉnh Lâm Đồng,19486,Xã Quảng Khê
30,Tỉnh Đắk Nông,1054,Huyện Đăk Glong,263198,Xã Đắk Som,30,Tỉnh Lâm Đồng,19230,Xã Tà Đùng
30,Tỉnh Đắk Nông,1054,Huyện Đăk Glong,328734,Xã Quảng Khê,30,Tỉnh Lâm Đồng,19486,Xã Quảng Khê
30,Tỉnh Đắk Nông,1054,Huyện Đăk Glong,394270,Xã Quảng Sơn,30,Tỉnh Lâm Đồng,542,Xã Quảng Sơn
30,Tỉnh Đắk Nông,1054,Huyện Đăk Glong,459806,Xã Đắk R'Măng,30,Tỉnh Lâm Đồng,19230,Xã Tà Đùng
30,Tỉnh Đắk Nông,1310,Huyện Đắk Mil,66846,Xã Đắk Lao,30,Tỉnh Lâm Đồng,16158,Xã Thuận An
30,Tỉnh Đắk Nông,1310,Huyện Đắk Mil,132382,Xã Đắk Sắk,30,Tỉnh Lâm Đồng,16926,Xã Đắk Sắk
30,Tỉnh Đắk Nông,1310,Huyện Đắk Mil,197918,Xã Đức Minh,30,Tỉnh Lâm Đồng,16414,Xã Đức Lập
30,Tỉnh Đắk Nông,1310,Huyện Đắk Mil,263454,Xã Long Sơn,30,Tỉnh Lâm Đồng,16926,Xã Đắk Sắk
30,Tỉnh Đắk Nông,1310,Huyện Đắk Mil,328990,Xã Thuận An,30,Tỉnh Lâm Đồng,16158,Xã Thuận An
30,Tỉnh Đắk Nông,1310,Huyện Đắk Mil,394526,Thị Trấn Đắk Mil,30,Tỉnh Lâm Đồng,16414,Xã Đức Lập
30,Tỉnh Đắk Nông,1310,Huyện Đắk Mil,460062,Xã Đắk Gằn,30,Tỉnh Lâm Đồng,16670,Xã Đắk Mil
30,Tỉnh Đắk Nông,1310,Huyện Đắk Mil,525598,Xã Đức Mạnh,30,Tỉnh Lâm Đồng,16414,Xã Đức Lập
30,Tỉnh Đắk Nông,1310,Huyện Đắk Mil,591134,Xã Đắk N'Drót,30,Tỉnh Lâm Đồng,16670,Xã Đắk Mil
30,Tỉnh Đắk Nông,1310,Huyện Đắk Mil,656670,Xã Đắk R'La,30,Tỉnh Lâm Đồng,16670,Xã Đắk Mil
30,Tỉnh Đắk Nông,1566,Huyện Đắk R'Lấp,67102,Thị Trấn Kiến Đức,30,Tỉnh Lâm Đồng,21022,Xã Kiến Đức
30,Tỉnh Đắk Nông,1566,Huyện Đắk R'Lấp,132638,Xã Đắk Ru,30,Tỉnh Lâm Đồng,21534,Xã Quảng Tín
30,Tỉnh Đắk Nông,1566,Huyện Đắk R'Lấp,198174,Xã Đắk Sin,30,Tỉnh Lâm Đồng,21534,Xã Quảng Tín
30,Tỉnh Đắk Nông,1566,Huyện Đắk R'Lấp,263710,Xã Đạo Nghĩa,30,Tỉnh Lâm Đồng,21022,Xã Kiến Đức
30,Tỉnh Đắk Nông,1566,Huyện Đắk R'Lấp,329246,Xã Hưng Bình,30,Tỉnh Lâm Đồng,21534,Xã Quảng Tín
30,Tỉnh Đắk Nông,1566,Huyện Đắk R'Lấp,394782,Xã Kiến Thành,30,Tỉnh Lâm Đồng,21022,Xã Kiến Đức
30,Tỉnh Đắk Nông,1566,Huyện Đắk R'Lấp,460318,Xã Nghĩa Thắng,30,Tỉnh Lâm Đồng,21022,Xã Kiến Đức
30,Tỉnh Đắk Nông,1566,Huyện Đắk R'Lấp,525854,Xã Nhân Cơ,30,Tỉnh Lâm Đồng,21278,Xã Nhân Cơ
30,Tỉnh Đắk Nông,1566,Huyện Đắk R'Lấp,591390,Xã Nhân Đạo,30,Tỉnh Lâm Đồng,21278,Xã Nhân Cơ
30,Tỉnh Đắk Nông,1566,Huyện Đắk R'Lấp,656926,Xã Quảng Tín,30,Tỉnh Lâm Đồng,21534,Xã Quảng Tín
30,Tỉnh Đắk Nông,1566,Huyện Đắk R'Lấp,722462,Xã Đắk Wer,30,Tỉnh Lâm Đồng,21278,Xã Nhân Cơ
30,Tỉnh Đắk Nông,1822,Huyện Đắk Song,67358,Thị Trấn Đức An,30,Tỉnh Lâm Đồng,18462,Xã Đức An
30,Tỉnh Đắk Nông,1822,Huyện Đắk Song,132894,Xã Đắk Hòa,30,Tỉnh Lâm Đồng,18206,Xã Đắk Song
30,Tỉnh Đắk Nông,1822,Huyện Đắk Song,198430,Xã Đắk Môl,30,Tỉnh Lâm Đồng,18206,Xã Đắk Song
30,Tỉnh Đắk Nông,1822,Huyện Đắk Song,263966,Xã Nam Bình,30,Tỉnh Lâm Đồng,18462,Xã Đức An
30,Tỉnh Đắk Nông,1822,Huyện Đắk Song,329502,Xã Trường Xuân,30,Tỉnh Lâm Đồng,18974,Xã Trường Xuân
30,Tỉnh Đắk Nông,1822,Huyện Đắk Song,395038,Xã Thuận Hà,30,Tỉnh Lâm Đồng,18718,Xã Thuận Hạnh
30,Tỉnh Đắk Nông,1822,Huyện Đắk Song,460574,Xã Thuận Hạnh,30,Tỉnh Lâm Đồng,18718,Xã Thuận Hạnh
30,Tỉnh Đắk Nông,1822,Huyện Đắk Song,526110,Xã Đắk N'Dung,30,Tỉnh Lâm Đồng,18462,Xã Đức An
30,Tỉnh Đắk Nông,1822,Huyện Đắk Song,591646,Xã Nâm N'Jang,30,Tỉnh Lâm Đồng,18974,Xã Trường Xuân
30,Tỉnh Đắk Nông,2078,Huyện Tuy Đức,67614,Xã Đắk Ngo,30,Tỉnh Lâm Đồng,20510,Xã Quảng Tân
30,Tỉnh Đắk Nông,2078,Huyện Tuy Đức,133150,Xã Quảng Tâm,30,Tỉnh Lâm Đồng,20766,Xã Tuy Đức
30,Tỉnh Đắk Nông,2078,Huyện Tuy Đức,198686,Xã Quảng Tân,30,Tỉnh Lâm Đồng,20510,Xã Quảng Tân
30,Tỉnh Đắk Nông,2078,Huyện Tuy Đức,264222,Xã Đắk Búk So,30,Tỉnh Lâm Đồng,20766,Xã Tuy Đức
30,Tỉnh Đắk Nông,2078,Huyện Tuy Đức,329758,Xã Quảng Trực,30,Tỉnh Lâm Đồng,798,Xã Quảng Trực
30,Tỉnh Đắk Nông,2078,Huyện Tuy Đức,395294,Xã Đắk R'Tíh,30,Tỉnh Lâm Đồng,20766,Xã Tuy Đức
31,Tỉnh Điện Biên,287,Thành Phố Điện Biên Phủ,65823,Xã Mường Phăng,22,Tỉnh Điện Biên,7958,Xã Mường Phăng
31,Tỉnh Điện Biên,287,Thành Phố Điện Biên Phủ,131359,Xã Nà Tấu,22,Tỉnh Điện Biên,7190,Xã Nà Tấu
31,Tỉnh Điện Biên,287,Thành Phố Điện Biên Phủ,196895,Phường Mường Thanh,22,Tỉnh Điện Biên,8214,Phường Điện Biên Phủ
31,Tỉnh Điện Biên,287,Thành Phố Điện Biên Phủ,262431,Phường Nam Thanh,22,Tỉnh Điện Biên,8470,Phường Mường Thanh
31,Tỉnh Điện Biên,287,Thành Phố Điện Biên Phủ,327967,Phường Noong Bua,22,Tỉnh Điện Biên,8470,Phường Mường Thanh
31,Tỉnh Điện Biên,287,Thành Phố Điện Biên Phủ,393503,Phường Tân Thanh,22,Tỉnh Điện Biên,8214,Phường Điện Biên Phủ
31,Tỉnh Điện Biên,287,Thành Phố Điện Biên Phủ,459039,Xã Pá Khoang,22,Tỉnh Điện Biên,7958,Xã Mường Phăng
31,Tỉnh Điện Biên,287,Thành Phố Điện Biên Phủ,524575,Xã Nà Nhạn,22,Tỉnh Điện Biên,7958,Xã Mường Phăng
31,Tỉnh Điện Biên,287,Thành Phố Điện Biên Phủ,590111,Phường Him Lam,22,Tỉnh Điện Biên,8214,Phường Điện Biên Phủ
31,Tỉnh Điện Biên,287,Thành Phố Điện Biên Phủ,655647,Phường Thanh Bình,22,Tỉnh Điện Biên,8214,Phường Điện Biên Phủ
31,Tỉnh Điện Biên,287,Thành Phố Điện Biên Phủ,721183,Phường Thanh Trường,22,Tỉnh Điện Biên,8214,Phường Điện Biên Phủ
31,Tỉnh Điện Biên,287,Thành Phố Điện Biên Phủ,786719,Xã Thanh Minh,22,Tỉnh Điện Biên,8214,Phường Điện Biên Phủ
31,Tỉnh Điện Biên,543,Thị Xã Mường Lay,66079,Xã Lay Nưa,22,Tỉnh Điện Biên,2838,Phường Mường Lay
31,Tỉnh Điện Biên,543,Thị Xã Mường Lay,131615,Phường Na Lay,22,Tỉnh Điện Biên,2838,Phường Mường Lay
31,Tỉnh Điện Biên,543,Thị Xã Mường Lay,197151,Phường Sông Đà,22,Tỉnh Điện Biên,2838,Phường Mường Lay
31,Tỉnh Điện Biên,799,Huyện Mường Ảng,66335,Xã Nặm Lịch,22,Tỉnh Điện Biên,7702,Xã Mường Lạn
31,Tỉnh Điện Biên,799,Huyện Mường Ảng,131871,Xã Ẳng Tở,22,Tỉnh Điện Biên,7446,Xã Búng Lao
31,Tỉnh Điện Biên,799,Huyện Mường Ảng,197407,Xã Búng Lao,22,Tỉnh Điện Biên,7446,Xã Búng Lao
31,Tỉnh Điện Biên,799,Huyện Mường Ảng,262943,Xã Mường Đăng,22,Tỉnh Điện Biên,7190,Xã Nà Tấu
31,Tỉnh Điện Biên,799,Huyện Mường Ảng,328479,Xã Mường Lạn,22,Tỉnh Điện Biên,7702,Xã Mường Lạn
31,Tỉnh Điện Biên,799,Huyện Mường Ảng,394015,Xã Ngối Cáy,22,Tỉnh Điện Biên,7190,Xã Nà Tấu
31,Tỉnh Điện Biên,799,Huyện Mường Ảng,459551,Xã Xuân Lao,22,Tỉnh Điện Biên,7702,Xã Mường Lạn
31,Tỉnh Điện Biên,799,Huyện Mường Ảng,525087,Thị Trấn Mường Ảng,22,Tỉnh Điện Biên,6934,Xã Mường Ảng
31,Tỉnh Điện Biên,799,Huyện Mường Ảng,590623,Xã Ẳng Cang,22,Tỉnh Điện Biên,6934,Xã Mường Ảng
31,Tỉnh Điện Biên,799,Huyện Mường Ảng,656159,Xã Ẳng Nưa,22,Tỉnh Điện Biên,6934,Xã Mường Ảng
31,Tỉnh Điện Biên,1055,Huyện Mường Chà,66591,Xã Nậm Nèn,22,Tỉnh Điện Biên,3862,Xã Nậm Nèn
31,Tỉnh Điện Biên,1055,Huyện Mường Chà,132127,Xã Huổi Mí,22,Tỉnh Điện Biên,3862,Xã Nậm Nèn
31,Tỉnh Điện Biên,1055,Huyện Mường Chà,197663,Xã Ma Thì Hồ,22,Tỉnh Điện Biên,3094,Xã Na Sang
31,Tỉnh Điện Biên,1055,Huyện Mường Chà,263199,Xã Mường Mươn,22,Tỉnh Điện Biên,4118,Xã Mường Pồn
31,Tỉnh Điện Biên,1055,Huyện Mường Chà,328735,Xã Mường Tùng,22,Tỉnh Điện Biên,3350,Xã Mường Tùng
31,Tỉnh Điện Biên,1055,Huyện Mường Chà,394271,Xã Hừa Ngài,22,Tỉnh Điện Biên,3606,Xã Pa Ham
31,Tỉnh Điện Biên,1055,Huyện Mường Chà,459807,Xã Pa Ham,22,Tỉnh Điện Biên,3606,Xã Pa Ham
31,Tỉnh Điện Biên,1055,Huyện Mường Chà,525343,Xã Xá Tổng,22,Tỉnh Điện Biên,2838,Phường Mường Lay
31,Tỉnh Điện Biên,1055,Huyện Mường Chà,590879,Xã Na Sang,22,Tỉnh Điện Biên,3094,Xã Na Sang
31,Tỉnh Điện Biên,1055,Huyện Mường Chà,656415,Thị Trấn Mường Chà,22,Tỉnh Điện Biên,3094,Xã Na Sang
31,Tỉnh Điện Biên,1055,Huyện Mường Chà,721951,Xã Huổi Lèng,22,Tỉnh Điện Biên,3350,Xã Mường Tùng
31,Tỉnh Điện Biên,1055,Huyện Mường Chà,787487,Xã Sa Lông,22,Tỉnh Điện Biên,3094,Xã Na Sang
31,Tỉnh Điện Biên,1311,Huyện Mường Nhé,66847,Xã Leng Su Sìn,22,Tỉnh Điện Biên,534,Xã Sín Thầu
31,Tỉnh Điện Biên,1311,Huyện Mường Nhé,132383,Xã Mường Nhé,22,Tỉnh Điện Biên,278,Xã Mường Nhé
31,Tỉnh Điện Biên,1311,Huyện Mường Nhé,197919,Xã Nậm Kè,22,Tỉnh Điện Biên,1046,Xã Nậm Kè
31,Tỉnh Điện Biên,1311,Huyện Mường Nhé,263455,Xã Nậm Vì,22,Tỉnh Điện Biên,278,Xã Mường Nhé
31,Tỉnh Điện Biên,1311,Huyện Mường Nhé,328991,Xã Pá Mỳ,22,Tỉnh Điện Biên,1046,Xã Nậm Kè
31,Tỉnh Điện Biên,1311,Huyện Mường Nhé,394527,Xã Quảng Lâm,22,Tỉnh Điện Biên,1302,Xã Quảng Lâm
31,Tỉnh Điện Biên,1311,Huyện Mường Nhé,460063,Xã Sen Thượng,22,Tỉnh Điện Biên,534,Xã Sín Thầu
31,Tỉnh Điện Biên,1311,Huyện Mường Nhé,525599,Xã Sín Thầu,22,Tỉnh Điện Biên,534,Xã Sín Thầu
31,Tỉnh Điện Biên,1311,Huyện Mường Nhé,591135,Xã Chung Chải,22,Tỉnh Điện Biên,278,Xã Mường Nhé
31,Tỉnh Điện Biên,1311,Huyện Mường Nhé,656671,Xã Mường Toong,22,Tỉnh Điện Biên,790,Xã Mường Toong
31,Tỉnh Điện Biên,1311,Huyện Mường Nhé,722207,Xã Huổi Lếnh,22,Tỉnh Điện Biên,790,Xã Mường Toong
31,Tỉnh Điện Biên,1567,Huyện Điện Biên,67103,Xã Mường Lói,22,Tỉnh Điện Biên,10006,Xã Mường Nhà
31,Tỉnh Điện Biên,1567,Huyện Điện Biên,132639,Xã Mường Nhà,22,Tỉnh Điện Biên,10006,Xã Mường Nhà
31,Tỉnh Điện Biên,1567,Huyện Điện Biên,198175,Xã Thanh Nưa,22,Tỉnh Điện Biên,8726,Xã Thanh Nưa
31,Tỉnh Điện Biên,1567,Huyện Điện Biên,263711,Xã Thanh Xương,22,Tỉnh Điện Biên,8470,Phường Mường Thanh
31,Tỉnh Điện Biên,1567,Huyện Điện Biên,329247,Xã Na Ư,22,Tỉnh Điện Biên,9494,Xã Sam Mứn
31,Tỉnh Điện Biên,1567,Huyện Điện Biên,394783,Xã Noọng Hẹt,22,Tỉnh Điện Biên,8982,Xã Thanh An
31,Tỉnh Điện Biên,1567,Huyện Điện Biên,460319,Xã Noong Luống,22,Tỉnh Điện Biên,9238,Xã Thanh Yên
31,Tỉnh Điện Biên,1567,Huyện Điện Biên,525855,Xã Núa Ngam,22,Tỉnh Điện Biên,9750,Xã Núa Ngam
31,Tỉnh Điện Biên,1567,Huyện Điện Biên,591391,Xã Pa Thơm,22,Tỉnh Điện Biên,9238,Xã Thanh Yên
31,Tỉnh Điện Biên,1567,Huyện Điện Biên,656927,Xã Sam Mứn,22,Tỉnh Điện Biên,8982,Xã Thanh An
31,Tỉnh Điện Biên,1567,Huyện Điện Biên,722463,Xã Thanh An,22,Tỉnh Điện Biên,8982,Xã Thanh An
31,Tỉnh Điện Biên,1567,Huyện Điện Biên,787999,Xã Thanh Chăn,22,Tỉnh Điện Biên,8726,Xã Thanh Nưa
31,Tỉnh Điện Biên,1567,Huyện Điện Biên,853535,Xã Thanh Hưng,22,Tỉnh Điện Biên,8726,Xã Thanh Nưa
31,Tỉnh Điện Biên,1567,Huyện Điện Biên,919071,Xã Thanh Luông,22,Tỉnh Điện Biên,8726,Xã Thanh Nưa
31,Tỉnh Điện Biên,1567,Huyện Điện Biên,984607,Xã Thanh Yên,22,Tỉnh Điện Biên,9238,Xã Thanh Yên
31,Tỉnh Điện Biên,1567,Huyện Điện Biên,1050143,Xã Hẹ Muông,22,Tỉnh Điện Biên,9750,Xã Núa Ngam
31,Tỉnh Điện Biên,1567,Huyện Điện Biên,1115679,Xã Pom Lót,22,Tỉnh Điện Biên,9494,Xã Sam Mứn
31,Tỉnh Điện Biên,1567,Huyện Điện Biên,1181215,Xã Hua Thanh,22,Tỉnh Điện Biên,8726,Xã Thanh Nưa
31,Tỉnh Điện Biên,1567,Huyện Điện Biên,1246751,Xã Na Tông,22,Tỉnh Điện Biên,9750,Xã Núa Ngam
31,Tỉnh Điện Biên,1567,Huyện Điện Biên,1312287,Xã Phu Luông,22,Tỉnh Điện Biên,10006,Xã Mường Nhà
31,Tỉnh Điện Biên,1567,Huyện Điện Biên,1377823,Xã Mường Pồn,22,Tỉnh Điện Biên,4118,Xã Mường Pồn
31,Tỉnh Điện Biên,1823,Huyện Điện Biên Đông,67359,Xã Háng Lìa,22,Tỉnh Điện Biên,11286,Xã Tìa Dình
31,Tỉnh Điện Biên,1823,Huyện Điện Biên Đông,132895,Xã Luân Giới,22,Tỉnh Điện Biên,11030,Xã Mường Luân
31,Tỉnh Điện Biên,1823,Huyện Điện Biên Đông,198431,Xã Mường Luân,22,Tỉnh Điện Biên,11030,Xã Mường Luân
31,Tỉnh Điện Biên,1823,Huyện Điện Biên Đông,263967,Xã Chiềng Sơ,22,Tỉnh Điện Biên,11030,Xã Mường Luân
31,Tỉnh Điện Biên,1823,Huyện Điện Biên Đông,329503,Xã Phình Giàng,22,Tỉnh Điện Biên,11542,Xã Phình Giàng
31,Tỉnh Điện Biên,1823,Huyện Điện Biên Đông,395039,Xã Pú Hồng,22,Tỉnh Điện Biên,11542,Xã Phình Giàng
31,Tỉnh Điện Biên,1823,Huyện Điện Biên Đông,460575,Xã Tìa Dình,22,Tỉnh Điện Biên,11286,Xã Tìa Dình
31,Tỉnh Điện Biên,1823,Huyện Điện Biên Đông,526111,Xã Xa Dung,22,Tỉnh Điện Biên,10518,Xã Xa Dung
31,Tỉnh Điện Biên,1823,Huyện Điện Biên Đông,591647,Xã Keo Lôm,22,Tỉnh Điện Biên,10262,Xã Na Son
31,Tỉnh Điện Biên,1823,Huyện Điện Biên Đông,657183,Thị Trấn Điện Biên Đông,22,Tỉnh Điện Biên,10262,Xã Na Son
31,Tỉnh Điện Biên,1823,Huyện Điện Biên Đông,722719,Xã Na Son,22,Tỉnh Điện Biên,10262,Xã Na Son
31,Tỉnh Điện Biên,1823,Huyện Điện Biên Đông,788255,Xã Nong U,22,Tỉnh Điện Biên,10774,Xã Pu Nhi
31,Tỉnh Điện Biên,1823,Huyện Điện Biên Đông,853791,Xã Phì Nhừ,22,Tỉnh Điện Biên,10518,Xã Xa Dung
31,Tỉnh Điện Biên,1823,Huyện Điện Biên Đông,919327,Xã Pú Nhi,22,Tỉnh Điện Biên,10774,Xã Pu Nhi
31,Tỉnh Điện Biên,2079,Huyện Tuần Giáo,67615,Xã Rạng Đông,22,Tỉnh Điện Biên,6422,Xã Pú Nhung
31,Tỉnh Điện Biên,2079,Huyện Tuần Giáo,133151,Xã Nà Tòng,22,Tỉnh Điện Biên,4374,Xã Tủa Chùa
31,Tỉnh Điện Biên,2079,Huyện Tuần Giáo,198687,Xã Pú Xi,22,Tỉnh Điện Biên,6166,Xã Mường Mùn
31,Tỉnh Điện Biên,2079,Huyện Tuần Giáo,264223,Xã Mường Khong,22,Tỉnh Điện Biên,6678,Xã Chiềng Sinh
31,Tỉnh Điện Biên,2079,Huyện Tuần Giáo,329759,Xã Chiềng Đông,22,Tỉnh Điện Biên,7446,Xã Búng Lao
31,Tỉnh Điện Biên,2079,Huyện Tuần Giáo,395295,Xã Ta Ma,22,Tỉnh Điện Biên,6422,Xã Pú Nhung
31,Tỉnh Điện Biên,2079,Huyện Tuần Giáo,460831,Xã Chiềng Sinh,22,Tỉnh Điện Biên,6678,Xã Chiềng Sinh
31,Tỉnh Điện Biên,2079,Huyện Tuần Giáo,526367,Thị Trấn Tuần Giáo,22,Tỉnh Điện Biên,5654,Xã Tuần Giáo
31,Tỉnh Điện Biên,2079,Huyện Tuần Giáo,591903,Xã Pú Nhung,22,Tỉnh Điện Biên,6422,Xã Pú Nhung
31,Tỉnh Điện Biên,2079,Huyện Tuần Giáo,657439,Xã Quài Cang,22,Tỉnh Điện Biên,5654,Xã Tuần Giáo
31,Tỉnh Điện Biên,2079,Huyện Tuần Giáo,722975,Xã Quài Nưa,22,Tỉnh Điện Biên,5654,Xã Tuần Giáo
31,Tỉnh Điện Biên,2079,Huyện Tuần Giáo,788511,Xã Quài Tở,22,Tỉnh Điện Biên,5910,Xã Quài Tở
31,Tỉnh Điện Biên,2079,Huyện Tuần Giáo,854047,Xã Mùn Chung,22,Tỉnh Điện Biên,6166,Xã Mường Mùn
31,Tỉnh Điện Biên,2079,Huyện Tuần Giáo,919583,Xã Mường Mùn,22,Tỉnh Điện Biên,6166,Xã Mường Mùn
31,Tỉnh Điện Biên,2079,Huyện Tuần Giáo,985119,Xã Mường Thín,22,Tỉnh Điện Biên,6678,Xã Chiềng Sinh
31,Tỉnh Điện Biên,2079,Huyện Tuần Giáo,1050655,Xã Nà Sáy,22,Tỉnh Điện Biên,6678,Xã Chiềng Sinh
31,Tỉnh Điện Biên,2079,Huyện Tuần Giáo,1116191,Xã Phình Sáng,22,Tỉnh Điện Biên,5398,Xã Sáng Nhè
31,Tỉnh Điện Biên,2079,Huyện Tuần Giáo,1181727,Xã Tênh Phông,22,Tỉnh Điện Biên,5910,Xã Quài Tở
31,Tỉnh Điện Biên,2079,Huyện Tuần Giáo,1247263,Xã Tỏa Tình,22,Tỉnh Điện Biên,5910,Xã Quài Tở
31,Tỉnh Điện Biên,2335,Huyện Tủa Chùa,67871,Xã Huổi Só,22,Tỉnh Điện Biên,5142,Xã Tủa Thàng
31,Tỉnh Điện Biên,2335,Huyện Tủa Chùa,133407,Xã Sáng Nhè,22,Tỉnh Điện Biên,5398,Xã Sáng Nhè
31,Tỉnh Điện Biên,2335,Huyện Tủa Chùa,198943,Xã Trung Thu,22,Tỉnh Điện Biên,4886,Xã Sính Phình
31,Tỉnh Điện Biên,2335,Huyện Tủa Chùa,264479,Xã Tủa Thàng,22,Tỉnh Điện Biên,5142,Xã Tủa Thàng
31,Tỉnh Điện Biên,2335,Huyện Tủa Chùa,330015,Xã Xín Chải,22,Tỉnh Điện Biên,4630,Xã Sín Chải
31,Tỉnh Điện Biên,2335,Huyện Tủa Chùa,395551,Thị Trấn Tủa Chùa,22,Tỉnh Điện Biên,4374,Xã Tủa Chùa
31,Tỉnh Điện Biên,2335,Huyện Tủa Chùa,461087,Xã Mường Báng,22,Tỉnh Điện Biên,4374,Xã Tủa Chùa
31,Tỉnh Điện Biên,2335,Huyện Tủa Chùa,526623,Xã Lao Xả Phình,22,Tỉnh Điện Biên,4630,Xã Sín Chải
31,Tỉnh Điện Biên,2335,Huyện Tủa Chùa,592159,Xã Mường Đun,22,Tỉnh Điện Biên,5398,Xã Sáng Nhè
31,Tỉnh Điện Biên,2335,Huyện Tủa Chùa,657695,Xã Sính Phình,22,Tỉnh Điện Biên,4886,Xã Sính Phình
31,Tỉnh Điện Biên,2335,Huyện Tủa Chùa,723231,Xã Tả Phìn,22,Tỉnh Điện Biên,4886,Xã Sính Phình
31,Tỉnh Điện Biên,2335,Huyện Tủa Chùa,788767,Xã Tả Sìn Thàng,22,Tỉnh Điện Biên,4630,Xã Sín Chải
31,Tỉnh Điện Biên,2591,Huyện Nậm Pồ,68127,Xã Chà Nưa,22,Tỉnh Điện Biên,1814,Xã Mường Chà
31,Tỉnh Điện Biên,2591,Huyện Nậm Pồ,133663,Xã Chà Tở,22,Tỉnh Điện Biên,2326,Xã Chà Tở
31,Tỉnh Điện Biên,2591,Huyện Nậm Pồ,199199,Xã Nậm Khăn,22,Tỉnh Điện Biên,2326,Xã Chà Tở
31,Tỉnh Điện Biên,2591,Huyện Nậm Pồ,264735,Xã Chà Cang,22,Tỉnh Điện Biên,1814,Xã Mường Chà
31,Tỉnh Điện Biên,2591,Huyện Nậm Pồ,330271,Xã Na Cô Sa,22,Tỉnh Điện Biên,1302,Xã Quảng Lâm
31,Tỉnh Điện Biên,2591,Huyện Nậm Pồ,395807,Xã Pa Tần,22,Tỉnh Điện Biên,1814,Xã Mường Chà
31,Tỉnh Điện Biên,2591,Huyện Nậm Pồ,461343,Xã Nà Khoa,22,Tỉnh Điện Biên,1558,Xã Nà Hỳ
31,Tỉnh Điện Biên,2591,Huyện Nậm Pồ,526879,Xã Phìn Hồ,22,Tỉnh Điện Biên,2582,Xã Si Pa Phìn
31,Tỉnh Điện Biên,2591,Huyện Nậm Pồ,592415,Xã Si Pa Phìn,22,Tỉnh Điện Biên,2582,Xã Si Pa Phìn
31,Tỉnh Điện Biên,2591,Huyện Nậm Pồ,657951,Xã Nà Bủng,22,Tỉnh Điện Biên,2070,Xã Nà Bủng
31,Tỉnh Điện Biên,2591,Huyện Nậm Pồ,723487,Xã Nà Hỳ,22,Tỉnh Điện Biên,1558,Xã Nà Hỳ
31,Tỉnh Điện Biên,2591,Huyện Nậm Pồ,789023,Xã Nậm Nhừ,22,Tỉnh Điện Biên,1558,Xã Nà Hỳ
31,Tỉnh Điện Biên,2591,Huyện Nậm Pồ,854559,Xã Nậm Chua,22,Tỉnh Điện Biên,1558,Xã Nà Hỳ
31,Tỉnh Điện Biên,2591,Huyện Nậm Pồ,920095,Xã Vàng Đán,22,Tỉnh Điện Biên,2070,Xã Nà Bủng
31,Tỉnh Điện Biên,2591,Huyện Nậm Pồ,985631,Xã Nậm Tin,22,Tỉnh Điện Biên,1814,Xã Mường Chà
32,Tỉnh Đồng Nai,288,Thành Phố Biên Hòa,65824,Phường Tân Vạn,23,Tỉnh Đồng Nai,17687,Phường Biên Hòa
32,Tỉnh Đồng Nai,288,Thành Phố Biên Hòa,131360,Phường Thanh Bình,23,Tỉnh Đồng Nai,17943,Phường Trấn Biên
32,Tỉnh Đồng Nai,288,Thành Phố Biên Hòa,196896,Phường Thống Nhất,23,Tỉnh Đồng Nai,17943,Phường Trấn Biên
32,Tỉnh Đồng Nai,288,Thành Phố Biên Hòa,262432,Phường Trảng Dài,23,Tỉnh Đồng Nai,16151,Phường Trảng Dài
32,Tỉnh Đồng Nai,288,Thành Phố Biên Hòa,327968,Phường Trung Dũng,23,Tỉnh Đồng Nai,17943,Phường Trấn Biên
32,Tỉnh Đồng Nai,288,Thành Phố Biên Hòa,393504,Phường An Hòa,23,Tỉnh Đồng Nai,16663,Phường Long Hưng
32,Tỉnh Đồng Nai,288,Thành Phố Biên Hòa,524576,Phường Long Bình,23,Tỉnh Đồng Nai,15895,Phường Long Bình
32,Tỉnh Đồng Nai,288,Thành Phố Biên Hòa,590112,Phường An Bình,23,Tỉnh Đồng Nai,17943,Phường Trấn Biên
32,Tỉnh Đồng Nai,288,Thành Phố Biên Hòa,655648,Phường Bình Đa,23,Tỉnh Đồng Nai,18199,Phường Tam Hiệp
32,Tỉnh Đồng Nai,288,Thành Phố Biên Hòa,721184,Phường Bửu Hòa,23,Tỉnh Đồng Nai,17687,Phường Biên Hòa
32,Tỉnh Đồng Nai,288,Thành Phố Biên Hòa,786720,Phường Bửu Long,23,Tỉnh Đồng Nai,17943,Phường Trấn Biên
32,Tỉnh Đồng Nai,288,Thành Phố Biên Hòa,852256,Phường Hố Nai,23,Tỉnh Đồng Nai,15895,Phường Long Bình
32,Tỉnh Đồng Nai,288,Thành Phố Biên Hòa,917792,Phường Long Bình Tân,23,Tỉnh Đồng Nai,16663,Phường Long Hưng
32,Tỉnh Đồng Nai,288,Thành Phố Biên Hòa,983328,Phường Quang Vinh,23,Tỉnh Đồng Nai,17943,Phường Trấn Biên
32,Tỉnh Đồng Nai,288,Thành Phố Biên Hòa,1048864,Phường Tam Hiệp,23,Tỉnh Đồng Nai,18199,Phường Tam Hiệp
32,Tỉnh Đồng Nai,288,Thành Phố Biên Hòa,1179936,Phường Tân Biên,23,Tỉnh Đồng Nai,15895,Phường Long Bình
32,Tỉnh Đồng Nai,288,Thành Phố Biên Hòa,1245472,Phường Tân Hiệp,23,Tỉnh Đồng Nai,18199,Phường Tam Hiệp
32,Tỉnh Đồng Nai,288,Thành Phố Biên Hòa,1311008,Phường Tân Hòa,23,Tỉnh Đồng Nai,16407,Phường Hố Nai
32,Tỉnh Đồng Nai,288,Thành Phố Biên Hòa,1376544,Phường Tân Mai,23,Tỉnh Đồng Nai,18199,Phường Tam Hiệp
32,Tỉnh Đồng Nai,288,Thành Phố Biên Hòa,1442080,Phường Tân Phong,23,Tỉnh Đồng Nai,5911,Phường Tân Triều
32,Tỉnh Đồng Nai,288,Thành Phố Biên Hòa,1638688,Phường Hiệp Hòa,23,Tỉnh Đồng Nai,17943,Phường Trấn Biên
32,Tỉnh Đồng Nai,288,Thành Phố Biên Hòa,1704224,Phường Hóa An,23,Tỉnh Đồng Nai,17687,Phường Biên Hòa
32,Tỉnh Đồng Nai,288,Thành Phố Biên Hòa,1769760,Xã Long Hưng,23,Tỉnh Đồng Nai,16663,Phường Long Hưng
32,Tỉnh Đồng Nai,288,Thành Phố Biên Hòa,1835296,Phường Phước Tân,23,Tỉnh Đồng Nai,1047,Phường Phước Tân
32,Tỉnh Đồng Nai,288,Thành Phố Biên Hòa,1900832,Phường Tam Phước,23,Tỉnh Đồng Nai,1303,Phường Tam Phước
32,Tỉnh Đồng Nai,288,Thành Phố Biên Hòa,1966368,Phường Tân Hạnh,23,Tỉnh Đồng Nai,17687,Phường Biên Hòa
32,Tỉnh Đồng Nai,544,Thành Phố Long Khánh,66080,Phường Xuân Bình,23,Tỉnh Đồng Nai,11031,Phường Long Khánh
32,Tỉnh Đồng Nai,544,Thành Phố Long Khánh,131616,Phường Xuân Hòa,23,Tỉnh Đồng Nai,11031,Phường Long Khánh
32,Tỉnh Đồng Nai,544,Thành Phố Long Khánh,197152,Phường Xuân Lập,23,Tỉnh Đồng Nai,10775,Phường Xuân Lập
32,Tỉnh Đồng Nai,544,Thành Phố Long Khánh,262688,Phường Xuân Tân,23,Tỉnh Đồng Nai,11287,Phường Hàng Gòn
32,Tỉnh Đồng Nai,544,Thành Phố Long Khánh,328224,Phường Phú Bình,23,Tỉnh Đồng Nai,11031,Phường Long Khánh
32,Tỉnh Đồng Nai,544,Thành Phố Long Khánh,393760,Phường Xuân An,23,Tỉnh Đồng Nai,11031,Phường Long Khánh
32,Tỉnh Đồng Nai,544,Thành Phố Long Khánh,590368,Phường Bàu Sen,23,Tỉnh Đồng Nai,10775,Phường Xuân Lập
32,Tỉnh Đồng Nai,544,Thành Phố Long Khánh,655904,Xã Bàu Trâm,23,Tỉnh Đồng Nai,11031,Phường Long Khánh
32,Tỉnh Đồng Nai,544,Thành Phố Long Khánh,721440,Xã Bình Lộc,23,Tỉnh Đồng Nai,10263,Phường Bình Lộc
32,Tỉnh Đồng Nai,544,Thành Phố Long Khánh,786976,Xã Hàng Gòn,23,Tỉnh Đồng Nai,11287,Phường Hàng Gòn
32,Tỉnh Đồng Nai,544,Thành Phố Long Khánh,852512,Phường Suối Tre,23,Tỉnh Đồng Nai,10263,Phường Bình Lộc
32,Tỉnh Đồng Nai,544,Thành Phố Long Khánh,918048,Xã Bảo Quang,23,Tỉnh Đồng Nai,10519,Phường Bảo Vinh
32,Tỉnh Đồng Nai,544,Thành Phố Long Khánh,983584,Phường Bảo Vinh,23,Tỉnh Đồng Nai,10519,Phường Bảo Vinh
32,Tỉnh Đồng Nai,800,Huyện Cẩm Mỹ,66336,Xã Bảo Bình,23,Tỉnh Đồng Nai,12055,Xã Cẩm Mỹ
32,Tỉnh Đồng Nai,800,Huyện Cẩm Mỹ,131872,Xã Lâm San,23,Tỉnh Đồng Nai,12311,Xã Sông Ray
32,Tỉnh Đồng Nai,800,Huyện Cẩm Mỹ,197408,Thị Trấn Long Giao,23,Tỉnh Đồng Nai,12055,Xã Cẩm Mỹ
32,Tỉnh Đồng Nai,800,Huyện Cẩm Mỹ,262944,Xã Nhân Nghĩa,23,Tỉnh Đồng Nai,12055,Xã Cẩm Mỹ
32,Tỉnh Đồng Nai,800,Huyện Cẩm Mỹ,328480,Xã Sông Nhạn,23,Tỉnh Đồng Nai,11543,Xã Xuân Quế
32,Tỉnh Đồng Nai,800,Huyện Cẩm Mỹ,394016,Xã Sông Ray,23,Tỉnh Đồng Nai,12311,Xã Sông Ray
32,Tỉnh Đồng Nai,800,Huyện Cẩm Mỹ,459552,Xã Thừa Đức,23,Tỉnh Đồng Nai,11799,Xã Xuân Đường
32,Tỉnh Đồng Nai,800,Huyện Cẩm Mỹ,525088,Xã Xuân Bảo,23,Tỉnh Đồng Nai,12567,Xã Xuân Định
32,Tỉnh Đồng Nai,800,Huyện Cẩm Mỹ,590624,Xã Xuân Đông,23,Tỉnh Đồng Nai,1815,Xã Xuân Đông
32,Tỉnh Đồng Nai,800,Huyện Cẩm Mỹ,656160,Xã Xuân Đường,23,Tỉnh Đồng Nai,11799,Xã Xuân Đường
32,Tỉnh Đồng Nai,800,Huyện Cẩm Mỹ,721696,Xã Xuân Mỹ,23,Tỉnh Đồng Nai,12055,Xã Cẩm Mỹ
32,Tỉnh Đồng Nai,800,Huyện Cẩm Mỹ,787232,Xã Xuân Quế,23,Tỉnh Đồng Nai,11543,Xã Xuân Quế
32,Tỉnh Đồng Nai,800,Huyện Cẩm Mỹ,852768,Xã Xuân Tây,23,Tỉnh Đồng Nai,1815,Xã Xuân Đông
32,Tỉnh Đồng Nai,1056,Huyện Long Thành,66592,Xã Tân Hiệp,23,Tỉnh Đồng Nai,6935,Xã Phước Thái
32,Tỉnh Đồng Nai,1056,Huyện Long Thành,132128,Xã Tam An,23,Tỉnh Đồng Nai,7959,Xã An Phước
32,Tỉnh Đồng Nai,1056,Huyện Long Thành,197664,Xã Long Phước,23,Tỉnh Đồng Nai,7191,Xã Long Phước
32,Tỉnh Đồng Nai,1056,Huyện Long Thành,263200,Xã Phước Bình,23,Tỉnh Đồng Nai,6935,Xã Phước Thái
32,Tỉnh Đồng Nai,1056,Huyện Long Thành,328736,Xã Phước Thái,23,Tỉnh Đồng Nai,6935,Xã Phước Thái
32,Tỉnh Đồng Nai,1056,Huyện Long Thành,394272,Xã Lộc An,23,Tỉnh Đồng Nai,7703,Xã Long Thành
32,Tỉnh Đồng Nai,1056,Huyện Long Thành,459808,Xã Long An,23,Tỉnh Đồng Nai,7703,Xã Long Thành
32,Tỉnh Đồng Nai,1056,Huyện Long Thành,525344,Xã An Phước,23,Tỉnh Đồng Nai,7959,Xã An Phước
32,Tỉnh Đồng Nai,1056,Huyện Long Thành,590880,Xã Bàu Cạn,23,Tỉnh Đồng Nai,7191,Xã Long Phước
32,Tỉnh Đồng Nai,1056,Huyện Long Thành,656416,Xã Bình An,23,Tỉnh Đồng Nai,7447,Xã Bình An
32,Tỉnh Đồng Nai,1056,Huyện Long Thành,721952,Xã Bình Sơn,23,Tỉnh Đồng Nai,7703,Xã Long Thành
32,Tỉnh Đồng Nai,1056,Huyện Long Thành,787488,Xã Cẩm Đường,23,Tỉnh Đồng Nai,11799,Xã Xuân Đường
32,Tỉnh Đồng Nai,1056,Huyện Long Thành,853024,Thị Trấn Long Thành,23,Tỉnh Đồng Nai,7703,Xã Long Thành
32,Tỉnh Đồng Nai,1056,Huyện Long Thành,918560,Xã Long Đức,23,Tỉnh Đồng Nai,7447,Xã Bình An
32,Tỉnh Đồng Nai,1312,Huyện Nhơn Trạch,66848,Xã Đại Phước,23,Tỉnh Đồng Nai,16919,Xã Đại Phước
32,Tỉnh Đồng Nai,1312,Huyện Nhơn Trạch,132384,Thị Trấn Hiệp Phước,23,Tỉnh Đồng Nai,6423,Xã Nhơn Trạch
32,Tỉnh Đồng Nai,1312,Huyện Nhơn Trạch,197920,Xã Long Tân,23,Tỉnh Đồng Nai,6423,Xã Nhơn Trạch
32,Tỉnh Đồng Nai,1312,Huyện Nhơn Trạch,263456,Xã Long Thọ,23,Tỉnh Đồng Nai,6679,Xã Phước An
32,Tỉnh Đồng Nai,1312,Huyện Nhơn Trạch,328992,Xã Phú Đông,23,Tỉnh Đồng Nai,16919,Xã Đại Phước
32,Tỉnh Đồng Nai,1312,Huyện Nhơn Trạch,394528,Xã Phú Hội,23,Tỉnh Đồng Nai,6423,Xã Nhơn Trạch
32,Tỉnh Đồng Nai,1312,Huyện Nhơn Trạch,460064,Xã Phú Hữu,23,Tỉnh Đồng Nai,16919,Xã Đại Phước
32,Tỉnh Đồng Nai,1312,Huyện Nhơn Trạch,525600,Xã Phú Thạnh,23,Tỉnh Đồng Nai,6423,Xã Nhơn Trạch
32,Tỉnh Đồng Nai,1312,Huyện Nhơn Trạch,591136,Xã Phước An,23,Tỉnh Đồng Nai,6679,Xã Phước An
32,Tỉnh Đồng Nai,1312,Huyện Nhơn Trạch,656672,Xã Phước Khánh,23,Tỉnh Đồng Nai,16919,Xã Đại Phước
32,Tỉnh Đồng Nai,1312,Huyện Nhơn Trạch,722208,Xã Phước Thiền,23,Tỉnh Đồng Nai,6423,Xã Nhơn Trạch
32,Tỉnh Đồng Nai,1312,Huyện Nhơn Trạch,787744,Xã Vĩnh Thanh,23,Tỉnh Đồng Nai,6679,Xã Phước An
32,Tỉnh Đồng Nai,1568,Huyện Định Quán,67104,Thị Trấn Định Quán,23,Tỉnh Đồng Nai,3607,Xã Định Quán
32,Tỉnh Đồng Nai,1568,Huyện Định Quán,132640,Xã Gia Canh,23,Tỉnh Đồng Nai,3607,Xã Định Quán
32,Tỉnh Đồng Nai,1568,Huyện Định Quán,198176,Xã La Ngà,23,Tỉnh Đồng Nai,3351,Xã La Ngà
32,Tỉnh Đồng Nai,1568,Huyện Định Quán,263712,Xã Ngọc Định,23,Tỉnh Đồng Nai,3607,Xã Định Quán
32,Tỉnh Đồng Nai,1568,Huyện Định Quán,329248,Xã Phú Cường,23,Tỉnh Đồng Nai,10007,Xã Thống Nhất
32,Tỉnh Đồng Nai,1568,Huyện Định Quán,394784,Xã Phú Hòa,23,Tỉnh Đồng Nai,4119,Xã Phú Hòa
32,Tỉnh Đồng Nai,1568,Huyện Định Quán,460320,Xã Phú Lợi,23,Tỉnh Đồng Nai,4119,Xã Phú Hòa
32,Tỉnh Đồng Nai,1568,Huyện Định Quán,525856,Xã Phú Ngọc,23,Tỉnh Đồng Nai,3607,Xã Định Quán
32,Tỉnh Đồng Nai,1568,Huyện Định Quán,591392,Xã Phú Tân,23,Tỉnh Đồng Nai,3863,Xã Phú Vinh
32,Tỉnh Đồng Nai,1568,Huyện Định Quán,656928,Xã Phú Túc,23,Tỉnh Đồng Nai,10007,Xã Thống Nhất
32,Tỉnh Đồng Nai,1568,Huyện Định Quán,722464,Xã Phú Vinh,23,Tỉnh Đồng Nai,3863,Xã Phú Vinh
32,Tỉnh Đồng Nai,1568,Huyện Định Quán,788000,Xã Suối Nho,23,Tỉnh Đồng Nai,3095,Xã Xuân Bắc
32,Tỉnh Đồng Nai,1568,Huyện Định Quán,853536,Xã Thanh Sơn,23,Tỉnh Đồng Nai,2327,Xã Thanh Sơn
32,Tỉnh Đồng Nai,1568,Huyện Định Quán,919072,Xã Túc Trưng,23,Tỉnh Đồng Nai,3351,Xã La Ngà
32,Tỉnh Đồng Nai,1824,Huyện Tân Phú,67360,Xã Dak Lua,23,Tỉnh Đồng Nai,279,Xã Đak Lua
32,Tỉnh Đồng Nai,1824,Huyện Tân Phú,132896,Xã Phú Điền,23,Tỉnh Đồng Nai,4119,Xã Phú Hòa
32,Tỉnh Đồng Nai,1824,Huyện Tân Phú,198432,Thị Trấn Tân Phú,23,Tỉnh Đồng Nai,4887,Xã Tân Phú
32,Tỉnh Đồng Nai,1824,Huyện Tân Phú,263968,Xã Nam Cát Tiên,23,Tỉnh Đồng Nai,4375,Xã Tà Lài
32,Tỉnh Đồng Nai,1824,Huyện Tân Phú,263968,Xã Nam Cát Tiên,23,Tỉnh Đồng Nai,4631,Xã Nam Cát Tiên
32,Tỉnh Đồng Nai,1824,Huyện Tân Phú,395040,Xã Phú An,23,Tỉnh Đồng Nai,4631,Xã Nam Cát Tiên
32,Tỉnh Đồng Nai,1824,Huyện Tân Phú,460576,Xã Phú Bình,23,Tỉnh Đồng Nai,5143,Xã Phú Lâm
32,Tỉnh Đồng Nai,1824,Huyện Tân Phú,526112,Xã Phú Lâm,23,Tỉnh Đồng Nai,5143,Xã Phú Lâm
32,Tỉnh Đồng Nai,1824,Huyện Tân Phú,591648,Xã Phú Lập,23,Tỉnh Đồng Nai,4375,Xã Tà Lài
32,Tỉnh Đồng Nai,1824,Huyện Tân Phú,657184,Xã Phú Lộc,23,Tỉnh Đồng Nai,4887,Xã Tân Phú
32,Tỉnh Đồng Nai,1824,Huyện Tân Phú,722720,Xã Phú Sơn,23,Tỉnh Đồng Nai,5143,Xã Phú Lâm
32,Tỉnh Đồng Nai,1824,Huyện Tân Phú,788256,Xã Phú Thanh,23,Tỉnh Đồng Nai,4887,Xã Tân Phú
32,Tỉnh Đồng Nai,1824,Huyện Tân Phú,853792,Xã Phú Thịnh,23,Tỉnh Đồng Nai,4375,Xã Tà Lài
32,Tỉnh Đồng Nai,1824,Huyện Tân Phú,984864,Xã Phú Xuân,23,Tỉnh Đồng Nai,4887,Xã Tân Phú
32,Tỉnh Đồng Nai,1824,Huyện Tân Phú,1050400,Xã Tà Lài,23,Tỉnh Đồng Nai,4375,Xã Tà Lài
32,Tỉnh Đồng Nai,1824,Huyện Tân Phú,1115936,Xã Thanh Sơn,23,Tỉnh Đồng Nai,5143,Xã Phú Lâm
32,Tỉnh Đồng Nai,1824,Huyện Tân Phú,1181472,Xã Trà Cổ,23,Tỉnh Đồng Nai,4887,Xã Tân Phú
32,Tỉnh Đồng Nai,2080,Huyện Thống Nhất,67616,Xã Gia Tân 2,23,Tỉnh Đồng Nai,10007,Xã Thống Nhất
32,Tỉnh Đồng Nai,2080,Huyện Thống Nhất,133152,Xã Gia Tân 3,23,Tỉnh Đồng Nai,9751,Xã Gia Kiệm
32,Tỉnh Đồng Nai,2080,Huyện Thống Nhất,198688,Xã Gia Kiệm,23,Tỉnh Đồng Nai,9751,Xã Gia Kiệm
32,Tỉnh Đồng Nai,2080,Huyện Thống Nhất,264224,Xã Gia Tân 1,23,Tỉnh Đồng Nai,10007,Xã Thống Nhất
32,Tỉnh Đồng Nai,2080,Huyện Thống Nhất,329760,Xã Bàu Hàm 2,23,Tỉnh Đồng Nai,9495,Xã Dầu Giây
32,Tỉnh Đồng Nai,2080,Huyện Thống Nhất,395296,Xã Hưng Lộc,23,Tỉnh Đồng Nai,9495,Xã Dầu Giây
32,Tỉnh Đồng Nai,2080,Huyện Thống Nhất,460832,Xã Lộ 25,23,Tỉnh Đồng Nai,9495,Xã Dầu Giây
32,Tỉnh Đồng Nai,2080,Huyện Thống Nhất,526368,Xã Quang Trung,23,Tỉnh Đồng Nai,9751,Xã Gia Kiệm
32,Tỉnh Đồng Nai,2080,Huyện Thống Nhất,591904,Thị Trấn Dầu Giây,23,Tỉnh Đồng Nai,9495,Xã Dầu Giây
32,Tỉnh Đồng Nai,2080,Huyện Thống Nhất,657440,Xã Xuân Thiện,23,Tỉnh Đồng Nai,10263,Phường Bình Lộc
32,Tỉnh Đồng Nai,2336,Huyện Trảng Bom,67872,Xã Trung Hòa,23,Tỉnh Đồng Nai,9239,Xã Hưng Thịnh
32,Tỉnh Đồng Nai,2336,Huyện Trảng Bom,133408,Xã Đông Hòa,23,Tỉnh Đồng Nai,9239,Xã Hưng Thịnh
32,Tỉnh Đồng Nai,2336,Huyện Trảng Bom,198944,Xã Hưng Thịnh,23,Tỉnh Đồng Nai,9239,Xã Hưng Thịnh
32,Tỉnh Đồng Nai,2336,Huyện Trảng Bom,264480,Xã Đồi 61,23,Tỉnh Đồng Nai,8215,Xã An Viễn
32,Tỉnh Đồng Nai,2336,Huyện Trảng Bom,330016,Xã Bình Minh,23,Tỉnh Đồng Nai,8471,Xã Bình Minh
32,Tỉnh Đồng Nai,2336,Huyện Trảng Bom,395552,Xã Cây Gáo,23,Tỉnh Đồng Nai,8983,Xã Bàu Hàm
32,Tỉnh Đồng Nai,2336,Huyện Trảng Bom,461088,Xã Giang Điền,23,Tỉnh Đồng Nai,8727,Xã Trảng Bom
32,Tỉnh Đồng Nai,2336,Huyện Trảng Bom,526624,Xã Hố Nai 3,23,Tỉnh Đồng Nai,16407,Phường Hố Nai
32,Tỉnh Đồng Nai,2336,Huyện Trảng Bom,592160,Xã Quảng Tiến,23,Tỉnh Đồng Nai,8727,Xã Trảng Bom
32,Tỉnh Đồng Nai,2336,Huyện Trảng Bom,657696,Xã Sông Thao,23,Tỉnh Đồng Nai,8983,Xã Bàu Hàm
32,Tỉnh Đồng Nai,2336,Huyện Trảng Bom,723232,Xã Sông Trầu,23,Tỉnh Đồng Nai,8727,Xã Trảng Bom
32,Tỉnh Đồng Nai,2336,Huyện Trảng Bom,788768,Xã Tây Hòa,23,Tỉnh Đồng Nai,9239,Xã Hưng Thịnh
32,Tỉnh Đồng Nai,2336,Huyện Trảng Bom,854304,Xã Thanh Bình,23,Tỉnh Đồng Nai,8983,Xã Bàu Hàm
32,Tỉnh Đồng Nai,2336,Huyện Trảng Bom,919840,Thị Trấn Trảng Bom,23,Tỉnh Đồng Nai,8727,Xã Trảng Bom
32,Tỉnh Đồng Nai,2336,Huyện Trảng Bom,985376,Xã An Viễn,23,Tỉnh Đồng Nai,8215,Xã An Viễn
32,Tỉnh Đồng Nai,2336,Huyện Trảng Bom,1050912,Xã Bắc Sơn,23,Tỉnh Đồng Nai,8471,Xã Bình Minh
32,Tỉnh Đồng Nai,2336,Huyện Trảng Bom,1116448,Xã Bàu Hàm,23,Tỉnh Đồng Nai,8983,Xã Bàu Hàm
32,Tỉnh Đồng Nai,2592,Huyện Vĩnh Cửu,68128,Thị Trấn Vĩnh An,23,Tỉnh Đồng Nai,5399,Xã Trị An
32,Tỉnh Đồng Nai,2592,Huyện Vĩnh Cửu,199200,Xã Bình Lợi,23,Tỉnh Đồng Nai,5911,Phường Tân Triều
32,Tỉnh Đồng Nai,2592,Huyện Vĩnh Cửu,330272,Xã Mã Đà,23,Tỉnh Đồng Nai,5399,Xã Trị An
32,Tỉnh Đồng Nai,2592,Huyện Vĩnh Cửu,395808,Xã Phú Lý,23,Tỉnh Đồng Nai,535,Xã Phú Lý
32,Tỉnh Đồng Nai,2592,Huyện Vĩnh Cửu,461344,Xã Tân An,23,Tỉnh Đồng Nai,5655,Xã Tân An
32,Tỉnh Đồng Nai,2592,Huyện Vĩnh Cửu,526880,Xã Tân Bình,23,Tỉnh Đồng Nai,5911,Phường Tân Triều
32,Tỉnh Đồng Nai,2592,Huyện Vĩnh Cửu,592416,Xã Thạnh Phú,23,Tỉnh Đồng Nai,5911,Phường Tân Triều
32,Tỉnh Đồng Nai,2592,Huyện Vĩnh Cửu,657952,Xã Thiện Tân,23,Tỉnh Đồng Nai,16151,Phường Trảng Dài
32,Tỉnh Đồng Nai,2592,Huyện Vĩnh Cửu,723488,Xã Trị An,23,Tỉnh Đồng Nai,5399,Xã Trị An
32,Tỉnh Đồng Nai,2592,Huyện Vĩnh Cửu,789024,Xã Vĩnh Tân,23,Tỉnh Đồng Nai,5655,Xã Tân An
32,Tỉnh Đồng Nai,2848,Huyện Xuân Lộc,68384,Xã Xuân Thọ,23,Tỉnh Đồng Nai,2583,Xã Xuân Lộc
32,Tỉnh Đồng Nai,2848,Huyện Xuân Lộc,133920,Xã Xuân Trường,23,Tỉnh Đồng Nai,2583,Xã Xuân Lộc
32,Tỉnh Đồng Nai,2848,Huyện Xuân Lộc,199456,Thị Trấn Gia Ray,23,Tỉnh Đồng Nai,2583,Xã Xuân Lộc
32,Tỉnh Đồng Nai,2848,Huyện Xuân Lộc,264992,Xã Bảo Hòa,23,Tỉnh Đồng Nai,12567,Xã Xuân Định
32,Tỉnh Đồng Nai,2848,Huyện Xuân Lộc,330528,Xã Lang Minh,23,Tỉnh Đồng Nai,12823,Xã Xuân Phú
32,Tỉnh Đồng Nai,2848,Huyện Xuân Lộc,396064,Xã Suối Cao,23,Tỉnh Đồng Nai,2839,Xã Xuân Thành
32,Tỉnh Đồng Nai,2848,Huyện Xuân Lộc,461600,Xã Suối Cát,23,Tỉnh Đồng Nai,2583,Xã Xuân Lộc
32,Tỉnh Đồng Nai,2848,Huyện Xuân Lộc,527136,Xã Xuân Bắc,23,Tỉnh Đồng Nai,3095,Xã Xuân Bắc
32,Tỉnh Đồng Nai,2848,Huyện Xuân Lộc,592672,Xã Xuân Định,23,Tỉnh Đồng Nai,12567,Xã Xuân Định
32,Tỉnh Đồng Nai,2848,Huyện Xuân Lộc,658208,Xã Xuân Hiệp,23,Tỉnh Đồng Nai,2583,Xã Xuân Lộc
32,Tỉnh Đồng Nai,2848,Huyện Xuân Lộc,723744,Xã Xuân Hòa,23,Tỉnh Đồng Nai,791,Xã Xuân Hòa
32,Tỉnh Đồng Nai,2848,Huyện Xuân Lộc,789280,Xã Xuân Hưng,23,Tỉnh Đồng Nai,791,Xã Xuân Hòa
32,Tỉnh Đồng Nai,2848,Huyện Xuân Lộc,854816,Xã Xuân Phú,23,Tỉnh Đồng Nai,12823,Xã Xuân Phú
32,Tỉnh Đồng Nai,2848,Huyện Xuân Lộc,920352,Xã Xuân Tâm,23,Tỉnh Đồng Nai,791,Xã Xuân Hòa
32,Tỉnh Đồng Nai,2848,Huyện Xuân Lộc,985888,Xã Xuân Thành,23,Tỉnh Đồng Nai,2839,Xã Xuân Thành
33,Tỉnh Đồng Tháp,289,Thành Phố Cao Lãnh,65825,Phường Mỹ Ngãi,24,Tỉnh Đồng Tháp,8472,Phường Mỹ Ngãi
33,Tỉnh Đồng Tháp,289,Thành Phố Cao Lãnh,131361,Xã Mỹ Tân,24,Tỉnh Đồng Tháp,8472,Phường Mỹ Ngãi
33,Tỉnh Đồng Tháp,289,Thành Phố Cao Lãnh,196897,Xã Mỹ Trà,24,Tỉnh Đồng Tháp,8728,Phường Mỹ Trà
33,Tỉnh Đồng Tháp,289,Thành Phố Cao Lãnh,262433,Xã Tân Thuận Đông,24,Tỉnh Đồng Tháp,8216,Phường Cao Lãnh
33,Tỉnh Đồng Tháp,289,Thành Phố Cao Lãnh,327969,Phường 1,24,Tỉnh Đồng Tháp,8216,Phường Cao Lãnh
33,Tỉnh Đồng Tháp,289,Thành Phố Cao Lãnh,524577,Phường 3,24,Tỉnh Đồng Tháp,8216,Phường Cao Lãnh
33,Tỉnh Đồng Tháp,289,Thành Phố Cao Lãnh,590113,Phường 4,24,Tỉnh Đồng Tháp,8216,Phường Cao Lãnh
33,Tỉnh Đồng Tháp,289,Thành Phố Cao Lãnh,655649,Phường 6,24,Tỉnh Đồng Tháp,8216,Phường Cao Lãnh
33,Tỉnh Đồng Tháp,289,Thành Phố Cao Lãnh,721185,Phường Hòa Thuận,24,Tỉnh Đồng Tháp,8216,Phường Cao Lãnh
33,Tỉnh Đồng Tháp,289,Thành Phố Cao Lãnh,786721,Phường Mỹ Phú,24,Tỉnh Đồng Tháp,8728,Phường Mỹ Trà
33,Tỉnh Đồng Tháp,289,Thành Phố Cao Lãnh,852257,Xã Hòa An,24,Tỉnh Đồng Tháp,8216,Phường Cao Lãnh
33,Tỉnh Đồng Tháp,289,Thành Phố Cao Lãnh,917793,Xã Tân Thuận Tây,24,Tỉnh Đồng Tháp,8216,Phường Cao Lãnh
33,Tỉnh Đồng Tháp,289,Thành Phố Cao Lãnh,983329,Xã Tịnh Thới,24,Tỉnh Đồng Tháp,8216,Phường Cao Lãnh
33,Tỉnh Đồng Tháp,545,Thành Phố Sa Đéc,66081,Phường 1,24,Tỉnh Đồng Tháp,10520,Phường Sa Đéc
33,Tỉnh Đồng Tháp,545,Thành Phố Sa Đéc,131617,Phường 2,24,Tỉnh Đồng Tháp,10520,Phường Sa Đéc
33,Tỉnh Đồng Tháp,545,Thành Phố Sa Đéc,197153,Phường 3,24,Tỉnh Đồng Tháp,10520,Phường Sa Đéc
33,Tỉnh Đồng Tháp,545,Thành Phố Sa Đéc,262689,Phường 4,24,Tỉnh Đồng Tháp,10520,Phường Sa Đéc
33,Tỉnh Đồng Tháp,545,Thành Phố Sa Đéc,328225,Phường An Hòa,24,Tỉnh Đồng Tháp,10520,Phường Sa Đéc
33,Tỉnh Đồng Tháp,545,Thành Phố Sa Đéc,393761,Phường Tân Quy Đông,24,Tỉnh Đồng Tháp,10520,Phường Sa Đéc
33,Tỉnh Đồng Tháp,545,Thành Phố Sa Đéc,459297,Xã Tân Khánh Đông,24,Tỉnh Đồng Tháp,10520,Phường Sa Đéc
33,Tỉnh Đồng Tháp,545,Thành Phố Sa Đéc,524833,Xã Tân Phú Đông,24,Tỉnh Đồng Tháp,10776,Xã Tân Dương
33,Tỉnh Đồng Tháp,545,Thành Phố Sa Đéc,590369,Xã Tân Quy Tây,24,Tỉnh Đồng Tháp,10520,Phường Sa Đéc
33,Tỉnh Đồng Tháp,801,Thành Phố Hồng Ngự,66337,Phường An Bình B,24,Tỉnh Đồng Tháp,2840,Phường An Bình
33,Tỉnh Đồng Tháp,801,Thành Phố Hồng Ngự,131873,Xã Bình Thạnh,24,Tỉnh Đồng Tháp,3096,Phường Hồng Ngự
33,Tỉnh Đồng Tháp,801,Thành Phố Hồng Ngự,197409,Xã Tân Hội,24,Tỉnh Đồng Tháp,3096,Phường Hồng Ngự
33,Tỉnh Đồng Tháp,801,Thành Phố Hồng Ngự,262945,Phường An Lạc,24,Tỉnh Đồng Tháp,3352,Phường Thường Lạc
33,Tỉnh Đồng Tháp,801,Thành Phố Hồng Ngự,328481,Phường An Lộc,24,Tỉnh Đồng Tháp,2840,Phường An Bình
33,Tỉnh Đồng Tháp,801,Thành Phố Hồng Ngự,394017,Phường An Thạnh,24,Tỉnh Đồng Tháp,3096,Phường Hồng Ngự
33,Tỉnh Đồng Tháp,801,Thành Phố Hồng Ngự,459553,Phường An Bình A,24,Tỉnh Đồng Tháp,2840,Phường An Bình
33,Tỉnh Đồng Tháp,1057,Huyện Cao Lãnh,66593,Thị Trấn Mỹ Thọ,24,Tỉnh Đồng Tháp,7448,Xã Mỹ Thọ
33,Tỉnh Đồng Tháp,1057,Huyện Cao Lãnh,132129,Xã An Bình,24,Tỉnh Đồng Tháp,8728,Phường Mỹ Trà
33,Tỉnh Đồng Tháp,1057,Huyện Cao Lãnh,197665,Xã Ba Sao,24,Tỉnh Đồng Tháp,7192,Xã Ba Sao
33,Tỉnh Đồng Tháp,1057,Huyện Cao Lãnh,263201,Xã Bình Hàng Tây,24,Tỉnh Đồng Tháp,7704,Xã Bình Hàng Trung
33,Tỉnh Đồng Tháp,1057,Huyện Cao Lãnh,328737,Xã Nhị Mỹ,24,Tỉnh Đồng Tháp,8728,Phường Mỹ Trà
33,Tỉnh Đồng Tháp,1057,Huyện Cao Lãnh,394273,Xã Phong Mỹ,24,Tỉnh Đồng Tháp,280,Xã Phong Mỹ
33,Tỉnh Đồng Tháp,1057,Huyện Cao Lãnh,459809,Xã Bình Hàng Trung,24,Tỉnh Đồng Tháp,7704,Xã Bình Hàng Trung
33,Tỉnh Đồng Tháp,1057,Huyện Cao Lãnh,525345,Xã Mỹ Hội,24,Tỉnh Đồng Tháp,7448,Xã Mỹ Thọ
33,Tỉnh Đồng Tháp,1057,Huyện Cao Lãnh,590881,Xã Mỹ Long,24,Tỉnh Đồng Tháp,7960,Xã Mỹ Hiệp
33,Tỉnh Đồng Tháp,1057,Huyện Cao Lãnh,656417,Xã Mỹ Thọ,24,Tỉnh Đồng Tháp,7448,Xã Mỹ Thọ
33,Tỉnh Đồng Tháp,1057,Huyện Cao Lãnh,721953,Xã Mỹ Xương,24,Tỉnh Đồng Tháp,7448,Xã Mỹ Thọ
33,Tỉnh Đồng Tháp,1057,Huyện Cao Lãnh,787489,Xã Phương Thịnh,24,Tỉnh Đồng Tháp,6936,Xã Phương Thịnh
33,Tỉnh Đồng Tháp,1057,Huyện Cao Lãnh,853025,Xã Phương Trà,24,Tỉnh Đồng Tháp,7192,Xã Ba Sao
33,Tỉnh Đồng Tháp,1057,Huyện Cao Lãnh,918561,Xã Tân Hội Trung,24,Tỉnh Đồng Tháp,7704,Xã Bình Hàng Trung
33,Tỉnh Đồng Tháp,1057,Huyện Cao Lãnh,984097,Xã Tân Nghĩa,24,Tỉnh Đồng Tháp,8472,Phường Mỹ Ngãi
33,Tỉnh Đồng Tháp,1057,Huyện Cao Lãnh,1049633,Xã Bình Thạnh,24,Tỉnh Đồng Tháp,7960,Xã Mỹ Hiệp
33,Tỉnh Đồng Tháp,1057,Huyện Cao Lãnh,1115169,Xã Gáo Giồng,24,Tỉnh Đồng Tháp,280,Xã Phong Mỹ
33,Tỉnh Đồng Tháp,1057,Huyện Cao Lãnh,1180705,Xã Mỹ Hiệp,24,Tỉnh Đồng Tháp,7960,Xã Mỹ Hiệp
33,Tỉnh Đồng Tháp,1313,Huyện Châu Thành,66849,Xã Tân Phú Trung,24,Tỉnh Đồng Tháp,11544,Xã Tân Phú Trung
33,Tỉnh Đồng Tháp,1313,Huyện Châu Thành,132385,Thị Trấn Cái Tàu Hạ,24,Tỉnh Đồng Tháp,11032,Xã Phú Hựu
33,Tỉnh Đồng Tháp,1313,Huyện Châu Thành,197921,Xã An Hiệp,24,Tỉnh Đồng Tháp,11032,Xã Phú Hựu
33,Tỉnh Đồng Tháp,1313,Huyện Châu Thành,263457,Xã An Khánh,24,Tỉnh Đồng Tháp,11288,Xã Tân Nhuận Đông
33,Tỉnh Đồng Tháp,1313,Huyện Châu Thành,328993,Xã An Nhơn,24,Tỉnh Đồng Tháp,11032,Xã Phú Hựu
33,Tỉnh Đồng Tháp,1313,Huyện Châu Thành,394529,Xã Hòa Tân,24,Tỉnh Đồng Tháp,11288,Xã Tân Nhuận Đông
33,Tỉnh Đồng Tháp,1313,Huyện Châu Thành,460065,Xã Phú Hựu,24,Tỉnh Đồng Tháp,11032,Xã Phú Hựu
33,Tỉnh Đồng Tháp,1313,Huyện Châu Thành,525601,Xã Phú Long,24,Tỉnh Đồng Tháp,11544,Xã Tân Phú Trung
33,Tỉnh Đồng Tháp,1313,Huyện Châu Thành,591137,Xã Tân Bình,24,Tỉnh Đồng Tháp,11544,Xã Tân Phú Trung
33,Tỉnh Đồng Tháp,1313,Huyện Châu Thành,656673,Xã Tân Nhuận Đông,24,Tỉnh Đồng Tháp,11288,Xã Tân Nhuận Đông
33,Tỉnh Đồng Tháp,1313,Huyện Châu Thành,722209,Xã Tân Phú,24,Tỉnh Đồng Tháp,11544,Xã Tân Phú Trung
33,Tỉnh Đồng Tháp,1313,Huyện Châu Thành,787745,Xã An Phú Thuận,24,Tỉnh Đồng Tháp,11032,Xã Phú Hựu
33,Tỉnh Đồng Tháp,1569,Huyện Hồng Ngự,67105,Xã Thường Lạc,24,Tỉnh Đồng Tháp,3352,Phường Thường Lạc
33,Tỉnh Đồng Tháp,1569,Huyện Hồng Ngự,132641,Xã Long Khánh A,24,Tỉnh Đồng Tháp,3864,Xã Long Khánh
33,Tỉnh Đồng Tháp,1569,Huyện Hồng Ngự,198177,Xã Long Khánh B,24,Tỉnh Đồng Tháp,3864,Xã Long Khánh
33,Tỉnh Đồng Tháp,1569,Huyện Hồng Ngự,263713,Xã Long Thuận,24,Tỉnh Đồng Tháp,1304,Xã Long Phú Thuận
33,Tỉnh Đồng Tháp,1569,Huyện Hồng Ngự,329249,Xã Phú Thuận A,24,Tỉnh Đồng Tháp,1304,Xã Long Phú Thuận
33,Tỉnh Đồng Tháp,1569,Huyện Hồng Ngự,394785,Xã Phú Thuận B,24,Tỉnh Đồng Tháp,536,Xã Tân Long
33,Tỉnh Đồng Tháp,1569,Huyện Hồng Ngự,394785,Xã Phú Thuận B,24,Tỉnh Đồng Tháp,1304,Xã Long Phú Thuận
33,Tỉnh Đồng Tháp,1569,Huyện Hồng Ngự,460321,Xã Thường Phước 1,24,Tỉnh Đồng Tháp,3608,Xã Thường Phước
33,Tỉnh Đồng Tháp,1569,Huyện Hồng Ngự,525857,Xã Thường Phước 2,24,Tỉnh Đồng Tháp,3608,Xã Thường Phước
33,Tỉnh Đồng Tháp,1569,Huyện Hồng Ngự,591393,Xã Thường Thới Hậu A,24,Tỉnh Đồng Tháp,3352,Phường Thường Lạc
33,Tỉnh Đồng Tháp,1569,Huyện Hồng Ngự,656929,Thị Trấn Thường Thới Tiền,24,Tỉnh Đồng Tháp,3608,Xã Thường Phước
33,Tỉnh Đồng Tháp,1825,Huyện Lấp Vò,67361,Xã Vĩnh Thạnh,24,Tỉnh Đồng Tháp,9496,Xã Lấp Vò
33,Tỉnh Đồng Tháp,1825,Huyện Lấp Vò,132897,Xã Long Hưng A,24,Tỉnh Đồng Tháp,9240,Xã Tân Khánh Trung
33,Tỉnh Đồng Tháp,1825,Huyện Lấp Vò,198433,Xã Long Hưng B,24,Tỉnh Đồng Tháp,9240,Xã Tân Khánh Trung
33,Tỉnh Đồng Tháp,1825,Huyện Lấp Vò,263969,Thị Trấn Lấp Vò,24,Tỉnh Đồng Tháp,9496,Xã Lấp Vò
33,Tỉnh Đồng Tháp,1825,Huyện Lấp Vò,329505,Xã Bình Thành,24,Tỉnh Đồng Tháp,9496,Xã Lấp Vò
33,Tỉnh Đồng Tháp,1825,Huyện Lấp Vò,395041,Xã Bình Thạnh Trung,24,Tỉnh Đồng Tháp,9496,Xã Lấp Vò
33,Tỉnh Đồng Tháp,1825,Huyện Lấp Vò,460577,Xã Định An,24,Tỉnh Đồng Tháp,9752,Xã Lai Vung
33,Tỉnh Đồng Tháp,1825,Huyện Lấp Vò,526113,Xã Định Yên,24,Tỉnh Đồng Tháp,9752,Xã Lai Vung
33,Tỉnh Đồng Tháp,1825,Huyện Lấp Vò,591649,Xã Hội An Đông,24,Tỉnh Đồng Tháp,8984,Xã Mỹ An Hưng
33,Tỉnh Đồng Tháp,1825,Huyện Lấp Vò,657185,Xã Mỹ An Hưng A,24,Tỉnh Đồng Tháp,8984,Xã Mỹ An Hưng
33,Tỉnh Đồng Tháp,1825,Huyện Lấp Vò,722721,Xã Mỹ An Hưng B,24,Tỉnh Đồng Tháp,8984,Xã Mỹ An Hưng
33,Tỉnh Đồng Tháp,1825,Huyện Lấp Vò,788257,Xã Tân Khánh Trung,24,Tỉnh Đồng Tháp,9240,Xã Tân Khánh Trung
33,Tỉnh Đồng Tháp,1825,Huyện Lấp Vò,853793,Xã Tân Mỹ,24,Tỉnh Đồng Tháp,8984,Xã Mỹ An Hưng
33,Tỉnh Đồng Tháp,2081,Huyện Lai Vung,67617,Xã Hòa Long,24,Tỉnh Đồng Tháp,10008,Xã Hòa Long
33,Tỉnh Đồng Tháp,2081,Huyện Lai Vung,133153,Xã Hòa Thành,24,Tỉnh Đồng Tháp,10776,Xã Tân Dương
33,Tỉnh Đồng Tháp,2081,Huyện Lai Vung,198689,Thị Trấn Lai Vung,24,Tỉnh Đồng Tháp,10008,Xã Hòa Long
33,Tỉnh Đồng Tháp,2081,Huyện Lai Vung,264225,Xã Định Hòa,24,Tỉnh Đồng Tháp,10264,Xã Phong Hòa
33,Tỉnh Đồng Tháp,2081,Huyện Lai Vung,329761,Xã Long Hậu,24,Tỉnh Đồng Tháp,10008,Xã Hòa Long
33,Tỉnh Đồng Tháp,2081,Huyện Lai Vung,395297,Xã Long Thắng,24,Tỉnh Đồng Tháp,10008,Xã Hòa Long
33,Tỉnh Đồng Tháp,2081,Huyện Lai Vung,460833,Xã Phong Hòa,24,Tỉnh Đồng Tháp,10264,Xã Phong Hòa
33,Tỉnh Đồng Tháp,2081,Huyện Lai Vung,526369,Xã Tân Dương,24,Tỉnh Đồng Tháp,10776,Xã Tân Dương
33,Tỉnh Đồng Tháp,2081,Huyện Lai Vung,591905,Xã Tân Hòa,24,Tỉnh Đồng Tháp,10264,Xã Phong Hòa
33,Tỉnh Đồng Tháp,2081,Huyện Lai Vung,657441,Xã Tân Phước,24,Tỉnh Đồng Tháp,9752,Xã Lai Vung
33,Tỉnh Đồng Tháp,2081,Huyện Lai Vung,722977,Xã Tân Thành,24,Tỉnh Đồng Tháp,9752,Xã Lai Vung
33,Tỉnh Đồng Tháp,2081,Huyện Lai Vung,788513,Xã Vĩnh Thới,24,Tỉnh Đồng Tháp,10264,Xã Phong Hòa
33,Tỉnh Đồng Tháp,2337,Huyện Tân Hồng,67873,Xã Bình Phú,24,Tỉnh Đồng Tháp,1816,Xã Tân Hồng
33,Tỉnh Đồng Tháp,2337,Huyện Tân Hồng,133409,Xã Tân Công Chí,24,Tỉnh Đồng Tháp,1816,Xã Tân Hồng
33,Tỉnh Đồng Tháp,2337,Huyện Tân Hồng,198945,Xã Tân Hộ Cơ,24,Tỉnh Đồng Tháp,2328,Xã Tân Hộ Cơ
33,Tỉnh Đồng Tháp,2337,Huyện Tân Hồng,264481,Xã Tân Phước,24,Tỉnh Đồng Tháp,2584,Xã An Phước
33,Tỉnh Đồng Tháp,2337,Huyện Tân Hồng,330017,Xã Tân Thành A,24,Tỉnh Đồng Tháp,2072,Xã Tân Thành
33,Tỉnh Đồng Tháp,2337,Huyện Tân Hồng,395553,Xã Tân Thành B,24,Tỉnh Đồng Tháp,2328,Xã Tân Hộ Cơ
33,Tỉnh Đồng Tháp,2337,Huyện Tân Hồng,461089,Xã Thông Bình,24,Tỉnh Đồng Tháp,2072,Xã Tân Thành
33,Tỉnh Đồng Tháp,2337,Huyện Tân Hồng,526625,Thị Trấn Sa Rài,24,Tỉnh Đồng Tháp,1816,Xã Tân Hồng
33,Tỉnh Đồng Tháp,2337,Huyện Tân Hồng,592161,Xã An Phước,24,Tỉnh Đồng Tháp,2584,Xã An Phước
33,Tỉnh Đồng Tháp,2593,Huyện Tam Nông,68129,Xã Phú Thành B,24,Tỉnh Đồng Tháp,4120,Xã An Hòa
33,Tỉnh Đồng Tháp,2593,Huyện Tam Nông,133665,Thị Trấn Tràm Chim,24,Tỉnh Đồng Tháp,4888,Xã Tràm Chim
33,Tỉnh Đồng Tháp,2593,Huyện Tam Nông,199201,Xã An Hòa,24,Tỉnh Đồng Tháp,4120,Xã An Hòa
33,Tỉnh Đồng Tháp,2593,Huyện Tam Nông,264737,Xã An Long,24,Tỉnh Đồng Tháp,5144,Xã An Long
33,Tỉnh Đồng Tháp,2593,Huyện Tam Nông,330273,Xã Hòa Bình,24,Tỉnh Đồng Tháp,1560,Xã Phú Cường
33,Tỉnh Đồng Tháp,2593,Huyện Tam Nông,395809,Xã Phú Cường,24,Tỉnh Đồng Tháp,1560,Xã Phú Cường
33,Tỉnh Đồng Tháp,2593,Huyện Tam Nông,461345,Xã Phú Đức,24,Tỉnh Đồng Tháp,4376,Xã Tam Nông
33,Tỉnh Đồng Tháp,2593,Huyện Tam Nông,526881,Xã Phú Hiệp,24,Tỉnh Đồng Tháp,4376,Xã Tam Nông
33,Tỉnh Đồng Tháp,2593,Huyện Tam Nông,592417,Xã Phú Ninh,24,Tỉnh Đồng Tháp,5144,Xã An Long
33,Tỉnh Đồng Tháp,2593,Huyện Tam Nông,657953,Xã Phú Thành A,24,Tỉnh Đồng Tháp,4632,Xã Phú Thọ
33,Tỉnh Đồng Tháp,2593,Huyện Tam Nông,723489,Xã Phú Thọ,24,Tỉnh Đồng Tháp,4632,Xã Phú Thọ
33,Tỉnh Đồng Tháp,2593,Huyện Tam Nông,789025,Xã Tân Công Sính,24,Tỉnh Đồng Tháp,4888,Xã Tràm Chim
33,Tỉnh Đồng Tháp,2849,Huyện Thanh Bình,68385,Xã Bình Thành,24,Tỉnh Đồng Tháp,5400,Xã Bình Thành
33,Tỉnh Đồng Tháp,2849,Huyện Thanh Bình,133921,Xã Phú Lợi,24,Tỉnh Đồng Tháp,1048,Xã Tân Thạnh
33,Tỉnh Đồng Tháp,2849,Huyện Thanh Bình,199457,Xã Tân Bình,24,Tỉnh Đồng Tháp,536,Xã Tân Long
33,Tỉnh Đồng Tháp,2849,Huyện Thanh Bình,264993,Thị Trấn Thanh Bình,24,Tỉnh Đồng Tháp,792,Xã Thanh Bình
33,Tỉnh Đồng Tháp,2849,Huyện Thanh Bình,330529,Xã An Phong,24,Tỉnh Đồng Tháp,5144,Xã An Long
33,Tỉnh Đồng Tháp,2849,Huyện Thanh Bình,396065,Xã Bình Tấn,24,Tỉnh Đồng Tháp,5400,Xã Bình Thành
33,Tỉnh Đồng Tháp,2849,Huyện Thanh Bình,461601,Xã Tân Hòa,24,Tỉnh Đồng Tháp,536,Xã Tân Long
33,Tỉnh Đồng Tháp,2849,Huyện Thanh Bình,527137,Xã Tân Huề,24,Tỉnh Đồng Tháp,536,Xã Tân Long
33,Tỉnh Đồng Tháp,2849,Huyện Thanh Bình,592673,Xã Tân Long,24,Tỉnh Đồng Tháp,536,Xã Tân Long
33,Tỉnh Đồng Tháp,2849,Huyện Thanh Bình,658209,Xã Tân Mỹ,24,Tỉnh Đồng Tháp,792,Xã Thanh Bình
33,Tỉnh Đồng Tháp,2849,Huyện Thanh Bình,723745,Xã Tân Phú,24,Tỉnh Đồng Tháp,792,Xã Thanh Bình
33,Tỉnh Đồng Tháp,2849,Huyện Thanh Bình,789281,Xã Tân Quới,24,Tỉnh Đồng Tháp,536,Xã Tân Long
33,Tỉnh Đồng Tháp,2849,Huyện Thanh Bình,854817,Xã Tân Thạnh,24,Tỉnh Đồng Tháp,1048,Xã Tân Thạnh
33,Tỉnh Đồng Tháp,3105,Huyện Tháp Mười,68641,Xã Láng Biển,24,Tỉnh Đồng Tháp,6168,Xã Mỹ Quí
33,Tỉnh Đồng Tháp,3105,Huyện Tháp Mười,134177,Xã Thạnh Lợi,24,Tỉnh Đồng Tháp,6680,Xã Trường Xuân
33,Tỉnh Đồng Tháp,3105,Huyện Tháp Mười,199713,Xã Thạnh Mỹ,24,Tỉnh Đồng Tháp,5912,Xã Thanh Mỹ
33,Tỉnh Đồng Tháp,3105,Huyện Tháp Mười,265249,Xã Trường Xuân,24,Tỉnh Đồng Tháp,6680,Xã Trường Xuân
33,Tỉnh Đồng Tháp,3105,Huyện Tháp Mười,330785,Thị Trấn Mỹ An,24,Tỉnh Đồng Tháp,5656,Xã Tháp Mười
33,Tỉnh Đồng Tháp,3105,Huyện Tháp Mười,396321,Xã Đốc Binh Kiều,24,Tỉnh Đồng Tháp,6424,Xã Đốc Binh Kiều
33,Tỉnh Đồng Tháp,3105,Huyện Tháp Mười,461857,Xã Hưng Thạnh,24,Tỉnh Đồng Tháp,6936,Xã Phương Thịnh
33,Tỉnh Đồng Tháp,3105,Huyện Tháp Mười,527393,Xã Mỹ An,24,Tỉnh Đồng Tháp,5656,Xã Tháp Mười
33,Tỉnh Đồng Tháp,3105,Huyện Tháp Mười,592929,Xã Mỹ Đông,24,Tỉnh Đồng Tháp,6168,Xã Mỹ Quí
33,Tỉnh Đồng Tháp,3105,Huyện Tháp Mười,658465,Xã Mỹ Hòa,24,Tỉnh Đồng Tháp,5656,Xã Tháp Mười
33,Tỉnh Đồng Tháp,3105,Huyện Tháp Mười,724001,Xã Mỹ Quý,24,Tỉnh Đồng Tháp,6168,Xã Mỹ Quí
33,Tỉnh Đồng Tháp,3105,Huyện Tháp Mười,789537,Xã Phú Điền,24,Tỉnh Đồng Tháp,5912,Xã Thanh Mỹ
33,Tỉnh Đồng Tháp,3105,Huyện Tháp Mười,855073,Xã Tân Kiều,24,Tỉnh Đồng Tháp,6424,Xã Đốc Binh Kiều
34,Tỉnh Gia Lai,290,Thành Phố Pleiku,65826,Phường Diên Hồng,25,Tỉnh Gia Lai,5401,Phường Diên Hồng
34,Tỉnh Gia Lai,290,Thành Phố Pleiku,131362,Phường Hội Phú,25,Tỉnh Gia Lai,4889,Phường Hội Phú
34,Tỉnh Gia Lai,290,Thành Phố Pleiku,196898,Phường Hội Thương,25,Tỉnh Gia Lai,4633,Phường Pleiku
34,Tỉnh Gia Lai,290,Thành Phố Pleiku,262434,Phường Ia Kring,25,Tỉnh Gia Lai,5401,Phường Diên Hồng
34,Tỉnh Gia Lai,290,Thành Phố Pleiku,327970,Phường Thắng Lợi,25,Tỉnh Gia Lai,5657,Phường An Phú
34,Tỉnh Gia Lai,290,Thành Phố Pleiku,393506,Phường Yên Đỗ,25,Tỉnh Gia Lai,5401,Phường Diên Hồng
34,Tỉnh Gia Lai,290,Thành Phố Pleiku,459042,Phường Yên Thế,25,Tỉnh Gia Lai,5145,Phường Thống Nhất
34,Tỉnh Gia Lai,290,Thành Phố Pleiku,524578,Xã An Phú,25,Tỉnh Gia Lai,5657,Phường An Phú
34,Tỉnh Gia Lai,290,Thành Phố Pleiku,590114,Xã Biển Hồ,25,Tỉnh Gia Lai,5913,Xã Biển Hồ
34,Tỉnh Gia Lai,290,Thành Phố Pleiku,655650,Xã Chư Á,25,Tỉnh Gia Lai,5657,Phường An Phú
34,Tỉnh Gia Lai,290,Thành Phố Pleiku,721186,Xã Diên Phú,25,Tỉnh Gia Lai,5401,Phường Diên Hồng
34,Tỉnh Gia Lai,290,Thành Phố Pleiku,786722,Xã Gào,25,Tỉnh Gia Lai,6169,Xã Gào
34,Tỉnh Gia Lai,290,Thành Phố Pleiku,917794,Xã Trà Đa,25,Tỉnh Gia Lai,4633,Phường Pleiku
34,Tỉnh Gia Lai,290,Thành Phố Pleiku,983330,Phường Đống Đa,25,Tỉnh Gia Lai,5145,Phường Thống Nhất
34,Tỉnh Gia Lai,290,Thành Phố Pleiku,1048866,Phường Hoa Lư,25,Tỉnh Gia Lai,4633,Phường Pleiku
34,Tỉnh Gia Lai,290,Thành Phố Pleiku,1114402,Phường Phù Đổng,25,Tỉnh Gia Lai,4633,Phường Pleiku
34,Tỉnh Gia Lai,290,Thành Phố Pleiku,1179938,Phường Tây Sơn,25,Tỉnh Gia Lai,4633,Phường Pleiku
34,Tỉnh Gia Lai,290,Thành Phố Pleiku,1245474,Phường Chi Lăng,25,Tỉnh Gia Lai,4889,Phường Hội Phú
34,Tỉnh Gia Lai,290,Thành Phố Pleiku,1311010,Phường Thống Nhất,25,Tỉnh Gia Lai,5145,Phường Thống Nhất
34,Tỉnh Gia Lai,290,Thành Phố Pleiku,1376546,Phường Trà Bá,25,Tỉnh Gia Lai,4889,Phường Hội Phú
34,Tỉnh Gia Lai,290,Thành Phố Pleiku,1442082,Xã Ia Kênh,25,Tỉnh Gia Lai,6169,Xã Gào
34,Tỉnh Gia Lai,546,Thị Xã An Khê,66082,Phường An Phước,25,Tỉnh Gia Lai,10777,Phường An Khê
34,Tỉnh Gia Lai,546,Thị Xã An Khê,131618,Phường An Tân,25,Tỉnh Gia Lai,10777,Phường An Khê
34,Tỉnh Gia Lai,546,Thị Xã An Khê,197154,Phường Ngô Mây,25,Tỉnh Gia Lai,10777,Phường An Khê
34,Tỉnh Gia Lai,546,Thị Xã An Khê,262690,Phường An Bình,25,Tỉnh Gia Lai,11033,Phường An Bình
34,Tỉnh Gia Lai,546,Thị Xã An Khê,328226,Xã Cửu An,25,Tỉnh Gia Lai,11289,Xã Cửu An
34,Tỉnh Gia Lai,546,Thị Xã An Khê,393762,Xã Song An,25,Tỉnh Gia Lai,11289,Xã Cửu An
34,Tỉnh Gia Lai,546,Thị Xã An Khê,459298,Xã Thành An,25,Tỉnh Gia Lai,10777,Phường An Khê
34,Tỉnh Gia Lai,546,Thị Xã An Khê,524834,Xã Tú An,25,Tỉnh Gia Lai,11289,Xã Cửu An
34,Tỉnh Gia Lai,546,Thị Xã An Khê,590370,Phường An Phú,25,Tỉnh Gia Lai,10777,Phường An Khê
34,Tỉnh Gia Lai,546,Thị Xã An Khê,655906,Xã Xuân An,25,Tỉnh Gia Lai,11289,Xã Cửu An
34,Tỉnh Gia Lai,546,Thị Xã An Khê,721442,Phường Tây Sơn,25,Tỉnh Gia Lai,10777,Phường An Khê
34,Tỉnh Gia Lai,802,Thị Xã AYun Pa,66338,Phường Đoàn Kết,25,Tỉnh Gia Lai,14873,Phường Ayun Pa
34,Tỉnh Gia Lai,802,Thị Xã AYun Pa,131874,Phường Cheo Reo,25,Tỉnh Gia Lai,14873,Phường Ayun Pa
34,Tỉnh Gia Lai,802,Thị Xã AYun Pa,197410,Phường Hòa Bình,25,Tỉnh Gia Lai,14873,Phường Ayun Pa
34,Tỉnh Gia Lai,802,Thị Xã AYun Pa,262946,Phường Sông Bờ,25,Tỉnh Gia Lai,14873,Phường Ayun Pa
34,Tỉnh Gia Lai,802,Thị Xã AYun Pa,328482,Xã Chư Băh,25,Tỉnh Gia Lai,15129,Xã Ia Rbol
34,Tỉnh Gia Lai,802,Thị Xã AYun Pa,394018,Xã Ia Rbol,25,Tỉnh Gia Lai,15129,Xã Ia Rbol
34,Tỉnh Gia Lai,802,Thị Xã AYun Pa,459554,Xã Ia Rtô,25,Tỉnh Gia Lai,15385,Xã Ia Sao
34,Tỉnh Gia Lai,802,Thị Xã AYun Pa,525090,Xã Ia Sao,25,Tỉnh Gia Lai,15385,Xã Ia Sao
34,Tỉnh Gia Lai,1058,Huyện Chư Păh,66594,Xã Hà Tây,25,Tỉnh Gia Lai,6937,Xã Ia Khươl
34,Tỉnh Gia Lai,1058,Huyện Chư Păh,132130,Xã Hòa Phú,25,Tỉnh Gia Lai,6681,Xã Chư Păh
34,Tỉnh Gia Lai,1058,Huyện Chư Păh,197666,Xã Đăk Tơ Ver,25,Tỉnh Gia Lai,6937,Xã Ia Khươl
34,Tỉnh Gia Lai,1058,Huyện Chư Păh,263202,Xã Ia Ka,25,Tỉnh Gia Lai,7193,Xã Ia Phí
34,Tỉnh Gia Lai,1058,Huyện Chư Păh,328738,Xã Ia Kreng,25,Tỉnh Gia Lai,6425,Xã Ia Ly
34,Tỉnh Gia Lai,1058,Huyện Chư Păh,394274,Xã Ia Mơ Nông,25,Tỉnh Gia Lai,6425,Xã Ia Ly
34,Tỉnh Gia Lai,1058,Huyện Chư Păh,459810,Xã Ia Nhin,25,Tỉnh Gia Lai,7193,Xã Ia Phí
34,Tỉnh Gia Lai,1058,Huyện Chư Păh,525346,Xã Ia Phí,25,Tỉnh Gia Lai,7193,Xã Ia Phí
34,Tỉnh Gia Lai,1058,Huyện Chư Păh,590882,Xã Nghĩa Hòa,25,Tỉnh Gia Lai,6681,Xã Chư Păh
34,Tỉnh Gia Lai,1058,Huyện Chư Păh,656418,Thị Trấn Ia Ly,25,Tỉnh Gia Lai,6425,Xã Ia Ly
34,Tỉnh Gia Lai,1058,Huyện Chư Păh,721954,Thị Trấn Phú Hòa,25,Tỉnh Gia Lai,6681,Xã Chư Păh
34,Tỉnh Gia Lai,1058,Huyện Chư Păh,787490,Xã Ia Khươl,25,Tỉnh Gia Lai,6937,Xã Ia Khươl
34,Tỉnh Gia Lai,1058,Huyện Chư Păh,853026,Xã Nghĩa Hưng,25,Tỉnh Gia Lai,5913,Xã Biển Hồ
34,Tỉnh Gia Lai,1058,Huyện Chư Păh,918562,Xã Chư Đăng Ya,25,Tỉnh Gia Lai,5913,Xã Biển Hồ
34,Tỉnh Gia Lai,1314,Huyện Chư Prông,66850,Xã Ia Piơr,25,Tỉnh Gia Lai,8217,Xã Ia Lâu
34,Tỉnh Gia Lai,1314,Huyện Chư Prông,132386,Thị Trấn Chư Prông,25,Tỉnh Gia Lai,7449,Xã Chư Prông
34,Tỉnh Gia Lai,1314,Huyện Chư Prông,197922,Xã Bàu Cạn,25,Tỉnh Gia Lai,7705,Xã Bàu Cạn
34,Tỉnh Gia Lai,1314,Huyện Chư Prông,263458,Xã Bình Giáo,25,Tỉnh Gia Lai,7705,Xã Bàu Cạn
34,Tỉnh Gia Lai,1314,Huyện Chư Prông,328994,Xã Ia Bang,25,Tỉnh Gia Lai,8729,Xã Ia Tôr
34,Tỉnh Gia Lai,1314,Huyện Chư Prông,394530,Xã Ia Băng,25,Tỉnh Gia Lai,8729,Xã Ia Tôr
34,Tỉnh Gia Lai,1314,Huyện Chư Prông,460066,Xã Ia Boòng,25,Tỉnh Gia Lai,7961,Xã Ia Boòng
34,Tỉnh Gia Lai,1314,Huyện Chư Prông,525602,Xã Ia Ga,25,Tỉnh Gia Lai,8473,Xã Ia Pia
34,Tỉnh Gia Lai,1314,Huyện Chư Prông,591138,Xã Ia Kly,25,Tỉnh Gia Lai,7449,Xã Chư Prông
34,Tỉnh Gia Lai,1314,Huyện Chư Prông,656674,Xã Ia Lâu,25,Tỉnh Gia Lai,8217,Xã Ia Lâu
34,Tỉnh Gia Lai,1314,Huyện Chư Prông,722210,Xã Ia Pia,25,Tỉnh Gia Lai,8473,Xã Ia Pia
34,Tỉnh Gia Lai,1314,Huyện Chư Prông,787746,Xã Ia Púch,25,Tỉnh Gia Lai,1305,Xã Ia Púch
34,Tỉnh Gia Lai,1314,Huyện Chư Prông,853282,Xã Ia Tôr,25,Tỉnh Gia Lai,8729,Xã Ia Tôr
34,Tỉnh Gia Lai,1314,Huyện Chư Prông,918818,Xã Ia Vê,25,Tỉnh Gia Lai,8473,Xã Ia Pia
34,Tỉnh Gia Lai,1314,Huyện Chư Prông,984354,Xã Thăng Hưng,25,Tỉnh Gia Lai,7705,Xã Bàu Cạn
34,Tỉnh Gia Lai,1314,Huyện Chư Prông,1049890,Xã Ia Me,25,Tỉnh Gia Lai,7961,Xã Ia Boòng
34,Tỉnh Gia Lai,1314,Huyện Chư Prông,1115426,Xã Ia Mơ,25,Tỉnh Gia Lai,1561,Xã Ia Mơ
34,Tỉnh Gia Lai,1314,Huyện Chư Prông,1180962,Xã Ia Phìn,25,Tỉnh Gia Lai,7449,Xã Chư Prông
34,Tỉnh Gia Lai,1314,Huyện Chư Prông,1246498,Xã Ia Drăng,25,Tỉnh Gia Lai,7449,Xã Chư Prông
34,Tỉnh Gia Lai,1314,Huyện Chư Prông,1312034,Xã Ia O,25,Tỉnh Gia Lai,7961,Xã Ia Boòng
34,Tỉnh Gia Lai,1570,Huyện Chư Sê,67106,Xã Al Bá,25,Tỉnh Gia Lai,9753,Xã Al Bá
34,Tỉnh Gia Lai,1570,Huyện Chư Sê,132642,Xã Bar Măih,25,Tỉnh Gia Lai,9241,Xã Bờ Ngoong
34,Tỉnh Gia Lai,1570,Huyện Chư Sê,198178,Xã Bờ Ngoong,25,Tỉnh Gia Lai,9241,Xã Bờ Ngoong
34,Tỉnh Gia Lai,1570,Huyện Chư Sê,263714,Xã Chư Pơng,25,Tỉnh Gia Lai,9241,Xã Bờ Ngoong
34,Tỉnh Gia Lai,1570,Huyện Chư Sê,329250,Xã Dun,25,Tỉnh Gia Lai,8985,Xã Chư Sê
34,Tỉnh Gia Lai,1570,Huyện Chư Sê,394786,Xã H Bông,25,Tỉnh Gia Lai,10521,Xã Ia Hrú
34,Tỉnh Gia Lai,1570,Huyện Chư Sê,460322,Xã Ia Blang,25,Tỉnh Gia Lai,8985,Xã Chư Sê
34,Tỉnh Gia Lai,1570,Huyện Chư Sê,525858,Xã Ia Hlốp,25,Tỉnh Gia Lai,9497,Xã Ia Ko
34,Tỉnh Gia Lai,1570,Huyện Chư Sê,591394,Xã Ia Ko,25,Tỉnh Gia Lai,9497,Xã Ia Ko
34,Tỉnh Gia Lai,1570,Huyện Chư Sê,656930,Xã Ia Pal,25,Tỉnh Gia Lai,8985,Xã Chư Sê
34,Tỉnh Gia Lai,1570,Huyện Chư Sê,722466,Xã Ia Tiêm,25,Tỉnh Gia Lai,9241,Xã Bờ Ngoong
34,Tỉnh Gia Lai,1570,Huyện Chư Sê,788002,Xã Kông Htok,25,Tỉnh Gia Lai,9753,Xã Al Bá
34,Tỉnh Gia Lai,1570,Huyện Chư Sê,853538,Thị Trấn Chư Sê,25,Tỉnh Gia Lai,8985,Xã Chư Sê
34,Tỉnh Gia Lai,1570,Huyện Chư Sê,919074,Xã Ia GLai,25,Tỉnh Gia Lai,8985,Xã Chư Sê
34,Tỉnh Gia Lai,1570,Huyện Chư Sê,984610,Xã Ayun,25,Tỉnh Gia Lai,9753,Xã Al Bá
34,Tỉnh Gia Lai,1826,Huyện Ia Grai,67362,Thị Trấn Ia Kha,25,Tỉnh Gia Lai,20761,Xã Ia Grai
34,Tỉnh Gia Lai,1826,Huyện Ia Grai,132898,Xã Ia Bă,25,Tỉnh Gia Lai,20761,Xã Ia Grai
34,Tỉnh Gia Lai,1826,Huyện Ia Grai,198434,Xã Ia Dêr,25,Tỉnh Gia Lai,21273,Xã Ia Hrung
34,Tỉnh Gia Lai,1826,Huyện Ia Grai,263970,Xã Ia Grăng,25,Tỉnh Gia Lai,20761,Xã Ia Grai
34,Tỉnh Gia Lai,1826,Huyện Ia Grai,329506,Xã Ia Hrung,25,Tỉnh Gia Lai,21273,Xã Ia Hrung
34,Tỉnh Gia Lai,1826,Huyện Ia Grai,395042,Xã Ia Khai,25,Tỉnh Gia Lai,21017,Xã Ia Krái
34,Tỉnh Gia Lai,1826,Huyện Ia Grai,460578,Xã Ia Krai,25,Tỉnh Gia Lai,21017,Xã Ia Krái
34,Tỉnh Gia Lai,1826,Huyện Ia Grai,526114,Xã Ia Pếch,25,Tỉnh Gia Lai,6169,Xã Gào
34,Tỉnh Gia Lai,1826,Huyện Ia Grai,591650,Xã Ia Sao,25,Tỉnh Gia Lai,21273,Xã Ia Hrung
34,Tỉnh Gia Lai,1826,Huyện Ia Grai,657186,Xã Ia Tô,25,Tỉnh Gia Lai,21017,Xã Ia Krái
34,Tỉnh Gia Lai,1826,Huyện Ia Grai,722722,Xã Ia Yok,25,Tỉnh Gia Lai,21273,Xã Ia Hrung
34,Tỉnh Gia Lai,1826,Huyện Ia Grai,788258,Xã Ia Chia,25,Tỉnh Gia Lai,3865,Xã Ia Chia
34,Tỉnh Gia Lai,1826,Huyện Ia Grai,853794,Xã Ia O,25,Tỉnh Gia Lai,4121,Xã Ia O
34,Tỉnh Gia Lai,2082,Huyện Ia Pa,67618,Xã Ia KDăm,25,Tỉnh Gia Lai,16921,Xã Ia Tul
34,Tỉnh Gia Lai,2082,Huyện Ia Pa,133154,Xã Chư Răng,25,Tỉnh Gia Lai,16409,Xã Pờ Tó
34,Tỉnh Gia Lai,2082,Huyện Ia Pa,198690,Xã Ia Broăi,25,Tỉnh Gia Lai,16921,Xã Ia Tul
34,Tỉnh Gia Lai,2082,Huyện Ia Pa,264226,Xã Ia Trok,25,Tỉnh Gia Lai,16665,Xã Ia Pa
34,Tỉnh Gia Lai,2082,Huyện Ia Pa,329762,Xã Kim Tân,25,Tỉnh Gia Lai,16665,Xã Ia Pa
34,Tỉnh Gia Lai,2082,Huyện Ia Pa,395298,Xã Ia Tul,25,Tỉnh Gia Lai,16921,Xã Ia Tul
34,Tỉnh Gia Lai,2082,Huyện Ia Pa,460834,Xã Chư Mố,25,Tỉnh Gia Lai,16921,Xã Ia Tul
34,Tỉnh Gia Lai,2082,Huyện Ia Pa,526370,Xã Ia Ma Rơn,25,Tỉnh Gia Lai,16665,Xã Ia Pa
34,Tỉnh Gia Lai,2082,Huyện Ia Pa,591906,Xã Pờ Tó,25,Tỉnh Gia Lai,16409,Xã Pờ Tó
34,Tỉnh Gia Lai,2338,Huyện KBang,67874,Xã Kông Lơng Khơng,25,Tỉnh Gia Lai,12569,Xã Tơ Tung
34,Tỉnh Gia Lai,2338,Huyện KBang,133410,Xã Sơn Lang,25,Tỉnh Gia Lai,12825,Xã Sơn Lang
34,Tỉnh Gia Lai,2338,Huyện KBang,198946,Xã Tơ Tung,25,Tỉnh Gia Lai,12569,Xã Tơ Tung
34,Tỉnh Gia Lai,2338,Huyện KBang,264482,Xã Lơ Ku,25,Tỉnh Gia Lai,12057,Xã Kbang
34,Tỉnh Gia Lai,2338,Huyện KBang,330018,Xã Nghĩa An,25,Tỉnh Gia Lai,12313,Xã Kông Bơ La
34,Tỉnh Gia Lai,2338,Huyện KBang,395554,Xã Sơ Pai,25,Tỉnh Gia Lai,12825,Xã Sơn Lang
34,Tỉnh Gia Lai,2338,Huyện KBang,461090,Thị Trấn KBang,25,Tỉnh Gia Lai,12057,Xã Kbang
34,Tỉnh Gia Lai,2338,Huyện KBang,592162,Xã Đăk Roong,25,Tỉnh Gia Lai,13081,Xã Đak Rong
34,Tỉnh Gia Lai,2338,Huyện KBang,657698,Xã Đak SMar,25,Tỉnh Gia Lai,12057,Xã Kbang
34,Tỉnh Gia Lai,2338,Huyện KBang,723234,Xã Đông,25,Tỉnh Gia Lai,12313,Xã Kông Bơ La
34,Tỉnh Gia Lai,2338,Huyện KBang,788770,Xã Kon Pne,25,Tỉnh Gia Lai,13081,Xã Đak Rong
34,Tỉnh Gia Lai,2338,Huyện KBang,854306,Xã Kông Pla,25,Tỉnh Gia Lai,12313,Xã Kông Bơ La
34,Tỉnh Gia Lai,2338,Huyện KBang,919842,Xã Krong,25,Tỉnh Gia Lai,4377,Xã Krong
34,Tỉnh Gia Lai,2594,Huyện Kông Chro,68130,Xã Đăk Pling,25,Tỉnh Gia Lai,14361,Xã Đăk Song
34,Tỉnh Gia Lai,2594,Huyện Kông Chro,133666,Xã Đăk Tơ Pang,25,Tỉnh Gia Lai,13593,Xã Ya Ma
34,Tỉnh Gia Lai,2594,Huyện Kông Chro,199202,Thị Trấn Kông Chro,25,Tỉnh Gia Lai,13337,Xã Kông Chro
34,Tỉnh Gia Lai,2594,Huyện Kông Chro,264738,Xã An Trung,25,Tỉnh Gia Lai,13849,Xã Chư Krey
34,Tỉnh Gia Lai,2594,Huyện Kông Chro,330274,Xã Chơ Long,25,Tỉnh Gia Lai,14617,Xã Chơ Long
34,Tỉnh Gia Lai,2594,Huyện Kông Chro,395810,Xã Chư Krêy,25,Tỉnh Gia Lai,13849,Xã Chư Krey
34,Tỉnh Gia Lai,2594,Huyện Kông Chro,461346,Xã Đắk Kơ Ning,25,Tỉnh Gia Lai,14105,Xã SRó
34,Tỉnh Gia Lai,2594,Huyện Kông Chro,526882,Xã Đăk Pơ Pho,25,Tỉnh Gia Lai,14617,Xã Chơ Long
34,Tỉnh Gia Lai,2594,Huyện Kông Chro,592418,Xã Đăk Song,25,Tỉnh Gia Lai,14361,Xã Đăk Song
34,Tỉnh Gia Lai,2594,Huyện Kông Chro,657954,Xã Kông Yang,25,Tỉnh Gia Lai,13593,Xã Ya Ma
34,Tỉnh Gia Lai,2594,Huyện Kông Chro,723490,Xã Sró,25,Tỉnh Gia Lai,14105,Xã SRó
34,Tỉnh Gia Lai,2594,Huyện Kông Chro,789026,Xã Ya Ma,25,Tỉnh Gia Lai,13593,Xã Ya Ma
34,Tỉnh Gia Lai,2594,Huyện Kông Chro,854562,Xã Yang Nam,25,Tỉnh Gia Lai,13337,Xã Kông Chro
34,Tỉnh Gia Lai,2594,Huyện Kông Chro,920098,Xã Yang Trung,25,Tỉnh Gia Lai,13337,Xã Kông Chro
34,Tỉnh Gia Lai,2850,Huyện Krông Pa,68386,Xã Ia Rmok,25,Tỉnh Gia Lai,17433,Xã Ia Dreh
34,Tỉnh Gia Lai,2850,Huyện Krông Pa,133922,Xã Krông Năng,25,Tỉnh Gia Lai,17433,Xã Ia Dreh
34,Tỉnh Gia Lai,2850,Huyện Krông Pa,199458,Thị Trấn Phú Túc,25,Tỉnh Gia Lai,17177,Xã Phú Túc
34,Tỉnh Gia Lai,2850,Huyện Krông Pa,264994,Xã Chư Drăng,25,Tỉnh Gia Lai,17945,Xã Uar
34,Tỉnh Gia Lai,2850,Huyện Krông Pa,330530,Xã Chư Gu,25,Tỉnh Gia Lai,17689,Xã Ia Rsai
34,Tỉnh Gia Lai,2850,Huyện Krông Pa,396066,Xã Chư Ngọc,25,Tỉnh Gia Lai,17177,Xã Phú Túc
34,Tỉnh Gia Lai,2850,Huyện Krông Pa,461602,Xã Chư Rcăm,25,Tỉnh Gia Lai,17689,Xã Ia Rsai
34,Tỉnh Gia Lai,2850,Huyện Krông Pa,527138,Xã Đất Bằng,25,Tỉnh Gia Lai,17177,Xã Phú Túc
34,Tỉnh Gia Lai,2850,Huyện Krông Pa,592674,Xã Ia Mláh,25,Tỉnh Gia Lai,17177,Xã Phú Túc
34,Tỉnh Gia Lai,2850,Huyện Krông Pa,658210,Xã Ia Rsai,25,Tỉnh Gia Lai,17689,Xã Ia Rsai
34,Tỉnh Gia Lai,2850,Huyện Krông Pa,723746,Xã Ia Rsươm,25,Tỉnh Gia Lai,17945,Xã Uar
34,Tỉnh Gia Lai,2850,Huyện Krông Pa,789282,Xã Phú Cần,25,Tỉnh Gia Lai,17177,Xã Phú Túc
34,Tỉnh Gia Lai,2850,Huyện Krông Pa,854818,Xã Uar,25,Tỉnh Gia Lai,17945,Xã Uar
34,Tỉnh Gia Lai,2850,Huyện Krông Pa,920354,Xã Ia HDreh,25,Tỉnh Gia Lai,17433,Xã Ia Dreh
34,Tỉnh Gia Lai,3106,Huyện Mang Yang,68642,Xã Lơ Pang,25,Tỉnh Gia Lai,19737,Xã Lơ Pang
34,Tỉnh Gia Lai,3106,Huyện Mang Yang,134178,Xã Đak Jơ Ta,25,Tỉnh Gia Lai,20505,Xã Ayun
34,Tỉnh Gia Lai,3106,Huyện Mang Yang,199714,Xã Đak Ta Ley,25,Tỉnh Gia Lai,20249,Xã Hra
34,Tỉnh Gia Lai,3106,Huyện Mang Yang,265250,Xã Đê Ar,25,Tỉnh Gia Lai,19737,Xã Lơ Pang
34,Tỉnh Gia Lai,3106,Huyện Mang Yang,330786,Thị Trấn Kon Dơng,25,Tỉnh Gia Lai,19481,Xã Mang Yang
34,Tỉnh Gia Lai,3106,Huyện Mang Yang,396322,Xã Ayun,25,Tỉnh Gia Lai,20505,Xã Ayun
34,Tỉnh Gia Lai,3106,Huyện Mang Yang,461858,Xã Đăk Djrăng,25,Tỉnh Gia Lai,19481,Xã Mang Yang
34,Tỉnh Gia Lai,3106,Huyện Mang Yang,527394,Xã Đăk Trôi,25,Tỉnh Gia Lai,19993,Xã Kon Chiêng
34,Tỉnh Gia Lai,3106,Huyện Mang Yang,592930,Xã Kon Thụp,25,Tỉnh Gia Lai,19737,Xã Lơ Pang
34,Tỉnh Gia Lai,3106,Huyện Mang Yang,658466,Xã Đăk Yă,25,Tỉnh Gia Lai,19481,Xã Mang Yang
34,Tỉnh Gia Lai,3106,Huyện Mang Yang,724002,Xã Kon Chiêng,25,Tỉnh Gia Lai,19993,Xã Kon Chiêng
34,Tỉnh Gia Lai,3106,Huyện Mang Yang,789538,Xã Hra,25,Tỉnh Gia Lai,20249,Xã Hra
34,Tỉnh Gia Lai,3362,Huyện Đăk Đoa,68898,Xã Hà Đông,25,Tỉnh Gia Lai,19225,Xã Đak Sơmei
34,Tỉnh Gia Lai,3362,Huyện Đăk Đoa,134434,Thị Trấn Đăk Đoa,25,Tỉnh Gia Lai,18201,Xã Đak Đoa
34,Tỉnh Gia Lai,3362,Huyện Đăk Đoa,199970,Xã A Dơk,25,Tỉnh Gia Lai,18713,Xã Ia Băng
34,Tỉnh Gia Lai,3362,Huyện Đăk Đoa,265506,Xã Đăk Sơmei,25,Tỉnh Gia Lai,19225,Xã Đak Sơmei
34,Tỉnh Gia Lai,3362,Huyện Đăk Đoa,331042,Xã Glar,25,Tỉnh Gia Lai,18201,Xã Đak Đoa
34,Tỉnh Gia Lai,3362,Huyện Đăk Đoa,396578,Xã Hà Bầu,25,Tỉnh Gia Lai,5913,Xã Biển Hồ
34,Tỉnh Gia Lai,3362,Huyện Đăk Đoa,462114,Xã Hải Yang,25,Tỉnh Gia Lai,19481,Xã Mang Yang
34,Tỉnh Gia Lai,3362,Huyện Đăk Đoa,527650,Xã HNol,25,Tỉnh Gia Lai,18969,Xã KDang
34,Tỉnh Gia Lai,3362,Huyện Đăk Đoa,593186,Xã Ia Băng,25,Tỉnh Gia Lai,18713,Xã Ia Băng
34,Tỉnh Gia Lai,3362,Huyện Đăk Đoa,658722,Xã Ia Pết,25,Tỉnh Gia Lai,18713,Xã Ia Băng
34,Tỉnh Gia Lai,3362,Huyện Đăk Đoa,724258,Xã Kon Gang,25,Tỉnh Gia Lai,18457,Xã Kon Gang
34,Tỉnh Gia Lai,3362,Huyện Đăk Đoa,789794,Xã Nam Yang,25,Tỉnh Gia Lai,18457,Xã Kon Gang
34,Tỉnh Gia Lai,3362,Huyện Đăk Đoa,855330,Xã Tân Bình,25,Tỉnh Gia Lai,18201,Xã Đak Đoa
34,Tỉnh Gia Lai,3362,Huyện Đăk Đoa,920866,Xã Trang,25,Tỉnh Gia Lai,18969,Xã KDang
34,Tỉnh Gia Lai,3362,Huyện Đăk Đoa,986402,Xã Đăk Krong,25,Tỉnh Gia Lai,18457,Xã Kon Gang
34,Tỉnh Gia Lai,3362,Huyện Đăk Đoa,1051938,Xã H'Neng,25,Tỉnh Gia Lai,18457,Xã Kon Gang
34,Tỉnh Gia Lai,3362,Huyện Đăk Đoa,1117474,Xã K'Dang,25,Tỉnh Gia Lai,18969,Xã KDang
34,Tỉnh Gia Lai,3618,Huyện Đăk Pơ,69154,Xã An Thành,25,Tỉnh Gia Lai,11545,Xã Đak Pơ
34,Tỉnh Gia Lai,3618,Huyện Đăk Pơ,134690,Xã Cư An,25,Tỉnh Gia Lai,11033,Phường An Bình
34,Tỉnh Gia Lai,3618,Huyện Đăk Pơ,200226,Thị Trấn Đak Pơ,25,Tỉnh Gia Lai,11545,Xã Đak Pơ
34,Tỉnh Gia Lai,3618,Huyện Đăk Pơ,265762,Xã Hà Tam,25,Tỉnh Gia Lai,11545,Xã Đak Pơ
34,Tỉnh Gia Lai,3618,Huyện Đăk Pơ,331298,Xã Phú An,25,Tỉnh Gia Lai,11801,Xã Ya Hội
34,Tỉnh Gia Lai,3618,Huyện Đăk Pơ,396834,Xã Tân An,25,Tỉnh Gia Lai,11033,Phường An Bình
34,Tỉnh Gia Lai,3618,Huyện Đăk Pơ,462370,Xã Ya Hội,25,Tỉnh Gia Lai,11801,Xã Ya Hội
34,Tỉnh Gia Lai,3618,Huyện Đăk Pơ,527906,Xã Yang Bắc,25,Tỉnh Gia Lai,11545,Xã Đak Pơ
34,Tỉnh Gia Lai,3874,Huyện Đức Cơ,69410,Thị Trấn Chư Ty,25,Tỉnh Gia Lai,21529,Xã Đức Cơ
34,Tỉnh Gia Lai,3874,Huyện Đức Cơ,134946,Xã Ia Din,25,Tỉnh Gia Lai,22041,Xã Ia Krêl
34,Tỉnh Gia Lai,3874,Huyện Đức Cơ,200482,Xã Ia Dơk,25,Tỉnh Gia Lai,21785,Xã Ia Dơk
34,Tỉnh Gia Lai,3874,Huyện Đức Cơ,266018,Xã Ia Dom,25,Tỉnh Gia Lai,1817,Xã Ia Dom
34,Tỉnh Gia Lai,3874,Huyện Đức Cơ,331554,Xã Ia Kla,25,Tỉnh Gia Lai,21785,Xã Ia Dơk
34,Tỉnh Gia Lai,3874,Huyện Đức Cơ,397090,Xã Ia Krêl,25,Tỉnh Gia Lai,22041,Xã Ia Krêl
34,Tỉnh Gia Lai,3874,Huyện Đức Cơ,462626,Xã Ia Kriêng,25,Tỉnh Gia Lai,21529,Xã Đức Cơ
34,Tỉnh Gia Lai,3874,Huyện Đức Cơ,528162,Xã Ia Lang,25,Tỉnh Gia Lai,22041,Xã Ia Krêl
34,Tỉnh Gia Lai,3874,Huyện Đức Cơ,593698,Xã Ia Nan,25,Tỉnh Gia Lai,2073,Xã Ia Nan
34,Tỉnh Gia Lai,3874,Huyện Đức Cơ,659234,Xã Ia Pnôn,25,Tỉnh Gia Lai,2329,Xã Ia Pnôn
34,Tỉnh Gia Lai,4130,Huyện Phú Thiện,69666,Thị Trấn Phú Thiện,25,Tỉnh Gia Lai,15641,Xã Phú Thiện
34,Tỉnh Gia Lai,4130,Huyện Phú Thiện,135202,Xã Chư A Thai,25,Tỉnh Gia Lai,15897,Xã Chư A Thai
34,Tỉnh Gia Lai,4130,Huyện Phú Thiện,200738,Xã Ia Sol,25,Tỉnh Gia Lai,15641,Xã Phú Thiện
34,Tỉnh Gia Lai,4130,Huyện Phú Thiện,266274,Xã Ia Yeng,25,Tỉnh Gia Lai,15641,Xã Phú Thiện
34,Tỉnh Gia Lai,4130,Huyện Phú Thiện,331810,Xã Ayun Hạ,25,Tỉnh Gia Lai,15897,Xã Chư A Thai
34,Tỉnh Gia Lai,4130,Huyện Phú Thiện,397346,Xã Chrôh Pơnan,25,Tỉnh Gia Lai,16153,Xã Ia Hiao
34,Tỉnh Gia Lai,4130,Huyện Phú Thiện,462882,Xã Ia Ake,25,Tỉnh Gia Lai,15897,Xã Chư A Thai
34,Tỉnh Gia Lai,4130,Huyện Phú Thiện,528418,Xã Ia Hiao,25,Tỉnh Gia Lai,16153,Xã Ia Hiao
34,Tỉnh Gia Lai,4130,Huyện Phú Thiện,593954,Xã Ia Peng,25,Tỉnh Gia Lai,16153,Xã Ia Hiao
34,Tỉnh Gia Lai,4130,Huyện Phú Thiện,659490,Xã Ia Piar,25,Tỉnh Gia Lai,15641,Xã Phú Thiện
34,Tỉnh Gia Lai,4386,Huyện Chư Pưh,69922,Thị Trấn Nhơn Hòa,25,Tỉnh Gia Lai,10009,Xã Chư Pưh
34,Tỉnh Gia Lai,4386,Huyện Chư Pưh,135458,Xã Chư Don,25,Tỉnh Gia Lai,10009,Xã Chư Pưh
34,Tỉnh Gia Lai,4386,Huyện Chư Pưh,200994,Xã Ia Blứ,25,Tỉnh Gia Lai,10265,Xã Ia Le
34,Tỉnh Gia Lai,4386,Huyện Chư Pưh,266530,Xã Ia Dreng,25,Tỉnh Gia Lai,10521,Xã Ia Hrú
34,Tỉnh Gia Lai,4386,Huyện Chư Pưh,332066,Xã Ia Hla,25,Tỉnh Gia Lai,9497,Xã Ia Ko
34,Tỉnh Gia Lai,4386,Huyện Chư Pưh,397602,Xã Ia Phang,25,Tỉnh Gia Lai,10009,Xã Chư Pưh
34,Tỉnh Gia Lai,4386,Huyện Chư Pưh,463138,Xã Ia Hrú,25,Tỉnh Gia Lai,10521,Xã Ia Hrú
34,Tỉnh Gia Lai,4386,Huyện Chư Pưh,528674,Xã Ia Rong,25,Tỉnh Gia Lai,10521,Xã Ia Hrú
34,Tỉnh Gia Lai,4386,Huyện Chư Pưh,594210,Xã Ia Le,25,Tỉnh Gia Lai,10265,Xã Ia Le
35,Tỉnh Hà Giang,291,Thành Phố Hà Giang,65827,Phường Quang Trung,43,Tỉnh Tuyên Quang,1323,Phường Hà Giang 2
35,Tỉnh Hà Giang,291,Thành Phố Hà Giang,131363,Phường Trần Phú,43,Tỉnh Tuyên Quang,1323,Phường Hà Giang 2
35,Tỉnh Hà Giang,291,Thành Phố Hà Giang,196899,Xã Ngọc Đường,43,Tỉnh Tuyên Quang,1579,Xã Ngọc Đường
35,Tỉnh Hà Giang,291,Thành Phố Hà Giang,262435,Xã Phương Độ,43,Tỉnh Tuyên Quang,4395,Phường Hà Giang 1
35,Tỉnh Hà Giang,291,Thành Phố Hà Giang,327971,Xã Phương Thiện,43,Tỉnh Tuyên Quang,4395,Phường Hà Giang 1
35,Tỉnh Hà Giang,291,Thành Phố Hà Giang,393507,Phường Minh Khai,43,Tỉnh Tuyên Quang,1323,Phường Hà Giang 2
35,Tỉnh Hà Giang,291,Thành Phố Hà Giang,459043,Phường Nguyễn Trãi,43,Tỉnh Tuyên Quang,4395,Phường Hà Giang 1
35,Tỉnh Hà Giang,291,Thành Phố Hà Giang,524579,Phường Ngọc Hà,43,Tỉnh Tuyên Quang,1323,Phường Hà Giang 2
35,Tỉnh Hà Giang,547,Huyện Bắc Mê,66083,Xã Minh Sơn,43,Tỉnh Tuyên Quang,811,Xã Minh Sơn
35,Tỉnh Hà Giang,547,Huyện Bắc Mê,131619,Xã Phiêng Luông,43,Tỉnh Tuyên Quang,14123,Xã Yên Cường
35,Tỉnh Hà Giang,547,Huyện Bắc Mê,197155,Xã Lạc Nông,43,Tỉnh Tuyên Quang,14635,Xã Bắc Mê
35,Tỉnh Hà Giang,547,Huyện Bắc Mê,262691,Xã Phú Nam,43,Tỉnh Tuyên Quang,14379,Xã Đường Hồng
35,Tỉnh Hà Giang,547,Huyện Bắc Mê,328227,Xã Thượng Tân,43,Tỉnh Tuyên Quang,4139,Xã Minh Ngọc
35,Tỉnh Hà Giang,547,Huyện Bắc Mê,393763,Xã Đường Hồng,43,Tỉnh Tuyên Quang,14379,Xã Đường Hồng
35,Tỉnh Hà Giang,547,Huyện Bắc Mê,459299,Xã Giáp Trung,43,Tỉnh Tuyên Quang,1067,Xã Giáp Trung
35,Tỉnh Hà Giang,547,Huyện Bắc Mê,524835,Xã Yên Định,43,Tỉnh Tuyên Quang,1579,Xã Ngọc Đường
35,Tỉnh Hà Giang,547,Huyện Bắc Mê,524835,Xã Yên Định,43,Tỉnh Tuyên Quang,4139,Xã Minh Ngọc
35,Tỉnh Hà Giang,547,Huyện Bắc Mê,590371,Thị Trấn Yên Phú,43,Tỉnh Tuyên Quang,14635,Xã Bắc Mê
35,Tỉnh Hà Giang,547,Huyện Bắc Mê,655907,Xã Đường Âm,43,Tỉnh Tuyên Quang,14379,Xã Đường Hồng
35,Tỉnh Hà Giang,547,Huyện Bắc Mê,721443,Xã Minh Ngọc,43,Tỉnh Tuyên Quang,4139,Xã Minh Ngọc
35,Tỉnh Hà Giang,547,Huyện Bắc Mê,786979,Xã Yên Cường,43,Tỉnh Tuyên Quang,14123,Xã Yên Cường
35,Tỉnh Hà Giang,547,Huyện Bắc Mê,852515,Xã Yên Phong,43,Tỉnh Tuyên Quang,14635,Xã Bắc Mê
35,Tỉnh Hà Giang,803,Huyện Bắc Quang,66339,Xã Thượng Bình,43,Tỉnh Tuyên Quang,16427,Xã Đồng Tâm
35,Tỉnh Hà Giang,803,Huyện Bắc Quang,131875,Xã Tân Lập,43,Tỉnh Tuyên Quang,16171,Xã Tân Quang
35,Tỉnh Hà Giang,803,Huyện Bắc Quang,197411,Xã Tân Quang,43,Tỉnh Tuyên Quang,16171,Xã Tân Quang
35,Tỉnh Hà Giang,803,Huyện Bắc Quang,262947,Xã Liên Hiệp,43,Tỉnh Tuyên Quang,16683,Xã Liên Hiệp
35,Tỉnh Hà Giang,803,Huyện Bắc Quang,328483,Xã Quang Minh,43,Tỉnh Tuyên Quang,17195,Xã Bắc Quang
35,Tỉnh Hà Giang,803,Huyện Bắc Quang,394019,Xã Tân Thành,43,Tỉnh Tuyên Quang,16171,Xã Tân Quang
35,Tỉnh Hà Giang,803,Huyện Bắc Quang,459555,Xã Đồng Tiến,43,Tỉnh Tuyên Quang,16427,Xã Đồng Tâm
35,Tỉnh Hà Giang,803,Huyện Bắc Quang,525091,Thị Trấn Việt Quang,43,Tỉnh Tuyên Quang,17195,Xã Bắc Quang
35,Tỉnh Hà Giang,803,Huyện Bắc Quang,590627,Xã Đức Xuân,43,Tỉnh Tuyên Quang,16683,Xã Liên Hiệp
35,Tỉnh Hà Giang,803,Huyện Bắc Quang,656163,Xã Hữu Sản,43,Tỉnh Tuyên Quang,16683,Xã Liên Hiệp
35,Tỉnh Hà Giang,803,Huyện Bắc Quang,721699,Xã Tiên Kiều,43,Tỉnh Tuyên Quang,17451,Xã Hùng An
35,Tỉnh Hà Giang,803,Huyện Bắc Quang,787235,Xã Việt Hồng,43,Tỉnh Tuyên Quang,17451,Xã Hùng An
35,Tỉnh Hà Giang,803,Huyện Bắc Quang,852771,Xã Việt Vinh,43,Tỉnh Tuyên Quang,17195,Xã Bắc Quang
35,Tỉnh Hà Giang,803,Huyện Bắc Quang,918307,Xã Vĩnh Hảo,43,Tỉnh Tuyên Quang,17707,Xã Vĩnh Tuy
35,Tỉnh Hà Giang,803,Huyện Bắc Quang,983843,Xã Vĩnh Phúc,43,Tỉnh Tuyên Quang,17963,Xã Đồng Yên
35,Tỉnh Hà Giang,803,Huyện Bắc Quang,1049379,Xã Vô Điếm,43,Tỉnh Tuyên Quang,16939,Xã Bằng Hành
35,Tỉnh Hà Giang,803,Huyện Bắc Quang,1114915,Thị Trấn Vĩnh Tuy,43,Tỉnh Tuyên Quang,17707,Xã Vĩnh Tuy
35,Tỉnh Hà Giang,803,Huyện Bắc Quang,1180451,Xã Bằng Hành,43,Tỉnh Tuyên Quang,16939,Xã Bằng Hành
35,Tỉnh Hà Giang,803,Huyện Bắc Quang,1245987,Xã Đồng Tâm,43,Tỉnh Tuyên Quang,16427,Xã Đồng Tâm
35,Tỉnh Hà Giang,803,Huyện Bắc Quang,1311523,Xã Đông Thành,43,Tỉnh Tuyên Quang,17707,Xã Vĩnh Tuy
35,Tỉnh Hà Giang,803,Huyện Bắc Quang,1377059,Xã Đồng Yên,43,Tỉnh Tuyên Quang,17963,Xã Đồng Yên
35,Tỉnh Hà Giang,803,Huyện Bắc Quang,1442595,Xã Hùng An,43,Tỉnh Tuyên Quang,17451,Xã Hùng An
35,Tỉnh Hà Giang,803,Huyện Bắc Quang,1508131,Xã Kim Ngọc,43,Tỉnh Tuyên Quang,16939,Xã Bằng Hành
35,Tỉnh Hà Giang,1059,Huyện Hoàng Su Phì,66595,Xã Hồ Thầu,43,Tỉnh Tuyên Quang,20011,Xã Hồ Thầu
35,Tỉnh Hà Giang,1059,Huyện Hoàng Su Phì,132131,Xã Bản Phùng,43,Tỉnh Tuyên Quang,7211,Xã Bản Máy
35,Tỉnh Hà Giang,1059,Huyện Hoàng Su Phì,197667,Xã Nậm Khòa,43,Tỉnh Tuyên Quang,20011,Xã Hồ Thầu
35,Tỉnh Hà Giang,1059,Huyện Hoàng Su Phì,263203,Xã Nam Sơn,43,Tỉnh Tuyên Quang,20011,Xã Hồ Thầu
35,Tỉnh Hà Giang,1059,Huyện Hoàng Su Phì,328739,Xã Đản Ván,43,Tỉnh Tuyên Quang,6699,Xã Hoàng Su Phì
35,Tỉnh Hà Giang,1059,Huyện Hoàng Su Phì,394275,Xã Sán Xả Hồ,43,Tỉnh Tuyên Quang,7467,Xã Pờ Ly Ngài
35,Tỉnh Hà Giang,1059,Huyện Hoàng Su Phì,459811,Thị Trấn Vinh Quang,43,Tỉnh Tuyên Quang,6699,Xã Hoàng Su Phì
35,Tỉnh Hà Giang,1059,Huyện Hoàng Su Phì,525347,Xã Bản Luốc,43,Tỉnh Tuyên Quang,6699,Xã Hoàng Su Phì
35,Tỉnh Hà Giang,1059,Huyện Hoàng Su Phì,590883,Xã Bản Máy,43,Tỉnh Tuyên Quang,7211,Xã Bản Máy
35,Tỉnh Hà Giang,1059,Huyện Hoàng Su Phì,656419,Xã Bản Nhùng,43,Tỉnh Tuyên Quang,6443,Xã Tân Tiến
35,Tỉnh Hà Giang,1059,Huyện Hoàng Su Phì,721955,Xã Chiến Phố,43,Tỉnh Tuyên Quang,7211,Xã Bản Máy
35,Tỉnh Hà Giang,1059,Huyện Hoàng Su Phì,787491,Xã Nậm Dịch,43,Tỉnh Tuyên Quang,20267,Xã Nậm Dịch
35,Tỉnh Hà Giang,1059,Huyện Hoàng Su Phì,853027,Xã Nậm Tỵ,43,Tỉnh Tuyên Quang,20267,Xã Nậm Dịch
35,Tỉnh Hà Giang,1059,Huyện Hoàng Su Phì,918563,Xã Nàng Đôn,43,Tỉnh Tuyên Quang,7467,Xã Pờ Ly Ngài
35,Tỉnh Hà Giang,1059,Huyện Hoàng Su Phì,984099,Xã Ngàm Đăng Vài,43,Tỉnh Tuyên Quang,6699,Xã Hoàng Su Phì
35,Tỉnh Hà Giang,1059,Huyện Hoàng Su Phì,1049635,Xã Pố Lồ,43,Tỉnh Tuyên Quang,6955,Xã Thàng Tín
35,Tỉnh Hà Giang,1059,Huyện Hoàng Su Phì,1115171,Xã Pờ Ly Ngài,43,Tỉnh Tuyên Quang,7467,Xã Pờ Ly Ngài
35,Tỉnh Hà Giang,1059,Huyện Hoàng Su Phì,1180707,Xã Thông Nguyên,43,Tỉnh Tuyên Quang,19755,Xã Thông Nguyên
35,Tỉnh Hà Giang,1059,Huyện Hoàng Su Phì,1246243,Xã Tụ Nhân,43,Tỉnh Tuyên Quang,6699,Xã Hoàng Su Phì
35,Tỉnh Hà Giang,1059,Huyện Hoàng Su Phì,1311779,Xã Thàng Tín,43,Tỉnh Tuyên Quang,6955,Xã Thàng Tín
35,Tỉnh Hà Giang,1059,Huyện Hoàng Su Phì,1377315,Xã Thèn Chu Phìn,43,Tỉnh Tuyên Quang,6955,Xã Thàng Tín
35,Tỉnh Hà Giang,1059,Huyện Hoàng Su Phì,1442851,Xã Tả Sử Choóng,43,Tỉnh Tuyên Quang,20267,Xã Nậm Dịch
35,Tỉnh Hà Giang,1059,Huyện Hoàng Su Phì,1508387,Xã Tân Tiến,43,Tỉnh Tuyên Quang,6443,Xã Tân Tiến
35,Tỉnh Hà Giang,1059,Huyện Hoàng Su Phì,1573923,Xã Túng Sán,43,Tỉnh Tuyên Quang,6443,Xã Tân Tiến
35,Tỉnh Hà Giang,1315,Huyện Mèo Vạc,66851,Xã Sơn Vĩ,43,Tỉnh Tuyên Quang,10283,Xã Sơn Vĩ
35,Tỉnh Hà Giang,1315,Huyện Mèo Vạc,132387,Xã Sủng Trà,43,Tỉnh Tuyên Quang,10027,Xã Sủng Máng
35,Tỉnh Hà Giang,1315,Huyện Mèo Vạc,197923,Xã Thượng Phùng,43,Tỉnh Tuyên Quang,10283,Xã Sơn Vĩ
35,Tỉnh Hà Giang,1315,Huyện Mèo Vạc,263459,Xã Xín Cái,43,Tỉnh Tuyên Quang,10283,Xã Sơn Vĩ
35,Tỉnh Hà Giang,1315,Huyện Mèo Vạc,328995,Xã Tả Lủng,43,Tỉnh Tuyên Quang,2603,Xã Mèo Vạc
35,Tỉnh Hà Giang,1315,Huyện Mèo Vạc,394531,Xã Tát Ngà,43,Tỉnh Tuyên Quang,11051,Xã Tát Ngà
35,Tỉnh Hà Giang,1315,Huyện Mèo Vạc,460067,Xã Niêm Sơn,43,Tỉnh Tuyên Quang,10795,Xã Niêm Sơn
35,Tỉnh Hà Giang,1315,Huyện Mèo Vạc,525603,Thị Trấn Mèo Vạc,43,Tỉnh Tuyên Quang,2603,Xã Mèo Vạc
35,Tỉnh Hà Giang,1315,Huyện Mèo Vạc,591139,Xã Cán Chu Phìn,43,Tỉnh Tuyên Quang,10539,Xã Khâu Vai
35,Tỉnh Hà Giang,1315,Huyện Mèo Vạc,656675,Xã Giàng Chu Phìn,43,Tỉnh Tuyên Quang,2603,Xã Mèo Vạc
35,Tỉnh Hà Giang,1315,Huyện Mèo Vạc,722211,Xã Khâu Vai,43,Tỉnh Tuyên Quang,10539,Xã Khâu Vai
35,Tỉnh Hà Giang,1315,Huyện Mèo Vạc,787747,Xã Lũng Chinh,43,Tỉnh Tuyên Quang,10027,Xã Sủng Máng
35,Tỉnh Hà Giang,1315,Huyện Mèo Vạc,853283,Xã Lũng Pù,43,Tỉnh Tuyên Quang,10539,Xã Khâu Vai
35,Tỉnh Hà Giang,1315,Huyện Mèo Vạc,918819,Xã Nậm Ban,43,Tỉnh Tuyên Quang,11051,Xã Tát Ngà
35,Tỉnh Hà Giang,1315,Huyện Mèo Vạc,984355,Xã Niêm Tòng,43,Tỉnh Tuyên Quang,10795,Xã Niêm Sơn
35,Tỉnh Hà Giang,1315,Huyện Mèo Vạc,1049891,Xã Pả Vi,43,Tỉnh Tuyên Quang,2603,Xã Mèo Vạc
35,Tỉnh Hà Giang,1315,Huyện Mèo Vạc,1115427,Xã Pải Lủng,43,Tỉnh Tuyên Quang,555,Xã Đồng Văn
35,Tỉnh Hà Giang,1315,Huyện Mèo Vạc,1115427,Xã Pải Lủng,43,Tỉnh Tuyên Quang,2603,Xã Mèo Vạc
35,Tỉnh Hà Giang,1315,Huyện Mèo Vạc,1180963,Xã Sủng Máng,43,Tỉnh Tuyên Quang,10027,Xã Sủng Máng
35,Tỉnh Hà Giang,1571,Huyện Đồng Văn,67107,Xã Hố Quáng Phìn,43,Tỉnh Tuyên Quang,9771,Xã Lũng Phìn
35,Tỉnh Hà Giang,1571,Huyện Đồng Văn,132643,Thị Trấn Đồng Văn,43,Tỉnh Tuyên Quang,555,Xã Đồng Văn
35,Tỉnh Hà Giang,1571,Huyện Đồng Văn,198179,Xã Lũng Cú,43,Tỉnh Tuyên Quang,9003,Xã Lũng Cú
35,Tỉnh Hà Giang,1571,Huyện Đồng Văn,263715,Xã Má Lé,43,Tỉnh Tuyên Quang,9003,Xã Lũng Cú
35,Tỉnh Hà Giang,1571,Huyện Đồng Văn,329251,Xã Lũng Phìn,43,Tỉnh Tuyên Quang,9771,Xã Lũng Phìn
35,Tỉnh Hà Giang,1571,Huyện Đồng Văn,394787,Xã Lũng Táo,43,Tỉnh Tuyên Quang,9003,Xã Lũng Cú
35,Tỉnh Hà Giang,1571,Huyện Đồng Văn,460323,Xã Lũng Thầu,43,Tỉnh Tuyên Quang,9515,Xã Phố Bảng
35,Tỉnh Hà Giang,1571,Huyện Đồng Văn,525859,Xã Phố Cáo,43,Tỉnh Tuyên Quang,9515,Xã Phố Bảng
35,Tỉnh Hà Giang,1571,Huyện Đồng Văn,591395,Xã Phố Là,43,Tỉnh Tuyên Quang,9515,Xã Phố Bảng
35,Tỉnh Hà Giang,1571,Huyện Đồng Văn,656931,Xã Sảng Tủng,43,Tỉnh Tuyên Quang,9259,Xã Sà Phìn
35,Tỉnh Hà Giang,1571,Huyện Đồng Văn,722467,Xã Sính Lủng,43,Tỉnh Tuyên Quang,9259,Xã Sà Phìn
35,Tỉnh Hà Giang,1571,Huyện Đồng Văn,788003,Xã Sủng Là,43,Tỉnh Tuyên Quang,9259,Xã Sà Phìn
35,Tỉnh Hà Giang,1571,Huyện Đồng Văn,853539,Xã Sủng Trái,43,Tỉnh Tuyên Quang,9771,Xã Lũng Phìn
35,Tỉnh Hà Giang,1571,Huyện Đồng Văn,919075,Xã Tả Lủng,43,Tỉnh Tuyên Quang,555,Xã Đồng Văn
35,Tỉnh Hà Giang,1571,Huyện Đồng Văn,984611,Xã Tả Phìn,43,Tỉnh Tuyên Quang,555,Xã Đồng Văn
35,Tỉnh Hà Giang,1571,Huyện Đồng Văn,1050147,Xã Thài Phìn Tủng,43,Tỉnh Tuyên Quang,555,Xã Đồng Văn
35,Tỉnh Hà Giang,1571,Huyện Đồng Văn,1115683,Xã Vần Chải,43,Tỉnh Tuyên Quang,11819,Xã Yên Minh
35,Tỉnh Hà Giang,1571,Huyện Đồng Văn,1181219,Xã Xà Phìn,43,Tỉnh Tuyên Quang,9259,Xã Sà Phìn
35,Tỉnh Hà Giang,1571,Huyện Đồng Văn,1246755,Thị Trấn Phó Bảng,43,Tỉnh Tuyên Quang,9515,Xã Phố Bảng
35,Tỉnh Hà Giang,1827,Huyện Quang Bình,67363,Xã Nà Khương,43,Tỉnh Tuyên Quang,18475,Xã Xuân Giang
35,Tỉnh Hà Giang,1827,Huyện Quang Bình,132899,Xã Bản Rịa,43,Tỉnh Tuyên Quang,18987,Xã Yên Thành
35,Tỉnh Hà Giang,1827,Huyện Quang Bình,198435,Xã Bằng Lang,43,Tỉnh Tuyên Quang,18731,Xã Bằng Lang
35,Tỉnh Hà Giang,1827,Huyện Quang Bình,263971,Xã Hương Sơn,43,Tỉnh Tuyên Quang,18219,Xã Tiên Yên
35,Tỉnh Hà Giang,1827,Huyện Quang Bình,329507,Xã Tiên Nguyên,43,Tỉnh Tuyên Quang,1835,Xã Tiên Nguyên
35,Tỉnh Hà Giang,1827,Huyện Quang Bình,395043,Xã Tiên Yên,43,Tỉnh Tuyên Quang,18219,Xã Tiên Yên
35,Tỉnh Hà Giang,1827,Huyện Quang Bình,460579,Xã Vĩ Thượng,43,Tỉnh Tuyên Quang,18219,Xã Tiên Yên
35,Tỉnh Hà Giang,1827,Huyện Quang Bình,526115,Xã Tân Bắc,43,Tỉnh Tuyên Quang,19499,Xã Tân Trịnh
35,Tỉnh Hà Giang,1827,Huyện Quang Bình,591651,Xã Tân Nam,43,Tỉnh Tuyên Quang,19243,Xã Quang Bình
35,Tỉnh Hà Giang,1827,Huyện Quang Bình,657187,Xã Tân Trịnh,43,Tỉnh Tuyên Quang,19499,Xã Tân Trịnh
35,Tỉnh Hà Giang,1827,Huyện Quang Bình,722723,Xã Xuân Giang,43,Tỉnh Tuyên Quang,18475,Xã Xuân Giang
35,Tỉnh Hà Giang,1827,Huyện Quang Bình,788259,Xã Xuân Minh,43,Tỉnh Tuyên Quang,19755,Xã Thông Nguyên
35,Tỉnh Hà Giang,1827,Huyện Quang Bình,853795,Thị Trấn Yên Bình,43,Tỉnh Tuyên Quang,19243,Xã Quang Bình
35,Tỉnh Hà Giang,1827,Huyện Quang Bình,919331,Xã Yên Hà,43,Tỉnh Tuyên Quang,18731,Xã Bằng Lang
35,Tỉnh Hà Giang,1827,Huyện Quang Bình,984867,Xã Yên Thành,43,Tỉnh Tuyên Quang,18987,Xã Yên Thành
35,Tỉnh Hà Giang,2083,Huyện Quản Bạ,67619,Xã Bát Đại Sơn,43,Tỉnh Tuyên Quang,13099,Xã Cán Tỷ
35,Tỉnh Hà Giang,2083,Huyện Quản Bạ,133155,Xã Cao Mã Pờ,43,Tỉnh Tuyên Quang,13867,Xã Tùng Vài
35,Tỉnh Hà Giang,2083,Huyện Quản Bạ,198691,Xã Lùng Tám,43,Tỉnh Tuyên Quang,12843,Xã Lùng Tám
35,Tỉnh Hà Giang,2083,Huyện Quản Bạ,264227,Thị Trấn Tam Sơn,43,Tỉnh Tuyên Quang,13611,Xã Quản Bạ
35,Tỉnh Hà Giang,2083,Huyện Quản Bạ,329763,Xã Nghĩa Thuận,43,Tỉnh Tuyên Quang,13355,Xã Nghĩa Thuận
35,Tỉnh Hà Giang,2083,Huyện Quản Bạ,395299,Xã Quản Bạ,43,Tỉnh Tuyên Quang,13611,Xã Quản Bạ
35,Tỉnh Hà Giang,2083,Huyện Quản Bạ,460835,Xã Cán Tỷ,43,Tỉnh Tuyên Quang,13099,Xã Cán Tỷ
35,Tỉnh Hà Giang,2083,Huyện Quản Bạ,526371,Xã Đông Hà,43,Tỉnh Tuyên Quang,12843,Xã Lùng Tám
35,Tỉnh Hà Giang,2083,Huyện Quản Bạ,591907,Xã Quyết Tiến,43,Tỉnh Tuyên Quang,13611,Xã Quản Bạ
35,Tỉnh Hà Giang,2083,Huyện Quản Bạ,657443,Xã Tả Ván,43,Tỉnh Tuyên Quang,13867,Xã Tùng Vài
35,Tỉnh Hà Giang,2083,Huyện Quản Bạ,722979,Xã Thái An,43,Tỉnh Tuyên Quang,12843,Xã Lùng Tám
35,Tỉnh Hà Giang,2083,Huyện Quản Bạ,788515,Xã Thanh Vân,43,Tỉnh Tuyên Quang,13355,Xã Nghĩa Thuận
35,Tỉnh Hà Giang,2083,Huyện Quản Bạ,854051,Xã Tùng Vài,43,Tỉnh Tuyên Quang,13867,Xã Tùng Vài
35,Tỉnh Hà Giang,2339,Huyện Vị Xuyên,67875,Xã Bạch Ngọc,43,Tỉnh Tuyên Quang,15915,Xã Bạch Ngọc
35,Tỉnh Hà Giang,2339,Huyện Vị Xuyên,133411,Xã Ngọc Minh,43,Tỉnh Tuyên Quang,15915,Xã Bạch Ngọc
35,Tỉnh Hà Giang,2339,Huyện Vị Xuyên,198947,Xã Đạo Đức,43,Tỉnh Tuyên Quang,2091,Xã Vị Xuyên
35,Tỉnh Hà Giang,2339,Huyện Vị Xuyên,264483,Xã Phương Tiến,43,Tỉnh Tuyên Quang,15147,Xã Thanh Thủy
35,Tỉnh Hà Giang,2339,Huyện Vị Xuyên,330019,Thị Trấn Nông Trường Việt Lâm,43,Tỉnh Tuyên Quang,2091,Xã Vị Xuyên
35,Tỉnh Hà Giang,2339,Huyện Vị Xuyên,395555,Thị Trấn Vị Xuyên,43,Tỉnh Tuyên Quang,2091,Xã Vị Xuyên
35,Tỉnh Hà Giang,2339,Huyện Vị Xuyên,461091,Xã Cao Bồ,43,Tỉnh Tuyên Quang,2347,Xã Cao Bồ
35,Tỉnh Hà Giang,2339,Huyện Vị Xuyên,526627,Xã Kim Linh,43,Tỉnh Tuyên Quang,15403,Xã Phú Linh
35,Tỉnh Hà Giang,2339,Huyện Vị Xuyên,592163,Xã Kim Thạch,43,Tỉnh Tuyên Quang,15403,Xã Phú Linh
35,Tỉnh Hà Giang,2339,Huyện Vị Xuyên,657699,Xã Lao Chải,43,Tỉnh Tuyên Quang,14891,Xã Lao Chải
35,Tỉnh Hà Giang,2339,Huyện Vị Xuyên,723235,Xã Linh Hồ,43,Tỉnh Tuyên Quang,15659,Xã Linh Hồ
35,Tỉnh Hà Giang,2339,Huyện Vị Xuyên,788771,Xã Ngọc Linh,43,Tỉnh Tuyên Quang,15659,Xã Linh Hồ
35,Tỉnh Hà Giang,2339,Huyện Vị Xuyên,854307,Xã Phong Quang,43,Tỉnh Tuyên Quang,1323,Phường Hà Giang 2
35,Tỉnh Hà Giang,2339,Huyện Vị Xuyên,919843,Xã Phú Linh,43,Tỉnh Tuyên Quang,15403,Xã Phú Linh
35,Tỉnh Hà Giang,2339,Huyện Vị Xuyên,985379,Xã Quảng Ngần,43,Tỉnh Tuyên Quang,3627,Xã Việt Lâm
35,Tỉnh Hà Giang,2339,Huyện Vị Xuyên,1050915,Xã Thanh Đức,43,Tỉnh Tuyên Quang,14891,Xã Lao Chải
35,Tỉnh Hà Giang,2339,Huyện Vị Xuyên,1116451,Xã Thanh Thủy,43,Tỉnh Tuyên Quang,15147,Xã Thanh Thủy
35,Tỉnh Hà Giang,2339,Huyện Vị Xuyên,1181987,Xã Thuận Hòa,43,Tỉnh Tuyên Quang,2859,Xã Thuận Hòa
35,Tỉnh Hà Giang,2339,Huyện Vị Xuyên,1247523,Xã Thượng Sơn,43,Tỉnh Tuyên Quang,3115,Xã Thượng Sơn
35,Tỉnh Hà Giang,2339,Huyện Vị Xuyên,1313059,Xã Trung Thành,43,Tỉnh Tuyên Quang,15659,Xã Linh Hồ
35,Tỉnh Hà Giang,2339,Huyện Vị Xuyên,1378595,Xã Tùng Bá,43,Tỉnh Tuyên Quang,3371,Xã Tùng Bá
35,Tỉnh Hà Giang,2339,Huyện Vị Xuyên,1444131,Xã Việt Lâm,43,Tỉnh Tuyên Quang,2091,Xã Vị Xuyên
35,Tỉnh Hà Giang,2339,Huyện Vị Xuyên,1444131,Xã Việt Lâm,43,Tỉnh Tuyên Quang,3627,Xã Việt Lâm
35,Tỉnh Hà Giang,2339,Huyện Vị Xuyên,1509667,Xã Xín Chải,43,Tỉnh Tuyên Quang,14891,Xã Lao Chải
35,Tỉnh Hà Giang,2339,Huyện Vị Xuyên,1575203,Xã Minh Tân,43,Tỉnh Tuyên Quang,4651,Xã Minh Tân
35,Tỉnh Hà Giang,2595,Huyện Xín Mần,68131,Xã Chế Là,43,Tỉnh Tuyên Quang,8235,Xã Nấm Dẩn
35,Tỉnh Hà Giang,2595,Huyện Xín Mần,133667,Xã Nàn Xỉn,43,Tỉnh Tuyên Quang,7723,Xã Xín Mần
35,Tỉnh Hà Giang,2595,Huyện Xín Mần,199203,Xã Pà Vầy Sủ,43,Tỉnh Tuyên Quang,7979,Xã Pà Vầy Sủ
35,Tỉnh Hà Giang,2595,Huyện Xín Mần,264739,Xã Thèn Phàng,43,Tỉnh Tuyên Quang,7723,Xã Xín Mần
35,Tỉnh Hà Giang,2595,Huyện Xín Mần,330275,Xã Thu Tà,43,Tỉnh Tuyên Quang,8491,Xã Trung Thịnh
35,Tỉnh Hà Giang,2595,Huyện Xín Mần,395811,Thị Trấn Cốc Pài,43,Tỉnh Tuyên Quang,7979,Xã Pà Vầy Sủ
35,Tỉnh Hà Giang,2595,Huyện Xín Mần,461347,Xã Bản Díu,43,Tỉnh Tuyên Quang,7723,Xã Xín Mần
35,Tỉnh Hà Giang,2595,Huyện Xín Mần,526883,Xã Bản Ngò,43,Tỉnh Tuyên Quang,7979,Xã Pà Vầy Sủ
35,Tỉnh Hà Giang,2595,Huyện Xín Mần,592419,Xã Chí Cà,43,Tỉnh Tuyên Quang,7723,Xã Xín Mần
35,Tỉnh Hà Giang,2595,Huyện Xín Mần,657955,Xã Cốc Rế,43,Tỉnh Tuyên Quang,8491,Xã Trung Thịnh
35,Tỉnh Hà Giang,2595,Huyện Xín Mần,723491,Xã Khuôn Lùng,43,Tỉnh Tuyên Quang,8747,Xã Khuôn Lùng
35,Tỉnh Hà Giang,2595,Huyện Xín Mần,789027,Xã Nà Chì,43,Tỉnh Tuyên Quang,8747,Xã Khuôn Lùng
35,Tỉnh Hà Giang,2595,Huyện Xín Mần,854563,Xã Nấm Dẩn,43,Tỉnh Tuyên Quang,8235,Xã Nấm Dẩn
35,Tỉnh Hà Giang,2595,Huyện Xín Mần,920099,Xã Nàn Ma,43,Tỉnh Tuyên Quang,7979,Xã Pà Vầy Sủ
35,Tỉnh Hà Giang,2595,Huyện Xín Mần,985635,Xã Quảng Nguyên,43,Tỉnh Tuyên Quang,3883,Xã Quảng Nguyên
35,Tỉnh Hà Giang,2595,Huyện Xín Mần,1051171,Xã Tả Nhìu,43,Tỉnh Tuyên Quang,8235,Xã Nấm Dẩn
35,Tỉnh Hà Giang,2595,Huyện Xín Mần,1116707,Xã Trung Thịnh,43,Tỉnh Tuyên Quang,8491,Xã Trung Thịnh
35,Tỉnh Hà Giang,2595,Huyện Xín Mần,1182243,Xã Xín Mần,43,Tỉnh Tuyên Quang,7723,Xã Xín Mần
35,Tỉnh Hà Giang,2851,Huyện Yên Minh,68387,Xã Ngọc Long,43,Tỉnh Tuyên Quang,299,Xã Ngọc Long
35,Tỉnh Hà Giang,2851,Huyện Yên Minh,133923,Xã Du Tiến,43,Tỉnh Tuyên Quang,12331,Xã Du Già
35,Tỉnh Hà Giang,2851,Huyện Yên Minh,199459,Xã Mậu Long,43,Tỉnh Tuyên Quang,12075,Xã Mậu Duệ
35,Tỉnh Hà Giang,2851,Huyện Yên Minh,264995,Xã Lao Và Chải,43,Tỉnh Tuyên Quang,11819,Xã Yên Minh
35,Tỉnh Hà Giang,2851,Huyện Yên Minh,330531,Xã Sủng Tráng,43,Tỉnh Tuyên Quang,11307,Xã Thắng Mố
35,Tỉnh Hà Giang,2851,Huyện Yên Minh,396067,Xã Na Khê,43,Tỉnh Tuyên Quang,11563,Xã Bạch Đích
35,Tỉnh Hà Giang,2851,Huyện Yên Minh,461603,Xã Ngam La,43,Tỉnh Tuyên Quang,12075,Xã Mậu Duệ
35,Tỉnh Hà Giang,2851,Huyện Yên Minh,527139,Thị Trấn Yên Minh,43,Tỉnh Tuyên Quang,11819,Xã Yên Minh
35,Tỉnh Hà Giang,2851,Huyện Yên Minh,592675,Xã Bạch Đích,43,Tỉnh Tuyên Quang,11563,Xã Bạch Đích
35,Tỉnh Hà Giang,2851,Huyện Yên Minh,658211,Xã Phú Lũng,43,Tỉnh Tuyên Quang,11563,Xã Bạch Đích
35,Tỉnh Hà Giang,2851,Huyện Yên Minh,723747,Xã Đông Minh,43,Tỉnh Tuyên Quang,11819,Xã Yên Minh
35,Tỉnh Hà Giang,2851,Huyện Yên Minh,789283,Xã Du Già,43,Tỉnh Tuyên Quang,12331,Xã Du Già
35,Tỉnh Hà Giang,2851,Huyện Yên Minh,854819,Xã Đường Thượng,43,Tỉnh Tuyên Quang,12587,Xã Đường Thượng
35,Tỉnh Hà Giang,2851,Huyện Yên Minh,920355,Xã Hữu Vinh,43,Tỉnh Tuyên Quang,11819,Xã Yên Minh
35,Tỉnh Hà Giang,2851,Huyện Yên Minh,985891,Xã Lũng Hồ,43,Tỉnh Tuyên Quang,12587,Xã Đường Thượng
35,Tỉnh Hà Giang,2851,Huyện Yên Minh,1051427,Xã Mậu Duệ,43,Tỉnh Tuyên Quang,12075,Xã Mậu Duệ
35,Tỉnh Hà Giang,2851,Huyện Yên Minh,1116963,Xã Sủng Thài,43,Tỉnh Tuyên Quang,11307,Xã Thắng Mố
35,Tỉnh Hà Giang,2851,Huyện Yên Minh,1182499,Xã Thắng Mố,43,Tỉnh Tuyên Quang,11307,Xã Thắng Mố
36,Tỉnh Hà Nam,292,Thành Phố Phủ Lý,65828,Xã Đinh Xá,34,Tỉnh Ninh Bình,28450,Phường Liêm Tuyền
36,Tỉnh Hà Nam,292,Thành Phố Phủ Lý,131364,Xã Trịnh Xá,34,Tỉnh Ninh Bình,28450,Phường Liêm Tuyền
36,Tỉnh Hà Nam,292,Thành Phố Phủ Lý,196900,Phường Tân Hiệp,34,Tỉnh Ninh Bình,1570,Phường Hà Nam
36,Tỉnh Hà Nam,292,Thành Phố Phủ Lý,327972,Xã Phù Vân,34,Tỉnh Ninh Bình,27938,Phường Phù Vân
36,Tỉnh Hà Nam,292,Thành Phố Phủ Lý,393508,Phường Thanh Tuyền,34,Tỉnh Ninh Bình,28194,Phường Châu Sơn
36,Tỉnh Hà Nam,292,Thành Phố Phủ Lý,459044,Phường Lê Hồng Phong,34,Tỉnh Ninh Bình,27938,Phường Phù Vân
36,Tỉnh Hà Nam,292,Thành Phố Phủ Lý,524580,Phường Liêm Chính,34,Tỉnh Ninh Bình,33058,Phường Phủ Lý
36,Tỉnh Hà Nam,292,Thành Phố Phủ Lý,786724,Phường Quang Trung,34,Tỉnh Ninh Bình,1570,Phường Hà Nam
36,Tỉnh Hà Nam,292,Thành Phố Phủ Lý,786724,Phường Quang Trung,34,Tỉnh Ninh Bình,33058,Phường Phủ Lý
36,Tỉnh Hà Nam,292,Thành Phố Phủ Lý,852260,Phường Châu Cầu,34,Tỉnh Ninh Bình,33058,Phường Phủ Lý
36,Tỉnh Hà Nam,292,Thành Phố Phủ Lý,917796,Phường Châu Sơn,34,Tỉnh Ninh Bình,28194,Phường Châu Sơn
36,Tỉnh Hà Nam,292,Thành Phố Phủ Lý,983332,Phường Lam Hạ,34,Tỉnh Ninh Bình,1570,Phường Hà Nam
36,Tỉnh Hà Nam,292,Thành Phố Phủ Lý,1048868,Phường Thanh Châu,34,Tỉnh Ninh Bình,33058,Phường Phủ Lý
36,Tỉnh Hà Nam,292,Thành Phố Phủ Lý,1114404,Phường Tân Liêm,34,Tỉnh Ninh Bình,28450,Phường Liêm Tuyền
36,Tỉnh Hà Nam,292,Thành Phố Phủ Lý,1376548,Xã Kim Bình,34,Tỉnh Ninh Bình,27938,Phường Phù Vân
36,Tỉnh Hà Nam,548,Huyện Bình Lục,66084,Xã Bình An,34,Tỉnh Ninh Bình,29218,Xã Bình An
36,Tỉnh Hà Nam,548,Huyện Bình Lục,131620,Xã La Sơn,34,Tỉnh Ninh Bình,28962,Xã Bình Mỹ
36,Tỉnh Hà Nam,548,Huyện Bình Lục,197156,Xã Bồ Đề,34,Tỉnh Ninh Bình,29474,Xã Bình Giang
36,Tỉnh Hà Nam,548,Huyện Bình Lục,328228,Xã Đồn Xá,34,Tỉnh Ninh Bình,28962,Xã Bình Mỹ
36,Tỉnh Hà Nam,548,Huyện Bình Lục,393764,Xã Đồng Du,34,Tỉnh Ninh Bình,28706,Xã Bình Lục
36,Tỉnh Hà Nam,548,Huyện Bình Lục,459300,Xã Ngọc Lũ,34,Tỉnh Ninh Bình,29218,Xã Bình An
36,Tỉnh Hà Nam,548,Huyện Bình Lục,524836,Xã Tiêu Động,34,Tỉnh Ninh Bình,29730,Xã Bình Sơn
36,Tỉnh Hà Nam,548,Huyện Bình Lục,590372,Xã Tràng An,34,Tỉnh Ninh Bình,28706,Xã Bình Lục
36,Tỉnh Hà Nam,548,Huyện Bình Lục,655908,Xã Trung Lương,34,Tỉnh Ninh Bình,29218,Xã Bình An
36,Tỉnh Hà Nam,548,Huyện Bình Lục,721444,Xã Vũ Bản,34,Tỉnh Ninh Bình,29474,Xã Bình Giang
36,Tỉnh Hà Nam,548,Huyện Bình Lục,786980,Xã An Ninh,34,Tỉnh Ninh Bình,29474,Xã Bình Giang
36,Tỉnh Hà Nam,548,Huyện Bình Lục,852516,Thị Trấn Bình Mỹ,34,Tỉnh Ninh Bình,28962,Xã Bình Mỹ
36,Tỉnh Hà Nam,548,Huyện Bình Lục,918052,Xã An Đổ,34,Tỉnh Ninh Bình,29730,Xã Bình Sơn
36,Tỉnh Hà Nam,548,Huyện Bình Lục,983588,Xã An Lão,34,Tỉnh Ninh Bình,29730,Xã Bình Sơn
36,Tỉnh Hà Nam,548,Huyện Bình Lục,1114660,Xã Bình Nghĩa,34,Tỉnh Ninh Bình,28706,Xã Bình Lục
36,Tỉnh Hà Nam,804,Thị Xã Duy Tiên,66340,Xã Chuyên Ngoại,34,Tỉnh Ninh Bình,32802,Phường Duy Tiên
36,Tỉnh Hà Nam,804,Thị Xã Duy Tiên,131876,Phường Đồng Văn,34,Tỉnh Ninh Bình,26402,Phường Đồng Văn
36,Tỉnh Hà Nam,804,Thị Xã Duy Tiên,197412,Phường Hòa Mạc,34,Tỉnh Ninh Bình,290,Phường Duy Tân
36,Tỉnh Hà Nam,804,Thị Xã Duy Tiên,197412,Phường Hòa Mạc,34,Tỉnh Ninh Bình,32802,Phường Duy Tiên
36,Tỉnh Hà Nam,804,Thị Xã Duy Tiên,262948,Phường Bạch Thượng,34,Tỉnh Ninh Bình,26402,Phường Đồng Văn
36,Tỉnh Hà Nam,804,Thị Xã Duy Tiên,328484,Phường Châu Giang,34,Tỉnh Ninh Bình,290,Phường Duy Tân
36,Tỉnh Hà Nam,804,Thị Xã Duy Tiên,394020,Xã Tiên Sơn,34,Tỉnh Ninh Bình,1826,Phường Tiên Sơn
36,Tỉnh Hà Nam,804,Thị Xã Duy Tiên,459556,Phường Duy Hải,34,Tỉnh Ninh Bình,546,Phường Duy Hà
36,Tỉnh Hà Nam,804,Thị Xã Duy Tiên,525092,Phường Hoàng Đông,34,Tỉnh Ninh Bình,1570,Phường Hà Nam
36,Tỉnh Hà Nam,804,Thị Xã Duy Tiên,656164,Phường Duy Minh,34,Tỉnh Ninh Bình,546,Phường Duy Hà
36,Tỉnh Hà Nam,804,Thị Xã Duy Tiên,721700,Xã Mộc Hoàn,34,Tỉnh Ninh Bình,290,Phường Duy Tân
36,Tỉnh Hà Nam,804,Thị Xã Duy Tiên,787236,Xã Tiên Ngoại,34,Tỉnh Ninh Bình,1570,Phường Hà Nam
36,Tỉnh Hà Nam,804,Thị Xã Duy Tiên,787236,Xã Tiên Ngoại,34,Tỉnh Ninh Bình,1826,Phường Tiên Sơn
36,Tỉnh Hà Nam,804,Thị Xã Duy Tiên,852772,Phường Tiên Nội,34,Tỉnh Ninh Bình,1570,Phường Hà Nam
36,Tỉnh Hà Nam,804,Thị Xã Duy Tiên,852772,Phường Tiên Nội,34,Tỉnh Ninh Bình,1826,Phường Tiên Sơn
36,Tỉnh Hà Nam,804,Thị Xã Duy Tiên,918308,Xã Trác Văn,34,Tỉnh Ninh Bình,32802,Phường Duy Tiên
36,Tỉnh Hà Nam,804,Thị Xã Duy Tiên,983844,Phường Yên Bắc,34,Tỉnh Ninh Bình,26402,Phường Đồng Văn
36,Tỉnh Hà Nam,804,Thị Xã Duy Tiên,1049380,Xã Yên Nam,34,Tỉnh Ninh Bình,32802,Phường Duy Tiên
36,Tỉnh Hà Nam,1060,Thị Xã Kim Bảng,66596,Xã Khả Phong,34,Tỉnh Ninh Bình,27682,Phường Tam Chúc
36,Tỉnh Hà Nam,1060,Thị Xã Kim Bảng,132132,Xã Thanh Sơn,34,Tỉnh Ninh Bình,27170,Phường Lý Thường Kiệt
36,Tỉnh Hà Nam,1060,Thị Xã Kim Bảng,197668,Phường Ba Sao,34,Tỉnh Ninh Bình,27682,Phường Tam Chúc
36,Tỉnh Hà Nam,1060,Thị Xã Kim Bảng,263204,Phường Quế,34,Tỉnh Ninh Bình,32546,Phường Kim Bảng
36,Tỉnh Hà Nam,1060,Thị Xã Kim Bảng,328740,Phường Đại Cương,34,Tỉnh Ninh Bình,26658,Phường Lê Hồ
36,Tỉnh Hà Nam,1060,Thị Xã Kim Bảng,394276,Phường Lê Hồ,34,Tỉnh Ninh Bình,26658,Phường Lê Hồ
36,Tỉnh Hà Nam,1060,Thị Xã Kim Bảng,459812,Xã Liên Sơn,34,Tỉnh Ninh Bình,27170,Phường Lý Thường Kiệt
36,Tỉnh Hà Nam,1060,Thị Xã Kim Bảng,525348,Phường Ngọc Sơn,34,Tỉnh Ninh Bình,32546,Phường Kim Bảng
36,Tỉnh Hà Nam,1060,Thị Xã Kim Bảng,656420,Phường Tân Tựu,34,Tỉnh Ninh Bình,27426,Phường Kim Thanh
36,Tỉnh Hà Nam,1060,Thị Xã Kim Bảng,721956,Phường Tân Sơn,34,Tỉnh Ninh Bình,26914,Phường Nguyễn Úy
36,Tỉnh Hà Nam,1060,Thị Xã Kim Bảng,787492,Phường Thi Sơn,34,Tỉnh Ninh Bình,27170,Phường Lý Thường Kiệt
36,Tỉnh Hà Nam,1060,Thị Xã Kim Bảng,853028,Xã Thụy Lôi,34,Tỉnh Ninh Bình,27682,Phường Tam Chúc
36,Tỉnh Hà Nam,1060,Thị Xã Kim Bảng,918564,Phường Đồng Hóa,34,Tỉnh Ninh Bình,26658,Phường Lê Hồ
36,Tỉnh Hà Nam,1060,Thị Xã Kim Bảng,984100,Xã Hoàng Tây,34,Tỉnh Ninh Bình,27426,Phường Kim Thanh
36,Tỉnh Hà Nam,1060,Thị Xã Kim Bảng,1049636,Phường Tượng Lĩnh,34,Tỉnh Ninh Bình,26914,Phường Nguyễn Úy
36,Tỉnh Hà Nam,1060,Thị Xã Kim Bảng,1115172,Xã Văn Xá,34,Tỉnh Ninh Bình,32546,Phường Kim Bảng
36,Tỉnh Hà Nam,1060,Thị Xã Kim Bảng,1180708,Xã Nguyễn Úy,34,Tỉnh Ninh Bình,26914,Phường Nguyễn Úy
36,Tỉnh Hà Nam,1316,Huyện Lý Nhân,66852,Xã Đạo Lý,34,Tỉnh Ninh Bình,31266,Xã Bắc Lý
36,Tỉnh Hà Nam,1316,Huyện Lý Nhân,132388,Xã Chân Lý,34,Tỉnh Ninh Bình,31266,Xã Bắc Lý
36,Tỉnh Hà Nam,1316,Huyện Lý Nhân,197924,Xã Trần Hưng Đạo,34,Tỉnh Ninh Bình,31778,Xã Trần Thương
36,Tỉnh Hà Nam,1316,Huyện Lý Nhân,263460,Xã Nhân Khang,34,Tỉnh Ninh Bình,31522,Xã Vĩnh Trụ
36,Tỉnh Hà Nam,1316,Huyện Lý Nhân,328996,Xã Nhân Mỹ,34,Tỉnh Ninh Bình,32034,Xã Nhân Hà
36,Tỉnh Hà Nam,1316,Huyện Lý Nhân,394532,Xã Nhân Nghĩa,34,Tỉnh Ninh Bình,31778,Xã Trần Thương
36,Tỉnh Hà Nam,1316,Huyện Lý Nhân,460068,Xã Nhân Thịnh,34,Tỉnh Ninh Bình,32034,Xã Nhân Hà
36,Tỉnh Hà Nam,1316,Huyện Lý Nhân,525604,Xã Phú Phúc,34,Tỉnh Ninh Bình,32290,Xã Nam Lý
36,Tỉnh Hà Nam,1316,Huyện Lý Nhân,591140,Xã Tiến Thắng,34,Tỉnh Ninh Bình,32290,Xã Nam Lý
36,Tỉnh Hà Nam,1316,Huyện Lý Nhân,656676,Xã Văn Lý,34,Tỉnh Ninh Bình,30754,Xã Lý Nhân
36,Tỉnh Hà Nam,1316,Huyện Lý Nhân,722212,Xã Xuân Khê,34,Tỉnh Ninh Bình,32034,Xã Nhân Hà
36,Tỉnh Hà Nam,1316,Huyện Lý Nhân,787748,Xã Chính Lý,34,Tỉnh Ninh Bình,30754,Xã Lý Nhân
36,Tỉnh Hà Nam,1316,Huyện Lý Nhân,853284,Xã Công Lý,34,Tỉnh Ninh Bình,31010,Xã Nam Xang
36,Tỉnh Hà Nam,1316,Huyện Lý Nhân,918820,Thị Trấn Vĩnh Trụ,34,Tỉnh Ninh Bình,31522,Xã Vĩnh Trụ
36,Tỉnh Hà Nam,1316,Huyện Lý Nhân,984356,Xã Bắc Lý,34,Tỉnh Ninh Bình,31266,Xã Bắc Lý
36,Tỉnh Hà Nam,1316,Huyện Lý Nhân,1049892,Xã Đức Lý,34,Tỉnh Ninh Bình,31010,Xã Nam Xang
36,Tỉnh Hà Nam,1316,Huyện Lý Nhân,1115428,Xã Hòa Hậu,34,Tỉnh Ninh Bình,32290,Xã Nam Lý
36,Tỉnh Hà Nam,1316,Huyện Lý Nhân,1180964,Xã Hợp Lý,34,Tỉnh Ninh Bình,30754,Xã Lý Nhân
36,Tỉnh Hà Nam,1316,Huyện Lý Nhân,1246500,Xã Nguyên Lý,34,Tỉnh Ninh Bình,31010,Xã Nam Xang
36,Tỉnh Hà Nam,1316,Huyện Lý Nhân,1312036,Xã Nhân Bình,34,Tỉnh Ninh Bình,31778,Xã Trần Thương
36,Tỉnh Hà Nam,1316,Huyện Lý Nhân,1377572,Xã Nhân Chính,34,Tỉnh Ninh Bình,31522,Xã Vĩnh Trụ
36,Tỉnh Hà Nam,1572,Huyện Thanh Liêm,67108,Xã Thanh Phong,34,Tỉnh Ninh Bình,30242,Xã Tân Thanh
36,Tỉnh Hà Nam,1572,Huyện Thanh Liêm,132644,Xã Thanh Tâm,34,Tỉnh Ninh Bình,1314,Xã Thanh Liêm
36,Tỉnh Hà Nam,1572,Huyện Thanh Liêm,198180,Xã Thanh Tân,34,Tỉnh Ninh Bình,30498,Xã Thanh Lâm
36,Tỉnh Hà Nam,1572,Huyện Thanh Liêm,263716,Xã Thanh Thủy,34,Tỉnh Ninh Bình,30242,Xã Tân Thanh
36,Tỉnh Hà Nam,1572,Huyện Thanh Liêm,329252,Xã Thanh Hà,34,Tỉnh Ninh Bình,29986,Xã Liêm Hà
36,Tỉnh Hà Nam,1572,Huyện Thanh Liêm,394788,Thị Trấn Kiện Khê,34,Tỉnh Ninh Bình,28194,Phường Châu Sơn
36,Tỉnh Hà Nam,1572,Huyện Thanh Liêm,460324,Xã Liêm Cần,34,Tỉnh Ninh Bình,29986,Xã Liêm Hà
36,Tỉnh Hà Nam,1572,Huyện Thanh Liêm,525860,Xã Liêm Phong,34,Tỉnh Ninh Bình,29986,Xã Liêm Hà
36,Tỉnh Hà Nam,1572,Huyện Thanh Liêm,591396,Xã Liêm Sơn,34,Tỉnh Ninh Bình,1058,Xã Thanh Bình
36,Tỉnh Hà Nam,1572,Huyện Thanh Liêm,656932,Xã Liêm Thuận,34,Tỉnh Ninh Bình,1058,Xã Thanh Bình
36,Tỉnh Hà Nam,1572,Huyện Thanh Liêm,722468,Xã Liêm Túc,34,Tỉnh Ninh Bình,1058,Xã Thanh Bình
36,Tỉnh Hà Nam,1572,Huyện Thanh Liêm,788004,Xã Thanh Hải,34,Tỉnh Ninh Bình,30498,Xã Thanh Lâm
36,Tỉnh Hà Nam,1572,Huyện Thanh Liêm,853540,Xã Thanh Hương,34,Tỉnh Ninh Bình,1314,Xã Thanh Liêm
36,Tỉnh Hà Nam,1572,Huyện Thanh Liêm,919076,Thị Trấn Tân Thanh,34,Tỉnh Ninh Bình,30242,Xã Tân Thanh
36,Tỉnh Hà Nam,1572,Huyện Thanh Liêm,984612,Xã Thanh Nghị,34,Tỉnh Ninh Bình,30498,Xã Thanh Lâm
36,Tỉnh Hà Nam,1572,Huyện Thanh Liêm,1050148,Xã Thanh Nguyên,34,Tỉnh Ninh Bình,1314,Xã Thanh Liêm
37,Tỉnh Hà Tĩnh,293,Thành Phố Hà Tĩnh,65829,Phường Nam Hà,26,Tỉnh Hà Tĩnh,2586,Phường Thành Sen
37,Tỉnh Hà Tĩnh,293,Thành Phố Hà Tĩnh,196901,Phường Bắc Hà,26,Tỉnh Hà Tĩnh,2586,Phường Thành Sen
37,Tỉnh Hà Tĩnh,293,Thành Phố Hà Tĩnh,262437,Phường Đại Nài,26,Tỉnh Hà Tĩnh,2330,Phường Hà Huy Tập
37,Tỉnh Hà Tĩnh,293,Thành Phố Hà Tĩnh,262437,Phường Đại Nài,26,Tỉnh Hà Tĩnh,2586,Phường Thành Sen
37,Tỉnh Hà Tĩnh,293,Thành Phố Hà Tĩnh,327973,Phường Hà Huy Tập,26,Tỉnh Hà Tĩnh,2586,Phường Thành Sen
37,Tỉnh Hà Tĩnh,293,Thành Phố Hà Tĩnh,393509,Phường Tân Giang,26,Tỉnh Hà Tĩnh,2586,Phường Thành Sen
37,Tỉnh Hà Tĩnh,293,Thành Phố Hà Tĩnh,459045,Phường Trần Phú,26,Tỉnh Hà Tĩnh,2586,Phường Thành Sen
37,Tỉnh Hà Tĩnh,293,Thành Phố Hà Tĩnh,524581,Phường Thạch Quý,26,Tỉnh Hà Tĩnh,2586,Phường Thành Sen
37,Tỉnh Hà Tĩnh,293,Thành Phố Hà Tĩnh,655653,Phường Văn Yên,26,Tỉnh Hà Tĩnh,2586,Phường Thành Sen
37,Tỉnh Hà Tĩnh,293,Thành Phố Hà Tĩnh,721189,Xã Thạch Bình,26,Tỉnh Hà Tĩnh,12058,Xã Cẩm Bình
37,Tỉnh Hà Tĩnh,293,Thành Phố Hà Tĩnh,786725,Phường Thạch Hạ,26,Tỉnh Hà Tĩnh,11034,Phường Trần Phú
37,Tỉnh Hà Tĩnh,293,Thành Phố Hà Tĩnh,852261,Phường Thạch Hưng,26,Tỉnh Hà Tĩnh,2586,Phường Thành Sen
37,Tỉnh Hà Tĩnh,293,Thành Phố Hà Tĩnh,917797,Phường Thạch Trung,26,Tỉnh Hà Tĩnh,11034,Phường Trần Phú
37,Tỉnh Hà Tĩnh,293,Thành Phố Hà Tĩnh,983333,Phường Đồng Môn,26,Tỉnh Hà Tĩnh,11034,Phường Trần Phú
37,Tỉnh Hà Tĩnh,293,Thành Phố Hà Tĩnh,1048869,Xã Tượng Sơn,26,Tỉnh Hà Tĩnh,11290,Xã Thạch Lạc
37,Tỉnh Hà Tĩnh,293,Thành Phố Hà Tĩnh,1114405,Xã Thạch Trị,26,Tỉnh Hà Tĩnh,11546,Xã Đồng Tiến
37,Tỉnh Hà Tĩnh,293,Thành Phố Hà Tĩnh,1179941,Xã Thạch Văn,26,Tỉnh Hà Tĩnh,11546,Xã Đồng Tiến
37,Tỉnh Hà Tĩnh,293,Thành Phố Hà Tĩnh,1245477,Xã Hộ Độ,26,Tỉnh Hà Tĩnh,11034,Phường Trần Phú
37,Tỉnh Hà Tĩnh,293,Thành Phố Hà Tĩnh,1311013,Xã Thạch Hải,26,Tỉnh Hà Tĩnh,11802,Xã Thạch Khê
37,Tỉnh Hà Tĩnh,293,Thành Phố Hà Tĩnh,1376549,Xã Thạch Đài,26,Tỉnh Hà Tĩnh,2330,Phường Hà Huy Tập
37,Tỉnh Hà Tĩnh,293,Thành Phố Hà Tĩnh,1442085,Xã Thạch Hội,26,Tỉnh Hà Tĩnh,11546,Xã Đồng Tiến
37,Tỉnh Hà Tĩnh,293,Thành Phố Hà Tĩnh,1507621,Xã Thạch Khê,26,Tỉnh Hà Tĩnh,11802,Xã Thạch Khê
37,Tỉnh Hà Tĩnh,293,Thành Phố Hà Tĩnh,1573157,Xã Thạch Lạc,26,Tỉnh Hà Tĩnh,11290,Xã Thạch Lạc
37,Tỉnh Hà Tĩnh,293,Thành Phố Hà Tĩnh,1638693,Xã Thạch Thắng,26,Tỉnh Hà Tĩnh,11290,Xã Thạch Lạc
37,Tỉnh Hà Tĩnh,293,Thành Phố Hà Tĩnh,1704229,Xã Cẩm Bình,26,Tỉnh Hà Tĩnh,12058,Xã Cẩm Bình
37,Tỉnh Hà Tĩnh,293,Thành Phố Hà Tĩnh,1769765,Xã Cẩm Vịnh,26,Tỉnh Hà Tĩnh,12058,Xã Cẩm Bình
37,Tỉnh Hà Tĩnh,293,Thành Phố Hà Tĩnh,1835301,Xã Tân Lâm Hương,26,Tỉnh Hà Tĩnh,2330,Phường Hà Huy Tập
37,Tỉnh Hà Tĩnh,293,Thành Phố Hà Tĩnh,1900837,Xã Đỉnh Bàn,26,Tỉnh Hà Tĩnh,11802,Xã Thạch Khê
37,Tỉnh Hà Tĩnh,549,Thị Xã Hồng Lĩnh,66085,Phường Bắc Hồng,26,Tỉnh Hà Tĩnh,13850,Phường Bắc Hồng Lĩnh
37,Tỉnh Hà Tĩnh,549,Thị Xã Hồng Lĩnh,131621,Phường Đậu Liêu,26,Tỉnh Hà Tĩnh,14106,Phường Nam Hồng Lĩnh
37,Tỉnh Hà Tĩnh,549,Thị Xã Hồng Lĩnh,197157,Phường Đức Thuận,26,Tỉnh Hà Tĩnh,13850,Phường Bắc Hồng Lĩnh
37,Tỉnh Hà Tĩnh,549,Thị Xã Hồng Lĩnh,262693,Phường Nam Hồng,26,Tỉnh Hà Tĩnh,14106,Phường Nam Hồng Lĩnh
37,Tỉnh Hà Tĩnh,549,Thị Xã Hồng Lĩnh,328229,Phường Trung Lương,26,Tỉnh Hà Tĩnh,13850,Phường Bắc Hồng Lĩnh
37,Tỉnh Hà Tĩnh,549,Thị Xã Hồng Lĩnh,393765,Xã Thuận Lộc,26,Tỉnh Hà Tĩnh,14106,Phường Nam Hồng Lĩnh
37,Tỉnh Hà Tĩnh,805,Thị Xã Kỳ Anh,66341,Xã Kỳ Hà,26,Tỉnh Hà Tĩnh,7706,Phường Hải Ninh
37,Tỉnh Hà Tĩnh,805,Thị Xã Kỳ Anh,131877,Xã Kỳ Hoa,26,Tỉnh Hà Tĩnh,8218,Xã Kỳ Hoa
37,Tỉnh Hà Tĩnh,805,Thị Xã Kỳ Anh,197413,Phường Kỳ Liên,26,Tỉnh Hà Tĩnh,794,Phường Hoành Sơn
37,Tỉnh Hà Tĩnh,805,Thị Xã Kỳ Anh,262949,Xã Kỳ Lợi,26,Tỉnh Hà Tĩnh,794,Phường Hoành Sơn
37,Tỉnh Hà Tĩnh,805,Thị Xã Kỳ Anh,262949,Xã Kỳ Lợi,26,Tỉnh Hà Tĩnh,1818,Phường Vũng Áng
37,Tỉnh Hà Tĩnh,805,Thị Xã Kỳ Anh,262949,Xã Kỳ Lợi,26,Tỉnh Hà Tĩnh,2074,Phường Sông Trí
37,Tỉnh Hà Tĩnh,805,Thị Xã Kỳ Anh,328485,Phường Kỳ Ninh,26,Tỉnh Hà Tĩnh,7706,Phường Hải Ninh
37,Tỉnh Hà Tĩnh,805,Thị Xã Kỳ Anh,394021,Phường Kỳ Phương,26,Tỉnh Hà Tĩnh,794,Phường Hoành Sơn
37,Tỉnh Hà Tĩnh,805,Thị Xã Kỳ Anh,459557,Phường Kỳ Long,26,Tỉnh Hà Tĩnh,1818,Phường Vũng Áng
37,Tỉnh Hà Tĩnh,805,Thị Xã Kỳ Anh,525093,Phường Kỳ Nam,26,Tỉnh Hà Tĩnh,794,Phường Hoành Sơn
37,Tỉnh Hà Tĩnh,805,Thị Xã Kỳ Anh,590629,Phường Kỳ Thịnh,26,Tỉnh Hà Tĩnh,1818,Phường Vũng Áng
37,Tỉnh Hà Tĩnh,805,Thị Xã Kỳ Anh,656165,Phường Kỳ Trinh,26,Tỉnh Hà Tĩnh,2074,Phường Sông Trí
37,Tỉnh Hà Tĩnh,805,Thị Xã Kỳ Anh,721701,Phường Hưng Trí,26,Tỉnh Hà Tĩnh,2074,Phường Sông Trí
37,Tỉnh Hà Tĩnh,1061,Huyện Cẩm Xuyên,66597,Thị Trấn Thiên Cầm,26,Tỉnh Hà Tĩnh,282,Xã Thiên Cầm
37,Tỉnh Hà Tĩnh,1061,Huyện Cẩm Xuyên,132133,Thị Trấn Cẩm Xuyên,26,Tỉnh Hà Tĩnh,9498,Xã Cẩm Xuyên
37,Tỉnh Hà Tĩnh,1061,Huyện Cẩm Xuyên,197669,Xã Cẩm Dương,26,Tỉnh Hà Tĩnh,10778,Xã Yên Hòa
37,Tỉnh Hà Tĩnh,1061,Huyện Cẩm Xuyên,328741,Xã Cẩm Duệ,26,Tỉnh Hà Tĩnh,9754,Xã Cẩm Duệ
37,Tỉnh Hà Tĩnh,1061,Huyện Cẩm Xuyên,394277,Xã Cẩm Hà,26,Tỉnh Hà Tĩnh,10010,Xã Cẩm Hưng
37,Tỉnh Hà Tĩnh,1061,Huyện Cẩm Xuyên,459813,Xã Cẩm Hưng,26,Tỉnh Hà Tĩnh,10010,Xã Cẩm Hưng
37,Tỉnh Hà Tĩnh,1061,Huyện Cẩm Xuyên,525349,Xã Cẩm Lĩnh,26,Tỉnh Hà Tĩnh,10522,Xã Cẩm Trung
37,Tỉnh Hà Tĩnh,1061,Huyện Cẩm Xuyên,590885,Xã Cẩm Lộc,26,Tỉnh Hà Tĩnh,10522,Xã Cẩm Trung
37,Tỉnh Hà Tĩnh,1061,Huyện Cẩm Xuyên,656421,Xã Cẩm Lạc,26,Tỉnh Hà Tĩnh,10266,Xã Cẩm Lạc
37,Tỉnh Hà Tĩnh,1061,Huyện Cẩm Xuyên,721957,Xã Cẩm Mỹ,26,Tỉnh Hà Tĩnh,9754,Xã Cẩm Duệ
37,Tỉnh Hà Tĩnh,1061,Huyện Cẩm Xuyên,787493,Xã Cẩm Nhượng,26,Tỉnh Hà Tĩnh,282,Xã Thiên Cầm
37,Tỉnh Hà Tĩnh,1061,Huyện Cẩm Xuyên,853029,Xã Cẩm Quan,26,Tỉnh Hà Tĩnh,9498,Xã Cẩm Xuyên
37,Tỉnh Hà Tĩnh,1061,Huyện Cẩm Xuyên,918565,Xã Cẩm Quang,26,Tỉnh Hà Tĩnh,9498,Xã Cẩm Xuyên
37,Tỉnh Hà Tĩnh,1061,Huyện Cẩm Xuyên,984101,Xã Cẩm Sơn,26,Tỉnh Hà Tĩnh,10266,Xã Cẩm Lạc
37,Tỉnh Hà Tĩnh,1061,Huyện Cẩm Xuyên,1049637,Xã Cẩm Thạch,26,Tỉnh Hà Tĩnh,9754,Xã Cẩm Duệ
37,Tỉnh Hà Tĩnh,1061,Huyện Cẩm Xuyên,1115173,Xã Cẩm Thành,26,Tỉnh Hà Tĩnh,12058,Xã Cẩm Bình
37,Tỉnh Hà Tĩnh,1061,Huyện Cẩm Xuyên,1180709,Xã Cẩm Thịnh,26,Tỉnh Hà Tĩnh,10010,Xã Cẩm Hưng
37,Tỉnh Hà Tĩnh,1061,Huyện Cẩm Xuyên,1246245,Xã Cẩm Trung,26,Tỉnh Hà Tĩnh,10522,Xã Cẩm Trung
37,Tỉnh Hà Tĩnh,1061,Huyện Cẩm Xuyên,1377317,Xã Cẩm Minh,26,Tỉnh Hà Tĩnh,10266,Xã Cẩm Lạc
37,Tỉnh Hà Tĩnh,1061,Huyện Cẩm Xuyên,1442853,Xã Nam Phúc Thăng,26,Tỉnh Hà Tĩnh,282,Xã Thiên Cầm
37,Tỉnh Hà Tĩnh,1061,Huyện Cẩm Xuyên,1508389,Xã Yên Hòa,26,Tỉnh Hà Tĩnh,10778,Xã Yên Hòa
37,Tỉnh Hà Tĩnh,1317,Huyện Can Lộc,66853,Thị Trấn Nghèn,26,Tỉnh Hà Tĩnh,13594,Xã Can Lộc
37,Tỉnh Hà Tĩnh,1317,Huyện Can Lộc,132389,Xã Gia Hanh,26,Tỉnh Hà Tĩnh,16154,Xã Gia Hanh
37,Tỉnh Hà Tĩnh,1317,Huyện Can Lộc,197925,Xã Mỹ Lộc,26,Tỉnh Hà Tĩnh,17690,Xã Đồng Lộc
37,Tỉnh Hà Tĩnh,1317,Huyện Can Lộc,263461,Xã Phú Lộc,26,Tỉnh Hà Tĩnh,16410,Xã Trường Lưu
37,Tỉnh Hà Tĩnh,1317,Huyện Can Lộc,328997,Xã Quang Lộc,26,Tỉnh Hà Tĩnh,13338,Xã Xuân Lộc
37,Tỉnh Hà Tĩnh,1317,Huyện Can Lộc,394533,Xã Sơn Lộc,26,Tỉnh Hà Tĩnh,13338,Xã Xuân Lộc
37,Tỉnh Hà Tĩnh,1317,Huyện Can Lộc,460069,Xã Thanh Lộc,26,Tỉnh Hà Tĩnh,16154,Xã Gia Hanh
37,Tỉnh Hà Tĩnh,1317,Huyện Can Lộc,525605,Xã Thiên Lộc,26,Tỉnh Hà Tĩnh,13594,Xã Can Lộc
37,Tỉnh Hà Tĩnh,1317,Huyện Can Lộc,591141,Xã Thuần Thiện,26,Tỉnh Hà Tĩnh,17434,Xã Tùng Lộc
37,Tỉnh Hà Tĩnh,1317,Huyện Can Lộc,656677,Xã Thượng Lộc,26,Tỉnh Hà Tĩnh,17690,Xã Đồng Lộc
37,Tỉnh Hà Tĩnh,1317,Huyện Can Lộc,722213,Xã Thường Nga,26,Tỉnh Hà Tĩnh,16410,Xã Trường Lưu
37,Tỉnh Hà Tĩnh,1317,Huyện Can Lộc,853285,Xã Tùng Lộc,26,Tỉnh Hà Tĩnh,17434,Xã Tùng Lộc
37,Tỉnh Hà Tĩnh,1317,Huyện Can Lộc,918821,Xã Vượng Lộc,26,Tỉnh Hà Tĩnh,13594,Xã Can Lộc
37,Tỉnh Hà Tĩnh,1317,Huyện Can Lộc,984357,Xã Xuân Lộc,26,Tỉnh Hà Tĩnh,13338,Xã Xuân Lộc
37,Tỉnh Hà Tĩnh,1317,Huyện Can Lộc,1049893,Thị Trấn Đồng Lộc,26,Tỉnh Hà Tĩnh,17690,Xã Đồng Lộc
37,Tỉnh Hà Tĩnh,1317,Huyện Can Lộc,1115429,Xã Kim Song Trường,26,Tỉnh Hà Tĩnh,16410,Xã Trường Lưu
37,Tỉnh Hà Tĩnh,1317,Huyện Can Lộc,1180965,Xã Khánh Vĩnh Yên,26,Tỉnh Hà Tĩnh,16154,Xã Gia Hanh
37,Tỉnh Hà Tĩnh,1573,Huyện Hương Khê,67109,Xã Phúc Đồng,26,Tỉnh Hà Tĩnh,5914,Xã Hương Bình
37,Tỉnh Hà Tĩnh,1573,Huyện Hương Khê,198181,Xã Phúc Trạch,26,Tỉnh Hà Tĩnh,6426,Xã Phúc Trạch
37,Tỉnh Hà Tĩnh,1573,Huyện Hương Khê,263717,Xã Hương Bình,26,Tỉnh Hà Tĩnh,5914,Xã Hương Bình
37,Tỉnh Hà Tĩnh,1573,Huyện Hương Khê,329253,Xã Hương Lâm,26,Tỉnh Hà Tĩnh,6170,Xã Hương Xuân
37,Tỉnh Hà Tĩnh,1573,Huyện Hương Khê,394789,Xã Hương Xuân,26,Tỉnh Hà Tĩnh,6170,Xã Hương Xuân
37,Tỉnh Hà Tĩnh,1573,Huyện Hương Khê,460325,Thị Trấn Hương Khê,26,Tỉnh Hà Tĩnh,15898,Xã Hương Khê
37,Tỉnh Hà Tĩnh,1573,Huyện Hương Khê,525861,Xã Gia Phố,26,Tỉnh Hà Tĩnh,7194,Xã Hương Phố
37,Tỉnh Hà Tĩnh,1573,Huyện Hương Khê,591397,Xã Hà Linh,26,Tỉnh Hà Tĩnh,6682,Xã Hà Linh
37,Tỉnh Hà Tĩnh,1573,Huyện Hương Khê,656933,Xã Hòa Hải,26,Tỉnh Hà Tĩnh,5914,Xã Hương Bình
37,Tỉnh Hà Tĩnh,1573,Huyện Hương Khê,722469,Xã Hương Đô,26,Tỉnh Hà Tĩnh,6938,Xã Hương Đô
37,Tỉnh Hà Tĩnh,1573,Huyện Hương Khê,788005,Xã Hương Giang,26,Tỉnh Hà Tĩnh,7194,Xã Hương Phố
37,Tỉnh Hà Tĩnh,1573,Huyện Hương Khê,853541,Xã Hương Liên,26,Tỉnh Hà Tĩnh,6426,Xã Phúc Trạch
37,Tỉnh Hà Tĩnh,1573,Huyện Hương Khê,919077,Xã Hương Long,26,Tỉnh Hà Tĩnh,15898,Xã Hương Khê
37,Tỉnh Hà Tĩnh,1573,Huyện Hương Khê,984613,Xã Hương Thủy,26,Tỉnh Hà Tĩnh,7194,Xã Hương Phố
37,Tỉnh Hà Tĩnh,1573,Huyện Hương Khê,1050149,Xã Hương Trà,26,Tỉnh Hà Tĩnh,6938,Xã Hương Đô
37,Tỉnh Hà Tĩnh,1573,Huyện Hương Khê,1115685,Xã Hương Trạch,26,Tỉnh Hà Tĩnh,6426,Xã Phúc Trạch
37,Tỉnh Hà Tĩnh,1573,Huyện Hương Khê,1181221,Xã Hương Vĩnh,26,Tỉnh Hà Tĩnh,6170,Xã Hương Xuân
37,Tỉnh Hà Tĩnh,1573,Huyện Hương Khê,1246757,Xã Lộc Yên,26,Tỉnh Hà Tĩnh,6938,Xã Hương Đô
37,Tỉnh Hà Tĩnh,1573,Huyện Hương Khê,1312293,Xã Phú Gia,26,Tỉnh Hà Tĩnh,15898,Xã Hương Khê
37,Tỉnh Hà Tĩnh,1573,Huyện Hương Khê,1377829,Xã Điền Mỹ,26,Tỉnh Hà Tĩnh,6682,Xã Hà Linh
37,Tỉnh Hà Tĩnh,1829,Huyện Hương Sơn,67365,Xã Sơn Tiến,26,Tỉnh Hà Tĩnh,3610,Xã Sơn Tiến
37,Tỉnh Hà Tĩnh,1829,Huyện Hương Sơn,132901,Thị Trấn Tây Sơn,26,Tỉnh Hà Tĩnh,3098,Xã Sơn Tây
37,Tỉnh Hà Tĩnh,1829,Huyện Hương Sơn,198437,Xã Sơn Bằng,26,Tỉnh Hà Tĩnh,3866,Xã Hương Sơn
37,Tỉnh Hà Tĩnh,1829,Huyện Hương Sơn,263973,Xã Sơn Trung,26,Tỉnh Hà Tĩnh,3866,Xã Hương Sơn
37,Tỉnh Hà Tĩnh,1829,Huyện Hương Sơn,329509,Xã Hàm Trường,26,Tỉnh Hà Tĩnh,4634,Xã Kim Hoa
37,Tỉnh Hà Tĩnh,1829,Huyện Hương Sơn,395045,Xã Sơn Ninh,26,Tỉnh Hà Tĩnh,3866,Xã Hương Sơn
37,Tỉnh Hà Tĩnh,1829,Huyện Hương Sơn,460581,Xã Sơn Phú,26,Tỉnh Hà Tĩnh,3866,Xã Hương Sơn
37,Tỉnh Hà Tĩnh,1829,Huyện Hương Sơn,526117,Xã Sơn Tây,26,Tỉnh Hà Tĩnh,3098,Xã Sơn Tây
37,Tỉnh Hà Tĩnh,1829,Huyện Hương Sơn,657189,Thị Trấn Phố Châu,26,Tỉnh Hà Tĩnh,3866,Xã Hương Sơn
37,Tỉnh Hà Tĩnh,1829,Huyện Hương Sơn,722725,Xã Châu Bình,26,Tỉnh Hà Tĩnh,4122,Xã Tứ Mỹ
37,Tỉnh Hà Tĩnh,1829,Huyện Hương Sơn,919333,Xã Sơn Hồng,26,Tỉnh Hà Tĩnh,2842,Xã Sơn Hồng
37,Tỉnh Hà Tĩnh,1829,Huyện Hương Sơn,984869,Xã Sơn Kim 1,26,Tỉnh Hà Tĩnh,1050,Xã Sơn Kim 1
37,Tỉnh Hà Tĩnh,1829,Huyện Hương Sơn,1050405,Xã Sơn Kim 2,26,Tỉnh Hà Tĩnh,1306,Xã Sơn Kim 2
37,Tỉnh Hà Tĩnh,1829,Huyện Hương Sơn,1115941,Xã Sơn Lâm,26,Tỉnh Hà Tĩnh,3354,Xã Sơn Giang
37,Tỉnh Hà Tĩnh,1829,Huyện Hương Sơn,1181477,Xã Sơn Lễ,26,Tỉnh Hà Tĩnh,3610,Xã Sơn Tiến
37,Tỉnh Hà Tĩnh,1829,Huyện Hương Sơn,1247013,Xã Sơn Lĩnh,26,Tỉnh Hà Tĩnh,2842,Xã Sơn Hồng
37,Tỉnh Hà Tĩnh,1829,Huyện Hương Sơn,1312549,Xã Mỹ Long,26,Tỉnh Hà Tĩnh,4122,Xã Tứ Mỹ
37,Tỉnh Hà Tĩnh,1829,Huyện Hương Sơn,1378085,Xã Sơn Giang,26,Tỉnh Hà Tĩnh,3354,Xã Sơn Giang
37,Tỉnh Hà Tĩnh,1829,Huyện Hương Sơn,1443621,Xã Tân Mỹ Hà,26,Tỉnh Hà Tĩnh,4122,Xã Tứ Mỹ
37,Tỉnh Hà Tĩnh,1829,Huyện Hương Sơn,1509157,Xã An Hòa Thịnh,26,Tỉnh Hà Tĩnh,3610,Xã Sơn Tiến
37,Tỉnh Hà Tĩnh,1829,Huyện Hương Sơn,1574693,Xã Kim Hoa,26,Tỉnh Hà Tĩnh,4634,Xã Kim Hoa
37,Tỉnh Hà Tĩnh,1829,Huyện Hương Sơn,1640229,Xã Quang Diệm,26,Tỉnh Hà Tĩnh,3354,Xã Sơn Giang
37,Tỉnh Hà Tĩnh,2341,Huyện Nghi Xuân,67877,Xã Xuân Hội,26,Tỉnh Hà Tĩnh,1562,Xã Đan Hải
37,Tỉnh Hà Tĩnh,2341,Huyện Nghi Xuân,133413,Xã Xuân Hồng,26,Tỉnh Hà Tĩnh,14618,Xã Nghi Xuân
37,Tỉnh Hà Tĩnh,2341,Huyện Nghi Xuân,198949,Thị Trấn Xuân An,26,Tỉnh Hà Tĩnh,14618,Xã Nghi Xuân
37,Tỉnh Hà Tĩnh,2341,Huyện Nghi Xuân,264485,Xã Cỗ Đạm,26,Tỉnh Hà Tĩnh,14874,Xã Cổ Đạm
37,Tỉnh Hà Tĩnh,2341,Huyện Nghi Xuân,330021,Xã Cương Gián,26,Tỉnh Hà Tĩnh,14874,Xã Cổ Đạm
37,Tỉnh Hà Tĩnh,2341,Huyện Nghi Xuân,395557,Xã Xuân Giang,26,Tỉnh Hà Tĩnh,14618,Xã Nghi Xuân
37,Tỉnh Hà Tĩnh,2341,Huyện Nghi Xuân,461093,Xã Xuân Hải,26,Tỉnh Hà Tĩnh,1562,Xã Đan Hải
37,Tỉnh Hà Tĩnh,2341,Huyện Nghi Xuân,526629,Xã Xuân Phổ,26,Tỉnh Hà Tĩnh,1562,Xã Đan Hải
37,Tỉnh Hà Tĩnh,2341,Huyện Nghi Xuân,592165,Xã Xuân Thành,26,Tỉnh Hà Tĩnh,15130,Xã Tiên Điền
37,Tỉnh Hà Tĩnh,2341,Huyện Nghi Xuân,657701,Xã Xuân Viên,26,Tỉnh Hà Tĩnh,14618,Xã Nghi Xuân
37,Tỉnh Hà Tĩnh,2341,Huyện Nghi Xuân,723237,Xã Xuân Lam,26,Tỉnh Hà Tĩnh,13850,Phường Bắc Hồng Lĩnh
37,Tỉnh Hà Tĩnh,2341,Huyện Nghi Xuân,788773,Xã Xuân Liên,26,Tỉnh Hà Tĩnh,14874,Xã Cổ Đạm
37,Tỉnh Hà Tĩnh,2341,Huyện Nghi Xuân,854309,Xã Xuân Lĩnh,26,Tỉnh Hà Tĩnh,14618,Xã Nghi Xuân
37,Tỉnh Hà Tĩnh,2341,Huyện Nghi Xuân,919845,Xã Xuân Mỹ,26,Tỉnh Hà Tĩnh,15130,Xã Tiên Điền
37,Tỉnh Hà Tĩnh,2341,Huyện Nghi Xuân,985381,Xã Xuân Yên,26,Tỉnh Hà Tĩnh,15130,Xã Tiên Điền
37,Tỉnh Hà Tĩnh,2341,Huyện Nghi Xuân,1050917,Thị Trấn Tiên Điền,26,Tỉnh Hà Tĩnh,15130,Xã Tiên Điền
37,Tỉnh Hà Tĩnh,2341,Huyện Nghi Xuân,1116453,Xã Đan Trường,26,Tỉnh Hà Tĩnh,1562,Xã Đan Hải
37,Tỉnh Hà Tĩnh,2597,Huyện Đức Thọ,68133,Thị Trấn Đức Thọ,26,Tỉnh Hà Tĩnh,15386,Xã Đức Thọ
37,Tỉnh Hà Tĩnh,2597,Huyện Đức Thọ,133669,Xã Đức Lạng,26,Tỉnh Hà Tĩnh,5658,Xã Đức Đồng
37,Tỉnh Hà Tĩnh,2597,Huyện Đức Thọ,199205,Xã Liên Minh,26,Tỉnh Hà Tĩnh,4378,Xã Đức Minh
37,Tỉnh Hà Tĩnh,2597,Huyện Đức Thọ,264741,Xã Tân Hương,26,Tỉnh Hà Tĩnh,5658,Xã Đức Đồng
37,Tỉnh Hà Tĩnh,2597,Huyện Đức Thọ,330277,Xã Trường Sơn,26,Tỉnh Hà Tĩnh,4378,Xã Đức Minh
37,Tỉnh Hà Tĩnh,2597,Huyện Đức Thọ,395813,Xã Tùng Ảnh,26,Tỉnh Hà Tĩnh,15386,Xã Đức Thọ
37,Tỉnh Hà Tĩnh,2597,Huyện Đức Thọ,461349,Xã Yên Hồ,26,Tỉnh Hà Tĩnh,15642,Xã Đức Quang
37,Tỉnh Hà Tĩnh,2597,Huyện Đức Thọ,526885,Xã Đức Đồng,26,Tỉnh Hà Tĩnh,5658,Xã Đức Đồng
37,Tỉnh Hà Tĩnh,2597,Huyện Đức Thọ,592421,Xã Bùi La Nhân,26,Tỉnh Hà Tĩnh,15642,Xã Đức Quang
37,Tỉnh Hà Tĩnh,2597,Huyện Đức Thọ,657957,Xã Lâm Trung Thủy,26,Tỉnh Hà Tĩnh,14362,Xã Đức Thịnh
37,Tỉnh Hà Tĩnh,2597,Huyện Đức Thọ,723493,Xã Thanh Bình Thịnh,26,Tỉnh Hà Tĩnh,14362,Xã Đức Thịnh
37,Tỉnh Hà Tĩnh,2597,Huyện Đức Thọ,789029,Xã Tùng Châu,26,Tỉnh Hà Tĩnh,4378,Xã Đức Minh
37,Tỉnh Hà Tĩnh,2597,Huyện Đức Thọ,854565,Xã Quang Vĩnh,26,Tỉnh Hà Tĩnh,15642,Xã Đức Quang
37,Tỉnh Hà Tĩnh,2597,Huyện Đức Thọ,920101,Xã An Dũng,26,Tỉnh Hà Tĩnh,14362,Xã Đức Thịnh
37,Tỉnh Hà Tĩnh,2597,Huyện Đức Thọ,985637,Xã Tân Dân,26,Tỉnh Hà Tĩnh,15386,Xã Đức Thọ
37,Tỉnh Hà Tĩnh,2597,Huyện Đức Thọ,1051173,Xã Hòa Lạc,26,Tỉnh Hà Tĩnh,15386,Xã Đức Thọ
37,Tỉnh Hà Tĩnh,2853,Huyện Thạch Hà,264997,Xã Thạch Xuân,26,Tỉnh Hà Tĩnh,13082,Xã Thạch Xuân
37,Tỉnh Hà Tĩnh,2853,Huyện Thạch Hà,396069,Xã Ngọc Sơn,26,Tỉnh Hà Tĩnh,7450,Xã Toàn Lưu
37,Tỉnh Hà Tĩnh,2853,Huyện Thạch Hà,527141,Thị Trấn Thạch Hà,26,Tỉnh Hà Tĩnh,12314,Xã Thạch Hà
37,Tỉnh Hà Tĩnh,2853,Huyện Thạch Hà,658213,Xã Thạch Kênh,26,Tỉnh Hà Tĩnh,12826,Xã Đông Kinh
37,Tỉnh Hà Tĩnh,2853,Huyện Thạch Hà,854821,Xã Thạch Sơn,26,Tỉnh Hà Tĩnh,12314,Xã Thạch Hà
37,Tỉnh Hà Tĩnh,2853,Huyện Thạch Hà,920357,Xã Thạch Liên,26,Tỉnh Hà Tĩnh,12826,Xã Đông Kinh
37,Tỉnh Hà Tĩnh,2853,Huyện Thạch Hà,985893,Xã Thạch Long,26,Tỉnh Hà Tĩnh,12314,Xã Thạch Hà
37,Tỉnh Hà Tĩnh,2853,Huyện Thạch Hà,1051429,Xã Thạch Ngọc,26,Tỉnh Hà Tĩnh,12570,Xã Việt Xuyên
37,Tỉnh Hà Tĩnh,2853,Huyện Thạch Hà,1248037,Xã Việt Tiến,26,Tỉnh Hà Tĩnh,12570,Xã Việt Xuyên
37,Tỉnh Hà Tĩnh,2853,Huyện Thạch Hà,1313573,Xã Lưu Vĩnh Sơn,26,Tỉnh Hà Tĩnh,7450,Xã Toàn Lưu
37,Tỉnh Hà Tĩnh,2853,Huyện Thạch Hà,1379109,Xã Nam Điền,26,Tỉnh Hà Tĩnh,13082,Xã Thạch Xuân
37,Tỉnh Hà Tĩnh,2853,Huyện Thạch Hà,1510181,Xã Thạch Kim,26,Tỉnh Hà Tĩnh,16922,Xã Lộc Hà
37,Tỉnh Hà Tĩnh,2853,Huyện Thạch Hà,1575717,Xã Thạch Mỹ,26,Tỉnh Hà Tĩnh,17178,Xã Mai Phụ
37,Tỉnh Hà Tĩnh,2853,Huyện Thạch Hà,1641253,Xã Hồng Lộc,26,Tỉnh Hà Tĩnh,16666,Xã Hồng Lộc
37,Tỉnh Hà Tĩnh,2853,Huyện Thạch Hà,1706789,Xã Ích Hậu,26,Tỉnh Hà Tĩnh,12826,Xã Đông Kinh
37,Tỉnh Hà Tĩnh,2853,Huyện Thạch Hà,1772325,Xã Mai Phụ,26,Tỉnh Hà Tĩnh,17178,Xã Mai Phụ
37,Tỉnh Hà Tĩnh,2853,Huyện Thạch Hà,1837861,Xã Phù Lưu,26,Tỉnh Hà Tĩnh,17178,Xã Mai Phụ
37,Tỉnh Hà Tĩnh,2853,Huyện Thạch Hà,1903397,Xã Tân Lộc,26,Tỉnh Hà Tĩnh,16666,Xã Hồng Lộc
37,Tỉnh Hà Tĩnh,2853,Huyện Thạch Hà,1968933,Xã Thạch Châu,26,Tỉnh Hà Tĩnh,17178,Xã Mai Phụ
37,Tỉnh Hà Tĩnh,2853,Huyện Thạch Hà,2034469,Xã Thịnh Lộc,26,Tỉnh Hà Tĩnh,16922,Xã Lộc Hà
37,Tỉnh Hà Tĩnh,2853,Huyện Thạch Hà,2100005,Xã Bình An,26,Tỉnh Hà Tĩnh,16922,Xã Lộc Hà
37,Tỉnh Hà Tĩnh,2853,Huyện Thạch Hà,2165541,Thị Trấn Lộc Hà,26,Tỉnh Hà Tĩnh,16922,Xã Lộc Hà
37,Tỉnh Hà Tĩnh,3109,Huyện Vũ Quang,68645,Xã Hương Minh,26,Tỉnh Hà Tĩnh,4890,Xã Vũ Quang
37,Tỉnh Hà Tĩnh,3109,Huyện Vũ Quang,134181,Thị Trấn Vũ Quang,26,Tỉnh Hà Tĩnh,4890,Xã Vũ Quang
37,Tỉnh Hà Tĩnh,3109,Huyện Vũ Quang,199717,Xã Đức Bồng,26,Tỉnh Hà Tĩnh,5402,Xã Thượng Đức
37,Tỉnh Hà Tĩnh,3109,Huyện Vũ Quang,265253,Xã Ân Phú,26,Tỉnh Hà Tĩnh,5146,Xã Mai Hoa
37,Tỉnh Hà Tĩnh,3109,Huyện Vũ Quang,330789,Xã Đức Giang,26,Tỉnh Hà Tĩnh,5146,Xã Mai Hoa
37,Tỉnh Hà Tĩnh,3109,Huyện Vũ Quang,396325,Xã Đức Hương,26,Tỉnh Hà Tĩnh,5402,Xã Thượng Đức
37,Tỉnh Hà Tĩnh,3109,Huyện Vũ Quang,461861,Xã Đức Liên,26,Tỉnh Hà Tĩnh,5402,Xã Thượng Đức
37,Tỉnh Hà Tĩnh,3109,Huyện Vũ Quang,527397,Xã Đức Lĩnh,26,Tỉnh Hà Tĩnh,5146,Xã Mai Hoa
37,Tỉnh Hà Tĩnh,3109,Huyện Vũ Quang,592933,Xã Quang Thọ,26,Tỉnh Hà Tĩnh,4890,Xã Vũ Quang
37,Tỉnh Hà Tĩnh,3109,Huyện Vũ Quang,658469,Xã Thọ Điền,26,Tỉnh Hà Tĩnh,4890,Xã Vũ Quang
37,Tỉnh Hà Tĩnh,3365,Huyện Kỳ Anh,68901,Xã Kỳ Bắc,26,Tỉnh Hà Tĩnh,538,Xã Kỳ Xuân
37,Tỉnh Hà Tĩnh,3365,Huyện Kỳ Anh,134437,Xã Kỳ Châu,26,Tỉnh Hà Tĩnh,2074,Phường Sông Trí
37,Tỉnh Hà Tĩnh,3365,Huyện Kỳ Anh,199973,Thị Trấn Kỳ Đồng,26,Tỉnh Hà Tĩnh,7962,Xã Kỳ Anh
37,Tỉnh Hà Tĩnh,3365,Huyện Kỳ Anh,265509,Xã Kỳ Lạc,26,Tỉnh Hà Tĩnh,8986,Xã Kỳ Lạc
37,Tỉnh Hà Tĩnh,3365,Huyện Kỳ Anh,331045,Xã Kỳ Giang,26,Tỉnh Hà Tĩnh,7962,Xã Kỳ Anh
37,Tỉnh Hà Tĩnh,3365,Huyện Kỳ Anh,396581,Xã Kỳ Hải,26,Tỉnh Hà Tĩnh,7706,Phường Hải Ninh
37,Tỉnh Hà Tĩnh,3365,Huyện Kỳ Anh,462117,Xã Kỳ Khang,26,Tỉnh Hà Tĩnh,8730,Xã Kỳ Khang
37,Tỉnh Hà Tĩnh,3365,Huyện Kỳ Anh,527653,Xã Kỳ Phong,26,Tỉnh Hà Tĩnh,538,Xã Kỳ Xuân
37,Tỉnh Hà Tĩnh,3365,Huyện Kỳ Anh,593189,Xã Kỳ Phú,26,Tỉnh Hà Tĩnh,7962,Xã Kỳ Anh
37,Tỉnh Hà Tĩnh,3365,Huyện Kỳ Anh,658725,Xã Kỳ Sơn,26,Tỉnh Hà Tĩnh,9242,Xã Kỳ Thượng
37,Tỉnh Hà Tĩnh,3365,Huyện Kỳ Anh,724261,Xã Kỳ Tân,26,Tỉnh Hà Tĩnh,8218,Xã Kỳ Hoa
37,Tỉnh Hà Tĩnh,3365,Huyện Kỳ Anh,789797,Xã Kỳ Tây,26,Tỉnh Hà Tĩnh,8474,Xã Kỳ Văn
37,Tỉnh Hà Tĩnh,3365,Huyện Kỳ Anh,855333,Xã Kỳ Thọ,26,Tỉnh Hà Tĩnh,8730,Xã Kỳ Khang
37,Tỉnh Hà Tĩnh,3365,Huyện Kỳ Anh,920869,Xã Kỳ Thư,26,Tỉnh Hà Tĩnh,8730,Xã Kỳ Khang
37,Tỉnh Hà Tĩnh,3365,Huyện Kỳ Anh,986405,Xã Kỳ Thượng,26,Tỉnh Hà Tĩnh,9242,Xã Kỳ Thượng
37,Tỉnh Hà Tĩnh,3365,Huyện Kỳ Anh,1051941,Xã Kỳ Tiến,26,Tỉnh Hà Tĩnh,7962,Xã Kỳ Anh
37,Tỉnh Hà Tĩnh,3365,Huyện Kỳ Anh,1117477,Xã Kỳ Trung,26,Tỉnh Hà Tĩnh,8474,Xã Kỳ Văn
37,Tỉnh Hà Tĩnh,3365,Huyện Kỳ Anh,1183013,Xã Kỳ Văn,26,Tỉnh Hà Tĩnh,8474,Xã Kỳ Văn
37,Tỉnh Hà Tĩnh,3365,Huyện Kỳ Anh,1248549,Xã Kỳ Xuân,26,Tỉnh Hà Tĩnh,538,Xã Kỳ Xuân
37,Tỉnh Hà Tĩnh,3365,Huyện Kỳ Anh,1314085,Xã Lâm Hợp,26,Tỉnh Hà Tĩnh,8986,Xã Kỳ Lạc
38,Tỉnh Hải Dương,294,Thành Phố Hải Dương,65830,Phường Tân Hưng,14,Thành Phố Hải Phòng,1038,Phường Tân Hưng
38,Tỉnh Hải Dương,294,Thành Phố Hải Dương,131366,Phường Cẩm Thượng,14,Thành Phố Hải Phòng,18190,Phường Thành Đông
38,Tỉnh Hải Dương,294,Thành Phố Hải Dương,196902,Phường Ái Quốc,14,Thành Phố Hải Phòng,1294,Phường Ái Quốc
38,Tỉnh Hải Dương,294,Thành Phố Hải Dương,262438,Xã Gia Xuyên,14,Thành Phố Hải Phòng,6414,Phường Thạch Khôi
38,Tỉnh Hải Dương,294,Thành Phố Hải Dương,327974,Xã Liên Hồng,14,Thành Phố Hải Phòng,6414,Phường Thạch Khôi
38,Tỉnh Hải Dương,294,Thành Phố Hải Dương,393510,Phường Nhị Châu,14,Thành Phố Hải Phòng,17934,Phường Hải Dương
38,Tỉnh Hải Dương,294,Thành Phố Hải Dương,524582,Phường Tân Bình,14,Thành Phố Hải Phòng,6158,Phường Lê Thanh Nghị
38,Tỉnh Hải Dương,294,Thành Phố Hải Dương,590118,Phường Thanh Bình,14,Thành Phố Hải Phòng,6158,Phường Lê Thanh Nghị
38,Tỉnh Hải Dương,294,Thành Phố Hải Dương,655654,Phường Trần Hưng Đạo,14,Thành Phố Hải Phòng,17934,Phường Hải Dương
38,Tỉnh Hải Dương,294,Thành Phố Hải Dương,721190,Phường Trần Phú,14,Thành Phố Hải Phòng,1038,Phường Tân Hưng
38,Tỉnh Hải Dương,294,Thành Phố Hải Dương,721190,Phường Trần Phú,14,Thành Phố Hải Phòng,6158,Phường Lê Thanh Nghị
38,Tỉnh Hải Dương,294,Thành Phố Hải Dương,786726,Phường Tứ Minh,14,Thành Phố Hải Phòng,27918,Phường Tứ Minh
38,Tỉnh Hải Dương,294,Thành Phố Hải Dương,852262,Phường Việt Hòa,14,Thành Phố Hải Phòng,526,Phường Việt Hòa
38,Tỉnh Hải Dương,294,Thành Phố Hải Dương,917798,Phường Thạch Khôi,14,Thành Phố Hải Phòng,6414,Phường Thạch Khôi
38,Tỉnh Hải Dương,294,Thành Phố Hải Dương,983334,Phường Nam Đồng,14,Thành Phố Hải Phòng,18446,Phường Nam Đồng
38,Tỉnh Hải Dương,294,Thành Phố Hải Dương,1048870,Phường Hải Tân,14,Thành Phố Hải Phòng,1038,Phường Tân Hưng
38,Tỉnh Hải Dương,294,Thành Phố Hải Dương,1114406,Phường Quang Trung,14,Thành Phố Hải Phòng,17934,Phường Hải Dương
38,Tỉnh Hải Dương,294,Thành Phố Hải Dương,1179942,Xã Ngọc Sơn,14,Thành Phố Hải Phòng,1038,Phường Tân Hưng
38,Tỉnh Hải Dương,294,Thành Phố Hải Dương,1245478,Phường Bình Hàn,14,Thành Phố Hải Phòng,18190,Phường Thành Đông
38,Tỉnh Hải Dương,294,Thành Phố Hải Dương,1311014,Phường Lê Thanh Nghị,14,Thành Phố Hải Phòng,6158,Phường Lê Thanh Nghị
38,Tỉnh Hải Dương,294,Thành Phố Hải Dương,1376550,Phường Ngọc Châu,14,Thành Phố Hải Phòng,17934,Phường Hải Dương
38,Tỉnh Hải Dương,294,Thành Phố Hải Dương,1442086,Phường Nguyễn Trãi,14,Thành Phố Hải Phòng,18190,Phường Thành Đông
38,Tỉnh Hải Dương,294,Thành Phố Hải Dương,1507622,Xã Quyết Thắng,14,Thành Phố Hải Phòng,1294,Phường Ái Quốc
38,Tỉnh Hải Dương,294,Thành Phố Hải Dương,1573158,Xã Tiền Tiến,14,Thành Phố Hải Phòng,18446,Phường Nam Đồng
38,Tỉnh Hải Dương,294,Thành Phố Hải Dương,1638694,Xã An Thượng,14,Thành Phố Hải Phòng,18190,Phường Thành Đông
38,Tỉnh Hải Dương,550,Thành Phố Chí Linh,66086,Phường Phả Lại,14,Thành Phố Hải Phòng,18702,Phường Chí Linh
38,Tỉnh Hải Dương,550,Thành Phố Chí Linh,131622,Phường Hoàng Tiến,14,Thành Phố Hải Phòng,8718,Phường Trần Nhân Tông
38,Tỉnh Hải Dương,550,Thành Phố Chí Linh,197158,Phường Bến Tắm,14,Thành Phố Hải Phòng,18958,Phường Nguyễn Trãi
38,Tỉnh Hải Dương,550,Thành Phố Chí Linh,262694,Phường Chí Minh,14,Thành Phố Hải Phòng,28174,Phường Chu Văn An
38,Tỉnh Hải Dương,550,Thành Phố Chí Linh,328230,Phường Cộng Hòa,14,Thành Phố Hải Phòng,8974,Phường Trần Hưng Đạo
38,Tỉnh Hải Dương,550,Thành Phố Chí Linh,328230,Phường Cộng Hòa,14,Thành Phố Hải Phòng,28174,Phường Chu Văn An
38,Tỉnh Hải Dương,550,Thành Phố Chí Linh,393766,Phường Hoàng Tân,14,Thành Phố Hải Phòng,8718,Phường Trần Nhân Tông
38,Tỉnh Hải Dương,550,Thành Phố Chí Linh,459302,Phường Sao Đỏ,14,Thành Phố Hải Phòng,28174,Phường Chu Văn An
38,Tỉnh Hải Dương,550,Thành Phố Chí Linh,524838,Phường Thái Học,14,Thành Phố Hải Phòng,28174,Phường Chu Văn An
38,Tỉnh Hải Dương,550,Thành Phố Chí Linh,590374,Phường An Lạc,14,Thành Phố Hải Phòng,19214,Phường Lê Đại Hành
38,Tỉnh Hải Dương,550,Thành Phố Chí Linh,655910,Xã Bắc An,14,Thành Phố Hải Phòng,18958,Phường Nguyễn Trãi
38,Tỉnh Hải Dương,550,Thành Phố Chí Linh,721446,Phường Cổ Thành,14,Thành Phố Hải Phòng,18702,Phường Chí Linh
38,Tỉnh Hải Dương,550,Thành Phố Chí Linh,786982,Phường Đồng Lạc,14,Thành Phố Hải Phòng,19214,Phường Lê Đại Hành
38,Tỉnh Hải Dương,550,Thành Phố Chí Linh,852518,Xã Hoàng Hoa Thám,14,Thành Phố Hải Phòng,18958,Phường Nguyễn Trãi
38,Tỉnh Hải Dương,550,Thành Phố Chí Linh,918054,Xã Hưng Đạo,14,Thành Phố Hải Phòng,8974,Phường Trần Hưng Đạo
38,Tỉnh Hải Dương,550,Thành Phố Chí Linh,983590,Xã Lê Lợi,14,Thành Phố Hải Phòng,8974,Phường Trần Hưng Đạo
38,Tỉnh Hải Dương,550,Thành Phố Chí Linh,1049126,Xã Nhân Huệ,14,Thành Phố Hải Phòng,18702,Phường Chí Linh
38,Tỉnh Hải Dương,550,Thành Phố Chí Linh,1114662,Phường Văn An,14,Thành Phố Hải Phòng,28174,Phường Chu Văn An
38,Tỉnh Hải Dương,550,Thành Phố Chí Linh,1180198,Phường Tân Dân,14,Thành Phố Hải Phòng,19214,Phường Lê Đại Hành
38,Tỉnh Hải Dương,550,Thành Phố Chí Linh,1245734,Phường Văn Đức,14,Thành Phố Hải Phòng,8718,Phường Trần Nhân Tông
38,Tỉnh Hải Dương,550,Thành Phố Chí Linh,1245734,Phường Văn Đức,14,Thành Phố Hải Phòng,28174,Phường Chu Văn An
38,Tỉnh Hải Dương,806,Thị Xã Kinh Môn,66342,Phường An Phụ,14,Thành Phố Hải Phòng,5902,Phường Trần Liễu
38,Tỉnh Hải Dương,806,Thị Xã Kinh Môn,131878,Phường Hiến Thành,14,Thành Phố Hải Phòng,19726,Phường Nguyễn Đại Năng
38,Tỉnh Hải Dương,806,Thị Xã Kinh Môn,197414,Phường An Lưu,14,Thành Phố Hải Phòng,19470,Phường Kinh Môn
38,Tỉnh Hải Dương,806,Thị Xã Kinh Môn,262950,Phường Minh Tân,14,Thành Phố Hải Phòng,20238,Phường Nhị Chiểu
38,Tỉnh Hải Dương,806,Thị Xã Kinh Môn,328486,Phường Phú Thứ,14,Thành Phố Hải Phòng,20238,Phường Nhị Chiểu
38,Tỉnh Hải Dương,806,Thị Xã Kinh Môn,394022,Phường An Sinh,14,Thành Phố Hải Phòng,19982,Phường Phạm Sư Mạnh
38,Tỉnh Hải Dương,806,Thị Xã Kinh Môn,459558,Xã Bạch Đằng,14,Thành Phố Hải Phòng,7438,Phường Bắc An Phụ
38,Tỉnh Hải Dương,806,Thị Xã Kinh Môn,525094,Phường Duy Tân,14,Thành Phố Hải Phòng,20238,Phường Nhị Chiểu
38,Tỉnh Hải Dương,806,Thị Xã Kinh Môn,590630,Phường Hiệp An,14,Thành Phố Hải Phòng,19470,Phường Kinh Môn
38,Tỉnh Hải Dương,806,Thị Xã Kinh Môn,656166,Xã Hiệp Hòa,14,Thành Phố Hải Phòng,5902,Phường Trần Liễu
38,Tỉnh Hải Dương,806,Thị Xã Kinh Môn,721702,Phường Hiệp Sơn,14,Thành Phố Hải Phòng,19982,Phường Phạm Sư Mạnh
38,Tỉnh Hải Dương,806,Thị Xã Kinh Môn,852774,Xã Lạc Long,14,Thành Phố Hải Phòng,7182,Xã Nam An Phụ
38,Tỉnh Hải Dương,806,Thị Xã Kinh Môn,918310,Xã Lê Ninh,14,Thành Phố Hải Phòng,7438,Phường Bắc An Phụ
38,Tỉnh Hải Dương,806,Thị Xã Kinh Môn,983846,Phường Long Xuyên,14,Thành Phố Hải Phòng,19470,Phường Kinh Môn
38,Tỉnh Hải Dương,806,Thị Xã Kinh Môn,1049382,Xã Minh Hòa,14,Thành Phố Hải Phòng,19726,Phường Nguyễn Đại Năng
38,Tỉnh Hải Dương,806,Thị Xã Kinh Môn,1114918,Xã Quang Thành,14,Thành Phố Hải Phòng,7182,Xã Nam An Phụ
38,Tỉnh Hải Dương,806,Thị Xã Kinh Môn,1180454,Phường Tân Dân,14,Thành Phố Hải Phòng,20238,Phường Nhị Chiểu
38,Tỉnh Hải Dương,806,Thị Xã Kinh Môn,1245990,Phường Phạm Thái,14,Thành Phố Hải Phòng,19982,Phường Phạm Sư Mạnh
38,Tỉnh Hải Dương,806,Thị Xã Kinh Môn,1311526,Phường Thái Thịnh,14,Thành Phố Hải Phòng,19726,Phường Nguyễn Đại Năng
38,Tỉnh Hải Dương,806,Thị Xã Kinh Môn,1377062,Xã Thăng Long,14,Thành Phố Hải Phòng,7182,Xã Nam An Phụ
38,Tỉnh Hải Dương,806,Thị Xã Kinh Môn,1442598,Phường Thất Hùng,14,Thành Phố Hải Phòng,7438,Phường Bắc An Phụ
38,Tỉnh Hải Dương,806,Thị Xã Kinh Môn,1508134,Xã Thượng Quận,14,Thành Phố Hải Phòng,5902,Phường Trần Liễu
38,Tỉnh Hải Dương,806,Thị Xã Kinh Môn,1508134,Xã Thượng Quận,14,Thành Phố Hải Phòng,29198,Xã Phú Thái
38,Tỉnh Hải Dương,1062,Huyện Bình Giang,66598,Xã Vĩnh Hồng,14,Thành Phố Hải Phòng,3598,Xã Bình Giang
38,Tỉnh Hải Dương,1062,Huyện Bình Giang,66598,Xã Vĩnh Hồng,14,Thành Phố Hải Phòng,28430,Xã Kẻ Sặt
38,Tỉnh Hải Dương,1062,Huyện Bình Giang,132134,Xã Tân Việt,14,Thành Phố Hải Phòng,3598,Xã Bình Giang
38,Tỉnh Hải Dương,1062,Huyện Bình Giang,197670,Xã Thái Dương,14,Thành Phố Hải Phòng,3342,Xã Thượng Hồng
38,Tỉnh Hải Dương,1062,Huyện Bình Giang,263206,Xã Thái Hòa,14,Thành Phố Hải Phòng,3342,Xã Thượng Hồng
38,Tỉnh Hải Dương,1062,Huyện Bình Giang,328742,Xã Thái Minh,14,Thành Phố Hải Phòng,3086,Xã Đường An
38,Tỉnh Hải Dương,1062,Huyện Bình Giang,394278,Xã Thúc Kháng,14,Thành Phố Hải Phòng,3086,Xã Đường An
38,Tỉnh Hải Dương,1062,Huyện Bình Giang,459814,Xã Cổ Bì,14,Thành Phố Hải Phòng,3598,Xã Bình Giang
38,Tỉnh Hải Dương,1062,Huyện Bình Giang,525350,Xã Tân Hồng,14,Thành Phố Hải Phòng,3086,Xã Đường An
38,Tỉnh Hải Dương,1062,Huyện Bình Giang,525350,Xã Tân Hồng,14,Thành Phố Hải Phòng,3342,Xã Thượng Hồng
38,Tỉnh Hải Dương,1062,Huyện Bình Giang,590886,Xã Bình Xuyên,14,Thành Phố Hải Phòng,3342,Xã Thượng Hồng
38,Tỉnh Hải Dương,1062,Huyện Bình Giang,656422,Xã Hồng Khê,14,Thành Phố Hải Phòng,3598,Xã Bình Giang
38,Tỉnh Hải Dương,1062,Huyện Bình Giang,721958,Xã Hùng Thắng,14,Thành Phố Hải Phòng,28430,Xã Kẻ Sặt
38,Tỉnh Hải Dương,1062,Huyện Bình Giang,787494,Xã Long Xuyên,14,Thành Phố Hải Phòng,3598,Xã Bình Giang
38,Tỉnh Hải Dương,1062,Huyện Bình Giang,853030,Xã Nhân Quyền,14,Thành Phố Hải Phòng,8206,Xã Nguyễn Lương Bằng
38,Tỉnh Hải Dương,1062,Huyện Bình Giang,918566,Thị Trấn Kẻ Sặt,14,Thành Phố Hải Phòng,28430,Xã Kẻ Sặt
38,Tỉnh Hải Dương,1062,Huyện Bình Giang,1049638,Xã Vĩnh Hưng,14,Thành Phố Hải Phòng,28430,Xã Kẻ Sặt
38,Tỉnh Hải Dương,1318,Huyện Cẩm Giàng,132390,Xã Tân Trường,14,Thành Phố Hải Phòng,270,Xã Mao Điền
38,Tỉnh Hải Dương,1318,Huyện Cẩm Giàng,263462,Xã Cẩm Đoài,14,Thành Phố Hải Phòng,27918,Phường Tứ Minh
38,Tỉnh Hải Dương,1318,Huyện Cẩm Giàng,328998,Xã Cẩm Đông,14,Thành Phố Hải Phòng,270,Xã Mao Điền
38,Tỉnh Hải Dương,1318,Huyện Cẩm Giàng,394534,Thị Trấn Lai Cách,14,Thành Phố Hải Phòng,526,Phường Việt Hòa
38,Tỉnh Hải Dương,1318,Huyện Cẩm Giàng,394534,Thị Trấn Lai Cách,14,Thành Phố Hải Phòng,27918,Phường Tứ Minh
38,Tỉnh Hải Dương,1318,Huyện Cẩm Giàng,460070,Xã Cẩm Hưng,14,Thành Phố Hải Phòng,782,Xã Cẩm Giàng
38,Tỉnh Hải Dương,1318,Huyện Cẩm Giàng,525606,Xã Phúc Điền,14,Thành Phố Hải Phòng,782,Xã Cẩm Giàng
38,Tỉnh Hải Dương,1318,Huyện Cẩm Giàng,591142,Xã Cẩm Văn,14,Thành Phố Hải Phòng,22286,Xã Tuệ Tĩnh
38,Tỉnh Hải Dương,1318,Huyện Cẩm Giàng,656678,Xã Cẩm Vũ,14,Thành Phố Hải Phòng,22286,Xã Tuệ Tĩnh
38,Tỉnh Hải Dương,1318,Huyện Cẩm Giàng,722214,Xã Cao An,14,Thành Phố Hải Phòng,526,Phường Việt Hòa
38,Tỉnh Hải Dương,1318,Huyện Cẩm Giàng,787750,Xã Đức Chính,14,Thành Phố Hải Phòng,22286,Xã Tuệ Tĩnh
38,Tỉnh Hải Dương,1318,Huyện Cẩm Giàng,853286,Xã Ngọc Liên,14,Thành Phố Hải Phòng,782,Xã Cẩm Giàng
38,Tỉnh Hải Dương,1318,Huyện Cẩm Giàng,918822,Xã Cẩm Hoàng,14,Thành Phố Hải Phòng,22030,Xã Cẩm Giang
38,Tỉnh Hải Dương,1318,Huyện Cẩm Giàng,984358,Xã Lương Điền,14,Thành Phố Hải Phòng,782,Xã Cẩm Giàng
38,Tỉnh Hải Dương,1318,Huyện Cẩm Giàng,1049894,Thị Trấn Cẩm Giang,14,Thành Phố Hải Phòng,22030,Xã Cẩm Giang
38,Tỉnh Hải Dương,1318,Huyện Cẩm Giàng,1115430,Xã Định Sơn,14,Thành Phố Hải Phòng,22030,Xã Cẩm Giang
38,Tỉnh Hải Dương,1574,Huyện Gia Lộc,67110,Thị Trấn Gia Lộc,14,Thành Phố Hải Phòng,3854,Xã Gia Phúc
38,Tỉnh Hải Dương,1574,Huyện Gia Lộc,67110,Thị Trấn Gia Lộc,14,Thành Phố Hải Phòng,28686,Xã Gia Lộc
38,Tỉnh Hải Dương,1574,Huyện Gia Lộc,132646,Xã Đoàn Thượng,14,Thành Phố Hải Phòng,3854,Xã Gia Phúc
38,Tỉnh Hải Dương,1574,Huyện Gia Lộc,132646,Xã Đoàn Thượng,14,Thành Phố Hải Phòng,10766,Xã Trường Tân
38,Tỉnh Hải Dương,1574,Huyện Gia Lộc,198182,Xã Nhật Quang,14,Thành Phố Hải Phòng,10766,Xã Trường Tân
38,Tỉnh Hải Dương,1574,Huyện Gia Lộc,263718,Xã Quang Đức,14,Thành Phố Hải Phòng,10766,Xã Trường Tân
38,Tỉnh Hải Dương,1574,Huyện Gia Lộc,329254,Xã Gia Phúc,14,Thành Phố Hải Phòng,3854,Xã Gia Phúc
38,Tỉnh Hải Dương,1574,Huyện Gia Lộc,329254,Xã Gia Phúc,14,Thành Phố Hải Phòng,28686,Xã Gia Lộc
38,Tỉnh Hải Dương,1574,Huyện Gia Lộc,394790,Xã Phạm Trấn,14,Thành Phố Hải Phòng,10766,Xã Trường Tân
38,Tỉnh Hải Dương,1574,Huyện Gia Lộc,591398,Xã Thống Kênh,14,Thành Phố Hải Phòng,10766,Xã Trường Tân
38,Tỉnh Hải Dương,1574,Huyện Gia Lộc,656934,Xã Thống Nhất,14,Thành Phố Hải Phòng,28942,Xã Yết Kiêu
38,Tỉnh Hải Dương,1574,Huyện Gia Lộc,722470,Xã Toàn Thắng,14,Thành Phố Hải Phòng,3854,Xã Gia Phúc
38,Tỉnh Hải Dương,1574,Huyện Gia Lộc,788006,Xã Yết Kiêu,14,Thành Phố Hải Phòng,28686,Xã Gia Lộc
38,Tỉnh Hải Dương,1574,Huyện Gia Lộc,788006,Xã Yết Kiêu,14,Thành Phố Hải Phòng,28942,Xã Yết Kiêu
38,Tỉnh Hải Dương,1574,Huyện Gia Lộc,853542,Xã Gia Tiến,14,Thành Phố Hải Phòng,28686,Xã Gia Lộc
38,Tỉnh Hải Dương,1574,Huyện Gia Lộc,984614,Xã Hoàng Diệu,14,Thành Phố Hải Phòng,3854,Xã Gia Phúc
38,Tỉnh Hải Dương,1574,Huyện Gia Lộc,1050150,Xã Hồng Hưng,14,Thành Phố Hải Phòng,3854,Xã Gia Phúc
38,Tỉnh Hải Dương,1574,Huyện Gia Lộc,1115686,Xã Lê Lợi,14,Thành Phố Hải Phòng,28942,Xã Yết Kiêu
38,Tỉnh Hải Dương,1830,Huyện Kim Thành,132902,Xã Hòa Bình,14,Thành Phố Hải Phòng,11534,Xã Kim Thành
38,Tỉnh Hải Dương,1830,Huyện Kim Thành,198438,Xã Đại Đức,14,Thành Phố Hải Phòng,11534,Xã Kim Thành
38,Tỉnh Hải Dương,1830,Huyện Kim Thành,329510,Xã Kim Đính,14,Thành Phố Hải Phòng,25358,Xã An Thành
38,Tỉnh Hải Dương,1830,Huyện Kim Thành,395046,Xã Vũ Dũng,14,Thành Phố Hải Phòng,13838,Xã Lai Khê
38,Tỉnh Hải Dương,1830,Huyện Kim Thành,460582,Thị Trấn Phú Thái,14,Thành Phố Hải Phòng,29198,Xã Phú Thái
38,Tỉnh Hải Dương,1830,Huyện Kim Thành,526118,Xã Kim Anh,14,Thành Phố Hải Phòng,29198,Xã Phú Thái
38,Tỉnh Hải Dương,1830,Huyện Kim Thành,591654,Xã Kim Tân,14,Thành Phố Hải Phòng,25358,Xã An Thành
38,Tỉnh Hải Dương,1830,Huyện Kim Thành,657190,Xã Kim Xuyên,14,Thành Phố Hải Phòng,29198,Xã Phú Thái
38,Tỉnh Hải Dương,1830,Huyện Kim Thành,722726,Xã Lai Khê,14,Thành Phố Hải Phòng,13838,Xã Lai Khê
38,Tỉnh Hải Dương,1830,Huyện Kim Thành,788262,Xã Ngũ Phúc,14,Thành Phố Hải Phòng,25358,Xã An Thành
38,Tỉnh Hải Dương,1830,Huyện Kim Thành,853798,Xã Phúc Thành A,14,Thành Phố Hải Phòng,29198,Xã Phú Thái
38,Tỉnh Hải Dương,1830,Huyện Kim Thành,919334,Xã Tam Kỳ,14,Thành Phố Hải Phòng,11534,Xã Kim Thành
38,Tỉnh Hải Dương,1830,Huyện Kim Thành,1050406,Xã Tuấn Việt,14,Thành Phố Hải Phòng,13838,Xã Lai Khê
38,Tỉnh Hải Dương,1830,Huyện Kim Thành,1115942,Xã Kim Liên,14,Thành Phố Hải Phòng,29198,Xã Phú Thái
38,Tỉnh Hải Dương,1830,Huyện Kim Thành,1181478,Xã Đồng Cẩm,14,Thành Phố Hải Phòng,11534,Xã Kim Thành
38,Tỉnh Hải Dương,2086,Huyện Nam Sách,67622,Xã Thái Tân,14,Thành Phố Hải Phòng,20750,Xã Thái Tân
38,Tỉnh Hải Dương,2086,Huyện Nam Sách,133158,Xã Minh Tân,14,Thành Phố Hải Phòng,20750,Xã Thái Tân
38,Tỉnh Hải Dương,2086,Huyện Nam Sách,264230,Thị Trấn Nam Sách,14,Thành Phố Hải Phòng,20494,Xã Nam Sách
38,Tỉnh Hải Dương,2086,Huyện Nam Sách,329766,Xã An Bình,14,Thành Phố Hải Phòng,13326,Xã An Phú
38,Tỉnh Hải Dương,2086,Huyện Nam Sách,395302,Xã An Phú,14,Thành Phố Hải Phòng,13326,Xã An Phú
38,Tỉnh Hải Dương,2086,Huyện Nam Sách,460838,Xã An Sơn,14,Thành Phố Hải Phòng,20750,Xã Thái Tân
38,Tỉnh Hải Dương,2086,Huyện Nam Sách,526374,Xã Cộng Hòa,14,Thành Phố Hải Phòng,13326,Xã An Phú
38,Tỉnh Hải Dương,2086,Huyện Nam Sách,591910,Xã Đồng Lạc,14,Thành Phố Hải Phòng,20494,Xã Nam Sách
38,Tỉnh Hải Dương,2086,Huyện Nam Sách,657446,Xã Quốc Tuấn,14,Thành Phố Hải Phòng,21006,Xã Trần Phú
38,Tỉnh Hải Dương,2086,Huyện Nam Sách,722982,Xã Hiệp Cát,14,Thành Phố Hải Phòng,21006,Xã Trần Phú
38,Tỉnh Hải Dương,2086,Huyện Nam Sách,788518,Xã Hồng Phong,14,Thành Phố Hải Phòng,20494,Xã Nam Sách
38,Tỉnh Hải Dương,2086,Huyện Nam Sách,854054,Xã Hợp Tiến,14,Thành Phố Hải Phòng,21262,Xã Hợp Tiến
38,Tỉnh Hải Dương,2086,Huyện Nam Sách,1050662,Xã Nam Hưng,14,Thành Phố Hải Phòng,21262,Xã Hợp Tiến
38,Tỉnh Hải Dương,2086,Huyện Nam Sách,1116198,Xã Nam Tân,14,Thành Phố Hải Phòng,21262,Xã Hợp Tiến
38,Tỉnh Hải Dương,2086,Huyện Nam Sách,1181734,Xã Trần Phú,14,Thành Phố Hải Phòng,21006,Xã Trần Phú
38,Tỉnh Hải Dương,2342,Huyện Ninh Giang,67878,Xã Hồng Dụ,14,Thành Phố Hải Phòng,23054,Xã Ninh Giang
38,Tỉnh Hải Dương,2342,Huyện Ninh Giang,198950,Xã Hiệp Lực,14,Thành Phố Hải Phòng,23054,Xã Ninh Giang
38,Tỉnh Hải Dương,2342,Huyện Ninh Giang,264486,Xã Đức Phúc,14,Thành Phố Hải Phòng,23822,Xã Tân An
38,Tỉnh Hải Dương,2342,Huyện Ninh Giang,330022,Xã Hồng Phong,14,Thành Phố Hải Phòng,23566,Xã Khúc Thừa Dụ
38,Tỉnh Hải Dương,2342,Huyện Ninh Giang,395558,Xã Kiến Phúc,14,Thành Phố Hải Phòng,23566,Xã Khúc Thừa Dụ
38,Tỉnh Hải Dương,2342,Huyện Ninh Giang,461094,Xã Hưng Long,14,Thành Phố Hải Phòng,24078,Xã Hồng Châu
38,Tỉnh Hải Dương,2342,Huyện Ninh Giang,592166,Xã Nghĩa An,14,Thành Phố Hải Phòng,23310,Xã Vĩnh Lại
38,Tỉnh Hải Dương,2342,Huyện Ninh Giang,657702,Thị Trấn Ninh Giang,14,Thành Phố Hải Phòng,23054,Xã Ninh Giang
38,Tỉnh Hải Dương,2342,Huyện Ninh Giang,723238,Xã An Đức,14,Thành Phố Hải Phòng,23822,Xã Tân An
38,Tỉnh Hải Dương,2342,Huyện Ninh Giang,854310,Xã Bình Xuyên,14,Thành Phố Hải Phòng,23566,Xã Khúc Thừa Dụ
38,Tỉnh Hải Dương,2342,Huyện Ninh Giang,919846,Xã Tân Hương,14,Thành Phố Hải Phòng,23310,Xã Vĩnh Lại
38,Tỉnh Hải Dương,2342,Huyện Ninh Giang,985382,Xã Tân Phong,14,Thành Phố Hải Phòng,23822,Xã Tân An
38,Tỉnh Hải Dương,2342,Huyện Ninh Giang,1050918,Xã Tân Quang,14,Thành Phố Hải Phòng,24078,Xã Hồng Châu
38,Tỉnh Hải Dương,2342,Huyện Ninh Giang,1116454,Xã Ứng Hòe,14,Thành Phố Hải Phòng,23310,Xã Vĩnh Lại
38,Tỉnh Hải Dương,2342,Huyện Ninh Giang,1181990,Xã Văn Hội,14,Thành Phố Hải Phòng,24078,Xã Hồng Châu
38,Tỉnh Hải Dương,2342,Huyện Ninh Giang,1313062,Xã Vĩnh Hòa,14,Thành Phố Hải Phòng,23054,Xã Ninh Giang
38,Tỉnh Hải Dương,2598,Huyện Thanh Hà,68134,Thị Trấn Thanh Hà,14,Thành Phố Hải Phòng,21518,Xã Thanh Hà
38,Tỉnh Hải Dương,2598,Huyện Thanh Hà,133670,Xã Cẩm Việt,14,Thành Phố Hải Phòng,13582,Xã Hà Bắc
38,Tỉnh Hải Dương,2598,Huyện Thanh Hà,133670,Xã Cẩm Việt,14,Thành Phố Hải Phòng,13838,Xã Lai Khê
38,Tỉnh Hải Dương,2598,Huyện Thanh Hà,199206,Xã Hồng Lạc,14,Thành Phố Hải Phòng,13582,Xã Hà Bắc
38,Tỉnh Hải Dương,2598,Huyện Thanh Hà,264742,Xã Liên Mạc,14,Thành Phố Hải Phòng,7694,Xã Hà Nam
38,Tỉnh Hải Dương,2598,Huyện Thanh Hà,330278,Xã Tân An,14,Thành Phố Hải Phòng,7950,Xã Hà Tây
38,Tỉnh Hải Dương,2598,Huyện Thanh Hà,395814,Xã Tân Việt,14,Thành Phố Hải Phòng,13582,Xã Hà Bắc
38,Tỉnh Hải Dương,2598,Huyện Thanh Hà,461350,Xã Thanh An,14,Thành Phố Hải Phòng,7694,Xã Hà Nam
38,Tỉnh Hải Dương,2598,Huyện Thanh Hà,526886,Xã Vĩnh Cường,14,Thành Phố Hải Phòng,21774,Xã Hà Đông
38,Tỉnh Hải Dương,2598,Huyện Thanh Hà,592422,Xã Thanh Hải,14,Thành Phố Hải Phòng,7950,Xã Hà Tây
38,Tỉnh Hải Dương,2598,Huyện Thanh Hà,592422,Xã Thanh Hải,14,Thành Phố Hải Phòng,9230,Xã Đại Sơn
38,Tỉnh Hải Dương,2598,Huyện Thanh Hà,657958,Xã Thanh Hồng,14,Thành Phố Hải Phòng,21774,Xã Hà Đông
38,Tỉnh Hải Dương,2598,Huyện Thanh Hà,789030,Xã Thanh Lang,14,Thành Phố Hải Phòng,7694,Xã Hà Nam
38,Tỉnh Hải Dương,2598,Huyện Thanh Hà,854566,Xã Thanh Sơn,14,Thành Phố Hải Phòng,21518,Xã Thanh Hà
38,Tỉnh Hải Dương,2598,Huyện Thanh Hà,920102,Xã Thanh Tân,14,Thành Phố Hải Phòng,21518,Xã Thanh Hà
38,Tỉnh Hải Dương,2598,Huyện Thanh Hà,1051174,Xã Thanh Xuân,14,Thành Phố Hải Phòng,7694,Xã Hà Nam
38,Tỉnh Hải Dương,2598,Huyện Thanh Hà,1247782,Xã An Phượng,14,Thành Phố Hải Phòng,7950,Xã Hà Tây
38,Tỉnh Hải Dương,2598,Huyện Thanh Hà,1313318,Xã Thanh Quang,14,Thành Phố Hải Phòng,21774,Xã Hà Đông
38,Tỉnh Hải Dương,2854,Huyện Thanh Miện,68390,Xã Chi Lăng Bắc,14,Thành Phố Hải Phòng,25102,Xã Nam Thanh Miện
38,Tỉnh Hải Dương,2854,Huyện Thanh Miện,133926,Xã Chi Lăng Nam,14,Thành Phố Hải Phòng,25102,Xã Nam Thanh Miện
38,Tỉnh Hải Dương,2854,Huyện Thanh Miện,199462,Xã Ngũ Hùng,14,Thành Phố Hải Phòng,24334,Xã Thanh Miện
38,Tỉnh Hải Dương,2854,Huyện Thanh Miện,264998,Xã Phạm Kha,14,Thành Phố Hải Phòng,8206,Xã Nguyễn Lương Bằng
38,Tỉnh Hải Dương,2854,Huyện Thanh Miện,330534,Xã Tân Trào,14,Thành Phố Hải Phòng,24846,Xã Hải Hưng
38,Tỉnh Hải Dương,2854,Huyện Thanh Miện,396070,Xã Thanh Giang,14,Thành Phố Hải Phòng,25102,Xã Nam Thanh Miện
38,Tỉnh Hải Dương,2854,Huyện Thanh Miện,461606,Xã Thanh Tùng,14,Thành Phố Hải Phòng,8206,Xã Nguyễn Lương Bằng
38,Tỉnh Hải Dương,2854,Huyện Thanh Miện,527142,Xã Tứ Cường,14,Thành Phố Hải Phòng,24334,Xã Thanh Miện
38,Tỉnh Hải Dương,2854,Huyện Thanh Miện,592678,Xã Lê Hồng,14,Thành Phố Hải Phòng,24590,Xã Bắc Thanh Miện
38,Tỉnh Hải Dương,2854,Huyện Thanh Miện,658214,Xã Ngô Quyền,14,Thành Phố Hải Phòng,24846,Xã Hải Hưng
38,Tỉnh Hải Dương,2854,Huyện Thanh Miện,723750,Thị Trấn Thanh Miện,14,Thành Phố Hải Phòng,24334,Xã Thanh Miện
38,Tỉnh Hải Dương,2854,Huyện Thanh Miện,789286,Xã Cao Thắng,14,Thành Phố Hải Phòng,24334,Xã Thanh Miện
38,Tỉnh Hải Dương,2854,Huyện Thanh Miện,854822,Xã Đoàn Kết,14,Thành Phố Hải Phòng,24846,Xã Hải Hưng
38,Tỉnh Hải Dương,2854,Huyện Thanh Miện,920358,Xã Đoàn Tùng,14,Thành Phố Hải Phòng,8206,Xã Nguyễn Lương Bằng
38,Tỉnh Hải Dương,2854,Huyện Thanh Miện,985894,Xã Hồng Quang,14,Thành Phố Hải Phòng,24590,Xã Bắc Thanh Miện
38,Tỉnh Hải Dương,2854,Huyện Thanh Miện,1051430,Xã Lam Sơn,14,Thành Phố Hải Phòng,24590,Xã Bắc Thanh Miện
38,Tỉnh Hải Dương,2854,Huyện Thanh Miện,1116966,Xã Hồng Phong,14,Thành Phố Hải Phòng,25102,Xã Nam Thanh Miện
38,Tỉnh Hải Dương,3110,Huyện Tứ Kỳ,199718,Xã Tiên Động,14,Thành Phố Hải Phòng,6926,Xã Nguyên Giáp
38,Tỉnh Hải Dương,3110,Huyện Tứ Kỳ,265254,Xã Bình Lăng,14,Thành Phố Hải Phòng,9230,Xã Đại Sơn
38,Tỉnh Hải Dương,3110,Huyện Tứ Kỳ,330790,Thị Trấn Tứ Kỳ,14,Thành Phố Hải Phòng,22542,Xã Tứ Kỳ
38,Tỉnh Hải Dương,3110,Huyện Tứ Kỳ,396326,Xã An Thanh,14,Thành Phố Hải Phòng,22798,Xã Chí Minh
38,Tỉnh Hải Dương,3110,Huyện Tứ Kỳ,461862,Xã Lạc Phượng,14,Thành Phố Hải Phòng,8462,Xã Lạc Phượng
38,Tỉnh Hải Dương,3110,Huyện Tứ Kỳ,527398,Xã Hưng Đạo,14,Thành Phố Hải Phòng,6670,Xã Tân Kỳ
38,Tỉnh Hải Dương,3110,Huyện Tứ Kỳ,527398,Xã Hưng Đạo,14,Thành Phố Hải Phòng,9230,Xã Đại Sơn
38,Tỉnh Hải Dương,3110,Huyện Tứ Kỳ,592934,Xã Đại Hợp,14,Thành Phố Hải Phòng,6670,Xã Tân Kỳ
38,Tỉnh Hải Dương,3110,Huyện Tứ Kỳ,724006,Xã Hà Kỳ,14,Thành Phố Hải Phòng,6926,Xã Nguyên Giáp
38,Tỉnh Hải Dương,3110,Huyện Tứ Kỳ,789542,Xã Hà Thanh,14,Thành Phố Hải Phòng,6926,Xã Nguyên Giáp
38,Tỉnh Hải Dương,3110,Huyện Tứ Kỳ,855078,Xã Minh Đức,14,Thành Phố Hải Phòng,22542,Xã Tứ Kỳ
38,Tỉnh Hải Dương,3110,Huyện Tứ Kỳ,920614,Xã Nguyên Giáp,14,Thành Phố Hải Phòng,6926,Xã Nguyên Giáp
38,Tỉnh Hải Dương,3110,Huyện Tứ Kỳ,986150,Xã Quang Khải,14,Thành Phố Hải Phòng,22542,Xã Tứ Kỳ
38,Tỉnh Hải Dương,3110,Huyện Tứ Kỳ,1051686,Xã Dân An,14,Thành Phố Hải Phòng,6670,Xã Tân Kỳ
38,Tỉnh Hải Dương,3110,Huyện Tứ Kỳ,1117222,Xã Quang Phục,14,Thành Phố Hải Phòng,22542,Xã Tứ Kỳ
38,Tỉnh Hải Dương,3110,Huyện Tứ Kỳ,1182758,Xã Kỳ Sơn,14,Thành Phố Hải Phòng,6670,Xã Tân Kỳ
38,Tỉnh Hải Dương,3110,Huyện Tứ Kỳ,1248294,Xã Tân Kỳ,14,Thành Phố Hải Phòng,6670,Xã Tân Kỳ
38,Tỉnh Hải Dương,3110,Huyện Tứ Kỳ,1313830,Xã Văn Tố,14,Thành Phố Hải Phòng,22798,Xã Chí Minh
38,Tỉnh Hải Dương,3110,Huyện Tứ Kỳ,1379366,Xã Quang Trung,14,Thành Phố Hải Phòng,8462,Xã Lạc Phượng
38,Tỉnh Hải Dương,3110,Huyện Tứ Kỳ,1444902,Xã Đại Sơn,14,Thành Phố Hải Phòng,9230,Xã Đại Sơn
38,Tỉnh Hải Dương,3110,Huyện Tứ Kỳ,1510438,Xã Chí Minh,14,Thành Phố Hải Phòng,22798,Xã Chí Minh
39,Tỉnh Hậu Giang,295,Thành Phố Ngã Bảy,65831,Phường Ngã Bảy,15,Thành Phố Cần Thơ,13839,Phường Ngã Bảy
39,Tỉnh Hậu Giang,295,Thành Phố Ngã Bảy,131367,Xã Đại Thành,15,Thành Phố Cần Thơ,13583,Phường Đại Thành
39,Tỉnh Hậu Giang,295,Thành Phố Ngã Bảy,196903,Phường Hiệp Lợi,15,Thành Phố Cần Thơ,13583,Phường Đại Thành
39,Tỉnh Hậu Giang,295,Thành Phố Ngã Bảy,262439,Phường Hiệp Thành,15,Thành Phố Cần Thơ,13839,Phường Ngã Bảy
39,Tỉnh Hậu Giang,295,Thành Phố Ngã Bảy,327975,Phường Lái Hiếu,15,Thành Phố Cần Thơ,13839,Phường Ngã Bảy
39,Tỉnh Hậu Giang,295,Thành Phố Ngã Bảy,393511,Xã Tân Thành,15,Thành Phố Cần Thơ,13583,Phường Đại Thành
39,Tỉnh Hậu Giang,551,Thành Phố Vị Thanh,66087,Xã Tân Tiến,15,Thành Phố Cần Thơ,9231,Xã Hỏa Lựu
39,Tỉnh Hậu Giang,551,Thành Phố Vị Thanh,131623,Xã Hỏa Lựu,15,Thành Phố Cần Thơ,9231,Xã Hỏa Lựu
39,Tỉnh Hậu Giang,551,Thành Phố Vị Thanh,197159,Phường 1,15,Thành Phố Cần Thơ,8719,Phường Vị Thanh
39,Tỉnh Hậu Giang,551,Thành Phố Vị Thanh,262695,Phường 3,15,Thành Phố Cần Thơ,8719,Phường Vị Thanh
39,Tỉnh Hậu Giang,551,Thành Phố Vị Thanh,328231,Phường 4,15,Thành Phố Cần Thơ,8975,Phường Vị Tân
39,Tỉnh Hậu Giang,551,Thành Phố Vị Thanh,393767,Phường 5,15,Thành Phố Cần Thơ,8975,Phường Vị Tân
39,Tỉnh Hậu Giang,551,Thành Phố Vị Thanh,459303,Phường 7,15,Thành Phố Cần Thơ,8719,Phường Vị Thanh
39,Tỉnh Hậu Giang,551,Thành Phố Vị Thanh,524839,Xã Hỏa Tiến,15,Thành Phố Cần Thơ,9231,Xã Hỏa Lựu
39,Tỉnh Hậu Giang,551,Thành Phố Vị Thanh,590375,Xã Vị Tân,15,Thành Phố Cần Thơ,8975,Phường Vị Tân
39,Tỉnh Hậu Giang,807,Thị Xã Long Mỹ,66343,Xã Tân Phú,15,Thành Phố Cần Thơ,11791,Phường Long Phú 1
39,Tỉnh Hậu Giang,807,Thị Xã Long Mỹ,131879,Phường Trà Lồng,15,Thành Phố Cần Thơ,11791,Phường Long Phú 1
39,Tỉnh Hậu Giang,807,Thị Xã Long Mỹ,197415,Xã Long Bình,15,Thành Phố Cần Thơ,11279,Phường Long Bình
39,Tỉnh Hậu Giang,807,Thị Xã Long Mỹ,262951,Xã Long Phú,15,Thành Phố Cần Thơ,11791,Phường Long Phú 1
39,Tỉnh Hậu Giang,807,Thị Xã Long Mỹ,328487,Xã Long Trị,15,Thành Phố Cần Thơ,11535,Phường Long Mỹ
39,Tỉnh Hậu Giang,807,Thị Xã Long Mỹ,394023,Xã Long Trị A,15,Thành Phố Cần Thơ,11535,Phường Long Mỹ
39,Tỉnh Hậu Giang,807,Thị Xã Long Mỹ,459559,Phường Vĩnh Tường,15,Thành Phố Cần Thơ,11279,Phường Long Bình
39,Tỉnh Hậu Giang,807,Thị Xã Long Mỹ,525095,Phường Bình Thạnh,15,Thành Phố Cần Thơ,11279,Phường Long Bình
39,Tỉnh Hậu Giang,807,Thị Xã Long Mỹ,590631,Phường Thuận An,15,Thành Phố Cần Thơ,11535,Phường Long Mỹ
39,Tỉnh Hậu Giang,1063,Huyện Châu Thành,66599,Thị Trấn Mái Dầm,15,Thành Phố Cần Thơ,12815,Xã Châu Thành
39,Tỉnh Hậu Giang,1063,Huyện Châu Thành,132135,Xã Phú Tân,15,Thành Phố Cần Thơ,13327,Xã Phú Hữu
39,Tỉnh Hậu Giang,1063,Huyện Châu Thành,197671,Thị Trấn Ngã Sáu,15,Thành Phố Cần Thơ,12815,Xã Châu Thành
39,Tỉnh Hậu Giang,1063,Huyện Châu Thành,263207,Xã Đông Phú,15,Thành Phố Cần Thơ,12815,Xã Châu Thành
39,Tỉnh Hậu Giang,1063,Huyện Châu Thành,328743,Xã Đông Phước,15,Thành Phố Cần Thơ,13327,Xã Phú Hữu
39,Tỉnh Hậu Giang,1063,Huyện Châu Thành,394279,Xã Đông Phước A,15,Thành Phố Cần Thơ,13071,Xã Đông Phước
39,Tỉnh Hậu Giang,1063,Huyện Châu Thành,459815,Xã Đông Thạnh,15,Thành Phố Cần Thơ,13071,Xã Đông Phước
39,Tỉnh Hậu Giang,1063,Huyện Châu Thành,525351,Xã Phú Hữu,15,Thành Phố Cần Thơ,13327,Xã Phú Hữu
39,Tỉnh Hậu Giang,1319,Huyện Châu Thành A,66855,Thị Trấn Cái Tắc,15,Thành Phố Cần Thơ,13071,Xã Đông Phước
39,Tỉnh Hậu Giang,1319,Huyện Châu Thành A,132391,Thị Trấn Một Ngàn,15,Thành Phố Cần Thơ,12303,Xã Tân Hòa
39,Tỉnh Hậu Giang,1319,Huyện Châu Thành A,197927,Thị Trấn Rạch Gòi,15,Thành Phố Cần Thơ,12047,Xã Thạnh Xuân
39,Tỉnh Hậu Giang,1319,Huyện Châu Thành A,263463,Xã Nhơn Nghĩa A,15,Thành Phố Cần Thơ,12303,Xã Tân Hòa
39,Tỉnh Hậu Giang,1319,Huyện Châu Thành A,328999,Xã Tân Hòa,15,Thành Phố Cần Thơ,12303,Xã Tân Hòa
39,Tỉnh Hậu Giang,1319,Huyện Châu Thành A,394535,Thị Trấn Bảy Ngàn,15,Thành Phố Cần Thơ,12303,Xã Tân Hòa
39,Tỉnh Hậu Giang,1319,Huyện Châu Thành A,460071,Xã Tân Phú Thạnh,15,Thành Phố Cần Thơ,12047,Xã Thạnh Xuân
39,Tỉnh Hậu Giang,1319,Huyện Châu Thành A,525607,Xã Thạnh Xuân,15,Thành Phố Cần Thơ,12047,Xã Thạnh Xuân
39,Tỉnh Hậu Giang,1319,Huyện Châu Thành A,591143,Xã Trường Long A,15,Thành Phố Cần Thơ,12559,Xã Trường Long Tây
39,Tỉnh Hậu Giang,1319,Huyện Châu Thành A,656679,Xã Trường Long Tây,15,Thành Phố Cần Thơ,12559,Xã Trường Long Tây
39,Tỉnh Hậu Giang,1575,Huyện Phụng Hiệp,67111,Xã Bình Thành,15,Thành Phố Cần Thơ,14095,Xã Tân Bình
39,Tỉnh Hậu Giang,1575,Huyện Phụng Hiệp,132647,Xã Tân Phước Hưng,15,Thành Phố Cần Thơ,14863,Xã Tân Phước Hưng
39,Tỉnh Hậu Giang,1575,Huyện Phụng Hiệp,198183,Thị Trấn Cây Dương,15,Thành Phố Cần Thơ,15119,Xã Hiệp Hưng
39,Tỉnh Hậu Giang,1575,Huyện Phụng Hiệp,263719,Thị Trấn Kinh Cùng,15,Thành Phố Cần Thơ,14351,Xã Hòa An
39,Tỉnh Hậu Giang,1575,Huyện Phụng Hiệp,329255,Xã Hiệp Hưng,15,Thành Phố Cần Thơ,15119,Xã Hiệp Hưng
39,Tỉnh Hậu Giang,1575,Huyện Phụng Hiệp,394791,Xã Hòa An,15,Thành Phố Cần Thơ,14351,Xã Hòa An
39,Tỉnh Hậu Giang,1575,Huyện Phụng Hiệp,460327,Xã Hòa Mỹ,15,Thành Phố Cần Thơ,15375,Xã Phụng Hiệp
39,Tỉnh Hậu Giang,1575,Huyện Phụng Hiệp,525863,Xã Long Thạnh,15,Thành Phố Cần Thơ,15631,Xã Thạnh Hòa
39,Tỉnh Hậu Giang,1575,Huyện Phụng Hiệp,591399,Xã Phụng Hiệp,15,Thành Phố Cần Thơ,15375,Xã Phụng Hiệp
39,Tỉnh Hậu Giang,1575,Huyện Phụng Hiệp,656935,Xã Phương Bình,15,Thành Phố Cần Thơ,14607,Xã Phương Bình
39,Tỉnh Hậu Giang,1575,Huyện Phụng Hiệp,722471,Xã Phương Phú,15,Thành Phố Cần Thơ,14607,Xã Phương Bình
39,Tỉnh Hậu Giang,1575,Huyện Phụng Hiệp,788007,Xã Tân Bình,15,Thành Phố Cần Thơ,14095,Xã Tân Bình
39,Tỉnh Hậu Giang,1575,Huyện Phụng Hiệp,853543,Xã Tân Long,15,Thành Phố Cần Thơ,15631,Xã Thạnh Hòa
39,Tỉnh Hậu Giang,1575,Huyện Phụng Hiệp,919079,Xã Thạnh Hòa,15,Thành Phố Cần Thơ,15631,Xã Thạnh Hòa
39,Tỉnh Hậu Giang,1575,Huyện Phụng Hiệp,984615,Thị Trấn Búng Tàu,15,Thành Phố Cần Thơ,14863,Xã Tân Phước Hưng
39,Tỉnh Hậu Giang,1831,Huyện Vị Thủy,67367,Thị Trấn Nàng Mau,15,Thành Phố Cần Thơ,9487,Xã Vị Thủy
39,Tỉnh Hậu Giang,1831,Huyện Vị Thủy,132903,Xã Vị Bình,15,Thành Phố Cần Thơ,9999,Xã Vị Thanh 1
39,Tỉnh Hậu Giang,1831,Huyện Vị Thủy,198439,Xã Vị Đông,15,Thành Phố Cần Thơ,9999,Xã Vị Thanh 1
39,Tỉnh Hậu Giang,1831,Huyện Vị Thủy,263975,Xã Vị Thắng,15,Thành Phố Cần Thơ,9487,Xã Vị Thủy
39,Tỉnh Hậu Giang,1831,Huyện Vị Thủy,329511,Xã Vị Thanh,15,Thành Phố Cần Thơ,9999,Xã Vị Thanh 1
39,Tỉnh Hậu Giang,1831,Huyện Vị Thủy,395047,Xã Vị Thủy,15,Thành Phố Cần Thơ,9743,Xã Vĩnh Thuận Đông
39,Tỉnh Hậu Giang,1831,Huyện Vị Thủy,460583,Xã Vị Trung,15,Thành Phố Cần Thơ,9487,Xã Vị Thủy
39,Tỉnh Hậu Giang,1831,Huyện Vị Thủy,526119,Xã Vĩnh Thuận Tây,15,Thành Phố Cần Thơ,9743,Xã Vĩnh Thuận Đông
39,Tỉnh Hậu Giang,1831,Huyện Vị Thủy,591655,Xã Vĩnh Trung,15,Thành Phố Cần Thơ,10255,Xã Vĩnh Tường
39,Tỉnh Hậu Giang,1831,Huyện Vị Thủy,657191,Xã Vĩnh Tường,15,Thành Phố Cần Thơ,10255,Xã Vĩnh Tường
39,Tỉnh Hậu Giang,2087,Huyện Long Mỹ,67623,Xã Thuận Hòa,15,Thành Phố Cần Thơ,10767,Xã Xà Phiên
39,Tỉnh Hậu Giang,2087,Huyện Long Mỹ,133159,Xã Lương Nghĩa,15,Thành Phố Cần Thơ,11023,Xã Lương Tâm
39,Tỉnh Hậu Giang,2087,Huyện Long Mỹ,198695,Xã Lương Tâm,15,Thành Phố Cần Thơ,11023,Xã Lương Tâm
39,Tỉnh Hậu Giang,2087,Huyện Long Mỹ,264231,Xã Thuận Hưng,15,Thành Phố Cần Thơ,10767,Xã Xà Phiên
39,Tỉnh Hậu Giang,2087,Huyện Long Mỹ,329767,Xã Vĩnh Thuận Đông,15,Thành Phố Cần Thơ,9743,Xã Vĩnh Thuận Đông
39,Tỉnh Hậu Giang,2087,Huyện Long Mỹ,395303,Xã Vĩnh Viễn A,15,Thành Phố Cần Thơ,10511,Xã Vĩnh Viễn
39,Tỉnh Hậu Giang,2087,Huyện Long Mỹ,460839,Xã Xà Phiên,15,Thành Phố Cần Thơ,10767,Xã Xà Phiên
39,Tỉnh Hậu Giang,2087,Huyện Long Mỹ,526375,Thị Trấn Vĩnh Viễn,15,Thành Phố Cần Thơ,10511,Xã Vĩnh Viễn
40,Tỉnh Hòa Bình,296,Thành Phố Hòa Bình,65832,Xã Độc Lập,35,Tỉnh Phú Thọ,12835,Phường Kỳ Sơn
40,Tỉnh Hòa Bình,296,Thành Phố Hòa Bình,131368,Xã Hợp Thành,35,Tỉnh Phú Thọ,12323,Xã Thịnh Minh
40,Tỉnh Hòa Bình,296,Thành Phố Hòa Bình,196904,Xã Mông Hóa,35,Tỉnh Phú Thọ,12835,Phường Kỳ Sơn
40,Tỉnh Hòa Bình,296,Thành Phố Hòa Bình,262440,Xã Thịnh Minh,35,Tỉnh Phú Thọ,12323,Xã Thịnh Minh
40,Tỉnh Hòa Bình,296,Thành Phố Hòa Bình,327976,Xã Quang Tiến,35,Tỉnh Phú Thọ,12323,Xã Thịnh Minh
40,Tỉnh Hòa Bình,296,Thành Phố Hòa Bình,393512,Phường Đồng Tiến,35,Tỉnh Phú Thọ,12579,Phường Hòa Bình
40,Tỉnh Hòa Bình,296,Thành Phố Hòa Bình,459048,Phường Hữu Nghị,35,Tỉnh Phú Thọ,12579,Phường Hòa Bình
40,Tỉnh Hòa Bình,296,Thành Phố Hòa Bình,524584,Phường Phương Lâm,35,Tỉnh Phú Thọ,12579,Phường Hòa Bình
40,Tỉnh Hòa Bình,296,Thành Phố Hòa Bình,590120,Phường Tân Hòa,35,Tỉnh Phú Thọ,13091,Phường Tân Hòa
40,Tỉnh Hòa Bình,296,Thành Phố Hòa Bình,655656,Phường Tân Thịnh,35,Tỉnh Phú Thọ,12579,Phường Hòa Bình
40,Tỉnh Hòa Bình,296,Thành Phố Hòa Bình,721192,Phường Thái Bình,35,Tỉnh Phú Thọ,1827,Phường Thống Nhất
40,Tỉnh Hòa Bình,296,Thành Phố Hòa Bình,786728,Phường Thịnh Lang,35,Tỉnh Phú Thọ,12579,Phường Hòa Bình
40,Tỉnh Hòa Bình,296,Thành Phố Hòa Bình,852264,Phường Dân Chủ,35,Tỉnh Phú Thọ,1827,Phường Thống Nhất
40,Tỉnh Hòa Bình,296,Thành Phố Hòa Bình,917800,Xã Hòa Bình,35,Tỉnh Phú Thọ,13091,Phường Tân Hòa
40,Tỉnh Hòa Bình,296,Thành Phố Hòa Bình,983336,Phường Quỳnh Lâm,35,Tỉnh Phú Thọ,12579,Phường Hòa Bình
40,Tỉnh Hòa Bình,296,Thành Phố Hòa Bình,1048872,Phường Thống Nhất,35,Tỉnh Phú Thọ,1827,Phường Thống Nhất
40,Tỉnh Hòa Bình,296,Thành Phố Hòa Bình,1114408,Xã Yên Mông,35,Tỉnh Phú Thọ,13091,Phường Tân Hòa
40,Tỉnh Hòa Bình,296,Thành Phố Hòa Bình,1179944,Phường Kỳ Sơn,35,Tỉnh Phú Thọ,12835,Phường Kỳ Sơn
40,Tỉnh Hòa Bình,296,Thành Phố Hòa Bình,1245480,Phường Trung Minh,35,Tỉnh Phú Thọ,12579,Phường Hòa Bình
40,Tỉnh Hòa Bình,552,Huyện Cao Phong,66088,Xã Hợp Phong,35,Tỉnh Phú Thọ,3107,Xã Cao Phong
40,Tỉnh Hòa Bình,552,Huyện Cao Phong,131624,Xã Bắc Phong,35,Tỉnh Phú Thọ,3619,Xã Thung Nai
40,Tỉnh Hòa Bình,552,Huyện Cao Phong,197160,Xã Bình Thanh,35,Tỉnh Phú Thọ,3619,Xã Thung Nai
40,Tỉnh Hòa Bình,552,Huyện Cao Phong,262696,Xã Dũng Phong,35,Tỉnh Phú Thọ,3363,Xã Mường Thàng
40,Tỉnh Hòa Bình,552,Huyện Cao Phong,328232,Xã Nam Phong,35,Tỉnh Phú Thọ,3363,Xã Mường Thàng
40,Tỉnh Hòa Bình,552,Huyện Cao Phong,393768,Xã Tây Phong,35,Tỉnh Phú Thọ,3363,Xã Mường Thàng
40,Tỉnh Hòa Bình,552,Huyện Cao Phong,459304,Xã Thu Phong,35,Tỉnh Phú Thọ,3107,Xã Cao Phong
40,Tỉnh Hòa Bình,552,Huyện Cao Phong,524840,Xã Thung Nai,35,Tỉnh Phú Thọ,3619,Xã Thung Nai
40,Tỉnh Hòa Bình,552,Huyện Cao Phong,590376,Xã Thạch Yên,35,Tỉnh Phú Thọ,3363,Xã Mường Thàng
40,Tỉnh Hòa Bình,552,Huyện Cao Phong,655912,Thị Trấn Cao Phong,35,Tỉnh Phú Thọ,3107,Xã Cao Phong
40,Tỉnh Hòa Bình,808,Huyện Kim Bôi,66344,Xã Đông Bắc,35,Tỉnh Phú Thọ,5411,Xã Mường Động
40,Tỉnh Hòa Bình,808,Huyện Kim Bôi,131880,Xã Đú Sáng,35,Tỉnh Phú Thọ,6179,Xã Nật Sơn
40,Tỉnh Hòa Bình,808,Huyện Kim Bôi,197416,Xã Xuân Thủy,35,Tỉnh Phú Thọ,6179,Xã Nật Sơn
40,Tỉnh Hòa Bình,808,Huyện Kim Bôi,262952,Xã Hợp Tiến,35,Tỉnh Phú Thọ,5411,Xã Mường Động
40,Tỉnh Hòa Bình,808,Huyện Kim Bôi,328488,Xã Mi Hòa,35,Tỉnh Phú Thọ,5667,Xã Dũng Tiến
40,Tỉnh Hòa Bình,808,Huyện Kim Bôi,394024,Xã Cuối Hạ,35,Tỉnh Phú Thọ,5667,Xã Dũng Tiến
40,Tỉnh Hòa Bình,808,Huyện Kim Bôi,459560,Xã Kim Lập,35,Tỉnh Phú Thọ,5923,Xã Hợp Kim
40,Tỉnh Hòa Bình,808,Huyện Kim Bôi,525096,Xã Hùng Sơn,35,Tỉnh Phú Thọ,6179,Xã Nật Sơn
40,Tỉnh Hòa Bình,808,Huyện Kim Bôi,590632,Xã Kim Bôi,35,Tỉnh Phú Thọ,5155,Xã Kim Bôi
40,Tỉnh Hòa Bình,808,Huyện Kim Bôi,656168,Xã Nam Thượng,35,Tỉnh Phú Thọ,5923,Xã Hợp Kim
40,Tỉnh Hòa Bình,808,Huyện Kim Bôi,721704,Xã Nuông Dăm,35,Tỉnh Phú Thọ,5667,Xã Dũng Tiến
40,Tỉnh Hòa Bình,808,Huyện Kim Bôi,787240,Xã Sào Báy,35,Tỉnh Phú Thọ,5923,Xã Hợp Kim
40,Tỉnh Hòa Bình,808,Huyện Kim Bôi,852776,Xã Tú Sơn,35,Tỉnh Phú Thọ,5411,Xã Mường Động
40,Tỉnh Hòa Bình,808,Huyện Kim Bôi,918312,Xã Vĩnh Đồng,35,Tỉnh Phú Thọ,5155,Xã Kim Bôi
40,Tỉnh Hòa Bình,808,Huyện Kim Bôi,983848,Thị Trấn Bo,35,Tỉnh Phú Thọ,5155,Xã Kim Bôi
40,Tỉnh Hòa Bình,808,Huyện Kim Bôi,1049384,Xã Bình Sơn,35,Tỉnh Phú Thọ,6179,Xã Nật Sơn
40,Tỉnh Hòa Bình,808,Huyện Kim Bôi,1114920,Xã Vĩnh Tiến,35,Tỉnh Phú Thọ,5411,Xã Mường Động
40,Tỉnh Hòa Bình,1320,Huyện Lạc Sơn,66856,Xã Yên Phú,35,Tỉnh Phú Thọ,8227,Xã Yên Phú
40,Tỉnh Hòa Bình,1320,Huyện Lạc Sơn,132392,Xã Xuất Hóa,35,Tỉnh Phú Thọ,8227,Xã Yên Phú
40,Tỉnh Hòa Bình,1320,Huyện Lạc Sơn,197928,Xã Yên Nghiệp,35,Tỉnh Phú Thọ,6947,Xã Đại Đồng
40,Tỉnh Hòa Bình,1320,Huyện Lạc Sơn,263464,Thị Trấn Vụ Bản,35,Tỉnh Phú Thọ,6435,Xã Lạc Sơn
40,Tỉnh Hòa Bình,1320,Huyện Lạc Sơn,329000,Xã Ân Nghĩa,35,Tỉnh Phú Thọ,6947,Xã Đại Đồng
40,Tỉnh Hòa Bình,1320,Huyện Lạc Sơn,394536,Xã Vũ Bình,35,Tỉnh Phú Thọ,6435,Xã Lạc Sơn
40,Tỉnh Hòa Bình,1320,Huyện Lạc Sơn,460072,Xã Bình Hẻm,35,Tỉnh Phú Thọ,8227,Xã Yên Phú
40,Tỉnh Hòa Bình,1320,Huyện Lạc Sơn,525608,Xã Chí Đạo,35,Tỉnh Phú Thọ,7715,Xã Quyết Thắng
40,Tỉnh Hòa Bình,1320,Huyện Lạc Sơn,591144,Xã Quyết Thắng,35,Tỉnh Phú Thọ,7715,Xã Quyết Thắng
40,Tỉnh Hòa Bình,1320,Huyện Lạc Sơn,656680,Xã Định Cư,35,Tỉnh Phú Thọ,7715,Xã Quyết Thắng
40,Tỉnh Hòa Bình,1320,Huyện Lạc Sơn,722216,Xã Hương Nhượng,35,Tỉnh Phú Thọ,6435,Xã Lạc Sơn
40,Tỉnh Hòa Bình,1320,Huyện Lạc Sơn,787752,Xã Ngọc Sơn,35,Tỉnh Phú Thọ,7203,Xã Ngọc Sơn
40,Tỉnh Hòa Bình,1320,Huyện Lạc Sơn,853288,Xã Nhân Nghĩa,35,Tỉnh Phú Thọ,7459,Xã Nhân Nghĩa
40,Tỉnh Hòa Bình,1320,Huyện Lạc Sơn,918824,Xã Miền Đồi,35,Tỉnh Phú Thọ,7971,Xã Thượng Cốc
40,Tỉnh Hòa Bình,1320,Huyện Lạc Sơn,984360,Xã Mỹ Thành,35,Tỉnh Phú Thọ,7459,Xã Nhân Nghĩa
40,Tỉnh Hòa Bình,1320,Huyện Lạc Sơn,1049896,Xã Ngọc Lâu,35,Tỉnh Phú Thọ,7203,Xã Ngọc Sơn
40,Tỉnh Hòa Bình,1320,Huyện Lạc Sơn,1115432,Xã Quý Hòa,35,Tỉnh Phú Thọ,6691,Xã Mường Vang
40,Tỉnh Hòa Bình,1320,Huyện Lạc Sơn,1180968,Xã Tân Lập,35,Tỉnh Phú Thọ,6691,Xã Mường Vang
40,Tỉnh Hòa Bình,1320,Huyện Lạc Sơn,1246504,Xã Tuân Đạo,35,Tỉnh Phú Thọ,6691,Xã Mường Vang
40,Tỉnh Hòa Bình,1320,Huyện Lạc Sơn,1312040,Xã Văn Nghĩa,35,Tỉnh Phú Thọ,7459,Xã Nhân Nghĩa
40,Tỉnh Hòa Bình,1320,Huyện Lạc Sơn,1377576,Xã Tân Mỹ,35,Tỉnh Phú Thọ,6947,Xã Đại Đồng
40,Tỉnh Hòa Bình,1320,Huyện Lạc Sơn,1443112,Xã Thượng Cốc,35,Tỉnh Phú Thọ,7971,Xã Thượng Cốc
40,Tỉnh Hòa Bình,1320,Huyện Lạc Sơn,1508648,Xã Tự Do,35,Tỉnh Phú Thọ,7203,Xã Ngọc Sơn
40,Tỉnh Hòa Bình,1320,Huyện Lạc Sơn,1574184,Xã Văn Sơn,35,Tỉnh Phú Thọ,7971,Xã Thượng Cốc
40,Tỉnh Hòa Bình,1576,Huyện Lạc Thủy,67112,Thị Trấn Chi Nê,35,Tỉnh Phú Thọ,8483,Xã Lạc Thủy
40,Tỉnh Hòa Bình,1576,Huyện Lạc Thủy,132648,Thị Trấn Ba Hàng Đồi,35,Tỉnh Phú Thọ,8995,Xã An Nghĩa
40,Tỉnh Hòa Bình,1576,Huyện Lạc Thủy,198184,Xã An Bình,35,Tỉnh Phú Thọ,8739,Xã An Bình
40,Tỉnh Hòa Bình,1576,Huyện Lạc Thủy,263720,Xã Phú Nghĩa,35,Tỉnh Phú Thọ,8995,Xã An Nghĩa
40,Tỉnh Hòa Bình,1576,Huyện Lạc Thủy,329256,Xã Thống Nhất,35,Tỉnh Phú Thọ,8739,Xã An Bình
40,Tỉnh Hòa Bình,1576,Huyện Lạc Thủy,394792,Xã Hưng Thi,35,Tỉnh Phú Thọ,8739,Xã An Bình
40,Tỉnh Hòa Bình,1576,Huyện Lạc Thủy,460328,Xã Khoan Dụ,35,Tỉnh Phú Thọ,8483,Xã Lạc Thủy
40,Tỉnh Hòa Bình,1576,Huyện Lạc Thủy,525864,Xã Đồng Tâm,35,Tỉnh Phú Thọ,8483,Xã Lạc Thủy
40,Tỉnh Hòa Bình,1576,Huyện Lạc Thủy,591400,Xã Phú Thành,35,Tỉnh Phú Thọ,8995,Xã An Nghĩa
40,Tỉnh Hòa Bình,1576,Huyện Lạc Thủy,656936,Xã Yên Bồng,35,Tỉnh Phú Thọ,8483,Xã Lạc Thủy
40,Tỉnh Hòa Bình,1832,Huyện Lương Sơn,67368,Xã Cao Dương,35,Tỉnh Phú Thọ,9251,Xã Cao Dương
40,Tỉnh Hòa Bình,1832,Huyện Lương Sơn,132904,Xã Cao Sơn,35,Tỉnh Phú Thọ,1059,Xã Liên Sơn
40,Tỉnh Hòa Bình,1832,Huyện Lương Sơn,132904,Xã Cao Sơn,35,Tỉnh Phú Thọ,2851,Xã Lương Sơn
40,Tỉnh Hòa Bình,1832,Huyện Lương Sơn,198440,Xã Lâm Sơn,35,Tỉnh Phú Thọ,2851,Xã Lương Sơn
40,Tỉnh Hòa Bình,1832,Huyện Lương Sơn,263976,Xã Cư Yên,35,Tỉnh Phú Thọ,1059,Xã Liên Sơn
40,Tỉnh Hòa Bình,1832,Huyện Lương Sơn,329512,Xã Hòa Sơn,35,Tỉnh Phú Thọ,2851,Xã Lương Sơn
40,Tỉnh Hòa Bình,1832,Huyện Lương Sơn,395048,Xã Thanh Sơn,35,Tỉnh Phú Thọ,9251,Xã Cao Dương
40,Tỉnh Hòa Bình,1832,Huyện Lương Sơn,460584,Xã Liên Sơn,35,Tỉnh Phú Thọ,1059,Xã Liên Sơn
40,Tỉnh Hòa Bình,1832,Huyện Lương Sơn,526120,Xã Nhuận Trạch,35,Tỉnh Phú Thọ,2851,Xã Lương Sơn
40,Tỉnh Hòa Bình,1832,Huyện Lương Sơn,591656,Xã Tân Vinh,35,Tỉnh Phú Thọ,2851,Xã Lương Sơn
40,Tỉnh Hòa Bình,1832,Huyện Lương Sơn,657192,Xã Thanh Cao,35,Tỉnh Phú Thọ,9251,Xã Cao Dương
40,Tỉnh Hòa Bình,1832,Huyện Lương Sơn,722728,Thị Trấn Lương Sơn,35,Tỉnh Phú Thọ,2851,Xã Lương Sơn
40,Tỉnh Hòa Bình,2088,Huyện Mai Châu,67624,Xã Hang Kia,35,Tỉnh Phú Thọ,1571,Xã Pà Cò
40,Tỉnh Hòa Bình,2088,Huyện Mai Châu,133160,Xã Tân Thành,35,Tỉnh Phú Thọ,10019,Xã Tân Mai
40,Tỉnh Hòa Bình,2088,Huyện Mai Châu,198696,Xã Vạn Mai,35,Tỉnh Phú Thọ,9763,Xã Mai Hạ
40,Tỉnh Hòa Bình,2088,Huyện Mai Châu,264232,Thị Trấn Mai Châu,35,Tỉnh Phú Thọ,1315,Xã Mai Châu
40,Tỉnh Hòa Bình,2088,Huyện Mai Châu,329768,Xã Bao La,35,Tỉnh Phú Thọ,9507,Xã Bao La
40,Tỉnh Hòa Bình,2088,Huyện Mai Châu,395304,Xã Chiềng Châu,35,Tỉnh Phú Thọ,9763,Xã Mai Hạ
40,Tỉnh Hòa Bình,2088,Huyện Mai Châu,460840,Xã Cun Pheo,35,Tỉnh Phú Thọ,1571,Xã Pà Cò
40,Tỉnh Hòa Bình,2088,Huyện Mai Châu,526376,Xã Mai Hạ,35,Tỉnh Phú Thọ,9763,Xã Mai Hạ
40,Tỉnh Hòa Bình,2088,Huyện Mai Châu,591912,Xã Mai Hịch,35,Tỉnh Phú Thọ,9507,Xã Bao La
40,Tỉnh Hòa Bình,2088,Huyện Mai Châu,657448,Xã Nà Phòn,35,Tỉnh Phú Thọ,1315,Xã Mai Châu
40,Tỉnh Hòa Bình,2088,Huyện Mai Châu,722984,Xã Thành Sơn,35,Tỉnh Phú Thọ,1315,Xã Mai Châu
40,Tỉnh Hòa Bình,2088,Huyện Mai Châu,788520,Xã Pà Cò,35,Tỉnh Phú Thọ,1571,Xã Pà Cò
40,Tỉnh Hòa Bình,2088,Huyện Mai Châu,854056,Xã Sơn Thủy,35,Tỉnh Phú Thọ,10019,Xã Tân Mai
40,Tỉnh Hòa Bình,2088,Huyện Mai Châu,919592,Xã Săm Khóe,35,Tỉnh Phú Thọ,9507,Xã Bao La
40,Tỉnh Hòa Bình,2088,Huyện Mai Châu,985128,Xã Tòng Đậu,35,Tỉnh Phú Thọ,1315,Xã Mai Châu
40,Tỉnh Hòa Bình,2088,Huyện Mai Châu,1050664,Xã Đồng Tân,35,Tỉnh Phú Thọ,1315,Xã Mai Châu
40,Tỉnh Hòa Bình,2088,Huyện Mai Châu,1050664,Xã Đồng Tân,35,Tỉnh Phú Thọ,1571,Xã Pà Cò
40,Tỉnh Hòa Bình,2344,Huyện Đà Bắc,67880,Xã Đồng Ruộng,35,Tỉnh Phú Thọ,4643,Xã Quy Đức
40,Tỉnh Hòa Bình,2344,Huyện Đà Bắc,133416,Xã Tân Minh,35,Tỉnh Phú Thọ,4131,Xã Cao Sơn
40,Tỉnh Hòa Bình,2344,Huyện Đà Bắc,198952,Xã Nánh Nghê,35,Tỉnh Phú Thọ,4387,Xã Đức Nhàn
40,Tỉnh Hòa Bình,2344,Huyện Đà Bắc,264488,Xã Tân Pheo,35,Tỉnh Phú Thọ,4899,Xã Tân Pheo
40,Tỉnh Hòa Bình,2344,Huyện Đà Bắc,330024,Xã Tiền Phong,35,Tỉnh Phú Thọ,803,Xã Tiền Phong
40,Tỉnh Hòa Bình,2344,Huyện Đà Bắc,395560,Xã Toàn Sơn,35,Tỉnh Phú Thọ,3875,Xã Đà Bắc
40,Tỉnh Hòa Bình,2344,Huyện Đà Bắc,461096,Xã Trung Thành,35,Tỉnh Phú Thọ,4643,Xã Quy Đức
40,Tỉnh Hòa Bình,2344,Huyện Đà Bắc,526632,Xã Vầy Nưa,35,Tỉnh Phú Thọ,803,Xã Tiền Phong
40,Tỉnh Hòa Bình,2344,Huyện Đà Bắc,526632,Xã Vầy Nưa,35,Tỉnh Phú Thọ,1827,Phường Thống Nhất
40,Tỉnh Hòa Bình,2344,Huyện Đà Bắc,592168,Xã Yên Hòa,35,Tỉnh Phú Thọ,4643,Xã Quy Đức
40,Tỉnh Hòa Bình,2344,Huyện Đà Bắc,657704,Thị Trấn Đà Bắc,35,Tỉnh Phú Thọ,3875,Xã Đà Bắc
40,Tỉnh Hòa Bình,2344,Huyện Đà Bắc,723240,Xã Hiền Lương,35,Tỉnh Phú Thọ,3875,Xã Đà Bắc
40,Tỉnh Hòa Bình,2344,Huyện Đà Bắc,788776,Xã Cao Sơn,35,Tỉnh Phú Thọ,4131,Xã Cao Sơn
40,Tỉnh Hòa Bình,2344,Huyện Đà Bắc,854312,Xã Đoàn Kết,35,Tỉnh Phú Thọ,4643,Xã Quy Đức
40,Tỉnh Hòa Bình,2344,Huyện Đà Bắc,919848,Xã Đồng Chum,35,Tỉnh Phú Thọ,4899,Xã Tân Pheo
40,Tỉnh Hòa Bình,2344,Huyện Đà Bắc,985384,Xã Giáp Đắt,35,Tỉnh Phú Thọ,4899,Xã Tân Pheo
40,Tỉnh Hòa Bình,2344,Huyện Đà Bắc,1050920,Xã Tú Lý,35,Tỉnh Phú Thọ,3875,Xã Đà Bắc
40,Tỉnh Hòa Bình,2344,Huyện Đà Bắc,1116456,Xã Mường Chiềng,35,Tỉnh Phú Thọ,4387,Xã Đức Nhàn
40,Tỉnh Hòa Bình,2600,Huyện Tân Lạc,68136,Xã Phú Cường,35,Tỉnh Phú Thọ,10531,Xã Mường Bi
40,Tỉnh Hòa Bình,2600,Huyện Tân Lạc,133672,Xã Phú Vinh,35,Tỉnh Phú Thọ,11043,Xã Mường Hoa
40,Tỉnh Hòa Bình,2600,Huyện Tân Lạc,199208,Xã Nhân Mỹ,35,Tỉnh Phú Thọ,10787,Xã Toàn Thắng
40,Tỉnh Hòa Bình,2600,Huyện Tân Lạc,264744,Thị Trấn Mãn Đức,35,Tỉnh Phú Thọ,10275,Xã Tân Lạc
40,Tỉnh Hòa Bình,2600,Huyện Tân Lạc,330280,Xã Đông Lai,35,Tỉnh Phú Thọ,10275,Xã Tân Lạc
40,Tỉnh Hòa Bình,2600,Huyện Tân Lạc,395816,Xã Gia Mô,35,Tỉnh Phú Thọ,10787,Xã Toàn Thắng
40,Tỉnh Hòa Bình,2600,Huyện Tân Lạc,461352,Xã Lỗ Sơn,35,Tỉnh Phú Thọ,10787,Xã Toàn Thắng
40,Tỉnh Hòa Bình,2600,Huyện Tân Lạc,526888,Xã Vân Sơn,35,Tỉnh Phú Thọ,11299,Xã Vân Sơn
40,Tỉnh Hòa Bình,2600,Huyện Tân Lạc,592424,Xã Mỹ Hòa,35,Tỉnh Phú Thọ,10531,Xã Mường Bi
40,Tỉnh Hòa Bình,2600,Huyện Tân Lạc,657960,Xã Ngổ Luông,35,Tỉnh Phú Thọ,11299,Xã Vân Sơn
40,Tỉnh Hòa Bình,2600,Huyện Tân Lạc,723496,Xã Ngọc Mỹ,35,Tỉnh Phú Thọ,10275,Xã Tân Lạc
40,Tỉnh Hòa Bình,2600,Huyện Tân Lạc,789032,Xã Quyết Chiến,35,Tỉnh Phú Thọ,11299,Xã Vân Sơn
40,Tỉnh Hòa Bình,2600,Huyện Tân Lạc,854568,Xã Thanh Hối,35,Tỉnh Phú Thọ,10275,Xã Tân Lạc
40,Tỉnh Hòa Bình,2600,Huyện Tân Lạc,920104,Xã Suối Hoa,35,Tỉnh Phú Thọ,11043,Xã Mường Hoa
40,Tỉnh Hòa Bình,2600,Huyện Tân Lạc,985640,Xã Tử Nê,35,Tỉnh Phú Thọ,10275,Xã Tân Lạc
40,Tỉnh Hòa Bình,2600,Huyện Tân Lạc,1051176,Xã Phong Phú,35,Tỉnh Phú Thọ,10531,Xã Mường Bi
40,Tỉnh Hòa Bình,2856,Huyện Yên Thủy,68392,Xã Lạc Sỹ,35,Tỉnh Phú Thọ,11811,Xã Lạc Lương
40,Tỉnh Hòa Bình,2856,Huyện Yên Thủy,133928,Thị Trấn Hàng Trạm,35,Tỉnh Phú Thọ,11555,Xã Yên Thủy
40,Tỉnh Hòa Bình,2856,Huyện Yên Thủy,199464,Xã Lạc Thịnh,35,Tỉnh Phú Thọ,11555,Xã Yên Thủy
40,Tỉnh Hòa Bình,2856,Huyện Yên Thủy,265000,Xã Ngọc Lương,35,Tỉnh Phú Thọ,12067,Xã Yên Trị
40,Tỉnh Hòa Bình,2856,Huyện Yên Thủy,330536,Xã Bảo Hiệu,35,Tỉnh Phú Thọ,11811,Xã Lạc Lương
40,Tỉnh Hòa Bình,2856,Huyện Yên Thủy,396072,Xã Đa Phúc,35,Tỉnh Phú Thọ,11811,Xã Lạc Lương
40,Tỉnh Hòa Bình,2856,Huyện Yên Thủy,461608,Xã Đoàn Kết,35,Tỉnh Phú Thọ,12067,Xã Yên Trị
40,Tỉnh Hòa Bình,2856,Huyện Yên Thủy,527144,Xã Hữu Lợi,35,Tỉnh Phú Thọ,12067,Xã Yên Trị
40,Tỉnh Hòa Bình,2856,Huyện Yên Thủy,592680,Xã Lạc Lương,35,Tỉnh Phú Thọ,11811,Xã Lạc Lương
40,Tỉnh Hòa Bình,2856,Huyện Yên Thủy,658216,Xã Phú Lai,35,Tỉnh Phú Thọ,11555,Xã Yên Thủy
40,Tỉnh Hòa Bình,2856,Huyện Yên Thủy,723752,Xã Yên Trị,35,Tỉnh Phú Thọ,12067,Xã Yên Trị
41,Tỉnh Hưng Yên,297,Thành Phố Hưng Yên,131369,Xã Tân Hưng,27,Tỉnh Hưng Yên,1563,Xã Tân Hưng
41,Tỉnh Hưng Yên,297,Thành Phố Hưng Yên,196905,Xã Hoàng Hanh,27,Tỉnh Hưng Yên,1307,Phường Hồng Châu
41,Tỉnh Hưng Yên,297,Thành Phố Hưng Yên,327977,Xã Phương Nam,27,Tỉnh Hưng Yên,1563,Xã Tân Hưng
41,Tỉnh Hưng Yên,297,Thành Phố Hưng Yên,393513,Phường Lê Lợi,27,Tỉnh Hưng Yên,1051,Phường Phố Hiến
41,Tỉnh Hưng Yên,297,Thành Phố Hưng Yên,459049,Phường Minh Khai,27,Tỉnh Hưng Yên,1051,Phường Phố Hiến
41,Tỉnh Hưng Yên,297,Thành Phố Hưng Yên,524585,Xã Bảo Khê,27,Tỉnh Hưng Yên,795,Phường Sơn Nam
41,Tỉnh Hưng Yên,297,Thành Phố Hưng Yên,590121,Phường An Tảo,27,Tỉnh Hưng Yên,1051,Phường Phố Hiến
41,Tỉnh Hưng Yên,297,Thành Phố Hưng Yên,655657,Phường Hiến Nam,27,Tỉnh Hưng Yên,1051,Phường Phố Hiến
41,Tỉnh Hưng Yên,297,Thành Phố Hưng Yên,721193,Phường Hồng Châu,27,Tỉnh Hưng Yên,1307,Phường Hồng Châu
41,Tỉnh Hưng Yên,297,Thành Phố Hưng Yên,786729,Phường Lam Sơn,27,Tỉnh Hưng Yên,795,Phường Sơn Nam
41,Tỉnh Hưng Yên,297,Thành Phố Hưng Yên,852265,Xã Liên Phương,27,Tỉnh Hưng Yên,1051,Phường Phố Hiến
41,Tỉnh Hưng Yên,297,Thành Phố Hưng Yên,917801,Xã Quảng Châu,27,Tỉnh Hưng Yên,1307,Phường Hồng Châu
41,Tỉnh Hưng Yên,297,Thành Phố Hưng Yên,983337,Xã Trung Nghĩa,27,Tỉnh Hưng Yên,1051,Phường Phố Hiến
41,Tỉnh Hưng Yên,297,Thành Phố Hưng Yên,1048873,Xã Hùng Cường,27,Tỉnh Hưng Yên,795,Phường Sơn Nam
41,Tỉnh Hưng Yên,297,Thành Phố Hưng Yên,1114409,Xã Phú Cường,27,Tỉnh Hưng Yên,795,Phường Sơn Nam
41,Tỉnh Hưng Yên,553,Thị Xã Mỹ Hào,66089,Xã Hòa Phong,27,Tỉnh Hưng Yên,8475,Phường Thượng Hồng
41,Tỉnh Hưng Yên,553,Thị Xã Mỹ Hào,131625,Phường Bần Yên Nhân,27,Tỉnh Hưng Yên,7963,Phường Mỹ Hào
41,Tỉnh Hưng Yên,553,Thị Xã Mỹ Hào,197161,Phường Bạch Sam,27,Tỉnh Hưng Yên,8475,Phường Thượng Hồng
41,Tỉnh Hưng Yên,553,Thị Xã Mỹ Hào,262697,Xã Cẩm Xá,27,Tỉnh Hưng Yên,7963,Phường Mỹ Hào
41,Tỉnh Hưng Yên,553,Thị Xã Mỹ Hào,328233,Phường Dị Sử,27,Tỉnh Hưng Yên,8219,Phường Đường Hào
41,Tỉnh Hưng Yên,553,Thị Xã Mỹ Hào,393769,Xã Dương Quang,27,Tỉnh Hưng Yên,8475,Phường Thượng Hồng
41,Tỉnh Hưng Yên,553,Thị Xã Mỹ Hào,459305,Xã Hưng Long,27,Tỉnh Hưng Yên,8219,Phường Đường Hào
41,Tỉnh Hưng Yên,553,Thị Xã Mỹ Hào,524841,Phường Minh Đức,27,Tỉnh Hưng Yên,8475,Phường Thượng Hồng
41,Tỉnh Hưng Yên,553,Thị Xã Mỹ Hào,590377,Xã Ngọc Lâm,27,Tỉnh Hưng Yên,8219,Phường Đường Hào
41,Tỉnh Hưng Yên,553,Thị Xã Mỹ Hào,655913,Phường Nhân Hòa,27,Tỉnh Hưng Yên,7963,Phường Mỹ Hào
41,Tỉnh Hưng Yên,553,Thị Xã Mỹ Hào,721449,Phường Phùng Chí Kiên,27,Tỉnh Hưng Yên,8219,Phường Đường Hào
41,Tỉnh Hưng Yên,553,Thị Xã Mỹ Hào,786985,Phường Phan Đình Phùng,27,Tỉnh Hưng Yên,7963,Phường Mỹ Hào
41,Tỉnh Hưng Yên,553,Thị Xã Mỹ Hào,852521,Xã Xuân Dục,27,Tỉnh Hưng Yên,8219,Phường Đường Hào
41,Tỉnh Hưng Yên,809,Huyện Ân Thi,66345,Xã Nguyễn Trãi,27,Tỉnh Hưng Yên,5147,Xã Nguyễn Trãi
41,Tỉnh Hưng Yên,809,Huyện Ân Thi,131881,Xã Quang Vinh,27,Tỉnh Hưng Yên,4379,Xã Ân Thi
41,Tỉnh Hưng Yên,809,Huyện Ân Thi,197417,Xã Cẩm Ninh,27,Tỉnh Hưng Yên,5147,Xã Nguyễn Trãi
41,Tỉnh Hưng Yên,809,Huyện Ân Thi,262953,Xã Hoàng Hoa Thám,27,Tỉnh Hưng Yên,4379,Xã Ân Thi
41,Tỉnh Hưng Yên,809,Huyện Ân Thi,328489,Xã Hồng Quang,27,Tỉnh Hưng Yên,5403,Xã Hồng Quang
41,Tỉnh Hưng Yên,809,Huyện Ân Thi,459561,Xã Phù Ủng,27,Tỉnh Hưng Yên,4891,Xã Phạm Ngũ Lão
41,Tỉnh Hưng Yên,809,Huyện Ân Thi,525097,Xã Quảng Lãng,27,Tỉnh Hưng Yên,4635,Xã Xuân Trúc
41,Tỉnh Hưng Yên,809,Huyện Ân Thi,656169,Xã Tiền Phong,27,Tỉnh Hưng Yên,5403,Xã Hồng Quang
41,Tỉnh Hưng Yên,809,Huyện Ân Thi,721705,Xã Vân Du,27,Tỉnh Hưng Yên,4635,Xã Xuân Trúc
41,Tỉnh Hưng Yên,809,Huyện Ân Thi,787241,Xã Hồ Tùng Mậu,27,Tỉnh Hưng Yên,5403,Xã Hồng Quang
41,Tỉnh Hưng Yên,809,Huyện Ân Thi,918313,Xã Xuân Trúc,27,Tỉnh Hưng Yên,4635,Xã Xuân Trúc
41,Tỉnh Hưng Yên,809,Huyện Ân Thi,983849,Xã Đặng Lễ,27,Tỉnh Hưng Yên,5147,Xã Nguyễn Trãi
41,Tỉnh Hưng Yên,809,Huyện Ân Thi,1049385,Xã Đào Dương,27,Tỉnh Hưng Yên,4891,Xã Phạm Ngũ Lão
41,Tỉnh Hưng Yên,809,Huyện Ân Thi,1114921,Xã Hạ Lễ,27,Tỉnh Hưng Yên,5403,Xã Hồng Quang
41,Tỉnh Hưng Yên,809,Huyện Ân Thi,1180457,Thị Trấn Ân Thi,27,Tỉnh Hưng Yên,4379,Xã Ân Thi
41,Tỉnh Hưng Yên,809,Huyện Ân Thi,1245993,Xã Bắc Sơn,27,Tỉnh Hưng Yên,4891,Xã Phạm Ngũ Lão
41,Tỉnh Hưng Yên,809,Huyện Ân Thi,1311529,Xã Bãi Sậy,27,Tỉnh Hưng Yên,4891,Xã Phạm Ngũ Lão
41,Tỉnh Hưng Yên,809,Huyện Ân Thi,1377065,Xã Đa Lộc,27,Tỉnh Hưng Yên,5147,Xã Nguyễn Trãi
41,Tỉnh Hưng Yên,1065,Huyện Khoái Châu,132137,Xã Đông Ninh,27,Tỉnh Hưng Yên,6683,Xã Châu Ninh
41,Tỉnh Hưng Yên,1065,Huyện Khoái Châu,197673,Xã Đông Tảo,27,Tỉnh Hưng Yên,7451,Xã Hoàn Long
41,Tỉnh Hưng Yên,1065,Huyện Khoái Châu,263209,Xã Đồng Tiến,27,Tỉnh Hưng Yên,6171,Xã Việt Tiến
41,Tỉnh Hưng Yên,1065,Huyện Khoái Châu,328745,Xã Thuần Hưng,27,Tỉnh Hưng Yên,6427,Xã Chí Minh
41,Tỉnh Hưng Yên,1065,Huyện Khoái Châu,394281,Xã Liên Khê,27,Tỉnh Hưng Yên,5659,Xã Khoái Châu
41,Tỉnh Hưng Yên,1065,Huyện Khoái Châu,525353,Xã Ông Đình,27,Tỉnh Hưng Yên,5915,Xã Triệu Việt Vương
41,Tỉnh Hưng Yên,1065,Huyện Khoái Châu,590889,Xã Phùng Hưng,27,Tỉnh Hưng Yên,5659,Xã Khoái Châu
41,Tỉnh Hưng Yên,1065,Huyện Khoái Châu,656425,Xã Tân Châu,27,Tỉnh Hưng Yên,6683,Xã Châu Ninh
41,Tỉnh Hưng Yên,1065,Huyện Khoái Châu,721961,Xã Tân Dân,27,Tỉnh Hưng Yên,5915,Xã Triệu Việt Vương
41,Tỉnh Hưng Yên,1065,Huyện Khoái Châu,787497,Xã Nguyễn Huệ,27,Tỉnh Hưng Yên,6427,Xã Chí Minh
41,Tỉnh Hưng Yên,1065,Huyện Khoái Châu,853033,Xã Tứ Dân,27,Tỉnh Hưng Yên,6683,Xã Châu Ninh
41,Tỉnh Hưng Yên,1065,Huyện Khoái Châu,918569,Xã Việt Hòa,27,Tỉnh Hưng Yên,6171,Xã Việt Tiến
41,Tỉnh Hưng Yên,1065,Huyện Khoái Châu,1049641,Xã Dân Tiến,27,Tỉnh Hưng Yên,6171,Xã Việt Tiến
41,Tỉnh Hưng Yên,1065,Huyện Khoái Châu,1115177,Xã Đông Kết,27,Tỉnh Hưng Yên,5659,Xã Khoái Châu
41,Tỉnh Hưng Yên,1065,Huyện Khoái Châu,1180713,Thị Trấn Khoái Châu,27,Tỉnh Hưng Yên,5659,Xã Khoái Châu
41,Tỉnh Hưng Yên,1065,Huyện Khoái Châu,1246249,Xã An Vĩ,27,Tỉnh Hưng Yên,5915,Xã Triệu Việt Vương
41,Tỉnh Hưng Yên,1065,Huyện Khoái Châu,1377321,Xã Bình Minh,27,Tỉnh Hưng Yên,10267,Xã Mễ Sở
41,Tỉnh Hưng Yên,1065,Huyện Khoái Châu,1442857,Xã Chí Minh,27,Tỉnh Hưng Yên,6427,Xã Chí Minh
41,Tỉnh Hưng Yên,1065,Huyện Khoái Châu,1508393,Xã Phạm Hồng Thái,27,Tỉnh Hưng Yên,5915,Xã Triệu Việt Vương
41,Tỉnh Hưng Yên,1065,Huyện Khoái Châu,1639465,Xã Đại Tập,27,Tỉnh Hưng Yên,6683,Xã Châu Ninh
41,Tỉnh Hưng Yên,1321,Huyện Kim Động,66857,Xã Nghĩa Dân,27,Tỉnh Hưng Yên,3867,Xã Nghĩa Dân
41,Tỉnh Hưng Yên,1321,Huyện Kim Động,132393,Xã Ngọc Thanh,27,Tỉnh Hưng Yên,283,Xã Hiệp Cường
41,Tỉnh Hưng Yên,1321,Huyện Kim Động,197929,Thị Trấn Lương Bằng,27,Tỉnh Hưng Yên,3611,Xã Lương Bằng
41,Tỉnh Hưng Yên,1321,Huyện Kim Động,263465,Xã Chính Nghĩa,27,Tỉnh Hưng Yên,3611,Xã Lương Bằng
41,Tỉnh Hưng Yên,1321,Huyện Kim Động,329001,Xã Đồng Thanh,27,Tỉnh Hưng Yên,3867,Xã Nghĩa Dân
41,Tỉnh Hưng Yên,1321,Huyện Kim Động,394537,Xã Đức Hợp,27,Tỉnh Hưng Yên,4123,Xã Đức Hợp
41,Tỉnh Hưng Yên,1321,Huyện Kim Động,460073,Xã Hiệp Cường,27,Tỉnh Hưng Yên,283,Xã Hiệp Cường
41,Tỉnh Hưng Yên,1321,Huyện Kim Động,525609,Xã Hùng An,27,Tỉnh Hưng Yên,283,Xã Hiệp Cường
41,Tỉnh Hưng Yên,1321,Huyện Kim Động,591145,Xã Song Mai,27,Tỉnh Hưng Yên,283,Xã Hiệp Cường
41,Tỉnh Hưng Yên,1321,Huyện Kim Động,656681,Xã Mai Động,27,Tỉnh Hưng Yên,4123,Xã Đức Hợp
41,Tỉnh Hưng Yên,1321,Huyện Kim Động,787753,Xã Phạm Ngũ Lão,27,Tỉnh Hưng Yên,3611,Xã Lương Bằng
41,Tỉnh Hưng Yên,1321,Huyện Kim Động,918825,Xã Vĩnh Xá,27,Tỉnh Hưng Yên,3867,Xã Nghĩa Dân
41,Tỉnh Hưng Yên,1321,Huyện Kim Động,984361,Xã Phú Thọ,27,Tỉnh Hưng Yên,4123,Xã Đức Hợp
41,Tỉnh Hưng Yên,1321,Huyện Kim Động,1049897,Xã Toàn Thắng,27,Tỉnh Hưng Yên,3867,Xã Nghĩa Dân
41,Tỉnh Hưng Yên,1321,Huyện Kim Động,1115433,Xã Diên Hồng,27,Tỉnh Hưng Yên,3611,Xã Lương Bằng
41,Tỉnh Hưng Yên,1577,Huyện Phù Cừ,67113,Xã Tống Phan,27,Tỉnh Hưng Yên,2587,Xã Quang Hưng
41,Tỉnh Hưng Yên,1577,Huyện Phù Cừ,132649,Xã Tống Trân,27,Tỉnh Hưng Yên,3355,Xã Tống Trân
41,Tỉnh Hưng Yên,1577,Huyện Phù Cừ,198185,Thị Trấn Trần Cao,27,Tỉnh Hưng Yên,2587,Xã Quang Hưng
41,Tỉnh Hưng Yên,1577,Huyện Phù Cừ,263721,Xã Đình Cao,27,Tỉnh Hưng Yên,3099,Xã Tiên Tiến
41,Tỉnh Hưng Yên,1577,Huyện Phù Cừ,329257,Xã Đoàn Đào,27,Tỉnh Hưng Yên,2843,Xã Đoàn Đào
41,Tỉnh Hưng Yên,1577,Huyện Phù Cừ,394793,Xã Minh Hoàng,27,Tỉnh Hưng Yên,2843,Xã Đoàn Đào
41,Tỉnh Hưng Yên,1577,Huyện Phù Cừ,460329,Xã Minh Tân,27,Tỉnh Hưng Yên,2587,Xã Quang Hưng
41,Tỉnh Hưng Yên,1577,Huyện Phù Cừ,591401,Xã Nguyên Hòa,27,Tỉnh Hưng Yên,3355,Xã Tống Trân
41,Tỉnh Hưng Yên,1577,Huyện Phù Cừ,656937,Xã Nhật Quang,27,Tỉnh Hưng Yên,3099,Xã Tiên Tiến
41,Tỉnh Hưng Yên,1577,Huyện Phù Cừ,722473,Xã Phan Sào Nam,27,Tỉnh Hưng Yên,2843,Xã Đoàn Đào
41,Tỉnh Hưng Yên,1577,Huyện Phù Cừ,788009,Xã Quang Hưng,27,Tỉnh Hưng Yên,2587,Xã Quang Hưng
41,Tỉnh Hưng Yên,1577,Huyện Phù Cừ,853545,Xã Tam Đa,27,Tỉnh Hưng Yên,3355,Xã Tống Trân
41,Tỉnh Hưng Yên,1577,Huyện Phù Cừ,919081,Xã Tiên Tiến,27,Tỉnh Hưng Yên,3099,Xã Tiên Tiến
41,Tỉnh Hưng Yên,1833,Huyện Tiên Lữ,67369,Xã Thiện Phiến,27,Tỉnh Hưng Yên,2075,Xã Tiên Lữ
41,Tỉnh Hưng Yên,1833,Huyện Tiên Lữ,132905,Xã Hưng Đạo,27,Tỉnh Hưng Yên,1819,Xã Hoàng Hoa Thám
41,Tỉnh Hưng Yên,1833,Huyện Tiên Lữ,263977,Xã Lệ Xá,27,Tỉnh Hưng Yên,2331,Xã Tiên Hoa
41,Tỉnh Hưng Yên,1833,Huyện Tiên Lữ,395049,Xã Nhật Tân,27,Tỉnh Hưng Yên,1819,Xã Hoàng Hoa Thám
41,Tỉnh Hưng Yên,1833,Huyện Tiên Lữ,460585,Thị Trấn Vương,27,Tỉnh Hưng Yên,1819,Xã Hoàng Hoa Thám
41,Tỉnh Hưng Yên,1833,Huyện Tiên Lữ,526121,Xã An Viên,27,Tỉnh Hưng Yên,1819,Xã Hoàng Hoa Thám
41,Tỉnh Hưng Yên,1833,Huyện Tiên Lữ,591657,Xã Cương Chính,27,Tỉnh Hưng Yên,2331,Xã Tiên Hoa
41,Tỉnh Hưng Yên,1833,Huyện Tiên Lữ,788265,Xã Hải Thắng,27,Tỉnh Hưng Yên,2075,Xã Tiên Lữ
41,Tỉnh Hưng Yên,1833,Huyện Tiên Lữ,853801,Xã Thủ Sỹ,27,Tỉnh Hưng Yên,1563,Xã Tân Hưng
41,Tỉnh Hưng Yên,1833,Huyện Tiên Lữ,919337,Xã Thụy Lôi,27,Tỉnh Hưng Yên,2075,Xã Tiên Lữ
41,Tỉnh Hưng Yên,1833,Huyện Tiên Lữ,984873,Xã Trung Dũng,27,Tỉnh Hưng Yên,2331,Xã Tiên Hoa
41,Tỉnh Hưng Yên,2089,Huyện Văn Giang,67625,Xã Mễ Sở,27,Tỉnh Hưng Yên,10267,Xã Mễ Sở
41,Tỉnh Hưng Yên,2089,Huyện Văn Giang,133161,Thị Trấn Văn Giang,27,Tỉnh Hưng Yên,10011,Xã Văn Giang
41,Tỉnh Hưng Yên,2089,Huyện Văn Giang,198697,Xã Cửu Cao,27,Tỉnh Hưng Yên,9755,Xã Phụng Công
41,Tỉnh Hưng Yên,2089,Huyện Văn Giang,264233,Xã Liên Nghĩa,27,Tỉnh Hưng Yên,10011,Xã Văn Giang
41,Tỉnh Hưng Yên,2089,Huyện Văn Giang,329769,Xã Long Hưng,27,Tỉnh Hưng Yên,9499,Xã Nghĩa Trụ
41,Tỉnh Hưng Yên,2089,Huyện Văn Giang,395305,Xã Nghĩa Trụ,27,Tỉnh Hưng Yên,9499,Xã Nghĩa Trụ
41,Tỉnh Hưng Yên,2089,Huyện Văn Giang,460841,Xã Phụng Công,27,Tỉnh Hưng Yên,9755,Xã Phụng Công
41,Tỉnh Hưng Yên,2089,Huyện Văn Giang,526377,Xã Tân Tiến,27,Tỉnh Hưng Yên,10011,Xã Văn Giang
41,Tỉnh Hưng Yên,2089,Huyện Văn Giang,591913,Xã Thắng Lợi,27,Tỉnh Hưng Yên,10267,Xã Mễ Sở
41,Tỉnh Hưng Yên,2089,Huyện Văn Giang,657449,Xã Vĩnh Khúc,27,Tỉnh Hưng Yên,9499,Xã Nghĩa Trụ
41,Tỉnh Hưng Yên,2089,Huyện Văn Giang,722985,Xã Xuân Quan,27,Tỉnh Hưng Yên,9755,Xã Phụng Công
41,Tỉnh Hưng Yên,2345,Huyện Văn Lâm,67881,Xã Lạc Hồng,27,Tỉnh Hưng Yên,8731,Xã Như Quỳnh
41,Tỉnh Hưng Yên,2345,Huyện Văn Lâm,133417,Xã Lương Tài,27,Tỉnh Hưng Yên,9243,Xã Đại Đồng
41,Tỉnh Hưng Yên,2345,Huyện Văn Lâm,198953,Xã Minh Hải,27,Tỉnh Hưng Yên,8987,Xã Lạc Đạo
41,Tỉnh Hưng Yên,2345,Huyện Văn Lâm,264489,Xã Tân Quang,27,Tỉnh Hưng Yên,8731,Xã Như Quỳnh
41,Tỉnh Hưng Yên,2345,Huyện Văn Lâm,330025,Xã Trưng Trắc,27,Tỉnh Hưng Yên,8731,Xã Như Quỳnh
41,Tỉnh Hưng Yên,2345,Huyện Văn Lâm,395561,Xã Việt Hưng,27,Tỉnh Hưng Yên,9243,Xã Đại Đồng
41,Tỉnh Hưng Yên,2345,Huyện Văn Lâm,461097,Xã Đình Dù,27,Tỉnh Hưng Yên,8731,Xã Như Quỳnh
41,Tỉnh Hưng Yên,2345,Huyện Văn Lâm,526633,Xã Lạc Đạo,27,Tỉnh Hưng Yên,8987,Xã Lạc Đạo
41,Tỉnh Hưng Yên,2345,Huyện Văn Lâm,592169,Thị Trấn Như Quỳnh,27,Tỉnh Hưng Yên,8731,Xã Như Quỳnh
41,Tỉnh Hưng Yên,2345,Huyện Văn Lâm,657705,Xã Chỉ Đạo,27,Tỉnh Hưng Yên,8987,Xã Lạc Đạo
41,Tỉnh Hưng Yên,2345,Huyện Văn Lâm,723241,Xã Đại Đồng,27,Tỉnh Hưng Yên,9243,Xã Đại Đồng
41,Tỉnh Hưng Yên,2601,Huyện Yên Mỹ,68137,Xã Trung Hòa,27,Tỉnh Hưng Yên,6939,Xã Yên Mỹ
41,Tỉnh Hưng Yên,2601,Huyện Yên Mỹ,133673,Xã Ngọc Long,27,Tỉnh Hưng Yên,7707,Xã Nguyễn Văn Linh
41,Tỉnh Hưng Yên,2601,Huyện Yên Mỹ,199209,Xã Tân Lập,27,Tỉnh Hưng Yên,6939,Xã Yên Mỹ
41,Tỉnh Hưng Yên,2601,Huyện Yên Mỹ,264745,Xã Việt Yên,27,Tỉnh Hưng Yên,7195,Xã Việt Yên
41,Tỉnh Hưng Yên,2601,Huyện Yên Mỹ,330281,Thị Trấn Yên Mỹ,27,Tỉnh Hưng Yên,6939,Xã Yên Mỹ
41,Tỉnh Hưng Yên,2601,Huyện Yên Mỹ,395817,Xã Đồng Than,27,Tỉnh Hưng Yên,7451,Xã Hoàn Long
41,Tỉnh Hưng Yên,2601,Huyện Yên Mỹ,461353,Xã Nguyễn Văn Linh,27,Tỉnh Hưng Yên,7707,Xã Nguyễn Văn Linh
41,Tỉnh Hưng Yên,2601,Huyện Yên Mỹ,526889,Xã Hoàn Long,27,Tỉnh Hưng Yên,7451,Xã Hoàn Long
41,Tỉnh Hưng Yên,2601,Huyện Yên Mỹ,592425,Xã Liêu Xá,27,Tỉnh Hưng Yên,7707,Xã Nguyễn Văn Linh
41,Tỉnh Hưng Yên,2601,Huyện Yên Mỹ,920105,Xã Yên Phú,27,Tỉnh Hưng Yên,7195,Xã Việt Yên
41,Tỉnh Hưng Yên,2601,Huyện Yên Mỹ,985641,Xã Tân Minh,27,Tỉnh Hưng Yên,6939,Xã Yên Mỹ
41,Tỉnh Hưng Yên,2601,Huyện Yên Mỹ,1051177,Xã Thanh Long,27,Tỉnh Hưng Yên,7195,Xã Việt Yên
42,Tỉnh Khánh Hòa,298,Thành Phố Nha Trang,65834,Xã Vĩnh Phương,28,Tỉnh Khánh Hòa,3356,Phường Bắc Nha Trang
42,Tỉnh Khánh Hòa,298,Thành Phố Nha Trang,131370,Xã Vĩnh Thái,28,Tỉnh Khánh Hòa,5916,Phường Nam Nha Trang
42,Tỉnh Khánh Hòa,298,Thành Phố Nha Trang,196906,Xã Vĩnh Thạnh,28,Tỉnh Khánh Hòa,5660,Phường Tây Nha Trang
42,Tỉnh Khánh Hòa,298,Thành Phố Nha Trang,262442,Xã Vĩnh Trung,28,Tỉnh Khánh Hòa,5660,Phường Tây Nha Trang
42,Tỉnh Khánh Hòa,298,Thành Phố Nha Trang,327978,Phường Lộc Thọ,28,Tỉnh Khánh Hòa,3100,Phường Nha Trang
42,Tỉnh Khánh Hòa,298,Thành Phố Nha Trang,393514,Phường Ngọc Hiệp,28,Tỉnh Khánh Hòa,5660,Phường Tây Nha Trang
42,Tỉnh Khánh Hòa,298,Thành Phố Nha Trang,459050,Phường Phước Hải,28,Tỉnh Khánh Hòa,5916,Phường Nam Nha Trang
42,Tỉnh Khánh Hòa,298,Thành Phố Nha Trang,524586,Phường Phước Hòa,28,Tỉnh Khánh Hòa,3100,Phường Nha Trang
42,Tỉnh Khánh Hòa,298,Thành Phố Nha Trang,590122,Phường Phước Long,28,Tỉnh Khánh Hòa,5916,Phường Nam Nha Trang
42,Tỉnh Khánh Hòa,298,Thành Phố Nha Trang,786730,Phường Tân Tiến,28,Tỉnh Khánh Hòa,3100,Phường Nha Trang
42,Tỉnh Khánh Hòa,298,Thành Phố Nha Trang,852266,Phường Phương Sài,28,Tỉnh Khánh Hòa,5660,Phường Tây Nha Trang
42,Tỉnh Khánh Hòa,298,Thành Phố Nha Trang,1114410,Phường Vạn Thạnh,28,Tỉnh Khánh Hòa,3100,Phường Nha Trang
42,Tỉnh Khánh Hòa,298,Thành Phố Nha Trang,1179946,Phường Vĩnh Hải,28,Tỉnh Khánh Hòa,3356,Phường Bắc Nha Trang
42,Tỉnh Khánh Hòa,298,Thành Phố Nha Trang,1245482,Xã Vĩnh Hiệp,28,Tỉnh Khánh Hòa,5660,Phường Tây Nha Trang
42,Tỉnh Khánh Hòa,298,Thành Phố Nha Trang,1311018,Phường Vĩnh Hòa,28,Tỉnh Khánh Hòa,3356,Phường Bắc Nha Trang
42,Tỉnh Khánh Hòa,298,Thành Phố Nha Trang,1376554,Phường Vĩnh Nguyên,28,Tỉnh Khánh Hòa,3100,Phường Nha Trang
42,Tỉnh Khánh Hòa,298,Thành Phố Nha Trang,1442090,Phường Vĩnh Phước,28,Tỉnh Khánh Hòa,3356,Phường Bắc Nha Trang
42,Tỉnh Khánh Hòa,298,Thành Phố Nha Trang,1507626,Phường Vĩnh Thọ,28,Tỉnh Khánh Hòa,3356,Phường Bắc Nha Trang
42,Tỉnh Khánh Hòa,298,Thành Phố Nha Trang,1573162,Phường Vĩnh Trường,28,Tỉnh Khánh Hòa,5916,Phường Nam Nha Trang
42,Tỉnh Khánh Hòa,298,Thành Phố Nha Trang,1638698,Xã Phước Đồng,28,Tỉnh Khánh Hòa,5916,Phường Nam Nha Trang
42,Tỉnh Khánh Hòa,298,Thành Phố Nha Trang,1704234,Xã Vĩnh Lương,28,Tỉnh Khánh Hòa,3356,Phường Bắc Nha Trang
42,Tỉnh Khánh Hòa,298,Thành Phố Nha Trang,1769770,Xã Vĩnh Ngọc,28,Tỉnh Khánh Hòa,5660,Phường Tây Nha Trang
42,Tỉnh Khánh Hòa,554,Thành Phố Cam Ranh,66090,Phường Ba Ngòi,28,Tỉnh Khánh Hòa,6684,Phường Ba Ngòi
42,Tỉnh Khánh Hòa,554,Thành Phố Cam Ranh,131626,Phường Cam Linh,28,Tỉnh Khánh Hòa,6428,Phường Cam Linh
42,Tỉnh Khánh Hòa,554,Thành Phố Cam Ranh,197162,Phường Cam Lộc,28,Tỉnh Khánh Hòa,6172,Phường Cam Ranh
42,Tỉnh Khánh Hòa,554,Thành Phố Cam Ranh,262698,Phường Cam Lợi,28,Tỉnh Khánh Hòa,6428,Phường Cam Linh
42,Tỉnh Khánh Hòa,554,Thành Phố Cam Ranh,328234,Phường Cam Nghĩa,28,Tỉnh Khánh Hòa,2332,Phường Bắc Cam Ranh
42,Tỉnh Khánh Hòa,554,Thành Phố Cam Ranh,393770,Phường Cam Phú,28,Tỉnh Khánh Hòa,6172,Phường Cam Ranh
42,Tỉnh Khánh Hòa,554,Thành Phố Cam Ranh,459306,Phường Cam Phúc Bắc,28,Tỉnh Khánh Hòa,2332,Phường Bắc Cam Ranh
42,Tỉnh Khánh Hòa,554,Thành Phố Cam Ranh,524842,Phường Cam Phúc Nam,28,Tỉnh Khánh Hòa,6172,Phường Cam Ranh
42,Tỉnh Khánh Hòa,554,Thành Phố Cam Ranh,590378,Phường Cam Thuận,28,Tỉnh Khánh Hòa,6428,Phường Cam Linh
42,Tỉnh Khánh Hòa,554,Thành Phố Cam Ranh,655914,Xã Cam Lập,28,Tỉnh Khánh Hòa,2588,Xã Nam Cam Ranh
42,Tỉnh Khánh Hòa,554,Thành Phố Cam Ranh,721450,Xã Cam Phước Đông,28,Tỉnh Khánh Hòa,6684,Phường Ba Ngòi
42,Tỉnh Khánh Hòa,554,Thành Phố Cam Ranh,786986,Xã Cam Thành Nam,28,Tỉnh Khánh Hòa,2332,Phường Bắc Cam Ranh
42,Tỉnh Khánh Hòa,554,Thành Phố Cam Ranh,852522,Xã Cam Thịnh Đông,28,Tỉnh Khánh Hòa,2588,Xã Nam Cam Ranh
42,Tỉnh Khánh Hòa,554,Thành Phố Cam Ranh,918058,Xã Cam Thịnh Tây,28,Tỉnh Khánh Hòa,2588,Xã Nam Cam Ranh
42,Tỉnh Khánh Hòa,554,Thành Phố Cam Ranh,983594,Xã Cam Bình,28,Tỉnh Khánh Hòa,2588,Xã Nam Cam Ranh
42,Tỉnh Khánh Hòa,810,Thị Xã Ninh Hòa,66346,Phường Ninh Hiệp,28,Tỉnh Khánh Hòa,7196,Phường Ninh Hòa
42,Tỉnh Khánh Hòa,810,Thị Xã Ninh Hòa,131882,Xã Ninh An,28,Tỉnh Khánh Hòa,6940,Xã Bắc Ninh Hòa
42,Tỉnh Khánh Hòa,810,Thị Xã Ninh Hòa,197418,Xã Ninh Bình,28,Tỉnh Khánh Hòa,7452,Xã Tân Định
42,Tỉnh Khánh Hòa,810,Thị Xã Ninh Hòa,262954,Phường Ninh Đa,28,Tỉnh Khánh Hòa,7196,Phường Ninh Hòa
42,Tỉnh Khánh Hòa,810,Thị Xã Ninh Hòa,328490,Xã Ninh Xuân,28,Tỉnh Khánh Hòa,7452,Xã Tân Định
42,Tỉnh Khánh Hòa,810,Thị Xã Ninh Hòa,394026,Phường Ninh Hải,28,Tỉnh Khánh Hòa,5148,Phường Đông Ninh Hòa
42,Tỉnh Khánh Hòa,810,Thị Xã Ninh Hòa,459562,Xã Ninh Hưng,28,Tỉnh Khánh Hòa,1052,Xã Nam Ninh Hòa
42,Tỉnh Khánh Hòa,810,Thị Xã Ninh Hòa,525098,Xã Ninh Ích,28,Tỉnh Khánh Hòa,1052,Xã Nam Ninh Hòa
42,Tỉnh Khánh Hòa,810,Thị Xã Ninh Hòa,590634,Xã Ninh Thượng,28,Tỉnh Khánh Hòa,8220,Xã Hòa Trí
42,Tỉnh Khánh Hòa,810,Thị Xã Ninh Hòa,656170,Phường Ninh Thủy,28,Tỉnh Khánh Hòa,5148,Phường Đông Ninh Hòa
42,Tỉnh Khánh Hòa,810,Thị Xã Ninh Hòa,721706,Xã Ninh Trung,28,Tỉnh Khánh Hòa,8220,Xã Hòa Trí
42,Tỉnh Khánh Hòa,810,Thị Xã Ninh Hòa,852778,Phường Ninh Diêm,28,Tỉnh Khánh Hòa,5148,Phường Đông Ninh Hòa
42,Tỉnh Khánh Hòa,810,Thị Xã Ninh Hòa,918314,Xã Ninh Đông,28,Tỉnh Khánh Hòa,7196,Phường Ninh Hòa
42,Tỉnh Khánh Hòa,810,Thị Xã Ninh Hòa,983850,Phường Ninh Giang,28,Tỉnh Khánh Hòa,7708,Phường Hòa Thắng
42,Tỉnh Khánh Hòa,810,Thị Xã Ninh Hòa,1049386,Phường Ninh Hà,28,Tỉnh Khánh Hòa,7708,Phường Hòa Thắng
42,Tỉnh Khánh Hòa,810,Thị Xã Ninh Hòa,1114922,Xã Ninh Phụng,28,Tỉnh Khánh Hòa,7196,Phường Ninh Hòa
42,Tỉnh Khánh Hòa,810,Thị Xã Ninh Hòa,1180458,Xã Ninh Phước,28,Tỉnh Khánh Hòa,5148,Phường Đông Ninh Hòa
42,Tỉnh Khánh Hòa,810,Thị Xã Ninh Hòa,1245994,Xã Ninh Quang,28,Tỉnh Khánh Hòa,7452,Xã Tân Định
42,Tỉnh Khánh Hòa,810,Thị Xã Ninh Hòa,1311530,Xã Ninh Sim,28,Tỉnh Khánh Hòa,7964,Xã Tây Ninh Hòa
42,Tỉnh Khánh Hòa,810,Thị Xã Ninh Hòa,1377066,Xã Ninh Sơn,28,Tỉnh Khánh Hòa,6940,Xã Bắc Ninh Hòa
42,Tỉnh Khánh Hòa,810,Thị Xã Ninh Hòa,1442602,Xã Ninh Tân,28,Tỉnh Khánh Hòa,1052,Xã Nam Ninh Hòa
42,Tỉnh Khánh Hòa,810,Thị Xã Ninh Hòa,1508138,Xã Ninh Lộc,28,Tỉnh Khánh Hòa,1052,Xã Nam Ninh Hòa
42,Tỉnh Khánh Hòa,810,Thị Xã Ninh Hòa,1573674,Xã Ninh Phú,28,Tỉnh Khánh Hòa,7708,Phường Hòa Thắng
42,Tỉnh Khánh Hòa,810,Thị Xã Ninh Hòa,1639210,Xã Ninh Tây,28,Tỉnh Khánh Hòa,7964,Xã Tây Ninh Hòa
42,Tỉnh Khánh Hòa,810,Thị Xã Ninh Hòa,1704746,Xã Ninh Thân,28,Tỉnh Khánh Hòa,8220,Xã Hòa Trí
42,Tỉnh Khánh Hòa,810,Thị Xã Ninh Hòa,1770282,Xã Ninh Thọ,28,Tỉnh Khánh Hòa,6940,Xã Bắc Ninh Hòa
42,Tỉnh Khánh Hòa,1066,Huyện Cam Lâm,66602,Thị Trấn Cam Đức,28,Tỉnh Khánh Hòa,4124,Xã Cam Lâm
42,Tỉnh Khánh Hòa,1066,Huyện Cam Lâm,132138,Xã Cam An Bắc,28,Tỉnh Khánh Hòa,4380,Xã Cam An
42,Tỉnh Khánh Hòa,1066,Huyện Cam Lâm,197674,Xã Cam An Nam,28,Tỉnh Khánh Hòa,4124,Xã Cam Lâm
42,Tỉnh Khánh Hòa,1066,Huyện Cam Lâm,197674,Xã Cam An Nam,28,Tỉnh Khánh Hòa,4380,Xã Cam An
42,Tỉnh Khánh Hòa,1066,Huyện Cam Lâm,263210,Xã Cam Hải Đông,28,Tỉnh Khánh Hòa,4124,Xã Cam Lâm
42,Tỉnh Khánh Hòa,1066,Huyện Cam Lâm,328746,Xã Cam Hải Tây,28,Tỉnh Khánh Hòa,4124,Xã Cam Lâm
42,Tỉnh Khánh Hòa,1066,Huyện Cam Lâm,394282,Xã Cam Hiệp Bắc,28,Tỉnh Khánh Hòa,4636,Xã Cam Hiệp
42,Tỉnh Khánh Hòa,1066,Huyện Cam Lâm,459818,Xã Cam Hiệp Nam,28,Tỉnh Khánh Hòa,4124,Xã Cam Lâm
42,Tỉnh Khánh Hòa,1066,Huyện Cam Lâm,459818,Xã Cam Hiệp Nam,28,Tỉnh Khánh Hòa,4636,Xã Cam Hiệp
42,Tỉnh Khánh Hòa,1066,Huyện Cam Lâm,525354,Xã Cam Hòa,28,Tỉnh Khánh Hòa,4124,Xã Cam Lâm
42,Tỉnh Khánh Hòa,1066,Huyện Cam Lâm,525354,Xã Cam Hòa,28,Tỉnh Khánh Hòa,4892,Xã Suối Dầu
42,Tỉnh Khánh Hòa,1066,Huyện Cam Lâm,590890,Xã Cam Phước Tây,28,Tỉnh Khánh Hòa,4380,Xã Cam An
42,Tỉnh Khánh Hòa,1066,Huyện Cam Lâm,656426,Xã Cam Tân,28,Tỉnh Khánh Hòa,4124,Xã Cam Lâm
42,Tỉnh Khánh Hòa,1066,Huyện Cam Lâm,656426,Xã Cam Tân,28,Tỉnh Khánh Hòa,4636,Xã Cam Hiệp
42,Tỉnh Khánh Hòa,1066,Huyện Cam Lâm,656426,Xã Cam Tân,28,Tỉnh Khánh Hòa,4892,Xã Suối Dầu
42,Tỉnh Khánh Hòa,1066,Huyện Cam Lâm,721962,Xã Cam Thành Bắc,28,Tỉnh Khánh Hòa,4124,Xã Cam Lâm
42,Tỉnh Khánh Hòa,1066,Huyện Cam Lâm,787498,Xã Sơn Tân,28,Tỉnh Khánh Hòa,4636,Xã Cam Hiệp
42,Tỉnh Khánh Hòa,1066,Huyện Cam Lâm,853034,Xã Suối Cát,28,Tỉnh Khánh Hòa,4636,Xã Cam Hiệp
42,Tỉnh Khánh Hòa,1066,Huyện Cam Lâm,853034,Xã Suối Cát,28,Tỉnh Khánh Hòa,4892,Xã Suối Dầu
42,Tỉnh Khánh Hòa,1066,Huyện Cam Lâm,918570,Xã Suối Tân,28,Tỉnh Khánh Hòa,4124,Xã Cam Lâm
42,Tỉnh Khánh Hòa,1066,Huyện Cam Lâm,918570,Xã Suối Tân,28,Tỉnh Khánh Hòa,4636,Xã Cam Hiệp
42,Tỉnh Khánh Hòa,1066,Huyện Cam Lâm,918570,Xã Suối Tân,28,Tỉnh Khánh Hòa,4892,Xã Suối Dầu
42,Tỉnh Khánh Hòa,1322,Huyện Diên Khánh,66858,Xã Xuân Đồng,28,Tỉnh Khánh Hòa,9500,Xã Diên Lâm
42,Tỉnh Khánh Hòa,1322,Huyện Diên Khánh,197930,Xã Diên Hòa,28,Tỉnh Khánh Hòa,8988,Xã Diên Lạc
42,Tỉnh Khánh Hòa,1322,Huyện Diên Khánh,263466,Xã Diên Lạc,28,Tỉnh Khánh Hòa,8988,Xã Diên Lạc
42,Tỉnh Khánh Hòa,1322,Huyện Diên Khánh,329002,Xã Diên Lâm,28,Tỉnh Khánh Hòa,9500,Xã Diên Lâm
42,Tỉnh Khánh Hòa,1322,Huyện Diên Khánh,394538,Xã Diên Phú,28,Tỉnh Khánh Hòa,9244,Xã Diên Điền
42,Tỉnh Khánh Hòa,1322,Huyện Diên Khánh,460074,Xã Diên Phước,28,Tỉnh Khánh Hòa,9756,Xã Diên Thọ
42,Tỉnh Khánh Hòa,1322,Huyện Diên Khánh,525610,Xã Diên Sơn,28,Tỉnh Khánh Hòa,9244,Xã Diên Điền
42,Tỉnh Khánh Hòa,1322,Huyện Diên Khánh,591146,Xã Diên Thọ,28,Tỉnh Khánh Hòa,9756,Xã Diên Thọ
42,Tỉnh Khánh Hòa,1322,Huyện Diên Khánh,656682,Xã Diên Toàn,28,Tỉnh Khánh Hòa,8732,Xã Diên Khánh
42,Tỉnh Khánh Hòa,1322,Huyện Diên Khánh,722218,Xã Suối Hiệp,28,Tỉnh Khánh Hòa,10012,Xã Suối Hiệp
42,Tỉnh Khánh Hòa,1322,Huyện Diên Khánh,787754,Xã Suối Tiên,28,Tỉnh Khánh Hòa,10012,Xã Suối Hiệp
42,Tỉnh Khánh Hòa,1322,Huyện Diên Khánh,853290,Xã Diên Tân,28,Tỉnh Khánh Hòa,9756,Xã Diên Thọ
42,Tỉnh Khánh Hòa,1322,Huyện Diên Khánh,918826,Xã Diên Thạnh,28,Tỉnh Khánh Hòa,8988,Xã Diên Lạc
42,Tỉnh Khánh Hòa,1322,Huyện Diên Khánh,984362,Thị Trấn Diên Khánh,28,Tỉnh Khánh Hòa,8732,Xã Diên Khánh
42,Tỉnh Khánh Hòa,1322,Huyện Diên Khánh,1049898,Xã Diên An,28,Tỉnh Khánh Hòa,8732,Xã Diên Khánh
42,Tỉnh Khánh Hòa,1322,Huyện Diên Khánh,1115434,Xã Diên Điền,28,Tỉnh Khánh Hòa,9244,Xã Diên Điền
42,Tỉnh Khánh Hòa,1322,Huyện Diên Khánh,1180970,Xã Bình Lộc,28,Tỉnh Khánh Hòa,10012,Xã Suối Hiệp
42,Tỉnh Khánh Hòa,1578,Huyện Khánh Sơn,67114,Thị Trấn Tô Hạp,28,Tỉnh Khánh Hòa,11548,Xã Khánh Sơn
42,Tỉnh Khánh Hòa,1578,Huyện Khánh Sơn,132650,Xã Ba Cụm Bắc,28,Tỉnh Khánh Hòa,12060,Xã Đông Khánh Sơn
42,Tỉnh Khánh Hòa,1578,Huyện Khánh Sơn,198186,Xã Ba Cụm Nam,28,Tỉnh Khánh Hòa,12060,Xã Đông Khánh Sơn
42,Tỉnh Khánh Hòa,1578,Huyện Khánh Sơn,263722,Xã Sơn Bình,28,Tỉnh Khánh Hòa,11548,Xã Khánh Sơn
42,Tỉnh Khánh Hòa,1578,Huyện Khánh Sơn,329258,Xã Sơn Hiệp,28,Tỉnh Khánh Hòa,11548,Xã Khánh Sơn
42,Tỉnh Khánh Hòa,1578,Huyện Khánh Sơn,394794,Xã Sơn Lâm,28,Tỉnh Khánh Hòa,11804,Xã Tây Khánh Sơn
42,Tỉnh Khánh Hòa,1578,Huyện Khánh Sơn,460330,Xã Sơn Trung,28,Tỉnh Khánh Hòa,12060,Xã Đông Khánh Sơn
42,Tỉnh Khánh Hòa,1578,Huyện Khánh Sơn,525866,Xã Thành Sơn,28,Tỉnh Khánh Hòa,11804,Xã Tây Khánh Sơn
42,Tỉnh Khánh Hòa,1834,Huyện Khánh Vĩnh,67370,Thị Trấn Khánh Vĩnh,28,Tỉnh Khánh Hòa,11292,Xã Khánh Vĩnh
42,Tỉnh Khánh Hòa,1834,Huyện Khánh Vĩnh,132906,Xã Cầu Bà,28,Tỉnh Khánh Hòa,11036,Xã Nam Khánh Vĩnh
42,Tỉnh Khánh Hòa,1834,Huyện Khánh Vĩnh,198442,Xã Giang Ly,28,Tỉnh Khánh Hòa,10780,Xã Tây Khánh Vĩnh
42,Tỉnh Khánh Hòa,1834,Huyện Khánh Vĩnh,263978,Xã Khánh Bình,28,Tỉnh Khánh Hòa,10268,Xã Bắc Khánh Vĩnh
42,Tỉnh Khánh Hòa,1834,Huyện Khánh Vĩnh,329514,Xã Khánh Đông,28,Tỉnh Khánh Hòa,10268,Xã Bắc Khánh Vĩnh
42,Tỉnh Khánh Hòa,1834,Huyện Khánh Vĩnh,395050,Xã Khánh Hiệp,28,Tỉnh Khánh Hòa,10524,Xã Trung Khánh Vĩnh
42,Tỉnh Khánh Hòa,1834,Huyện Khánh Vĩnh,460586,Xã Khánh Nam,28,Tỉnh Khánh Hòa,10780,Xã Tây Khánh Vĩnh
42,Tỉnh Khánh Hòa,1834,Huyện Khánh Vĩnh,526122,Xã Khánh Phú,28,Tỉnh Khánh Hòa,11292,Xã Khánh Vĩnh
42,Tỉnh Khánh Hòa,1834,Huyện Khánh Vĩnh,591658,Xã Khánh Thành,28,Tỉnh Khánh Hòa,11036,Xã Nam Khánh Vĩnh
42,Tỉnh Khánh Hòa,1834,Huyện Khánh Vĩnh,657194,Xã Khánh Thượng,28,Tỉnh Khánh Hòa,10780,Xã Tây Khánh Vĩnh
42,Tỉnh Khánh Hòa,1834,Huyện Khánh Vĩnh,722730,Xã Khánh Trung,28,Tỉnh Khánh Hòa,10524,Xã Trung Khánh Vĩnh
42,Tỉnh Khánh Hòa,1834,Huyện Khánh Vĩnh,788266,Xã Liên Sang,28,Tỉnh Khánh Hòa,11036,Xã Nam Khánh Vĩnh
42,Tỉnh Khánh Hòa,1834,Huyện Khánh Vĩnh,853802,Xã Sơn Thái,28,Tỉnh Khánh Hòa,11036,Xã Nam Khánh Vĩnh
42,Tỉnh Khánh Hòa,1834,Huyện Khánh Vĩnh,919338,Xã Sông Cầu,28,Tỉnh Khánh Hòa,11292,Xã Khánh Vĩnh
42,Tỉnh Khánh Hòa,2090,Huyện Trường Sa,67626,Thị Trấn Trường Sa,28,Tỉnh Khánh Hòa,5404,Đặc Khu Trường Sa
42,Tỉnh Khánh Hòa,2090,Huyện Trường Sa,133162,Xã Song Tử Tây,28,Tỉnh Khánh Hòa,5404,Đặc Khu Trường Sa
42,Tỉnh Khánh Hòa,2090,Huyện Trường Sa,198698,Xã Sinh Tồn,28,Tỉnh Khánh Hòa,5404,Đặc Khu Trường Sa
42,Tỉnh Khánh Hòa,2346,Huyện Vạn Ninh,67882,Xã Vạn Thạnh,28,Tỉnh Khánh Hòa,2076,Xã Đại Lãnh
42,Tỉnh Khánh Hòa,2346,Huyện Vạn Ninh,133418,Xã Đại Lãnh,28,Tỉnh Khánh Hòa,2076,Xã Đại Lãnh
42,Tỉnh Khánh Hòa,2346,Huyện Vạn Ninh,198954,Xã Vạn Bình,28,Tỉnh Khánh Hòa,1820,Xã Vạn Thắng
42,Tỉnh Khánh Hòa,2346,Huyện Vạn Ninh,264490,Xã Vạn Hưng,28,Tỉnh Khánh Hòa,1308,Xã Vạn Hưng
42,Tỉnh Khánh Hòa,2346,Huyện Vạn Ninh,330026,Xã Vạn Khánh,28,Tỉnh Khánh Hòa,1564,Xã Tu Bông
42,Tỉnh Khánh Hòa,2346,Huyện Vạn Ninh,395562,Xã Vạn Long,28,Tỉnh Khánh Hòa,1564,Xã Tu Bông
42,Tỉnh Khánh Hòa,2346,Huyện Vạn Ninh,461098,Xã Xuân Sơn,28,Tỉnh Khánh Hòa,1308,Xã Vạn Hưng
42,Tỉnh Khánh Hòa,2346,Huyện Vạn Ninh,526634,Xã Vạn Lương,28,Tỉnh Khánh Hòa,8476,Xã Vạn Ninh
42,Tỉnh Khánh Hòa,2346,Huyện Vạn Ninh,592170,Xã Vạn Phú,28,Tỉnh Khánh Hòa,8476,Xã Vạn Ninh
42,Tỉnh Khánh Hòa,2346,Huyện Vạn Ninh,657706,Xã Vạn Phước,28,Tỉnh Khánh Hòa,1564,Xã Tu Bông
42,Tỉnh Khánh Hòa,2346,Huyện Vạn Ninh,723242,Xã Vạn Thắng,28,Tỉnh Khánh Hòa,1820,Xã Vạn Thắng
42,Tỉnh Khánh Hòa,2346,Huyện Vạn Ninh,788778,Xã Vạn Thọ,28,Tỉnh Khánh Hòa,2076,Xã Đại Lãnh
42,Tỉnh Khánh Hòa,2346,Huyện Vạn Ninh,854314,Thị Trấn Vạn Giã,28,Tỉnh Khánh Hòa,8476,Xã Vạn Ninh
43,Tỉnh Kiên Giang,299,Thành Phố Rạch Giá,65835,Phường An Bình,17,Tỉnh An Giang,16145,Phường Rạch Giá
43,Tỉnh Kiên Giang,299,Thành Phố Rạch Giá,131371,Phường An Hòa,17,Tỉnh An Giang,16145,Phường Rạch Giá
43,Tỉnh Kiên Giang,299,Thành Phố Rạch Giá,196907,Phường Rạch Sỏi,17,Tỉnh An Giang,16145,Phường Rạch Giá
43,Tỉnh Kiên Giang,299,Thành Phố Rạch Giá,327979,Phường Vĩnh Hiệp,17,Tỉnh An Giang,16145,Phường Rạch Giá
43,Tỉnh Kiên Giang,299,Thành Phố Rạch Giá,393515,Phường Vĩnh Lạc,17,Tỉnh An Giang,16145,Phường Rạch Giá
43,Tỉnh Kiên Giang,299,Thành Phố Rạch Giá,459051,Phường Vĩnh Lợi,17,Tỉnh An Giang,16145,Phường Rạch Giá
43,Tỉnh Kiên Giang,299,Thành Phố Rạch Giá,524587,Phường Vĩnh Quang,17,Tỉnh An Giang,16145,Phường Rạch Giá
43,Tỉnh Kiên Giang,299,Thành Phố Rạch Giá,590123,Phường Vĩnh Thanh,17,Tỉnh An Giang,16145,Phường Rạch Giá
43,Tỉnh Kiên Giang,299,Thành Phố Rạch Giá,655659,Phường Vĩnh Thanh Vân,17,Tỉnh An Giang,16145,Phường Rạch Giá
43,Tỉnh Kiên Giang,299,Thành Phố Rạch Giá,721195,Phường Vĩnh Thông,17,Tỉnh An Giang,1041,Phường Vĩnh Thông
43,Tỉnh Kiên Giang,299,Thành Phố Rạch Giá,786731,Xã Phi Thông,17,Tỉnh An Giang,1041,Phường Vĩnh Thông
43,Tỉnh Kiên Giang,555,Thành Phố Hà Tiên,66091,Xã Tiên Hải,17,Tỉnh An Giang,3345,Xã Tiên Hải
43,Tỉnh Kiên Giang,555,Thành Phố Hà Tiên,131627,Phường Bình San,17,Tỉnh An Giang,16401,Phường Hà Tiên
43,Tỉnh Kiên Giang,555,Thành Phố Hà Tiên,197163,Phường Đông Hồ,17,Tỉnh An Giang,16401,Phường Hà Tiên
43,Tỉnh Kiên Giang,555,Thành Phố Hà Tiên,262699,Phường Pháo Đài,17,Tỉnh An Giang,16401,Phường Hà Tiên
43,Tỉnh Kiên Giang,555,Thành Phố Hà Tiên,328235,Phường Tô Châu,17,Tỉnh An Giang,16657,Phường Tô Châu
43,Tỉnh Kiên Giang,555,Thành Phố Hà Tiên,393771,Phường Mỹ Đức,17,Tỉnh An Giang,16401,Phường Hà Tiên
43,Tỉnh Kiên Giang,555,Thành Phố Hà Tiên,459307,Xã Thuận Yên,17,Tỉnh An Giang,16657,Phường Tô Châu
43,Tỉnh Kiên Giang,811,Huyện An Biên,66347,Thị Trấn Thứ Ba,17,Tỉnh An Giang,22801,Xã An Biên
43,Tỉnh Kiên Giang,811,Huyện An Biên,131883,Xã Đông Thái,17,Tỉnh An Giang,22545,Xã Đông Thái
43,Tỉnh Kiên Giang,811,Huyện An Biên,197419,Xã Đông Yên,17,Tỉnh An Giang,22801,Xã An Biên
43,Tỉnh Kiên Giang,811,Huyện An Biên,262955,Xã Hưng Yên,17,Tỉnh An Giang,22801,Xã An Biên
43,Tỉnh Kiên Giang,811,Huyện An Biên,328491,Xã Nam Thái,17,Tỉnh An Giang,22545,Xã Đông Thái
43,Tỉnh Kiên Giang,811,Huyện An Biên,394027,Xã Nam Thái A,17,Tỉnh An Giang,22545,Xã Đông Thái
43,Tỉnh Kiên Giang,811,Huyện An Biên,459563,Xã Nam Yên,17,Tỉnh An Giang,22289,Xã Tây Yên
43,Tỉnh Kiên Giang,811,Huyện An Biên,525099,Xã Tây Yên,17,Tỉnh An Giang,22289,Xã Tây Yên
43,Tỉnh Kiên Giang,811,Huyện An Biên,590635,Xã Tây Yên A,17,Tỉnh An Giang,22289,Xã Tây Yên
43,Tỉnh Kiên Giang,1067,Huyện An Minh,66603,Xã Vân Khánh Đông,17,Tỉnh An Giang,23569,Xã Đông Hưng
43,Tỉnh Kiên Giang,1067,Huyện An Minh,132139,Xã Đông Hưng A,17,Tỉnh An Giang,23569,Xã Đông Hưng
43,Tỉnh Kiên Giang,1067,Huyện An Minh,197675,Xã Tân Thạnh,17,Tỉnh An Giang,23313,Xã Tân Thạnh
43,Tỉnh Kiên Giang,1067,Huyện An Minh,263211,Xã Thuận Hòa,17,Tỉnh An Giang,23313,Xã Tân Thạnh
43,Tỉnh Kiên Giang,1067,Huyện An Minh,328747,Xã Vân Khánh Tây,17,Tỉnh An Giang,24081,Xã Vân Khánh
43,Tỉnh Kiên Giang,1067,Huyện An Minh,394283,Thị Trấn Thứ Mười Một,17,Tỉnh An Giang,23825,Xã An Minh
43,Tỉnh Kiên Giang,1067,Huyện An Minh,459819,Xã Đông Hòa,17,Tỉnh An Giang,23057,Xã Đông Hòa
43,Tỉnh Kiên Giang,1067,Huyện An Minh,525355,Xã Đông Hưng B,17,Tỉnh An Giang,23825,Xã An Minh
43,Tỉnh Kiên Giang,1067,Huyện An Minh,590891,Xã Đông Thạnh,17,Tỉnh An Giang,23057,Xã Đông Hòa
43,Tỉnh Kiên Giang,1067,Huyện An Minh,656427,Xã Vân Khánh,17,Tỉnh An Giang,24081,Xã Vân Khánh
43,Tỉnh Kiên Giang,1067,Huyện An Minh,721963,Xã Đông Hưng,17,Tỉnh An Giang,23825,Xã An Minh
43,Tỉnh Kiên Giang,1323,Huyện Châu Thành,66859,Xã Vĩnh Hòa Hiệp,17,Tỉnh An Giang,18705,Xã Bình An
43,Tỉnh Kiên Giang,1323,Huyện Châu Thành,132395,Xã Vĩnh Hòa Phú,17,Tỉnh An Giang,18705,Xã Bình An
43,Tỉnh Kiên Giang,1323,Huyện Châu Thành,197931,Xã Thạnh Lộc,17,Tỉnh An Giang,18193,Xã Thạnh Lộc
43,Tỉnh Kiên Giang,1323,Huyện Châu Thành,263467,Thị Trấn Minh Lương,17,Tỉnh An Giang,18449,Xã Châu Thành
43,Tỉnh Kiên Giang,1323,Huyện Châu Thành,329003,Xã Bình An,17,Tỉnh An Giang,18705,Xã Bình An
43,Tỉnh Kiên Giang,1323,Huyện Châu Thành,394539,Xã Giục Tượng,17,Tỉnh An Giang,18449,Xã Châu Thành
43,Tỉnh Kiên Giang,1323,Huyện Châu Thành,460075,Xã Minh Hòa,17,Tỉnh An Giang,18449,Xã Châu Thành
43,Tỉnh Kiên Giang,1323,Huyện Châu Thành,525611,Xã Mong Thọ,17,Tỉnh An Giang,18193,Xã Thạnh Lộc
43,Tỉnh Kiên Giang,1323,Huyện Châu Thành,591147,Xã Mong Thọ A,17,Tỉnh An Giang,18193,Xã Thạnh Lộc
43,Tỉnh Kiên Giang,1323,Huyện Châu Thành,656683,Xã Mong Thọ B,17,Tỉnh An Giang,18193,Xã Thạnh Lộc
43,Tỉnh Kiên Giang,1579,Huyện Giồng Riềng,67115,Xã Vĩnh Thạnh,17,Tỉnh An Giang,20241,Xã Long Thạnh
43,Tỉnh Kiên Giang,1579,Huyện Giồng Riềng,132651,Xã Long Thạnh,17,Tỉnh An Giang,20241,Xã Long Thạnh
43,Tỉnh Kiên Giang,1579,Huyện Giồng Riềng,198187,Xã Thạnh Hòa,17,Tỉnh An Giang,19729,Xã Giồng Riềng
43,Tỉnh Kiên Giang,1579,Huyện Giồng Riềng,263723,Xã Vĩnh Phú,17,Tỉnh An Giang,20241,Xã Long Thạnh
43,Tỉnh Kiên Giang,1579,Huyện Giồng Riềng,329259,Xã Bàn Thạch,17,Tỉnh An Giang,19729,Xã Giồng Riềng
43,Tỉnh Kiên Giang,1579,Huyện Giồng Riềng,394795,Xã Hòa An,17,Tỉnh An Giang,20497,Xã Hòa Hưng
43,Tỉnh Kiên Giang,1579,Huyện Giồng Riềng,460331,Xã Ngọc Thuận,17,Tỉnh An Giang,20753,Xã Ngọc Chúc
43,Tỉnh Kiên Giang,1579,Huyện Giồng Riềng,525867,Xã Thạnh Phước,17,Tỉnh An Giang,19985,Xã Thạnh Hưng
43,Tỉnh Kiên Giang,1579,Huyện Giồng Riềng,591403,Xã Hòa Hưng,17,Tỉnh An Giang,20497,Xã Hòa Hưng
43,Tỉnh Kiên Giang,1579,Huyện Giồng Riềng,656939,Xã Hòa Lợi,17,Tỉnh An Giang,20497,Xã Hòa Hưng
43,Tỉnh Kiên Giang,1579,Huyện Giồng Riềng,722475,Thị Trấn Giồng Riềng,17,Tỉnh An Giang,19729,Xã Giồng Riềng
43,Tỉnh Kiên Giang,1579,Huyện Giồng Riềng,788011,Xã Bàn Tân Định,17,Tỉnh An Giang,19729,Xã Giồng Riềng
43,Tỉnh Kiên Giang,1579,Huyện Giồng Riềng,853547,Xã Hòa Thuận,17,Tỉnh An Giang,21009,Xã Hòa Thuận
43,Tỉnh Kiên Giang,1579,Huyện Giồng Riềng,919083,Xã Ngọc Chúc,17,Tỉnh An Giang,20753,Xã Ngọc Chúc
43,Tỉnh Kiên Giang,1579,Huyện Giồng Riềng,984619,Xã Ngọc Hòa,17,Tỉnh An Giang,21009,Xã Hòa Thuận
43,Tỉnh Kiên Giang,1579,Huyện Giồng Riềng,1050155,Xã Ngọc Thành,17,Tỉnh An Giang,20753,Xã Ngọc Chúc
43,Tỉnh Kiên Giang,1579,Huyện Giồng Riềng,1115691,Xã Thạnh Bình,17,Tỉnh An Giang,19729,Xã Giồng Riềng
43,Tỉnh Kiên Giang,1579,Huyện Giồng Riềng,1181227,Xã Thạnh Hưng,17,Tỉnh An Giang,19985,Xã Thạnh Hưng
43,Tỉnh Kiên Giang,1579,Huyện Giồng Riềng,1246763,Xã Thạnh Lộc,17,Tỉnh An Giang,19985,Xã Thạnh Hưng
43,Tỉnh Kiên Giang,1835,Huyện Gò Quao,67371,Xã Vĩnh Hòa Hưng Bắc,17,Tỉnh An Giang,21777,Xã Vĩnh Hòa Hưng
43,Tỉnh Kiên Giang,1835,Huyện Gò Quao,132907,Xã Vĩnh Hòa Hưng Nam,17,Tỉnh An Giang,21777,Xã Vĩnh Hòa Hưng
43,Tỉnh Kiên Giang,1835,Huyện Gò Quao,198443,Xã Vĩnh Phước A,17,Tỉnh An Giang,22033,Xã Vĩnh Tuy
43,Tỉnh Kiên Giang,1835,Huyện Gò Quao,263979,Xã Vĩnh Thắng,17,Tỉnh An Giang,22033,Xã Vĩnh Tuy
43,Tỉnh Kiên Giang,1835,Huyện Gò Quao,329515,Xã Vĩnh Tuy,17,Tỉnh An Giang,22033,Xã Vĩnh Tuy
43,Tỉnh Kiên Giang,1835,Huyện Gò Quao,395051,Xã Định Hòa,17,Tỉnh An Giang,21265,Xã Định Hòa
43,Tỉnh Kiên Giang,1835,Huyện Gò Quao,460587,Xã Thới Quản,17,Tỉnh An Giang,21265,Xã Định Hòa
43,Tỉnh Kiên Giang,1835,Huyện Gò Quao,526123,Thị Trấn Gò Quao,17,Tỉnh An Giang,21521,Xã Gò Quao
43,Tỉnh Kiên Giang,1835,Huyện Gò Quao,591659,Xã Định An,17,Tỉnh An Giang,21521,Xã Gò Quao
43,Tỉnh Kiên Giang,1835,Huyện Gò Quao,657195,Xã Thủy Liễu,17,Tỉnh An Giang,21265,Xã Định Hòa
43,Tỉnh Kiên Giang,1835,Huyện Gò Quao,722731,Xã Vĩnh Phước B,17,Tỉnh An Giang,21521,Xã Gò Quao
43,Tỉnh Kiên Giang,2091,Huyện Hòn Đất,67627,Xã Mỹ Phước,17,Tỉnh An Giang,17937,Xã Mỹ Thuận
43,Tỉnh Kiên Giang,2091,Huyện Hòn Đất,133163,Xã Mỹ Thái,17,Tỉnh An Giang,17681,Xã Sơn Kiên
43,Tỉnh Kiên Giang,2091,Huyện Hòn Đất,198699,Xã Sơn Kiên,17,Tỉnh An Giang,17681,Xã Sơn Kiên
43,Tỉnh Kiên Giang,2091,Huyện Hòn Đất,264235,Xã Thổ Sơn,17,Tỉnh An Giang,17425,Xã Hòn Đất
43,Tỉnh Kiên Giang,2091,Huyện Hòn Đất,329771,Thị Trấn Hòn Đất,17,Tỉnh An Giang,17425,Xã Hòn Đất
43,Tỉnh Kiên Giang,2091,Huyện Hòn Đất,395307,Thị Trấn Sóc Sơn,17,Tỉnh An Giang,17937,Xã Mỹ Thuận
43,Tỉnh Kiên Giang,2091,Huyện Hòn Đất,460843,Xã Bình Giang,17,Tỉnh An Giang,2065,Xã Bình Giang
43,Tỉnh Kiên Giang,2091,Huyện Hòn Đất,526379,Xã Bình Sơn,17,Tỉnh An Giang,2321,Xã Bình Sơn
43,Tỉnh Kiên Giang,2091,Huyện Hòn Đất,591915,Xã Lình Huỳnh,17,Tỉnh An Giang,17425,Xã Hòn Đất
43,Tỉnh Kiên Giang,2091,Huyện Hòn Đất,657451,Xã Mỹ Hiệp Sơn,17,Tỉnh An Giang,17937,Xã Mỹ Thuận
43,Tỉnh Kiên Giang,2091,Huyện Hòn Đất,722987,Xã Mỹ Lâm,17,Tỉnh An Giang,1041,Phường Vĩnh Thông
43,Tỉnh Kiên Giang,2091,Huyện Hòn Đất,788523,Xã Mỹ Thuận,17,Tỉnh An Giang,17937,Xã Mỹ Thuận
43,Tỉnh Kiên Giang,2091,Huyện Hòn Đất,854059,Xã Nam Thái Sơn,17,Tỉnh An Giang,17425,Xã Hòn Đất
43,Tỉnh Kiên Giang,2091,Huyện Hòn Đất,919595,Xã Sơn Bình,17,Tỉnh An Giang,17681,Xã Sơn Kiên
43,Tỉnh Kiên Giang,2347,Huyện Kiên Lương,67883,Xã Hòn Nghệ,17,Tỉnh An Giang,273,Xã Hòn Nghệ
43,Tỉnh Kiên Giang,2347,Huyện Kiên Lương,133419,Xã Sơn Hải,17,Tỉnh An Giang,529,Xã Sơn Hải
43,Tỉnh Kiên Giang,2347,Huyện Kiên Lương,198955,Thị Trấn Kiên Lương,17,Tỉnh An Giang,26129,Xã Kiên Lương
43,Tỉnh Kiên Giang,2347,Huyện Kiên Lương,264491,Xã Bình An,17,Tỉnh An Giang,26129,Xã Kiên Lương
43,Tỉnh Kiên Giang,2347,Huyện Kiên Lương,330027,Xã Bình Trị,17,Tỉnh An Giang,26129,Xã Kiên Lương
43,Tỉnh Kiên Giang,2347,Huyện Kiên Lương,395563,Xã Dương Hòa,17,Tỉnh An Giang,16657,Phường Tô Châu
43,Tỉnh Kiên Giang,2347,Huyện Kiên Lương,461099,Xã Hòa Điền,17,Tỉnh An Giang,785,Xã Hòa Điền
43,Tỉnh Kiên Giang,2347,Huyện Kiên Lương,526635,Xã Kiên Bình,17,Tỉnh An Giang,785,Xã Hòa Điền
43,Tỉnh Kiên Giang,2603,Huyện Kiên Hải,68139,Xã Hòn Tre,17,Tỉnh An Giang,25873,Đặc Khu Kiên Hải
43,Tỉnh Kiên Giang,2603,Huyện Kiên Hải,133675,Xã Lại Sơn,17,Tỉnh An Giang,25873,Đặc Khu Kiên Hải
43,Tỉnh Kiên Giang,2603,Huyện Kiên Hải,199211,Xã An Sơn,17,Tỉnh An Giang,25873,Đặc Khu Kiên Hải
43,Tỉnh Kiên Giang,2603,Huyện Kiên Hải,264747,Xã Nam Du,17,Tỉnh An Giang,25873,Đặc Khu Kiên Hải
43,Tỉnh Kiên Giang,2859,Thành Phố Phú Quốc,68395,Xã Thổ Châu,17,Tỉnh An Giang,15889,Đặc Khu Thổ Châu
43,Tỉnh Kiên Giang,2859,Thành Phố Phú Quốc,133931,Xã Dương Tơ,17,Tỉnh An Giang,25617,Đặc Khu Phú Quốc
43,Tỉnh Kiên Giang,2859,Thành Phố Phú Quốc,199467,Phường An Thới,17,Tỉnh An Giang,25617,Đặc Khu Phú Quốc
43,Tỉnh Kiên Giang,2859,Thành Phố Phú Quốc,265003,Phường Dương Đông,17,Tỉnh An Giang,25617,Đặc Khu Phú Quốc
43,Tỉnh Kiên Giang,2859,Thành Phố Phú Quốc,330539,Xã Bãi Thơm,17,Tỉnh An Giang,25617,Đặc Khu Phú Quốc
43,Tỉnh Kiên Giang,2859,Thành Phố Phú Quốc,396075,Xã Cửa Cạn,17,Tỉnh An Giang,25617,Đặc Khu Phú Quốc
43,Tỉnh Kiên Giang,2859,Thành Phố Phú Quốc,461611,Xã Cửa Dương,17,Tỉnh An Giang,25617,Đặc Khu Phú Quốc
43,Tỉnh Kiên Giang,2859,Thành Phố Phú Quốc,527147,Xã Gành Dầu,17,Tỉnh An Giang,25617,Đặc Khu Phú Quốc
43,Tỉnh Kiên Giang,2859,Thành Phố Phú Quốc,592683,Xã Hàm Ninh,17,Tỉnh An Giang,25617,Đặc Khu Phú Quốc
43,Tỉnh Kiên Giang,3115,Huyện Tân Hiệp,68651,Thị Trấn Tân Hiệp,17,Tỉnh An Giang,19217,Xã Tân Hiệp
43,Tỉnh Kiên Giang,3115,Huyện Tân Hiệp,134187,Xã Tân An,17,Tỉnh An Giang,18961,Xã Tân Hội
43,Tỉnh Kiên Giang,3115,Huyện Tân Hiệp,199723,Xã Tân Hiệp A,17,Tỉnh An Giang,19473,Xã Thạnh Đông
43,Tỉnh Kiên Giang,3115,Huyện Tân Hiệp,265259,Xã Tân Hiệp B,17,Tỉnh An Giang,19217,Xã Tân Hiệp
43,Tỉnh Kiên Giang,3115,Huyện Tân Hiệp,330795,Xã Tân Hòa,17,Tỉnh An Giang,18961,Xã Tân Hội
43,Tỉnh Kiên Giang,3115,Huyện Tân Hiệp,396331,Xã Tân Hội,17,Tỉnh An Giang,18961,Xã Tân Hội
43,Tỉnh Kiên Giang,3115,Huyện Tân Hiệp,461867,Xã Tân Thành,17,Tỉnh An Giang,18961,Xã Tân Hội
43,Tỉnh Kiên Giang,3115,Huyện Tân Hiệp,527403,Xã Thạnh Đông,17,Tỉnh An Giang,19217,Xã Tân Hiệp
43,Tỉnh Kiên Giang,3115,Huyện Tân Hiệp,592939,Xã Thạnh Đông A,17,Tỉnh An Giang,19473,Xã Thạnh Đông
43,Tỉnh Kiên Giang,3115,Huyện Tân Hiệp,658475,Xã Thạnh Đông B,17,Tỉnh An Giang,19217,Xã Tân Hiệp
43,Tỉnh Kiên Giang,3115,Huyện Tân Hiệp,724011,Xã Thạnh Trị,17,Tỉnh An Giang,19473,Xã Thạnh Đông
43,Tỉnh Kiên Giang,3371,Huyện U Minh Thượng,68907,Xã An Minh Bắc,17,Tỉnh An Giang,24593,Xã U Minh Thượng
43,Tỉnh Kiên Giang,3371,Huyện U Minh Thượng,134443,Xã Hòa Chánh,17,Tỉnh An Giang,24337,Xã Vĩnh Hòa
43,Tỉnh Kiên Giang,3371,Huyện U Minh Thượng,199979,Xã Minh Thuận,17,Tỉnh An Giang,24593,Xã U Minh Thượng
43,Tỉnh Kiên Giang,3371,Huyện U Minh Thượng,265515,Xã Thạnh Yên,17,Tỉnh An Giang,24337,Xã Vĩnh Hòa
43,Tỉnh Kiên Giang,3371,Huyện U Minh Thượng,331051,Xã Thạnh Yên A,17,Tỉnh An Giang,24337,Xã Vĩnh Hòa
43,Tỉnh Kiên Giang,3371,Huyện U Minh Thượng,396587,Xã Vĩnh Hòa,17,Tỉnh An Giang,24337,Xã Vĩnh Hòa
43,Tỉnh Kiên Giang,3627,Huyện Vĩnh Thuận,69163,Xã Tân Thuận,17,Tỉnh An Giang,25105,Xã Vĩnh Thuận
43,Tỉnh Kiên Giang,3627,Huyện Vĩnh Thuận,134699,Xã Phong Đông,17,Tỉnh An Giang,25361,Xã Vĩnh Phong
43,Tỉnh Kiên Giang,3627,Huyện Vĩnh Thuận,200235,Thị Trấn Vĩnh Thuận,17,Tỉnh An Giang,25361,Xã Vĩnh Phong
43,Tỉnh Kiên Giang,3627,Huyện Vĩnh Thuận,265771,Xã Bình Minh,17,Tỉnh An Giang,24849,Xã Vĩnh Bình
43,Tỉnh Kiên Giang,3627,Huyện Vĩnh Thuận,331307,Xã Vĩnh Bình Bắc,17,Tỉnh An Giang,24849,Xã Vĩnh Bình
43,Tỉnh Kiên Giang,3627,Huyện Vĩnh Thuận,396843,Xã Vĩnh Bình Nam,17,Tỉnh An Giang,24849,Xã Vĩnh Bình
43,Tỉnh Kiên Giang,3627,Huyện Vĩnh Thuận,462379,Xã Vĩnh Phong,17,Tỉnh An Giang,25361,Xã Vĩnh Phong
43,Tỉnh Kiên Giang,3627,Huyện Vĩnh Thuận,527915,Xã Vĩnh Thuận,17,Tỉnh An Giang,25105,Xã Vĩnh Thuận
43,Tỉnh Kiên Giang,3883,Huyện Giang Thành,69419,Xã Phú Lợi,17,Tỉnh An Giang,16913,Xã Giang Thành
43,Tỉnh Kiên Giang,3883,Huyện Giang Thành,134955,Xã Phú Mỹ,17,Tỉnh An Giang,16913,Xã Giang Thành
43,Tỉnh Kiên Giang,3883,Huyện Giang Thành,200491,Xã Tân Khánh Hòa,17,Tỉnh An Giang,16913,Xã Giang Thành
43,Tỉnh Kiên Giang,3883,Huyện Giang Thành,266027,Xã Vĩnh Điều,17,Tỉnh An Giang,17169,Xã Vĩnh Điều
43,Tỉnh Kiên Giang,3883,Huyện Giang Thành,331563,Xã Vĩnh Phú,17,Tỉnh An Giang,17169,Xã Vĩnh Điều
44,Tỉnh Kon Tum,300,Thành Phố Kon Tum,65836,Xã Đăk Năng,36,Tỉnh Quảng Ngãi,16932,Xã Ia Chim
44,Tỉnh Kon Tum,300,Thành Phố Kon Tum,131372,Phường Lê Lợi,36,Tỉnh Quảng Ngãi,16420,Phường Đăk Bla
44,Tỉnh Kon Tum,300,Thành Phố Kon Tum,196908,Phường Nguyễn Trãi,36,Tỉnh Quảng Ngãi,16420,Phường Đăk Bla
44,Tỉnh Kon Tum,300,Thành Phố Kon Tum,262444,Phường Thắng Lợi,36,Tỉnh Quảng Ngãi,15908,Phường Kon Tum
44,Tỉnh Kon Tum,300,Thành Phố Kon Tum,327980,Phường Thống Nhất,36,Tỉnh Quảng Ngãi,15908,Phường Kon Tum
44,Tỉnh Kon Tum,300,Thành Phố Kon Tum,393516,Phường Trường Chinh,36,Tỉnh Quảng Ngãi,15908,Phường Kon Tum
44,Tỉnh Kon Tum,300,Thành Phố Kon Tum,459052,Xã Chư Hreng,36,Tỉnh Quảng Ngãi,17188,Xã Đăk Rơ Wa
44,Tỉnh Kon Tum,300,Thành Phố Kon Tum,524588,Xã Đắk Blà,36,Tỉnh Quảng Ngãi,17188,Xã Đăk Rơ Wa
44,Tỉnh Kon Tum,300,Thành Phố Kon Tum,590124,Xã Đắk Cấm,36,Tỉnh Quảng Ngãi,16164,Phường Đăk Cấm
44,Tỉnh Kon Tum,300,Thành Phố Kon Tum,655660,Xã Đắk Rơ Wa,36,Tỉnh Quảng Ngãi,17188,Xã Đăk Rơ Wa
44,Tỉnh Kon Tum,300,Thành Phố Kon Tum,721196,Xã Đoàn Kết,36,Tỉnh Quảng Ngãi,16932,Xã Ia Chim
44,Tỉnh Kon Tum,300,Thành Phố Kon Tum,786732,Xã Hòa Bình,36,Tỉnh Quảng Ngãi,17188,Xã Đăk Rơ Wa
44,Tỉnh Kon Tum,300,Thành Phố Kon Tum,852268,Xã Ia Chim,36,Tỉnh Quảng Ngãi,16932,Xã Ia Chim
44,Tỉnh Kon Tum,300,Thành Phố Kon Tum,917804,Xã Kroong,36,Tỉnh Quảng Ngãi,16676,Xã Ngọk Bay
44,Tỉnh Kon Tum,300,Thành Phố Kon Tum,983340,Xã Ngọk Bay,36,Tỉnh Quảng Ngãi,16676,Xã Ngọk Bay
44,Tỉnh Kon Tum,300,Thành Phố Kon Tum,1048876,Phường Duy Tân,36,Tỉnh Quảng Ngãi,16164,Phường Đăk Cấm
44,Tỉnh Kon Tum,300,Thành Phố Kon Tum,1114412,Phường Ngô Mây,36,Tỉnh Quảng Ngãi,16164,Phường Đăk Cấm
44,Tỉnh Kon Tum,300,Thành Phố Kon Tum,1179948,Phường Quang Trung,36,Tỉnh Quảng Ngãi,15908,Phường Kon Tum
44,Tỉnh Kon Tum,300,Thành Phố Kon Tum,1245484,Phường Quyết Thắng,36,Tỉnh Quảng Ngãi,15908,Phường Kon Tum
44,Tỉnh Kon Tum,300,Thành Phố Kon Tum,1311020,Phường Trần Hưng Đạo,36,Tỉnh Quảng Ngãi,16420,Phường Đăk Bla
44,Tỉnh Kon Tum,300,Thành Phố Kon Tum,1376556,Xã Vinh Quang,36,Tỉnh Quảng Ngãi,16676,Xã Ngọk Bay
44,Tỉnh Kon Tum,556,Huyện Kon Plông,66092,Xã Đắk Nên,36,Tỉnh Quảng Ngãi,24356,Xã Măng Bút
44,Tỉnh Kon Tum,556,Huyện Kon Plông,131628,Xã Măng Buk,36,Tỉnh Quảng Ngãi,24356,Xã Măng Bút
44,Tỉnh Kon Tum,556,Huyện Kon Plông,197164,Xã Ngok Tem,36,Tỉnh Quảng Ngãi,24612,Xã Kon Plông
44,Tỉnh Kon Tum,556,Huyện Kon Plông,262700,Thị Trấn Măng Đen,36,Tỉnh Quảng Ngãi,24100,Xã Măng Đen
44,Tỉnh Kon Tum,556,Huyện Kon Plông,328236,Xã Đắk Tăng,36,Tỉnh Quảng Ngãi,24100,Xã Măng Đen
44,Tỉnh Kon Tum,556,Huyện Kon Plông,393772,Xã Hiếu,36,Tỉnh Quảng Ngãi,24612,Xã Kon Plông
44,Tỉnh Kon Tum,556,Huyện Kon Plông,459308,Xã Măng Cành,36,Tỉnh Quảng Ngãi,24100,Xã Măng Đen
44,Tỉnh Kon Tum,556,Huyện Kon Plông,524844,Xã Pờ Ê,36,Tỉnh Quảng Ngãi,24612,Xã Kon Plông
44,Tỉnh Kon Tum,556,Huyện Kon Plông,590380,Xã Đắk Ring,36,Tỉnh Quảng Ngãi,24356,Xã Măng Bút
44,Tỉnh Kon Tum,812,Huyện Kon Rẫy,66348,Thị Trấn Đắk Rve,36,Tỉnh Quảng Ngãi,23844,Xã Đăk Rve
44,Tỉnh Kon Tum,812,Huyện Kon Rẫy,131884,Xã Đắk Kôi,36,Tỉnh Quảng Ngãi,23332,Xã Đăk Kôi
44,Tỉnh Kon Tum,812,Huyện Kon Rẫy,197420,Xã Đắk Pne,36,Tỉnh Quảng Ngãi,23844,Xã Đăk Rve
44,Tỉnh Kon Tum,812,Huyện Kon Rẫy,262956,Xã Đắk Ruồng,36,Tỉnh Quảng Ngãi,23588,Xã Kon Braih
44,Tỉnh Kon Tum,812,Huyện Kon Rẫy,328492,Xã Đắk Tơ Lung,36,Tỉnh Quảng Ngãi,23332,Xã Đăk Kôi
44,Tỉnh Kon Tum,812,Huyện Kon Rẫy,394028,Xã Đắk Tờ Re,36,Tỉnh Quảng Ngãi,23588,Xã Kon Braih
44,Tỉnh Kon Tum,812,Huyện Kon Rẫy,459564,Xã Tân Lập,36,Tỉnh Quảng Ngãi,23588,Xã Kon Braih
44,Tỉnh Kon Tum,1068,Huyện Đắk Glei,66604,Xã Đắk Long,36,Tỉnh Quảng Ngãi,292,Xã Đăk Long
44,Tỉnh Kon Tum,1068,Huyện Đắk Glei,132140,Xã Đắk Man,36,Tỉnh Quảng Ngãi,21796,Xã Đăk Plô
44,Tỉnh Kon Tum,1068,Huyện Đắk Glei,197676,Xã Đắk Blô,36,Tỉnh Quảng Ngãi,21796,Xã Đăk Plô
44,Tỉnh Kon Tum,1068,Huyện Đắk Glei,263212,Xã Mường Hoong,36,Tỉnh Quảng Ngãi,21540,Xã Ngọc Linh
44,Tỉnh Kon Tum,1068,Huyện Đắk Glei,328748,Xã Xốp,36,Tỉnh Quảng Ngãi,21284,Xã Xốp
44,Tỉnh Kon Tum,1068,Huyện Đắk Glei,394284,Xã Đắk Choong,36,Tỉnh Quảng Ngãi,21284,Xã Xốp
44,Tỉnh Kon Tum,1068,Huyện Đắk Glei,459820,Xã Đắk Kroong,36,Tỉnh Quảng Ngãi,22308,Xã Đăk Môn
44,Tỉnh Kon Tum,1068,Huyện Đắk Glei,525356,Xã Đắk Nhoong,36,Tỉnh Quảng Ngãi,21796,Xã Đăk Plô
44,Tỉnh Kon Tum,1068,Huyện Đắk Glei,590892,Xã Ngọc Linh,36,Tỉnh Quảng Ngãi,21540,Xã Ngọc Linh
44,Tỉnh Kon Tum,1068,Huyện Đắk Glei,656428,Thị Trấn Đắk Glei,36,Tỉnh Quảng Ngãi,22052,Xã Đăk Pék
44,Tỉnh Kon Tum,1068,Huyện Đắk Glei,721964,Xã Đắk Môn,36,Tỉnh Quảng Ngãi,22308,Xã Đăk Môn
44,Tỉnh Kon Tum,1068,Huyện Đắk Glei,787500,Xã Đắk Pék,36,Tỉnh Quảng Ngãi,22052,Xã Đăk Pék
44,Tỉnh Kon Tum,1324,Huyện Đắk Hà,66860,Xã Đăk Long,36,Tỉnh Quảng Ngãi,17444,Xã Đăk Pxi
44,Tỉnh Kon Tum,1324,Huyện Đắk Hà,132396,Xã Đăk Ngọk,36,Tỉnh Quảng Ngãi,17956,Xã Đăk Ui
44,Tỉnh Kon Tum,1324,Huyện Đắk Hà,197932,Xã Đắk La,36,Tỉnh Quảng Ngãi,18468,Xã Đăk Hà
44,Tỉnh Kon Tum,1324,Huyện Đắk Hà,263468,Xã Đắk Mar,36,Tỉnh Quảng Ngãi,17700,Xã Đăk Mar
44,Tỉnh Kon Tum,1324,Huyện Đắk Hà,329004,Xã Đắk Pxi,36,Tỉnh Quảng Ngãi,17444,Xã Đăk Pxi
44,Tỉnh Kon Tum,1324,Huyện Đắk Hà,394540,Xã Ngok Wang,36,Tỉnh Quảng Ngãi,18212,Xã Ngọk Réo
44,Tỉnh Kon Tum,1324,Huyện Đắk Hà,460076,Xã Đắk Ui,36,Tỉnh Quảng Ngãi,17956,Xã Đăk Ui
44,Tỉnh Kon Tum,1324,Huyện Đắk Hà,525612,Xã Ngok Réo,36,Tỉnh Quảng Ngãi,18212,Xã Ngọk Réo
44,Tỉnh Kon Tum,1324,Huyện Đắk Hà,591148,Thị Trấn Đắk Hà,36,Tỉnh Quảng Ngãi,18468,Xã Đăk Hà
44,Tỉnh Kon Tum,1324,Huyện Đắk Hà,656684,Xã Đắk Hring,36,Tỉnh Quảng Ngãi,17700,Xã Đăk Mar
44,Tỉnh Kon Tum,1324,Huyện Đắk Hà,722220,Xã Hà Mòn,36,Tỉnh Quảng Ngãi,18468,Xã Đăk Hà
44,Tỉnh Kon Tum,1580,Huyện Đắk Tô,67116,Xã Pô Kô,36,Tỉnh Quảng Ngãi,18980,Xã Đăk Tô
44,Tỉnh Kon Tum,1580,Huyện Đắk Tô,132652,Xã Văn Lem,36,Tỉnh Quảng Ngãi,19236,Xã Kon Đào
44,Tỉnh Kon Tum,1580,Huyện Đắk Tô,198188,Xã Đắk Rơ Nga,36,Tỉnh Quảng Ngãi,18724,Xã Ngọk Tụ
44,Tỉnh Kon Tum,1580,Huyện Đắk Tô,263724,Xã Đắk Trăm,36,Tỉnh Quảng Ngãi,19236,Xã Kon Đào
44,Tỉnh Kon Tum,1580,Huyện Đắk Tô,329260,Xã Kon Đào,36,Tỉnh Quảng Ngãi,19236,Xã Kon Đào
44,Tỉnh Kon Tum,1580,Huyện Đắk Tô,394796,Xã Ngọk Tụ,36,Tỉnh Quảng Ngãi,18724,Xã Ngọk Tụ
44,Tỉnh Kon Tum,1580,Huyện Đắk Tô,460332,Thị Trấn Đắk Tô,36,Tỉnh Quảng Ngãi,18980,Xã Đăk Tô
44,Tỉnh Kon Tum,1580,Huyện Đắk Tô,525868,Xã Diên Bình,36,Tỉnh Quảng Ngãi,18980,Xã Đăk Tô
44,Tỉnh Kon Tum,1580,Huyện Đắk Tô,591404,Xã Tân Cảnh,36,Tỉnh Quảng Ngãi,18980,Xã Đăk Tô
44,Tỉnh Kon Tum,1836,Huyện Ngọc Hồi,67372,Xã Đắk Ang,36,Tỉnh Quảng Ngãi,21028,Xã Dục Nông
44,Tỉnh Kon Tum,1836,Huyện Ngọc Hồi,132908,Xã Đắk Kan,36,Tỉnh Quảng Ngãi,20772,Xã Sa Loong
44,Tỉnh Kon Tum,1836,Huyện Ngọc Hồi,198444,Xã Đắk Nông,36,Tỉnh Quảng Ngãi,21028,Xã Dục Nông
44,Tỉnh Kon Tum,1836,Huyện Ngọc Hồi,263980,Xã Đắk Xú,36,Tỉnh Quảng Ngãi,20516,Xã Bờ Y
44,Tỉnh Kon Tum,1836,Huyện Ngọc Hồi,329516,Xã Bờ Y,36,Tỉnh Quảng Ngãi,20516,Xã Bờ Y
44,Tỉnh Kon Tum,1836,Huyện Ngọc Hồi,395052,Xã Sa Loong,36,Tỉnh Quảng Ngãi,20772,Xã Sa Loong
44,Tỉnh Kon Tum,1836,Huyện Ngọc Hồi,460588,Thị Trấn Plei Kần,36,Tỉnh Quảng Ngãi,20516,Xã Bờ Y
44,Tỉnh Kon Tum,1836,Huyện Ngọc Hồi,526124,Xã Đắk Dục,36,Tỉnh Quảng Ngãi,21028,Xã Dục Nông
44,Tỉnh Kon Tum,2092,Huyện Sa Thầy,67628,Xã Sa Sơn,36,Tỉnh Quảng Ngãi,22564,Xã Sa Thầy
44,Tỉnh Kon Tum,2092,Huyện Sa Thầy,133164,Xã Ya Ly,36,Tỉnh Quảng Ngãi,23076,Xã Ya Ly
44,Tỉnh Kon Tum,2092,Huyện Sa Thầy,198700,Xã Sa Nghĩa,36,Tỉnh Quảng Ngãi,22820,Xã Sa Bình
44,Tỉnh Kon Tum,2092,Huyện Sa Thầy,264236,Xã Sa Nhơn,36,Tỉnh Quảng Ngãi,22564,Xã Sa Thầy
44,Tỉnh Kon Tum,2092,Huyện Sa Thầy,329772,Xã Ya Tăng,36,Tỉnh Quảng Ngãi,23076,Xã Ya Ly
44,Tỉnh Kon Tum,2092,Huyện Sa Thầy,395308,Xã Ya Xiêr,36,Tỉnh Quảng Ngãi,23076,Xã Ya Ly
44,Tỉnh Kon Tum,2092,Huyện Sa Thầy,460844,Thị Trấn Sa Thầy,36,Tỉnh Quảng Ngãi,22564,Xã Sa Thầy
44,Tỉnh Kon Tum,2092,Huyện Sa Thầy,526380,Xã Hơ Moong,36,Tỉnh Quảng Ngãi,22820,Xã Sa Bình
44,Tỉnh Kon Tum,2092,Huyện Sa Thầy,591916,Xã Mô Rai,36,Tỉnh Quảng Ngãi,1316,Xã Mô Rai
44,Tỉnh Kon Tum,2092,Huyện Sa Thầy,657452,Xã Rơ Kơi,36,Tỉnh Quảng Ngãi,1572,Xã Rờ Kơi
44,Tỉnh Kon Tum,2092,Huyện Sa Thầy,722988,Xã Sa Bình,36,Tỉnh Quảng Ngãi,22820,Xã Sa Bình
44,Tỉnh Kon Tum,2348,Huyện Tu Mơ Rông,67884,Xã Văn Xuôi,36,Tỉnh Quảng Ngãi,20260,Xã Măng Ri
44,Tỉnh Kon Tum,2348,Huyện Tu Mơ Rông,133420,Xã Tê Xăng,36,Tỉnh Quảng Ngãi,20260,Xã Măng Ri
44,Tỉnh Kon Tum,2348,Huyện Tu Mơ Rông,198956,Xã Ngọc Yêu,36,Tỉnh Quảng Ngãi,20260,Xã Măng Ri
44,Tỉnh Kon Tum,2348,Huyện Tu Mơ Rông,264492,Xã Đắk Rơ Ông,36,Tỉnh Quảng Ngãi,19748,Xã Đăk Tờ Kan
44,Tỉnh Kon Tum,2348,Huyện Tu Mơ Rông,330028,Xã Đắk Tờ Kan,36,Tỉnh Quảng Ngãi,19748,Xã Đăk Tờ Kan
44,Tỉnh Kon Tum,2348,Huyện Tu Mơ Rông,395564,Xã Đắk Na,36,Tỉnh Quảng Ngãi,19492,Xã Đăk Sao
44,Tỉnh Kon Tum,2348,Huyện Tu Mơ Rông,461100,Xã Tu Mơ Rông,36,Tỉnh Quảng Ngãi,20004,Xã Tu Mơ Rông
44,Tỉnh Kon Tum,2348,Huyện Tu Mơ Rông,526636,Xã Đắk Hà,36,Tỉnh Quảng Ngãi,20004,Xã Tu Mơ Rông
44,Tỉnh Kon Tum,2348,Huyện Tu Mơ Rông,592172,Xã Đắk Sao,36,Tỉnh Quảng Ngãi,19492,Xã Đăk Sao
44,Tỉnh Kon Tum,2348,Huyện Tu Mơ Rông,657708,Xã Măng Ri,36,Tỉnh Quảng Ngãi,20260,Xã Măng Ri
44,Tỉnh Kon Tum,2348,Huyện Tu Mơ Rông,723244,Xã Ngọc Lây,36,Tỉnh Quảng Ngãi,20260,Xã Măng Ri
44,Tỉnh Kon Tum,2604,Huyện Ia H'Drai,68140,Xã Ia Đal,36,Tỉnh Quảng Ngãi,1828,Xã Ia Đal
44,Tỉnh Kon Tum,2604,Huyện Ia H'Drai,133676,Xã Ia Dom,36,Tỉnh Quảng Ngãi,2084,Xã Ia Tơi
44,Tỉnh Kon Tum,2604,Huyện Ia H'Drai,199212,Xã Ia Tơi,36,Tỉnh Quảng Ngãi,2084,Xã Ia Tơi
45,Tỉnh Lai Châu,301,Thành Phố Lai Châu,65837,Phường Đông Phong,29,Tỉnh Lai Châu,5405,Phường Tân Phong
45,Tỉnh Lai Châu,301,Thành Phố Lai Châu,131373,Xã San Thàng,29,Tỉnh Lai Châu,5405,Phường Tân Phong
45,Tỉnh Lai Châu,301,Thành Phố Lai Châu,196909,Phường Đoàn Kết,29,Tỉnh Lai Châu,5661,Phường Đoàn Kết
45,Tỉnh Lai Châu,301,Thành Phố Lai Châu,262445,Phường Quyết Thắng,29,Tỉnh Lai Châu,5661,Phường Đoàn Kết
45,Tỉnh Lai Châu,301,Thành Phố Lai Châu,327981,Phường Tân Phong,29,Tỉnh Lai Châu,5405,Phường Tân Phong
45,Tỉnh Lai Châu,301,Thành Phố Lai Châu,393517,Xã Sùng Phài,29,Tỉnh Lai Châu,5661,Phường Đoàn Kết
45,Tỉnh Lai Châu,301,Thành Phố Lai Châu,459053,Phường Quyết Tiến,29,Tỉnh Lai Châu,5661,Phường Đoàn Kết
45,Tỉnh Lai Châu,557,Huyện Mường Tè,66093,Xã Vàng San,29,Tỉnh Lai Châu,8733,Xã Hua Bum
45,Tỉnh Lai Châu,557,Huyện Mường Tè,131629,Xã Tá Bạ,29,Tỉnh Lai Châu,1053,Xã Pa Ủ
45,Tỉnh Lai Châu,557,Huyện Mường Tè,197165,Xã Pa Vệ Sử,29,Tỉnh Lai Châu,9245,Xã Bum Nưa
45,Tỉnh Lai Châu,557,Huyện Mường Tè,262701,Xã Tà Tổng,29,Tỉnh Lai Châu,285,Xã Tà Tổng
45,Tỉnh Lai Châu,557,Huyện Mường Tè,328237,Xã Thu Lũm,29,Tỉnh Lai Châu,797,Xã Thu Lũm
45,Tỉnh Lai Châu,557,Huyện Mường Tè,393773,Xã Nậm Khao,29,Tỉnh Lai Châu,9757,Xã Mường Tè
45,Tỉnh Lai Châu,557,Huyện Mường Tè,459309,Thị Trấn Mường Tè,29,Tỉnh Lai Châu,9501,Xã Bum Tở
45,Tỉnh Lai Châu,557,Huyện Mường Tè,524845,Xã Ka Lăng,29,Tỉnh Lai Châu,797,Xã Thu Lũm
45,Tỉnh Lai Châu,557,Huyện Mường Tè,590381,Xã Kan Hồ,29,Tỉnh Lai Châu,9501,Xã Bum Tở
45,Tỉnh Lai Châu,557,Huyện Mường Tè,655917,Xã Mù Cả,29,Tỉnh Lai Châu,541,Xã Mù Cả
45,Tỉnh Lai Châu,557,Huyện Mường Tè,721453,Xã Mường Tè,29,Tỉnh Lai Châu,9757,Xã Mường Tè
45,Tỉnh Lai Châu,557,Huyện Mường Tè,786989,Xã Pa Ủ,29,Tỉnh Lai Châu,1053,Xã Pa Ủ
45,Tỉnh Lai Châu,557,Huyện Mường Tè,852525,Xã Bum Nưa,29,Tỉnh Lai Châu,9245,Xã Bum Nưa
45,Tỉnh Lai Châu,557,Huyện Mường Tè,918061,Xã Bum Tở,29,Tỉnh Lai Châu,9501,Xã Bum Tở
45,Tỉnh Lai Châu,813,Huyện Phong Thổ,66349,Xã Mù Sang,29,Tỉnh Lai Châu,6685,Xã Dào San
45,Tỉnh Lai Châu,813,Huyện Phong Thổ,131885,Xã Pa Vây Sử,29,Tỉnh Lai Châu,6429,Xã Sì Lở Lầu
45,Tỉnh Lai Châu,813,Huyện Phong Thổ,197421,Xã Sì Lở Lầu,29,Tỉnh Lai Châu,6429,Xã Sì Lở Lầu
45,Tỉnh Lai Châu,813,Huyện Phong Thổ,262957,Xã Sin Suối Hồ,29,Tỉnh Lai Châu,5917,Xã Sin Suối Hồ
45,Tỉnh Lai Châu,813,Huyện Phong Thổ,328493,Xã Tông Qua Lìn,29,Tỉnh Lai Châu,6685,Xã Dào San
45,Tỉnh Lai Châu,813,Huyện Phong Thổ,394029,Xã Vàng Ma Chải,29,Tỉnh Lai Châu,6429,Xã Sì Lở Lầu
45,Tỉnh Lai Châu,813,Huyện Phong Thổ,459565,Xã Mồ Sì San,29,Tỉnh Lai Châu,6429,Xã Sì Lở Lầu
45,Tỉnh Lai Châu,813,Huyện Phong Thổ,525101,Xã Bản Lang,29,Tỉnh Lai Châu,6941,Xã Khổng Lào
45,Tỉnh Lai Châu,813,Huyện Phong Thổ,590637,Xã Dào San,29,Tỉnh Lai Châu,6685,Xã Dào San
45,Tỉnh Lai Châu,813,Huyện Phong Thổ,656173,Xã Hoang Thèn,29,Tỉnh Lai Châu,6941,Xã Khổng Lào
45,Tỉnh Lai Châu,813,Huyện Phong Thổ,721709,Xã Huổi Luông,29,Tỉnh Lai Châu,6173,Xã Phong Thổ
45,Tỉnh Lai Châu,813,Huyện Phong Thổ,787245,Xã Khổng Lào,29,Tỉnh Lai Châu,6941,Xã Khổng Lào
45,Tỉnh Lai Châu,813,Huyện Phong Thổ,852781,Xã Lả Nhì Thàng,29,Tỉnh Lai Châu,5661,Phường Đoàn Kết
45,Tỉnh Lai Châu,813,Huyện Phong Thổ,918317,Xã Mường So,29,Tỉnh Lai Châu,6173,Xã Phong Thổ
45,Tỉnh Lai Châu,813,Huyện Phong Thổ,983853,Xã Nậm Xe,29,Tỉnh Lai Châu,5917,Xã Sin Suối Hồ
45,Tỉnh Lai Châu,813,Huyện Phong Thổ,1049389,Thị Trấn Phong Thổ,29,Tỉnh Lai Châu,6173,Xã Phong Thổ
45,Tỉnh Lai Châu,813,Huyện Phong Thổ,1114925,Xã Ma Ly Pho,29,Tỉnh Lai Châu,6173,Xã Phong Thổ
45,Tỉnh Lai Châu,1069,Huyện Sìn Hồ,66605,Xã Lùng Thàng,29,Tỉnh Lai Châu,7965,Xã Nậm Tăm
45,Tỉnh Lai Châu,1069,Huyện Sìn Hồ,132141,Xã Pa Khóa,29,Tỉnh Lai Châu,8221,Xã Pu Sam Cáp
45,Tỉnh Lai Châu,1069,Huyện Sìn Hồ,197677,Xã Noong Hẻo,29,Tỉnh Lai Châu,8221,Xã Pu Sam Cáp
45,Tỉnh Lai Châu,1069,Huyện Sìn Hồ,263213,Xã Căn Co,29,Tỉnh Lai Châu,1565,Xã Nậm Mạ
45,Tỉnh Lai Châu,1069,Huyện Sìn Hồ,328749,Xã Ma Quai,29,Tỉnh Lai Châu,7709,Xã Hồng Thu
45,Tỉnh Lai Châu,1069,Huyện Sìn Hồ,394285,Xã Nậm Cha,29,Tỉnh Lai Châu,7965,Xã Nậm Tăm
45,Tỉnh Lai Châu,1069,Huyện Sìn Hồ,459821,Xã Nậm Cuổi,29,Tỉnh Lai Châu,1309,Xã Nậm Cuổi
45,Tỉnh Lai Châu,1069,Huyện Sìn Hồ,525357,Xã Nậm Hăn,29,Tỉnh Lai Châu,1309,Xã Nậm Cuổi
45,Tỉnh Lai Châu,1069,Huyện Sìn Hồ,590893,Xã Nậm Mạ,29,Tỉnh Lai Châu,1565,Xã Nậm Mạ
45,Tỉnh Lai Châu,1069,Huyện Sìn Hồ,656429,Xã Pu Sam Cáp,29,Tỉnh Lai Châu,8221,Xã Pu Sam Cáp
45,Tỉnh Lai Châu,1069,Huyện Sìn Hồ,721965,Xã Phăng Sô Lin,29,Tỉnh Lai Châu,7453,Xã Sìn Hồ
45,Tỉnh Lai Châu,1069,Huyện Sìn Hồ,787501,Thị Trấn Sìn Hồ,29,Tỉnh Lai Châu,7453,Xã Sìn Hồ
45,Tỉnh Lai Châu,1069,Huyện Sìn Hồ,853037,Xã Chăn Nưa,29,Tỉnh Lai Châu,1821,Xã Lê Lợi
45,Tỉnh Lai Châu,1069,Huyện Sìn Hồ,918573,Xã Hồng Thu,29,Tỉnh Lai Châu,7709,Xã Hồng Thu
45,Tỉnh Lai Châu,1069,Huyện Sìn Hồ,984109,Xã Làng Mô,29,Tỉnh Lai Châu,7197,Xã Tủa Sín Chải
45,Tỉnh Lai Châu,1069,Huyện Sìn Hồ,1049645,Xã Tả Ngảo,29,Tỉnh Lai Châu,7197,Xã Tủa Sín Chải
45,Tỉnh Lai Châu,1069,Huyện Sìn Hồ,1115181,Xã Tủa Sín Chải,29,Tỉnh Lai Châu,7197,Xã Tủa Sín Chải
45,Tỉnh Lai Châu,1069,Huyện Sìn Hồ,1180717,Xã Pa Tần,29,Tỉnh Lai Châu,8989,Xã Pa Tần
45,Tỉnh Lai Châu,1069,Huyện Sìn Hồ,1246253,Xã Nậm Tăm,29,Tỉnh Lai Châu,7965,Xã Nậm Tăm
45,Tỉnh Lai Châu,1069,Huyện Sìn Hồ,1311789,Xã Phìn Hồ,29,Tỉnh Lai Châu,7709,Xã Hồng Thu
45,Tỉnh Lai Châu,1069,Huyện Sìn Hồ,1377325,Xã Sà Dề Phìn,29,Tỉnh Lai Châu,7453,Xã Sìn Hồ
45,Tỉnh Lai Châu,1069,Huyện Sìn Hồ,1442861,Xã Tả Phìn,29,Tỉnh Lai Châu,7453,Xã Sìn Hồ
45,Tỉnh Lai Châu,1325,Huyện Tân Uyên,66861,Xã Hố Mít,29,Tỉnh Lai Châu,3357,Xã Pắc Ta
45,Tỉnh Lai Châu,1325,Huyện Tân Uyên,132397,Xã Nậm Cần,29,Tỉnh Lai Châu,3869,Xã Tân Uyên
45,Tỉnh Lai Châu,1325,Huyện Tân Uyên,197933,Xã Nậm Sỏ,29,Tỉnh Lai Châu,3613,Xã Nậm Sỏ
45,Tỉnh Lai Châu,1325,Huyện Tân Uyên,263469,Xã Tà Mít,29,Tỉnh Lai Châu,3613,Xã Nậm Sỏ
45,Tỉnh Lai Châu,1325,Huyện Tân Uyên,329005,Thị Trấn Tân Uyên,29,Tỉnh Lai Châu,3869,Xã Tân Uyên
45,Tỉnh Lai Châu,1325,Huyện Tân Uyên,394541,Xã Mường Khoa,29,Tỉnh Lai Châu,4125,Xã Mường Khoa
45,Tỉnh Lai Châu,1325,Huyện Tân Uyên,460077,Xã Pắc Ta,29,Tỉnh Lai Châu,3357,Xã Pắc Ta
45,Tỉnh Lai Châu,1325,Huyện Tân Uyên,525613,Xã Phúc Khoa,29,Tỉnh Lai Châu,4125,Xã Mường Khoa
45,Tỉnh Lai Châu,1325,Huyện Tân Uyên,591149,Xã Thân Thuộc,29,Tỉnh Lai Châu,3869,Xã Tân Uyên
45,Tỉnh Lai Châu,1325,Huyện Tân Uyên,656685,Xã Trung Đồng,29,Tỉnh Lai Châu,3869,Xã Tân Uyên
45,Tỉnh Lai Châu,1581,Huyện Tam Đường,67117,Xã Khun Há,29,Tỉnh Lai Châu,5149,Xã Khun Há
45,Tỉnh Lai Châu,1581,Huyện Tam Đường,132653,Xã Nà Tăm,29,Tỉnh Lai Châu,4381,Xã Bản Bo
45,Tỉnh Lai Châu,1581,Huyện Tam Đường,198189,Xã Nùng Nàng,29,Tỉnh Lai Châu,5405,Phường Tân Phong
45,Tỉnh Lai Châu,1581,Huyện Tam Đường,263725,Xã Tả Lèng,29,Tỉnh Lai Châu,4893,Xã Tả Lèng
45,Tỉnh Lai Châu,1581,Huyện Tam Đường,329261,Xã Giang Ma,29,Tỉnh Lai Châu,4893,Xã Tả Lèng
45,Tỉnh Lai Châu,1581,Huyện Tam Đường,394797,Xã Hồ Thầu,29,Tỉnh Lai Châu,4893,Xã Tả Lèng
45,Tỉnh Lai Châu,1581,Huyện Tam Đường,460333,Xã Bản Bo,29,Tỉnh Lai Châu,4381,Xã Bản Bo
45,Tỉnh Lai Châu,1581,Huyện Tam Đường,525869,Xã Bản Giang,29,Tỉnh Lai Châu,5405,Phường Tân Phong
45,Tỉnh Lai Châu,1581,Huyện Tam Đường,591405,Thị Trấn Tam Đường,29,Tỉnh Lai Châu,4637,Xã Bình Lư
45,Tỉnh Lai Châu,1581,Huyện Tam Đường,656941,Xã Bản Hon,29,Tỉnh Lai Châu,5149,Xã Khun Há
45,Tỉnh Lai Châu,1581,Huyện Tam Đường,722477,Xã Bình Lư,29,Tỉnh Lai Châu,4637,Xã Bình Lư
45,Tỉnh Lai Châu,1581,Huyện Tam Đường,788013,Xã Sơn Bình,29,Tỉnh Lai Châu,4637,Xã Bình Lư
45,Tỉnh Lai Châu,1581,Huyện Tam Đường,853549,Xã Thèn Sin,29,Tỉnh Lai Châu,5917,Xã Sin Suối Hồ
45,Tỉnh Lai Châu,1837,Huyện Than Uyên,67373,Xã Mường Mít,29,Tỉnh Lai Châu,3101,Xã Mường Than
45,Tỉnh Lai Châu,1837,Huyện Than Uyên,132909,Xã Pha Mu,29,Tỉnh Lai Châu,2333,Xã Mường Kim
45,Tỉnh Lai Châu,1837,Huyện Than Uyên,198445,Xã Tà Mung,29,Tỉnh Lai Châu,2333,Xã Mường Kim
45,Tỉnh Lai Châu,1837,Huyện Than Uyên,263981,Thị Trấn Than Uyên,29,Tỉnh Lai Châu,2845,Xã Than Uyên
45,Tỉnh Lai Châu,1837,Huyện Than Uyên,329517,Xã Hua Nà,29,Tỉnh Lai Châu,2845,Xã Than Uyên
45,Tỉnh Lai Châu,1837,Huyện Than Uyên,395053,Xã Mường Cang,29,Tỉnh Lai Châu,2845,Xã Than Uyên
45,Tỉnh Lai Châu,1837,Huyện Than Uyên,460589,Xã Mường Kim,29,Tỉnh Lai Châu,2333,Xã Mường Kim
45,Tỉnh Lai Châu,1837,Huyện Than Uyên,526125,Xã Mường Than,29,Tỉnh Lai Châu,2845,Xã Than Uyên
45,Tỉnh Lai Châu,1837,Huyện Than Uyên,591661,Xã Phúc Than,29,Tỉnh Lai Châu,3101,Xã Mường Than
45,Tỉnh Lai Châu,1837,Huyện Than Uyên,657197,Xã Tà Gia,29,Tỉnh Lai Châu,2589,Xã Khoen On
45,Tỉnh Lai Châu,1837,Huyện Than Uyên,722733,Xã Tà Hừa,29,Tỉnh Lai Châu,2333,Xã Mường Kim
45,Tỉnh Lai Châu,1837,Huyện Than Uyên,788269,Xã Khoen On,29,Tỉnh Lai Châu,2589,Xã Khoen On
45,Tỉnh Lai Châu,2093,Huyện Nậm Nhùn,67629,Xã Trung Chải,29,Tỉnh Lai Châu,8989,Xã Pa Tần
45,Tỉnh Lai Châu,2093,Huyện Nậm Nhùn,133165,Thị Trấn Nậm Nhùn,29,Tỉnh Lai Châu,2077,Xã Nậm Hàng
45,Tỉnh Lai Châu,2093,Huyện Nậm Nhùn,198701,Xã Nậm Chà,29,Tỉnh Lai Châu,8477,Xã Mường Mô
45,Tỉnh Lai Châu,2093,Huyện Nậm Nhùn,264237,Xã Nậm Pì,29,Tỉnh Lai Châu,1821,Xã Lê Lợi
45,Tỉnh Lai Châu,2093,Huyện Nậm Nhùn,329773,Xã Nậm Ban,29,Tỉnh Lai Châu,8989,Xã Pa Tần
45,Tỉnh Lai Châu,2093,Huyện Nậm Nhùn,395309,Xã Nậm Manh,29,Tỉnh Lai Châu,2077,Xã Nậm Hàng
45,Tỉnh Lai Châu,2093,Huyện Nậm Nhùn,460845,Xã Hua Bun,29,Tỉnh Lai Châu,8733,Xã Hua Bum
45,Tỉnh Lai Châu,2093,Huyện Nậm Nhùn,526381,Xã Mường Mô,29,Tỉnh Lai Châu,8477,Xã Mường Mô
45,Tỉnh Lai Châu,2093,Huyện Nậm Nhùn,591917,Xã Nậm Hàng,29,Tỉnh Lai Châu,2077,Xã Nậm Hàng
45,Tỉnh Lai Châu,2093,Huyện Nậm Nhùn,657453,Xã Pú Đao,29,Tỉnh Lai Châu,1821,Xã Lê Lợi
45,Tỉnh Lai Châu,2093,Huyện Nậm Nhùn,722989,Xã Lê Lợi,29,Tỉnh Lai Châu,1821,Xã Lê Lợi
46,Tỉnh Lâm Đồng,302,Thành Phố Đà Lạt,65838,Phường 7,30,Tỉnh Lâm Đồng,3870,Phường Lang Biang-Đà Lạt
46,Tỉnh Lâm Đồng,302,Thành Phố Đà Lạt,131374,Phường 8,30,Tỉnh Lâm Đồng,3358,Phường Lâm Viên-Đà Lạt
46,Tỉnh Lâm Đồng,302,Thành Phố Đà Lạt,196910,Phường 9,30,Tỉnh Lâm Đồng,3358,Phường Lâm Viên-Đà Lạt
46,Tỉnh Lâm Đồng,302,Thành Phố Đà Lạt,262446,Phường 1,30,Tỉnh Lâm Đồng,2846,Phường Xuân Hương-Đà Lạt
46,Tỉnh Lâm Đồng,302,Thành Phố Đà Lạt,327982,Phường 10,30,Tỉnh Lâm Đồng,2846,Phường Xuân Hương-Đà Lạt
46,Tỉnh Lâm Đồng,302,Thành Phố Đà Lạt,393518,Phường 11,30,Tỉnh Lâm Đồng,3614,Phường Xuân Trường-Đà Lạt
46,Tỉnh Lâm Đồng,302,Thành Phố Đà Lạt,459054,Phường 12,30,Tỉnh Lâm Đồng,3358,Phường Lâm Viên-Đà Lạt
46,Tỉnh Lâm Đồng,302,Thành Phố Đà Lạt,524590,Phường 2,30,Tỉnh Lâm Đồng,2846,Phường Xuân Hương-Đà Lạt
46,Tỉnh Lâm Đồng,302,Thành Phố Đà Lạt,590126,Phường 3,30,Tỉnh Lâm Đồng,2846,Phường Xuân Hương-Đà Lạt
46,Tỉnh Lâm Đồng,302,Thành Phố Đà Lạt,655662,Phường 4,30,Tỉnh Lâm Đồng,2846,Phường Xuân Hương-Đà Lạt
46,Tỉnh Lâm Đồng,302,Thành Phố Đà Lạt,721198,Phường 5,30,Tỉnh Lâm Đồng,3102,Phường Cam Ly-Đà Lạt
46,Tỉnh Lâm Đồng,302,Thành Phố Đà Lạt,786734,Phường 6,30,Tỉnh Lâm Đồng,3102,Phường Cam Ly-Đà Lạt
46,Tỉnh Lâm Đồng,302,Thành Phố Đà Lạt,852270,Xã Tà Nung,30,Tỉnh Lâm Đồng,3102,Phường Cam Ly-Đà Lạt
46,Tỉnh Lâm Đồng,302,Thành Phố Đà Lạt,917806,Xã Trạm Hành,30,Tỉnh Lâm Đồng,3614,Phường Xuân Trường-Đà Lạt
46,Tỉnh Lâm Đồng,302,Thành Phố Đà Lạt,983342,Xã Xuân Thọ,30,Tỉnh Lâm Đồng,3614,Phường Xuân Trường-Đà Lạt
46,Tỉnh Lâm Đồng,302,Thành Phố Đà Lạt,1048878,Xã Xuân Trường,30,Tỉnh Lâm Đồng,3614,Phường Xuân Trường-Đà Lạt
46,Tỉnh Lâm Đồng,558,Thành Phố Bảo Lộc,66094,Phường 1,30,Tỉnh Lâm Đồng,4126,Phường 1 Bảo Lộc
46,Tỉnh Lâm Đồng,558,Thành Phố Bảo Lộc,131630,Phường 2,30,Tỉnh Lâm Đồng,4382,Phường 2 Bảo Lộc
46,Tỉnh Lâm Đồng,558,Thành Phố Bảo Lộc,197166,Xã Đại Lào,30,Tỉnh Lâm Đồng,4638,Phường 3 Bảo Lộc
46,Tỉnh Lâm Đồng,558,Thành Phố Bảo Lộc,262702,Phường Lộc Phát,30,Tỉnh Lâm Đồng,4126,Phường 1 Bảo Lộc
46,Tỉnh Lâm Đồng,558,Thành Phố Bảo Lộc,328238,Phường Lộc Sơn,30,Tỉnh Lâm Đồng,4894,Phường B'Lao
46,Tỉnh Lâm Đồng,558,Thành Phố Bảo Lộc,393774,Phường Lộc Tiến,30,Tỉnh Lâm Đồng,4638,Phường 3 Bảo Lộc
46,Tỉnh Lâm Đồng,558,Thành Phố Bảo Lộc,459310,Xã Lộc Châu,30,Tỉnh Lâm Đồng,4638,Phường 3 Bảo Lộc
46,Tỉnh Lâm Đồng,558,Thành Phố Bảo Lộc,524846,Xã Lộc Nga,30,Tỉnh Lâm Đồng,4894,Phường B'Lao
46,Tỉnh Lâm Đồng,558,Thành Phố Bảo Lộc,590382,Xã Lộc Thanh,30,Tỉnh Lâm Đồng,4126,Phường 1 Bảo Lộc
46,Tỉnh Lâm Đồng,558,Thành Phố Bảo Lộc,655918,Phường B'Lao,30,Tỉnh Lâm Đồng,4894,Phường B'Lao
46,Tỉnh Lâm Đồng,558,Thành Phố Bảo Lộc,721454,Xã Đạm Bri,30,Tỉnh Lâm Đồng,4382,Phường 2 Bảo Lộc
46,Tỉnh Lâm Đồng,814,Huyện Bảo Lâm,66350,Xã Lộc Lâm,30,Tỉnh Lâm Đồng,12830,Xã Bảo Lâm 4
46,Tỉnh Lâm Đồng,814,Huyện Bảo Lâm,131886,Xã Tân Lạc,30,Tỉnh Lâm Đồng,12318,Xã Bảo Lâm 2
46,Tỉnh Lâm Đồng,814,Huyện Bảo Lâm,197422,Xã Lộc Bắc,30,Tỉnh Lâm Đồng,13086,Xã Bảo Lâm 5
46,Tỉnh Lâm Đồng,814,Huyện Bảo Lâm,262958,Xã Lộc Bảo,30,Tỉnh Lâm Đồng,13086,Xã Bảo Lâm 5
46,Tỉnh Lâm Đồng,814,Huyện Bảo Lâm,328494,Xã Lộc Đức,30,Tỉnh Lâm Đồng,12318,Xã Bảo Lâm 2
46,Tỉnh Lâm Đồng,814,Huyện Bảo Lâm,394030,Xã Lộc Nam,30,Tỉnh Lâm Đồng,12574,Xã Bảo Lâm 3
46,Tỉnh Lâm Đồng,814,Huyện Bảo Lâm,459566,Xã Lộc Ngãi,30,Tỉnh Lâm Đồng,12062,Xã Bảo Lâm 1
46,Tỉnh Lâm Đồng,814,Huyện Bảo Lâm,525102,Xã Lộc Quảng,30,Tỉnh Lâm Đồng,12062,Xã Bảo Lâm 1
46,Tỉnh Lâm Đồng,814,Huyện Bảo Lâm,590638,Xã Lộc Tân,30,Tỉnh Lâm Đồng,4382,Phường 2 Bảo Lộc
46,Tỉnh Lâm Đồng,814,Huyện Bảo Lâm,656174,Xã Lộc Thành,30,Tỉnh Lâm Đồng,12574,Xã Bảo Lâm 3
46,Tỉnh Lâm Đồng,814,Huyện Bảo Lâm,721710,Thị Trấn Lộc Thắng,30,Tỉnh Lâm Đồng,12062,Xã Bảo Lâm 1
46,Tỉnh Lâm Đồng,814,Huyện Bảo Lâm,787246,Xã Lộc Phú,30,Tỉnh Lâm Đồng,12830,Xã Bảo Lâm 4
46,Tỉnh Lâm Đồng,814,Huyện Bảo Lâm,852782,Xã Lộc An,30,Tỉnh Lâm Đồng,12318,Xã Bảo Lâm 2
46,Tỉnh Lâm Đồng,814,Huyện Bảo Lâm,918318,Xã B'Lá,30,Tỉnh Lâm Đồng,12830,Xã Bảo Lâm 4
46,Tỉnh Lâm Đồng,1326,Huyện Di Linh,66862,Xã Tân Nghĩa,30,Tỉnh Lâm Đồng,11294,Xã Bảo Thuận
46,Tỉnh Lâm Đồng,1326,Huyện Di Linh,132398,Xã Hòa Nam,30,Tỉnh Lâm Đồng,10782,Xã Hòa Bắc
46,Tỉnh Lâm Đồng,1326,Huyện Di Linh,197934,Thị Trấn Di Linh,30,Tỉnh Lâm Đồng,10270,Xã Di Linh
46,Tỉnh Lâm Đồng,1326,Huyện Di Linh,263470,Xã Bảo Thuận,30,Tỉnh Lâm Đồng,11294,Xã Bảo Thuận
46,Tỉnh Lâm Đồng,1326,Huyện Di Linh,329006,Xã Đinh Lạc,30,Tỉnh Lâm Đồng,11294,Xã Bảo Thuận
46,Tỉnh Lâm Đồng,1326,Huyện Di Linh,394542,Xã Đinh Trang Hòa,30,Tỉnh Lâm Đồng,10526,Xã Hòa Ninh
46,Tỉnh Lâm Đồng,1326,Huyện Di Linh,460078,Xã Gia Hiệp,30,Tỉnh Lâm Đồng,11806,Xã Gia Hiệp
46,Tỉnh Lâm Đồng,1326,Huyện Di Linh,525614,Xã Đinh Trang Thượng,30,Tỉnh Lâm Đồng,11038,Xã Đinh Trang Thượng
46,Tỉnh Lâm Đồng,1326,Huyện Di Linh,591150,Xã Gia Bắc,30,Tỉnh Lâm Đồng,11550,Xã Sơn Điền
46,Tỉnh Lâm Đồng,1326,Huyện Di Linh,656686,Xã Gung Ré,30,Tỉnh Lâm Đồng,10270,Xã Di Linh
46,Tỉnh Lâm Đồng,1326,Huyện Di Linh,722222,Xã Hòa Bắc,30,Tỉnh Lâm Đồng,10782,Xã Hòa Bắc
46,Tỉnh Lâm Đồng,1326,Huyện Di Linh,787758,Xã Hòa Ninh,30,Tỉnh Lâm Đồng,10526,Xã Hòa Ninh
46,Tỉnh Lâm Đồng,1326,Huyện Di Linh,853294,Xã Hòa Trung,30,Tỉnh Lâm Đồng,10526,Xã Hòa Ninh
46,Tỉnh Lâm Đồng,1326,Huyện Di Linh,918830,Xã Liên Đầm,30,Tỉnh Lâm Đồng,10270,Xã Di Linh
46,Tỉnh Lâm Đồng,1326,Huyện Di Linh,984366,Xã Sơn Điền,30,Tỉnh Lâm Đồng,11550,Xã Sơn Điền
46,Tỉnh Lâm Đồng,1326,Huyện Di Linh,1049902,Xã Tam Bố,30,Tỉnh Lâm Đồng,11806,Xã Gia Hiệp
46,Tỉnh Lâm Đồng,1326,Huyện Di Linh,1115438,Xã Tân Châu,30,Tỉnh Lâm Đồng,10270,Xã Di Linh
46,Tỉnh Lâm Đồng,1326,Huyện Di Linh,1180974,Xã Tân Lâm,30,Tỉnh Lâm Đồng,11038,Xã Đinh Trang Thượng
46,Tỉnh Lâm Đồng,1326,Huyện Di Linh,1246510,Xã Tân Thượng,30,Tỉnh Lâm Đồng,11038,Xã Đinh Trang Thượng
46,Tỉnh Lâm Đồng,1582,Huyện Lâm Hà,67118,Thị Trấn Đinh Văn,30,Tỉnh Lâm Đồng,7710,Xã Đinh Văn Lâm Hà
46,Tỉnh Lâm Đồng,1582,Huyện Lâm Hà,132654,Thị Trấn Nam Ban,30,Tỉnh Lâm Đồng,8478,Xã Nam Ban Lâm Hà
46,Tỉnh Lâm Đồng,1582,Huyện Lâm Hà,198190,Xã Đạ Đờn,30,Tỉnh Lâm Đồng,7966,Xã Phú Sơn Lâm Hà
46,Tỉnh Lâm Đồng,1582,Huyện Lâm Hà,263726,Xã Đan Phượng,30,Tỉnh Lâm Đồng,8734,Xã Tân Hà Lâm Hà
46,Tỉnh Lâm Đồng,1582,Huyện Lâm Hà,329262,Xã Đông Thanh,30,Tỉnh Lâm Đồng,8478,Xã Nam Ban Lâm Hà
46,Tỉnh Lâm Đồng,1582,Huyện Lâm Hà,394798,Xã Gia Lâm,30,Tỉnh Lâm Đồng,8478,Xã Nam Ban Lâm Hà
46,Tỉnh Lâm Đồng,1582,Huyện Lâm Hà,460334,Xã Hoài Đức,30,Tỉnh Lâm Đồng,8734,Xã Tân Hà Lâm Hà
46,Tỉnh Lâm Đồng,1582,Huyện Lâm Hà,525870,Xã Tân Hà,30,Tỉnh Lâm Đồng,8734,Xã Tân Hà Lâm Hà
46,Tỉnh Lâm Đồng,1582,Huyện Lâm Hà,591406,Xã Mê Linh,30,Tỉnh Lâm Đồng,8478,Xã Nam Ban Lâm Hà
46,Tỉnh Lâm Đồng,1582,Huyện Lâm Hà,656942,Xã Nam Hà,30,Tỉnh Lâm Đồng,8222,Xã Nam Hà Lâm Hà
46,Tỉnh Lâm Đồng,1582,Huyện Lâm Hà,722478,Xã Phi Tô,30,Tỉnh Lâm Đồng,8222,Xã Nam Hà Lâm Hà
46,Tỉnh Lâm Đồng,1582,Huyện Lâm Hà,788014,Xã Phú Sơn,30,Tỉnh Lâm Đồng,7966,Xã Phú Sơn Lâm Hà
46,Tỉnh Lâm Đồng,1582,Huyện Lâm Hà,853550,Xã Phúc Thọ,30,Tỉnh Lâm Đồng,8990,Xã Phúc Thọ Lâm Hà
46,Tỉnh Lâm Đồng,1582,Huyện Lâm Hà,919086,Xã Liên Hà,30,Tỉnh Lâm Đồng,8734,Xã Tân Hà Lâm Hà
46,Tỉnh Lâm Đồng,1582,Huyện Lâm Hà,984622,Xã Tân Thanh,30,Tỉnh Lâm Đồng,8990,Xã Phúc Thọ Lâm Hà
46,Tỉnh Lâm Đồng,1582,Huyện Lâm Hà,1050158,Xã Tân Văn,30,Tỉnh Lâm Đồng,7710,Xã Đinh Văn Lâm Hà
46,Tỉnh Lâm Đồng,1838,Huyện Lạc Dương,67374,Xã Đạ Sar,30,Tỉnh Lâm Đồng,6430,Xã Lạc Dương
46,Tỉnh Lâm Đồng,1838,Huyện Lạc Dương,132910,Thị Trấn Lạc Dương,30,Tỉnh Lâm Đồng,3870,Phường Lang Biang-Đà Lạt
46,Tỉnh Lâm Đồng,1838,Huyện Lạc Dương,198446,Xã Đạ Chais,30,Tỉnh Lâm Đồng,6430,Xã Lạc Dương
46,Tỉnh Lâm Đồng,1838,Huyện Lạc Dương,263982,Xã Đạ Nhim,30,Tỉnh Lâm Đồng,6430,Xã Lạc Dương
46,Tỉnh Lâm Đồng,1838,Huyện Lạc Dương,329518,Xã Đưng Knớ,30,Tỉnh Lâm Đồng,10014,Xã Đam Rông 4
46,Tỉnh Lâm Đồng,1838,Huyện Lạc Dương,395054,Xã Lát,30,Tỉnh Lâm Đồng,3870,Phường Lang Biang-Đà Lạt
46,Tỉnh Lâm Đồng,2094,Huyện Đạ Huoai,67630,Thị Trấn Ma Đa Guôi,30,Tỉnh Lâm Đồng,13342,Xã Đạ Huoai
46,Tỉnh Lâm Đồng,2094,Huyện Đạ Huoai,133166,Xã Đạ Oai,30,Tỉnh Lâm Đồng,13342,Xã Đạ Huoai
46,Tỉnh Lâm Đồng,2094,Huyện Đạ Huoai,264238,Xã Bà Gia,30,Tỉnh Lâm Đồng,2590,Xã Đạ Huoai 3
46,Tỉnh Lâm Đồng,2094,Huyện Đạ Huoai,329774,Xã Hà Lâm,30,Tỉnh Lâm Đồng,13598,Xã Đạ Huoai 2
46,Tỉnh Lâm Đồng,2094,Huyện Đạ Huoai,395310,Xã Ma Đa Guôi,30,Tỉnh Lâm Đồng,13342,Xã Đạ Huoai
46,Tỉnh Lâm Đồng,2094,Huyện Đạ Huoai,526382,Thị Trấn Đạ M'Ri,30,Tỉnh Lâm Đồng,13598,Xã Đạ Huoai 2
46,Tỉnh Lâm Đồng,2094,Huyện Đạ Huoai,657454,Xã Đồng Nai Thượng,30,Tỉnh Lâm Đồng,15134,Xã Cát Tiên 3
46,Tỉnh Lâm Đồng,2094,Huyện Đạ Huoai,722990,Thị Trấn Cát Tiên,30,Tỉnh Lâm Đồng,14622,Xã Cát Tiên
46,Tỉnh Lâm Đồng,2094,Huyện Đạ Huoai,788526,Xã Đức Phổ,30,Tỉnh Lâm Đồng,14878,Xã Cát Tiên 2
46,Tỉnh Lâm Đồng,2094,Huyện Đạ Huoai,854062,Xã Gia Viễn,30,Tỉnh Lâm Đồng,15134,Xã Cát Tiên 3
46,Tỉnh Lâm Đồng,2094,Huyện Đạ Huoai,919598,Xã Nam Ninh,30,Tỉnh Lâm Đồng,14622,Xã Cát Tiên
46,Tỉnh Lâm Đồng,2094,Huyện Đạ Huoai,985134,Xã Phước Cát 2,30,Tỉnh Lâm Đồng,14878,Xã Cát Tiên 2
46,Tỉnh Lâm Đồng,2094,Huyện Đạ Huoai,1050670,Xã Quảng Ngãi,30,Tỉnh Lâm Đồng,14622,Xã Cát Tiên
46,Tỉnh Lâm Đồng,2094,Huyện Đạ Huoai,1116206,Xã Tiên Hoàng,30,Tỉnh Lâm Đồng,15134,Xã Cát Tiên 3
46,Tỉnh Lâm Đồng,2094,Huyện Đạ Huoai,1181742,Thị Trấn Đạ Tẻh,30,Tỉnh Lâm Đồng,13854,Xã Đạ Tẻh
46,Tỉnh Lâm Đồng,2094,Huyện Đạ Huoai,1247278,Xã An Nhơn,30,Tỉnh Lâm Đồng,13854,Xã Đạ Tẻh
46,Tỉnh Lâm Đồng,2094,Huyện Đạ Huoai,1312814,Xã Đạ Kho,30,Tỉnh Lâm Đồng,14110,Xã Đạ Tẻh 2
46,Tỉnh Lâm Đồng,2094,Huyện Đạ Huoai,1378350,Xã Đạ Lây,30,Tỉnh Lâm Đồng,13854,Xã Đạ Tẻh
46,Tỉnh Lâm Đồng,2094,Huyện Đạ Huoai,1443886,Xã Đạ Pal,30,Tỉnh Lâm Đồng,14110,Xã Đạ Tẻh 2
46,Tỉnh Lâm Đồng,2094,Huyện Đạ Huoai,1509422,Xã Quảng Trị,30,Tỉnh Lâm Đồng,14110,Xã Đạ Tẻh 2
46,Tỉnh Lâm Đồng,2094,Huyện Đạ Huoai,1574958,Xã Quốc Oai,30,Tỉnh Lâm Đồng,14366,Xã Đạ Tẻh 3
46,Tỉnh Lâm Đồng,2094,Huyện Đạ Huoai,1640494,Xã Mỹ Đức,30,Tỉnh Lâm Đồng,14366,Xã Đạ Tẻh 3
46,Tỉnh Lâm Đồng,2094,Huyện Đạ Huoai,1706030,Thị Trấn Phước Cát,30,Tỉnh Lâm Đồng,14878,Xã Cát Tiên 2
46,Tỉnh Lâm Đồng,2606,Huyện Đam Rông,68142,Xã Đạ Long,30,Tỉnh Lâm Đồng,10014,Xã Đam Rông 4
46,Tỉnh Lâm Đồng,2606,Huyện Đam Rông,133678,Xã Đạ Rsal,30,Tỉnh Lâm Đồng,9758,Xã Đam Rông 3
46,Tỉnh Lâm Đồng,2606,Huyện Đam Rông,199214,Xã Đạ Tông,30,Tỉnh Lâm Đồng,10014,Xã Đam Rông 4
46,Tỉnh Lâm Đồng,2606,Huyện Đam Rông,264750,Xã Liêng Srônh,30,Tỉnh Lâm Đồng,9502,Xã Đam Rông 2
46,Tỉnh Lâm Đồng,2606,Huyện Đam Rông,330286,Xã Phi Liêng,30,Tỉnh Lâm Đồng,9246,Xã Đam Rông 1
46,Tỉnh Lâm Đồng,2606,Huyện Đam Rông,395822,Xã Rô Men,30,Tỉnh Lâm Đồng,9502,Xã Đam Rông 2
46,Tỉnh Lâm Đồng,2606,Huyện Đam Rông,461358,Xã Đạ K'Nàng,30,Tỉnh Lâm Đồng,9246,Xã Đam Rông 1
46,Tỉnh Lâm Đồng,2606,Huyện Đam Rông,526894,Xã Đạ M'Rong,30,Tỉnh Lâm Đồng,9758,Xã Đam Rông 3
46,Tỉnh Lâm Đồng,2862,Huyện Đơn Dương,133934,Xã Đạ Ròn,30,Tỉnh Lâm Đồng,5150,Xã Đơn Dương
46,Tỉnh Lâm Đồng,2862,Huyện Đơn Dương,199470,Thị Trấn Thạnh Mỹ,30,Tỉnh Lâm Đồng,5150,Xã Đơn Dương
46,Tỉnh Lâm Đồng,2862,Huyện Đơn Dương,265006,Xã Ka Đô,30,Tỉnh Lâm Đồng,5406,Xã Ka Đô
46,Tỉnh Lâm Đồng,2862,Huyện Đơn Dương,330542,Xã Ka Đơn,30,Tỉnh Lâm Đồng,5662,Xã Quảng Lập
46,Tỉnh Lâm Đồng,2862,Huyện Đơn Dương,396078,Xã Lạc Lâm,30,Tỉnh Lâm Đồng,5406,Xã Ka Đô
46,Tỉnh Lâm Đồng,2862,Huyện Đơn Dương,461614,Xã Lạc Xuân,30,Tỉnh Lâm Đồng,5918,Xã D'Ran
46,Tỉnh Lâm Đồng,2862,Huyện Đơn Dương,527150,Xã Quảng Lập,30,Tỉnh Lâm Đồng,5662,Xã Quảng Lập
46,Tỉnh Lâm Đồng,2862,Huyện Đơn Dương,592686,Xã Tu Tra,30,Tỉnh Lâm Đồng,5150,Xã Đơn Dương
46,Tỉnh Lâm Đồng,2862,Huyện Đơn Dương,658222,Thị Trấn D'Ran,30,Tỉnh Lâm Đồng,5918,Xã D'Ran
46,Tỉnh Lâm Đồng,3118,Huyện Đức Trọng,68654,Xã Đa Quyn,30,Tỉnh Lâm Đồng,7454,Xã Tà Năng
46,Tỉnh Lâm Đồng,3118,Huyện Đức Trọng,134190,Thị Trấn Liên Nghĩa,30,Tỉnh Lâm Đồng,6686,Xã Đức Trọng
46,Tỉnh Lâm Đồng,3118,Huyện Đức Trọng,199726,Xã Bình Thạnh,30,Tỉnh Lâm Đồng,7710,Xã Đinh Văn Lâm Hà
46,Tỉnh Lâm Đồng,3118,Huyện Đức Trọng,265262,Xã Đà Loan,30,Tỉnh Lâm Đồng,7198,Xã Tà Hine
46,Tỉnh Lâm Đồng,3118,Huyện Đức Trọng,330798,Xã Hiệp An,30,Tỉnh Lâm Đồng,6174,Xã Hiệp Thạnh
46,Tỉnh Lâm Đồng,3118,Huyện Đức Trọng,396334,Xã Hiệp Thạnh,30,Tỉnh Lâm Đồng,6174,Xã Hiệp Thạnh
46,Tỉnh Lâm Đồng,3118,Huyện Đức Trọng,461870,Xã Liên Hiệp,30,Tỉnh Lâm Đồng,6174,Xã Hiệp Thạnh
46,Tỉnh Lâm Đồng,3118,Huyện Đức Trọng,527406,Xã Ninh Gia,30,Tỉnh Lâm Đồng,1054,Xã Ninh Gia
46,Tỉnh Lâm Đồng,3118,Huyện Đức Trọng,592942,Xã Ninh Loan,30,Tỉnh Lâm Đồng,7198,Xã Tà Hine
46,Tỉnh Lâm Đồng,3118,Huyện Đức Trọng,658478,Xã Phú Hội,30,Tỉnh Lâm Đồng,6686,Xã Đức Trọng
46,Tỉnh Lâm Đồng,3118,Huyện Đức Trọng,724014,Xã Tà Hine,30,Tỉnh Lâm Đồng,7198,Xã Tà Hine
46,Tỉnh Lâm Đồng,3118,Huyện Đức Trọng,789550,Xã Tà Năng,30,Tỉnh Lâm Đồng,7454,Xã Tà Năng
46,Tỉnh Lâm Đồng,3118,Huyện Đức Trọng,855086,Xã Tân Hội,30,Tỉnh Lâm Đồng,6942,Xã Tân Hội
46,Tỉnh Lâm Đồng,3118,Huyện Đức Trọng,920622,Xã Tân Thành,30,Tỉnh Lâm Đồng,6942,Xã Tân Hội
46,Tỉnh Lâm Đồng,3118,Huyện Đức Trọng,986158,Xã N'Thol Hạ,30,Tỉnh Lâm Đồng,6942,Xã Tân Hội
47,Tỉnh Lạng Sơn,303,Thành Phố Lạng Sơn,65839,Phường Vĩnh Trại,31,Tỉnh Lạng Sơn,16671,Phường Đông Kinh
47,Tỉnh Lạng Sơn,303,Thành Phố Lạng Sơn,131375,Phường Tam Thanh,31,Tỉnh Lạng Sơn,15903,Phường Tam Thanh
47,Tỉnh Lạng Sơn,303,Thành Phố Lạng Sơn,196911,Phường Chi Lăng,31,Tỉnh Lạng Sơn,16159,Phường Lương Văn Tri
47,Tỉnh Lạng Sơn,303,Thành Phố Lạng Sơn,262447,Phường Đông Kinh,31,Tỉnh Lạng Sơn,16671,Phường Đông Kinh
47,Tỉnh Lạng Sơn,303,Thành Phố Lạng Sơn,327983,Phường Hoàng Văn Thụ,31,Tỉnh Lạng Sơn,16415,Phường Kỳ Lừa
47,Tỉnh Lạng Sơn,303,Thành Phố Lạng Sơn,393519,Xã Hoàng Đồng,31,Tỉnh Lạng Sơn,15903,Phường Tam Thanh
47,Tỉnh Lạng Sơn,303,Thành Phố Lạng Sơn,459055,Xã Mai Pha,31,Tỉnh Lạng Sơn,16671,Phường Đông Kinh
47,Tỉnh Lạng Sơn,303,Thành Phố Lạng Sơn,524591,Xã Quảng Lạc,31,Tỉnh Lạng Sơn,16159,Phường Lương Văn Tri
47,Tỉnh Lạng Sơn,559,Huyện Bắc Sơn,66095,Thị Trấn Bắc Sơn,31,Tỉnh Lạng Sơn,4895,Xã Bắc Sơn
47,Tỉnh Lạng Sơn,559,Huyện Bắc Sơn,131631,Xã Bắc Quỳnh,31,Tỉnh Lạng Sơn,4895,Xã Bắc Sơn
47,Tỉnh Lạng Sơn,559,Huyện Bắc Sơn,197167,Xã Chiến Thắng,31,Tỉnh Lạng Sơn,5919,Xã Vũ Lễ
47,Tỉnh Lạng Sơn,559,Huyện Bắc Sơn,262703,Xã Chiêu Vũ,31,Tỉnh Lạng Sơn,5407,Xã Vũ Lăng
47,Tỉnh Lạng Sơn,559,Huyện Bắc Sơn,328239,Xã Đồng Ý,31,Tỉnh Lạng Sơn,6175,Xã Tân Tri
47,Tỉnh Lạng Sơn,559,Huyện Bắc Sơn,393775,Xã Hưng Vũ,31,Tỉnh Lạng Sơn,5151,Xã Hưng Vũ
47,Tỉnh Lạng Sơn,559,Huyện Bắc Sơn,459311,Xã Long Đống,31,Tỉnh Lạng Sơn,4895,Xã Bắc Sơn
47,Tỉnh Lạng Sơn,559,Huyện Bắc Sơn,524847,Xã Trấn Yên,31,Tỉnh Lạng Sơn,5151,Xã Hưng Vũ
47,Tỉnh Lạng Sơn,559,Huyện Bắc Sơn,590383,Xã Nhất Hòa,31,Tỉnh Lạng Sơn,5663,Xã Nhất Hòa
47,Tỉnh Lạng Sơn,559,Huyện Bắc Sơn,655919,Xã Nhất Tiến,31,Tỉnh Lạng Sơn,5663,Xã Nhất Hòa
47,Tỉnh Lạng Sơn,559,Huyện Bắc Sơn,721455,Xã Tân Hương,31,Tỉnh Lạng Sơn,5407,Xã Vũ Lăng
47,Tỉnh Lạng Sơn,559,Huyện Bắc Sơn,786991,Xã Tân Lập,31,Tỉnh Lạng Sơn,5407,Xã Vũ Lăng
47,Tỉnh Lạng Sơn,559,Huyện Bắc Sơn,852527,Xã Tân Thành,31,Tỉnh Lạng Sơn,5663,Xã Nhất Hòa
47,Tỉnh Lạng Sơn,559,Huyện Bắc Sơn,918063,Xã Tân Tri,31,Tỉnh Lạng Sơn,6175,Xã Tân Tri
47,Tỉnh Lạng Sơn,559,Huyện Bắc Sơn,983599,Xã Vạn Thủy,31,Tỉnh Lạng Sơn,6175,Xã Tân Tri
47,Tỉnh Lạng Sơn,559,Huyện Bắc Sơn,1049135,Xã Vũ Sơn,31,Tỉnh Lạng Sơn,5919,Xã Vũ Lễ
47,Tỉnh Lạng Sơn,559,Huyện Bắc Sơn,1114671,Xã Vũ Lễ,31,Tỉnh Lạng Sơn,5919,Xã Vũ Lễ
47,Tỉnh Lạng Sơn,559,Huyện Bắc Sơn,1180207,Xã Vũ Lăng,31,Tỉnh Lạng Sơn,5407,Xã Vũ Lăng
47,Tỉnh Lạng Sơn,815,Huyện Bình Gia,66351,Xã Yên Lỗ,31,Tỉnh Lạng Sơn,4127,Xã Thiện Hòa
47,Tỉnh Lạng Sơn,815,Huyện Bình Gia,131887,Xã Minh Khai,31,Tỉnh Lạng Sơn,3359,Xã Hồng Phong
47,Tỉnh Lạng Sơn,815,Huyện Bình Gia,197423,Xã Quang Trung,31,Tỉnh Lạng Sơn,4383,Xã Thiện Thuật
47,Tỉnh Lạng Sơn,815,Huyện Bình Gia,262959,Xã Tân Hòa,31,Tỉnh Lạng Sơn,4639,Xã Thiện Long
47,Tỉnh Lạng Sơn,815,Huyện Bình Gia,328495,Xã Bình La,31,Tỉnh Lạng Sơn,3103,Xã Tân Văn
47,Tỉnh Lạng Sơn,815,Huyện Bình Gia,394031,Xã Hòa Bình,31,Tỉnh Lạng Sơn,4639,Xã Thiện Long
47,Tỉnh Lạng Sơn,815,Huyện Bình Gia,459567,Xã Hồng Phong,31,Tỉnh Lạng Sơn,3359,Xã Hồng Phong
47,Tỉnh Lạng Sơn,815,Huyện Bình Gia,525103,Xã Hồng Thái,31,Tỉnh Lạng Sơn,3103,Xã Tân Văn
47,Tỉnh Lạng Sơn,815,Huyện Bình Gia,590639,Xã Hưng Đạo,31,Tỉnh Lạng Sơn,3615,Xã Hoa Thám
47,Tỉnh Lạng Sơn,815,Huyện Bình Gia,656175,Xã Thiện Hòa,31,Tỉnh Lạng Sơn,4127,Xã Thiện Hòa
47,Tỉnh Lạng Sơn,815,Huyện Bình Gia,721711,Xã Quý Hòa,31,Tỉnh Lạng Sơn,3871,Xã Quý Hòa
47,Tỉnh Lạng Sơn,815,Huyện Bình Gia,787247,Xã Tân Văn,31,Tỉnh Lạng Sơn,3103,Xã Tân Văn
47,Tỉnh Lạng Sơn,815,Huyện Bình Gia,852783,Xã Vĩnh Yên,31,Tỉnh Lạng Sơn,3871,Xã Quý Hòa
47,Tỉnh Lạng Sơn,815,Huyện Bình Gia,918319,Thị Trấn Bình Gia,31,Tỉnh Lạng Sơn,2847,Xã Bình Gia
47,Tỉnh Lạng Sơn,815,Huyện Bình Gia,983855,Xã Hoa Thám,31,Tỉnh Lạng Sơn,3615,Xã Hoa Thám
47,Tỉnh Lạng Sơn,815,Huyện Bình Gia,1049391,Xã Hoàng Văn Thụ,31,Tỉnh Lạng Sơn,2847,Xã Bình Gia
47,Tỉnh Lạng Sơn,815,Huyện Bình Gia,1114927,Xã Thiện Thuật,31,Tỉnh Lạng Sơn,4383,Xã Thiện Thuật
47,Tỉnh Lạng Sơn,815,Huyện Bình Gia,1180463,Xã Thiện Long,31,Tỉnh Lạng Sơn,4639,Xã Thiện Long
47,Tỉnh Lạng Sơn,815,Huyện Bình Gia,1245999,Xã Mông Ân,31,Tỉnh Lạng Sơn,2847,Xã Bình Gia
47,Tỉnh Lạng Sơn,1071,Huyện Cao Lộc,66607,Xã Lộc Yên,31,Tỉnh Lạng Sơn,15135,Xã Cao Lộc
47,Tỉnh Lạng Sơn,1071,Huyện Cao Lộc,132143,Xã Mẫu Sơn,31,Tỉnh Lạng Sơn,15647,Xã Ba Sơn
47,Tỉnh Lạng Sơn,1071,Huyện Cao Lộc,197679,Xã Tân Liên,31,Tỉnh Lạng Sơn,16415,Phường Kỳ Lừa
47,Tỉnh Lạng Sơn,1071,Huyện Cao Lộc,263215,Xã Bảo Lâm,31,Tỉnh Lạng Sơn,14879,Xã Đồng Đăng
47,Tỉnh Lạng Sơn,1071,Huyện Cao Lộc,328751,Xã Tân Thành,31,Tỉnh Lạng Sơn,7455,Xã Tân Đoàn
47,Tỉnh Lạng Sơn,1071,Huyện Cao Lộc,394287,Xã Hợp Thành,31,Tỉnh Lạng Sơn,16415,Phường Kỳ Lừa
47,Tỉnh Lạng Sơn,1071,Huyện Cao Lộc,459823,Xã Phú Xá,31,Tỉnh Lạng Sơn,14879,Xã Đồng Đăng
47,Tỉnh Lạng Sơn,1071,Huyện Cao Lộc,525359,Xã Thạch Đạn,31,Tỉnh Lạng Sơn,15135,Xã Cao Lộc
47,Tỉnh Lạng Sơn,1071,Huyện Cao Lộc,590895,Xã Thanh Lòa,31,Tỉnh Lạng Sơn,15135,Xã Cao Lộc
47,Tỉnh Lạng Sơn,1071,Huyện Cao Lộc,656431,Xã Thụy Hùng,31,Tỉnh Lạng Sơn,14879,Xã Đồng Đăng
47,Tỉnh Lạng Sơn,1071,Huyện Cao Lộc,721967,Xã Xuân Long,31,Tỉnh Lạng Sơn,7711,Xã Khánh Khê
47,Tỉnh Lạng Sơn,1071,Huyện Cao Lộc,787503,Xã Xuất Lễ,31,Tỉnh Lạng Sơn,15647,Xã Ba Sơn
47,Tỉnh Lạng Sơn,1071,Huyện Cao Lộc,853039,Xã Yên Trạch,31,Tỉnh Lạng Sơn,16671,Phường Đông Kinh
47,Tỉnh Lạng Sơn,1071,Huyện Cao Lộc,918575,Thị Trấn Cao Lộc,31,Tỉnh Lạng Sơn,16415,Phường Kỳ Lừa
47,Tỉnh Lạng Sơn,1071,Huyện Cao Lộc,984111,Xã Bình Trung,31,Tỉnh Lạng Sơn,7711,Xã Khánh Khê
47,Tỉnh Lạng Sơn,1071,Huyện Cao Lộc,1049647,Xã Cao Lâu,31,Tỉnh Lạng Sơn,15647,Xã Ba Sơn
47,Tỉnh Lạng Sơn,1071,Huyện Cao Lộc,1115183,Xã Công Sơn,31,Tỉnh Lạng Sơn,15391,Xã Công Sơn
47,Tỉnh Lạng Sơn,1071,Huyện Cao Lộc,1180719,Thị Trấn Đồng Đăng,31,Tỉnh Lạng Sơn,14879,Xã Đồng Đăng
47,Tỉnh Lạng Sơn,1071,Huyện Cao Lộc,1246255,Xã Gia Cát,31,Tỉnh Lạng Sơn,16415,Phường Kỳ Lừa
47,Tỉnh Lạng Sơn,1071,Huyện Cao Lộc,1311791,Xã Hải Yến,31,Tỉnh Lạng Sơn,15391,Xã Công Sơn
47,Tỉnh Lạng Sơn,1071,Huyện Cao Lộc,1377327,Xã Hòa Cư,31,Tỉnh Lạng Sơn,15391,Xã Công Sơn
47,Tỉnh Lạng Sơn,1071,Huyện Cao Lộc,1442863,Xã Hồng Phong,31,Tỉnh Lạng Sơn,14879,Xã Đồng Đăng
47,Tỉnh Lạng Sơn,1327,Huyện Chi Lăng,66863,Xã Liên Sơn,31,Tỉnh Lạng Sơn,13855,Xã Chiến Thắng
47,Tỉnh Lạng Sơn,1327,Huyện Chi Lăng,132399,Xã Quan Sơn,31,Tỉnh Lạng Sơn,13599,Xã Quan Sơn
47,Tỉnh Lạng Sơn,1327,Huyện Chi Lăng,197935,Xã Mai Sao,31,Tỉnh Lạng Sơn,14111,Xã Nhân Lý
47,Tỉnh Lạng Sơn,1327,Huyện Chi Lăng,263471,Xã Nhân Lý,31,Tỉnh Lạng Sơn,14111,Xã Nhân Lý
47,Tỉnh Lạng Sơn,1327,Huyện Chi Lăng,329007,Xã Thượng Cường,31,Tỉnh Lạng Sơn,14367,Xã Bằng Mạc
47,Tỉnh Lạng Sơn,1327,Huyện Chi Lăng,394543,Xã Vân An,31,Tỉnh Lạng Sơn,13855,Xã Chiến Thắng
47,Tỉnh Lạng Sơn,1327,Huyện Chi Lăng,460079,Xã Vạn Linh,31,Tỉnh Lạng Sơn,14623,Xã Vạn Linh
47,Tỉnh Lạng Sơn,1327,Huyện Chi Lăng,525615,Xã Vân Thủy,31,Tỉnh Lạng Sơn,13855,Xã Chiến Thắng
47,Tỉnh Lạng Sơn,1327,Huyện Chi Lăng,591151,Xã Y Tịch,31,Tỉnh Lạng Sơn,14623,Xã Vạn Linh
47,Tỉnh Lạng Sơn,1327,Huyện Chi Lăng,656687,Xã Lâm Sơn,31,Tỉnh Lạng Sơn,14111,Xã Nhân Lý
47,Tỉnh Lạng Sơn,1327,Huyện Chi Lăng,722223,Xã Hữu Kiên,31,Tỉnh Lạng Sơn,13599,Xã Quan Sơn
47,Tỉnh Lạng Sơn,1327,Huyện Chi Lăng,787759,Thị Trấn Chi Lăng,31,Tỉnh Lạng Sơn,13343,Xã Chi Lăng
47,Tỉnh Lạng Sơn,1327,Huyện Chi Lăng,853295,Thị Trấn Đồng Mỏ,31,Tỉnh Lạng Sơn,13343,Xã Chi Lăng
47,Tỉnh Lạng Sơn,1327,Huyện Chi Lăng,918831,Xã Bắc Thủy,31,Tỉnh Lạng Sơn,14111,Xã Nhân Lý
47,Tỉnh Lạng Sơn,1327,Huyện Chi Lăng,984367,Xã Gia Lộc,31,Tỉnh Lạng Sơn,14367,Xã Bằng Mạc
47,Tỉnh Lạng Sơn,1327,Huyện Chi Lăng,1049903,Xã Hòa Bình,31,Tỉnh Lạng Sơn,14623,Xã Vạn Linh
47,Tỉnh Lạng Sơn,1327,Huyện Chi Lăng,1115439,Xã Bằng Mạc,31,Tỉnh Lạng Sơn,14367,Xã Bằng Mạc
47,Tỉnh Lạng Sơn,1327,Huyện Chi Lăng,1180975,Xã Chi Lăng,31,Tỉnh Lạng Sơn,13343,Xã Chi Lăng
47,Tỉnh Lạng Sơn,1327,Huyện Chi Lăng,1246511,Xã Chiến Thắng,31,Tỉnh Lạng Sơn,13855,Xã Chiến Thắng
47,Tỉnh Lạng Sơn,1327,Huyện Chi Lăng,1312047,Xã Bằng Hữu,31,Tỉnh Lạng Sơn,14367,Xã Bằng Mạc
47,Tỉnh Lạng Sơn,1583,Huyện Hữu Lũng,67119,Xã Thiện Tân,31,Tỉnh Lạng Sơn,12319,Xã Thiện Tân
47,Tỉnh Lạng Sơn,1583,Huyện Hữu Lũng,132655,Xã Minh Tiến,31,Tỉnh Lạng Sơn,12063,Xã Vân Nham
47,Tỉnh Lạng Sơn,1583,Huyện Hữu Lũng,198191,Xã Nhật Tiến,31,Tỉnh Lạng Sơn,12063,Xã Vân Nham
47,Tỉnh Lạng Sơn,1583,Huyện Hữu Lũng,263727,Xã Quyết Thắng,31,Tỉnh Lạng Sơn,12575,Xã Yên Bình
47,Tỉnh Lạng Sơn,1583,Huyện Hữu Lũng,394799,Xã Tân Thành,31,Tỉnh Lạng Sơn,11807,Xã Tân Thành
47,Tỉnh Lạng Sơn,1583,Huyện Hữu Lũng,460335,Xã Yên Bình,31,Tỉnh Lạng Sơn,12575,Xã Yên Bình
47,Tỉnh Lạng Sơn,1583,Huyện Hữu Lũng,525871,Xã Yên Sơn,31,Tỉnh Lạng Sơn,13087,Xã Cai Kinh
47,Tỉnh Lạng Sơn,1583,Huyện Hữu Lũng,591407,Xã Yên Thịnh,31,Tỉnh Lạng Sơn,12831,Xã Hữu Liên
47,Tỉnh Lạng Sơn,1583,Huyện Hữu Lũng,656943,Thị Trấn Hữu Lũng,31,Tỉnh Lạng Sơn,11295,Xã Hữu Lũng
47,Tỉnh Lạng Sơn,1583,Huyện Hữu Lũng,722479,Xã Cai Kinh,31,Tỉnh Lạng Sơn,13087,Xã Cai Kinh
47,Tỉnh Lạng Sơn,1583,Huyện Hữu Lũng,788015,Xã Hòa Thắng,31,Tỉnh Lạng Sơn,11551,Xã Tuấn Sơn
47,Tỉnh Lạng Sơn,1583,Huyện Hữu Lũng,853551,Xã Đồng Tân,31,Tỉnh Lạng Sơn,11295,Xã Hữu Lũng
47,Tỉnh Lạng Sơn,1583,Huyện Hữu Lũng,919087,Xã Đồng Tiến,31,Tỉnh Lạng Sơn,12319,Xã Thiện Tân
47,Tỉnh Lạng Sơn,1583,Huyện Hữu Lũng,984623,Xã Hồ Sơn,31,Tỉnh Lạng Sơn,11295,Xã Hữu Lũng
47,Tỉnh Lạng Sơn,1583,Huyện Hữu Lũng,1050159,Xã Hòa Bình,31,Tỉnh Lạng Sơn,12575,Xã Yên Bình
47,Tỉnh Lạng Sơn,1583,Huyện Hữu Lũng,1115695,Xã Hòa Lạc,31,Tỉnh Lạng Sơn,11807,Xã Tân Thành
47,Tỉnh Lạng Sơn,1583,Huyện Hữu Lũng,1181231,Xã Hòa Sơn,31,Tỉnh Lạng Sơn,11807,Xã Tân Thành
47,Tỉnh Lạng Sơn,1583,Huyện Hữu Lũng,1246767,Xã Hữu Liên,31,Tỉnh Lạng Sơn,12831,Xã Hữu Liên
47,Tỉnh Lạng Sơn,1583,Huyện Hữu Lũng,1312303,Xã Minh Hòa,31,Tỉnh Lạng Sơn,11551,Xã Tuấn Sơn
47,Tỉnh Lạng Sơn,1583,Huyện Hữu Lũng,1377839,Xã Yên Vượng,31,Tỉnh Lạng Sơn,13087,Xã Cai Kinh
47,Tỉnh Lạng Sơn,1583,Huyện Hữu Lũng,1443375,Xã Minh Sơn,31,Tỉnh Lạng Sơn,11551,Xã Tuấn Sơn
47,Tỉnh Lạng Sơn,1583,Huyện Hữu Lũng,1508911,Xã Thanh Sơn,31,Tỉnh Lạng Sơn,12319,Xã Thiện Tân
47,Tỉnh Lạng Sơn,1583,Huyện Hữu Lũng,1574447,Xã Vân Nham,31,Tỉnh Lạng Sơn,12063,Xã Vân Nham
47,Tỉnh Lạng Sơn,1839,Huyện Lộc Bình,67375,Xã Ái Quốc,31,Tỉnh Lạng Sơn,10527,Xã Xuân Dương
47,Tỉnh Lạng Sơn,1839,Huyện Lộc Bình,132911,Thị Trấn Na Dương,31,Tỉnh Lạng Sơn,9759,Xã Na Dương
47,Tỉnh Lạng Sơn,1839,Huyện Lộc Bình,198447,Xã Đồng Bục,31,Tỉnh Lạng Sơn,9247,Xã Lộc Bình
47,Tỉnh Lạng Sơn,1839,Huyện Lộc Bình,263983,Xã Đông Quan,31,Tỉnh Lạng Sơn,9759,Xã Na Dương
47,Tỉnh Lạng Sơn,1839,Huyện Lộc Bình,329519,Xã Tam Gia,31,Tỉnh Lạng Sơn,10783,Xã Khuất Xá
47,Tỉnh Lạng Sơn,1839,Huyện Lộc Bình,460591,Xã Yên Khoái,31,Tỉnh Lạng Sơn,9503,Xã Mẫu Sơn
47,Tỉnh Lạng Sơn,1839,Huyện Lộc Bình,526127,Xã Tú Đoạn,31,Tỉnh Lạng Sơn,9759,Xã Na Dương
47,Tỉnh Lạng Sơn,1839,Huyện Lộc Bình,591663,Xã Tú Mịch,31,Tỉnh Lạng Sơn,9503,Xã Mẫu Sơn
47,Tỉnh Lạng Sơn,1839,Huyện Lộc Bình,657199,Xã Xuân Dương,31,Tỉnh Lạng Sơn,10527,Xã Xuân Dương
47,Tỉnh Lạng Sơn,1839,Huyện Lộc Bình,722735,Xã Khánh Xuân,31,Tỉnh Lạng Sơn,9247,Xã Lộc Bình
47,Tỉnh Lạng Sơn,1839,Huyện Lộc Bình,788271,Xã Thống Nhất,31,Tỉnh Lạng Sơn,10271,Xã Thống Nhất
47,Tỉnh Lạng Sơn,1839,Huyện Lộc Bình,853807,Xã Nam Quan,31,Tỉnh Lạng Sơn,10527,Xã Xuân Dương
47,Tỉnh Lạng Sơn,1839,Huyện Lộc Bình,919343,Xã Hữu Khánh,31,Tỉnh Lạng Sơn,9247,Xã Lộc Bình
47,Tỉnh Lạng Sơn,1839,Huyện Lộc Bình,984879,Xã Hữu Lân,31,Tỉnh Lạng Sơn,10271,Xã Thống Nhất
47,Tỉnh Lạng Sơn,1839,Huyện Lộc Bình,1050415,Xã Khuất Xá,31,Tỉnh Lạng Sơn,10783,Xã Khuất Xá
47,Tỉnh Lạng Sơn,1839,Huyện Lộc Bình,1115951,Xã Lợi Bác,31,Tỉnh Lạng Sơn,10015,Xã Lợi Bác
47,Tỉnh Lạng Sơn,1839,Huyện Lộc Bình,1181487,Xã Mẫu Sơn,31,Tỉnh Lạng Sơn,9503,Xã Mẫu Sơn
47,Tỉnh Lạng Sơn,1839,Huyện Lộc Bình,1247023,Xã Minh Hiệp,31,Tỉnh Lạng Sơn,10271,Xã Thống Nhất
47,Tỉnh Lạng Sơn,1839,Huyện Lộc Bình,1312559,Xã Sàn Viên,31,Tỉnh Lạng Sơn,10015,Xã Lợi Bác
47,Tỉnh Lạng Sơn,1839,Huyện Lộc Bình,1378095,Thị Trấn Lộc Bình,31,Tỉnh Lạng Sơn,9247,Xã Lộc Bình
47,Tỉnh Lạng Sơn,2095,Huyện Đình Lập,67631,Xã Bắc Xa,31,Tỉnh Lạng Sơn,799,Xã Kiên Mộc
47,Tỉnh Lạng Sơn,2095,Huyện Đình Lập,133167,Xã Châu Sơn,31,Tỉnh Lạng Sơn,287,Xã Châu Sơn
47,Tỉnh Lạng Sơn,2095,Huyện Đình Lập,198703,Xã Đồng Thắng,31,Tỉnh Lạng Sơn,287,Xã Châu Sơn
47,Tỉnh Lạng Sơn,2095,Huyện Đình Lập,264239,Thị Trấn Đình Lập,31,Tỉnh Lạng Sơn,543,Xã Đình Lập
47,Tỉnh Lạng Sơn,2095,Huyện Đình Lập,329775,Thị Trấn Nông Trường Thái Bình,31,Tỉnh Lạng Sơn,11039,Xã Thái Bình
47,Tỉnh Lạng Sơn,2095,Huyện Đình Lập,395311,Xã Bắc Lãng,31,Tỉnh Lạng Sơn,287,Xã Châu Sơn
47,Tỉnh Lạng Sơn,2095,Huyện Đình Lập,460847,Xã Bính Xá,31,Tỉnh Lạng Sơn,543,Xã Đình Lập
47,Tỉnh Lạng Sơn,2095,Huyện Đình Lập,460847,Xã Bính Xá,31,Tỉnh Lạng Sơn,799,Xã Kiên Mộc
47,Tỉnh Lạng Sơn,2095,Huyện Đình Lập,526383,Xã Đình Lập,31,Tỉnh Lạng Sơn,543,Xã Đình Lập
47,Tỉnh Lạng Sơn,2095,Huyện Đình Lập,591919,Xã Cường Lợi,31,Tỉnh Lạng Sơn,287,Xã Châu Sơn
47,Tỉnh Lạng Sơn,2095,Huyện Đình Lập,657455,Xã Kiên Mộc,31,Tỉnh Lạng Sơn,287,Xã Châu Sơn
47,Tỉnh Lạng Sơn,2095,Huyện Đình Lập,657455,Xã Kiên Mộc,31,Tỉnh Lạng Sơn,799,Xã Kiên Mộc
47,Tỉnh Lạng Sơn,2095,Huyện Đình Lập,722991,Xã Lâm Ca,31,Tỉnh Lạng Sơn,11039,Xã Thái Bình
47,Tỉnh Lạng Sơn,2095,Huyện Đình Lập,788527,Xã Thái Bình,31,Tỉnh Lạng Sơn,11039,Xã Thái Bình
47,Tỉnh Lạng Sơn,2351,Huyện Tràng Định,67887,Xã Cao Minh,31,Tỉnh Lạng Sơn,1311,Xã Đoàn Kết
47,Tỉnh Lạng Sơn,2351,Huyện Tràng Định,133423,Xã Tân Minh,31,Tỉnh Lạng Sơn,2335,Xã Kháng Chiến
47,Tỉnh Lạng Sơn,2351,Huyện Tràng Định,198959,Xã Chi Lăng,31,Tỉnh Lạng Sơn,1055,Xã Thất Khê
47,Tỉnh Lạng Sơn,2351,Huyện Tràng Định,264495,Xã Chí Minh,31,Tỉnh Lạng Sơn,1055,Xã Thất Khê
47,Tỉnh Lạng Sơn,2351,Huyện Tràng Định,395567,Xã Hùng Việt,31,Tỉnh Lạng Sơn,1823,Xã Tràng Định
47,Tỉnh Lạng Sơn,2351,Huyện Tràng Định,461103,Xã Kháng Chiến,31,Tỉnh Lạng Sơn,2335,Xã Kháng Chiến
47,Tỉnh Lạng Sơn,2351,Huyện Tràng Định,526639,Xã Khánh Long,31,Tỉnh Lạng Sơn,1311,Xã Đoàn Kết
47,Tỉnh Lạng Sơn,2351,Huyện Tràng Định,592175,Xã Đào Viên,31,Tỉnh Lạng Sơn,2591,Xã Quốc Việt
47,Tỉnh Lạng Sơn,2351,Huyện Tràng Định,657711,Xã Tri Phương,31,Tỉnh Lạng Sơn,2079,Xã Quốc Khánh
47,Tỉnh Lạng Sơn,2351,Huyện Tràng Định,723247,Xã Trung Thành,31,Tỉnh Lạng Sơn,2335,Xã Kháng Chiến
47,Tỉnh Lạng Sơn,2351,Huyện Tràng Định,854319,Xã Đề Thám,31,Tỉnh Lạng Sơn,1823,Xã Tràng Định
47,Tỉnh Lạng Sơn,2351,Huyện Tràng Định,919855,Xã Đội Cấn,31,Tỉnh Lạng Sơn,2079,Xã Quốc Khánh
47,Tỉnh Lạng Sơn,2351,Huyện Tràng Định,985391,Xã Hùng Sơn,31,Tỉnh Lạng Sơn,1823,Xã Tràng Định
47,Tỉnh Lạng Sơn,2351,Huyện Tràng Định,1050927,Xã Kim Đồng,31,Tỉnh Lạng Sơn,1567,Xã Tân Tiến
47,Tỉnh Lạng Sơn,2351,Huyện Tràng Định,1116463,Xã Quốc Khánh,31,Tỉnh Lạng Sơn,2079,Xã Quốc Khánh
47,Tỉnh Lạng Sơn,2351,Huyện Tràng Định,1181999,Xã Quốc Việt,31,Tỉnh Lạng Sơn,2591,Xã Quốc Việt
47,Tỉnh Lạng Sơn,2351,Huyện Tràng Định,1247535,Xã Tân Tiến,31,Tỉnh Lạng Sơn,1567,Xã Tân Tiến
47,Tỉnh Lạng Sơn,2351,Huyện Tràng Định,1313071,Xã Tân Yên,31,Tỉnh Lạng Sơn,1567,Xã Tân Tiến
47,Tỉnh Lạng Sơn,2351,Huyện Tràng Định,1378607,Thị Trấn Thất Khê,31,Tỉnh Lạng Sơn,1055,Xã Thất Khê
47,Tỉnh Lạng Sơn,2351,Huyện Tràng Định,1378607,Thị Trấn Thất Khê,31,Tỉnh Lạng Sơn,2079,Xã Quốc Khánh
47,Tỉnh Lạng Sơn,2351,Huyện Tràng Định,1444143,Xã Đoàn Kết,31,Tỉnh Lạng Sơn,1311,Xã Đoàn Kết
47,Tỉnh Lạng Sơn,2607,Huyện Văn Lãng,68143,Xã Nhạc Kỳ,31,Tỉnh Lạng Sơn,8223,Xã Hoàng Văn Thụ
47,Tỉnh Lạng Sơn,2607,Huyện Văn Lãng,133679,Xã Tân Thanh,31,Tỉnh Lạng Sơn,8223,Xã Hoàng Văn Thụ
47,Tỉnh Lạng Sơn,2607,Huyện Văn Lãng,199215,Thị Trấn Na Sầm,31,Tỉnh Lạng Sơn,7967,Xã Na Sầm
47,Tỉnh Lạng Sơn,2607,Huyện Văn Lãng,264751,Xã Bắc La,31,Tỉnh Lạng Sơn,8735,Xã Văn Lãng
47,Tỉnh Lạng Sơn,2607,Huyện Văn Lãng,330287,Xã Gia Miễn,31,Tỉnh Lạng Sơn,8991,Xã Hội Hoan
47,Tỉnh Lạng Sơn,2607,Huyện Văn Lãng,395823,Xã Hội Hoan,31,Tỉnh Lạng Sơn,8991,Xã Hội Hoan
47,Tỉnh Lạng Sơn,2607,Huyện Văn Lãng,461359,Xã Hồng Thái,31,Tỉnh Lạng Sơn,8223,Xã Hoàng Văn Thụ
47,Tỉnh Lạng Sơn,2607,Huyện Văn Lãng,526895,Xã Trùng Khánh,31,Tỉnh Lạng Sơn,8479,Xã Thụy Hùng
47,Tỉnh Lạng Sơn,2607,Huyện Văn Lãng,592431,Xã Bắc Hùng,31,Tỉnh Lạng Sơn,7967,Xã Na Sầm
47,Tỉnh Lạng Sơn,2607,Huyện Văn Lãng,657967,Xã Hoàng Văn Thụ,31,Tỉnh Lạng Sơn,8223,Xã Hoàng Văn Thụ
47,Tỉnh Lạng Sơn,2607,Huyện Văn Lãng,723503,Xã Hoàng Việt,31,Tỉnh Lạng Sơn,7967,Xã Na Sầm
47,Tỉnh Lạng Sơn,2607,Huyện Văn Lãng,789039,Xã Bắc Việt,31,Tỉnh Lạng Sơn,8735,Xã Văn Lãng
47,Tỉnh Lạng Sơn,2607,Huyện Văn Lãng,854575,Xã Tân Mỹ,31,Tỉnh Lạng Sơn,8223,Xã Hoàng Văn Thụ
47,Tỉnh Lạng Sơn,2607,Huyện Văn Lãng,920111,Xã Tân Tác,31,Tỉnh Lạng Sơn,8735,Xã Văn Lãng
47,Tỉnh Lạng Sơn,2607,Huyện Văn Lãng,985647,Xã Thành Hòa,31,Tỉnh Lạng Sơn,8735,Xã Văn Lãng
47,Tỉnh Lạng Sơn,2607,Huyện Văn Lãng,1051183,Xã Thanh Long,31,Tỉnh Lạng Sơn,8479,Xã Thụy Hùng
47,Tỉnh Lạng Sơn,2607,Huyện Văn Lãng,1116719,Xã Thụy Hùng,31,Tỉnh Lạng Sơn,8479,Xã Thụy Hùng
47,Tỉnh Lạng Sơn,2863,Huyện Văn Quan,133935,Thị Trấn Văn Quan,31,Tỉnh Lạng Sơn,6431,Xã Văn Quan
47,Tỉnh Lạng Sơn,2863,Huyện Văn Quan,199471,Xã Khánh Khê,31,Tỉnh Lạng Sơn,7711,Xã Khánh Khê
47,Tỉnh Lạng Sơn,2863,Huyện Văn Quan,265007,Xã Bình Phúc,31,Tỉnh Lạng Sơn,6943,Xã Yên Phúc
47,Tỉnh Lạng Sơn,2863,Huyện Văn Quan,330543,Xã An Sơn,31,Tỉnh Lạng Sơn,6943,Xã Yên Phúc
47,Tỉnh Lạng Sơn,2863,Huyện Văn Quan,396079,Xã Hòa Bình,31,Tỉnh Lạng Sơn,6431,Xã Văn Quan
47,Tỉnh Lạng Sơn,2863,Huyện Văn Quan,461615,Xã Điềm He,31,Tỉnh Lạng Sơn,6687,Xã Điềm He
47,Tỉnh Lạng Sơn,2863,Huyện Văn Quan,527151,Xã Lương Năng,31,Tỉnh Lạng Sơn,7199,Xã Tri Lễ
47,Tỉnh Lạng Sơn,2863,Huyện Văn Quan,592687,Xã Tri Lễ,31,Tỉnh Lạng Sơn,7199,Xã Tri Lễ
47,Tỉnh Lạng Sơn,2863,Huyện Văn Quan,658223,Xã Tú Xuyên,31,Tỉnh Lạng Sơn,6431,Xã Văn Quan
47,Tỉnh Lạng Sơn,2863,Huyện Văn Quan,723759,Xã Tân Đoàn,31,Tỉnh Lạng Sơn,7455,Xã Tân Đoàn
47,Tỉnh Lạng Sơn,2863,Huyện Văn Quan,789295,Xã Trấn Ninh,31,Tỉnh Lạng Sơn,6687,Xã Điềm He
47,Tỉnh Lạng Sơn,2863,Huyện Văn Quan,920367,Xã Tràng Phái,31,Tỉnh Lạng Sơn,7455,Xã Tân Đoàn
47,Tỉnh Lạng Sơn,2863,Huyện Văn Quan,985903,Xã Liên Hội,31,Tỉnh Lạng Sơn,6687,Xã Điềm He
47,Tỉnh Lạng Sơn,2863,Huyện Văn Quan,1051439,Xã Yên Phúc,31,Tỉnh Lạng Sơn,6943,Xã Yên Phúc
47,Tỉnh Lạng Sơn,2863,Huyện Văn Quan,1116975,Xã Hữu Lễ,31,Tỉnh Lạng Sơn,7199,Xã Tri Lễ
48,Tỉnh Lào Cai,304,Thành Phố Lào Cai,65840,Phường Bắc Cường,32,Tỉnh Lào Cai,15136,Phường Cam Đường
48,Tỉnh Lào Cai,304,Thành Phố Lào Cai,131376,Phường Lào Cai,32,Tỉnh Lào Cai,15392,Phường Lào Cai
48,Tỉnh Lào Cai,304,Thành Phố Lào Cai,196912,Phường Cốc Lếu,32,Tỉnh Lào Cai,15392,Phường Lào Cai
48,Tỉnh Lào Cai,304,Thành Phố Lào Cai,262448,Phường Duyên Hải,32,Tỉnh Lào Cai,15392,Phường Lào Cai
48,Tỉnh Lào Cai,304,Thành Phố Lào Cai,327984,Phường Bình Minh,32,Tỉnh Lào Cai,15136,Phường Cam Đường
48,Tỉnh Lào Cai,304,Thành Phố Lào Cai,393520,Phường Bắc Lệnh,32,Tỉnh Lào Cai,15136,Phường Cam Đường
48,Tỉnh Lào Cai,304,Thành Phố Lào Cai,459056,Phường Kim Tân,32,Tỉnh Lào Cai,15392,Phường Lào Cai
48,Tỉnh Lào Cai,304,Thành Phố Lào Cai,524592,Phường Nam Cường,32,Tỉnh Lào Cai,15136,Phường Cam Đường
48,Tỉnh Lào Cai,304,Thành Phố Lào Cai,590128,Phường Pom Hán,32,Tỉnh Lào Cai,15136,Phường Cam Đường
48,Tỉnh Lào Cai,304,Thành Phố Lào Cai,655664,Xã Thống Nhất,32,Tỉnh Lào Cai,14880,Xã Gia Phú
48,Tỉnh Lào Cai,304,Thành Phố Lào Cai,721200,Phường Xuân Tăng,32,Tỉnh Lào Cai,15136,Phường Cam Đường
48,Tỉnh Lào Cai,304,Thành Phố Lào Cai,786736,Xã Cam Đường,32,Tỉnh Lào Cai,15136,Phường Cam Đường
48,Tỉnh Lào Cai,304,Thành Phố Lào Cai,852272,Xã Đồng Tuyển,32,Tỉnh Lào Cai,15648,Xã Cốc San
48,Tỉnh Lào Cai,304,Thành Phố Lào Cai,917808,Xã Hợp Thành,32,Tỉnh Lào Cai,15904,Xã Hợp Thành
48,Tỉnh Lào Cai,304,Thành Phố Lào Cai,983344,Xã Cốc San,32,Tỉnh Lào Cai,15648,Xã Cốc San
48,Tỉnh Lào Cai,304,Thành Phố Lào Cai,1048880,Xã Tả Phời,32,Tỉnh Lào Cai,15904,Xã Hợp Thành
48,Tỉnh Lào Cai,304,Thành Phố Lào Cai,1114416,Xã Vạn Hòa,32,Tỉnh Lào Cai,15392,Phường Lào Cai
48,Tỉnh Lào Cai,560,Huyện Bắc Hà,66096,Xã Lùng Cải,32,Tỉnh Lào Cai,23584,Xã Tả Củ Tỷ
48,Tỉnh Lào Cai,560,Huyện Bắc Hà,131632,Xã Lùng Phình,32,Tỉnh Lào Cai,23840,Xã Lùng Phình
48,Tỉnh Lào Cai,560,Huyện Bắc Hà,197168,Xã Na Hối,32,Tỉnh Lào Cai,23328,Xã Bắc Hà
48,Tỉnh Lào Cai,560,Huyện Bắc Hà,262704,Thị Trấn Bắc Hà,32,Tỉnh Lào Cai,23328,Xã Bắc Hà
48,Tỉnh Lào Cai,560,Huyện Bắc Hà,328240,Xã Bản Cái,32,Tỉnh Lào Cai,22560,Xã Cốc Lầu
48,Tỉnh Lào Cai,560,Huyện Bắc Hà,393776,Xã Bản Liền,32,Tỉnh Lào Cai,23072,Xã Bản Liền
48,Tỉnh Lào Cai,560,Huyện Bắc Hà,459312,Xã Bản Phố,32,Tỉnh Lào Cai,23328,Xã Bắc Hà
48,Tỉnh Lào Cai,560,Huyện Bắc Hà,524848,Xã Bảo Nhai,32,Tỉnh Lào Cai,22816,Xã Bảo Nhai
48,Tỉnh Lào Cai,560,Huyện Bắc Hà,590384,Xã Nậm Đét,32,Tỉnh Lào Cai,22816,Xã Bảo Nhai
48,Tỉnh Lào Cai,560,Huyện Bắc Hà,655920,Xã Nậm Khánh,32,Tỉnh Lào Cai,23072,Xã Bản Liền
48,Tỉnh Lào Cai,560,Huyện Bắc Hà,721456,Xã Hoàng Thu Phố,32,Tỉnh Lào Cai,23328,Xã Bắc Hà
48,Tỉnh Lào Cai,560,Huyện Bắc Hà,786992,Xã Nậm Lúc,32,Tỉnh Lào Cai,22560,Xã Cốc Lầu
48,Tỉnh Lào Cai,560,Huyện Bắc Hà,852528,Xã Cốc Lầu,32,Tỉnh Lào Cai,22560,Xã Cốc Lầu
48,Tỉnh Lào Cai,560,Huyện Bắc Hà,918064,Xã Cốc Ly,32,Tỉnh Lào Cai,22816,Xã Bảo Nhai
48,Tỉnh Lào Cai,560,Huyện Bắc Hà,983600,Xã Nậm Mòn,32,Tỉnh Lào Cai,23328,Xã Bắc Hà
48,Tỉnh Lào Cai,560,Huyện Bắc Hà,1114672,Xã Thải Giàng Phố,32,Tỉnh Lào Cai,23328,Xã Bắc Hà
48,Tỉnh Lào Cai,560,Huyện Bắc Hà,1180208,Xã Tả Củ Tỷ,32,Tỉnh Lào Cai,23584,Xã Tả Củ Tỷ
48,Tỉnh Lào Cai,560,Huyện Bắc Hà,1245744,Xã Tả Van Chư,32,Tỉnh Lào Cai,23840,Xã Lùng Phình
48,Tỉnh Lào Cai,816,Huyện Bảo Thắng,66352,Thị Trấn Nông Trường Phong Hải,32,Tỉnh Lào Cai,13856,Xã Phong Hải
48,Tỉnh Lào Cai,816,Huyện Bảo Thắng,131888,Xã Sơn Hải,32,Tỉnh Lào Cai,14368,Xã Bảo Thắng
48,Tỉnh Lào Cai,816,Huyện Bảo Thắng,197424,Thị Trấn Phố Lu,32,Tỉnh Lào Cai,14368,Xã Bảo Thắng
48,Tỉnh Lào Cai,816,Huyện Bảo Thắng,262960,Thị Trấn Tằng Loỏng,32,Tỉnh Lào Cai,14624,Xã Tằng Loỏng
48,Tỉnh Lào Cai,816,Huyện Bảo Thắng,328496,Xã Bản Cầm,32,Tỉnh Lào Cai,13856,Xã Phong Hải
48,Tỉnh Lào Cai,816,Huyện Bảo Thắng,394032,Xã Bản Phiệt,32,Tỉnh Lào Cai,15392,Phường Lào Cai
48,Tỉnh Lào Cai,816,Huyện Bảo Thắng,459568,Xã Gia Phú,32,Tỉnh Lào Cai,14880,Xã Gia Phú
48,Tỉnh Lào Cai,816,Huyện Bảo Thắng,525104,Xã Phong Niên,32,Tỉnh Lào Cai,14112,Xã Xuân Quang
48,Tỉnh Lào Cai,816,Huyện Bảo Thắng,590640,Xã Phú Nhuận,32,Tỉnh Lào Cai,14624,Xã Tằng Loỏng
48,Tỉnh Lào Cai,816,Huyện Bảo Thắng,656176,Xã Sơn Hà,32,Tỉnh Lào Cai,14368,Xã Bảo Thắng
48,Tỉnh Lào Cai,816,Huyện Bảo Thắng,721712,Xã Thái Niên,32,Tỉnh Lào Cai,14368,Xã Bảo Thắng
48,Tỉnh Lào Cai,816,Huyện Bảo Thắng,787248,Xã Trì Quang,32,Tỉnh Lào Cai,14112,Xã Xuân Quang
48,Tỉnh Lào Cai,816,Huyện Bảo Thắng,852784,Xã Xuân Giao,32,Tỉnh Lào Cai,14880,Xã Gia Phú
48,Tỉnh Lào Cai,816,Huyện Bảo Thắng,918320,Xã Xuân Quang,32,Tỉnh Lào Cai,14112,Xã Xuân Quang
48,Tỉnh Lào Cai,1072,Huyện Bảo Yên,66608,Xã Việt Tiến,32,Tỉnh Lào Cai,18976,Xã Phúc Khánh
48,Tỉnh Lào Cai,1072,Huyện Bảo Yên,132144,Xã Cam Cọn,32,Tỉnh Lào Cai,19232,Xã Bảo Hà
48,Tỉnh Lào Cai,1072,Huyện Bảo Yên,197680,Thị Trấn Phố Ràng,32,Tỉnh Lào Cai,17952,Xã Bảo Yên
48,Tỉnh Lào Cai,1072,Huyện Bảo Yên,263216,Xã Bảo Hà,32,Tỉnh Lào Cai,19232,Xã Bảo Hà
48,Tỉnh Lào Cai,1072,Huyện Bảo Yên,328752,Xã Vĩnh Yên,32,Tỉnh Lào Cai,18208,Xã Nghĩa Đô
48,Tỉnh Lào Cai,1072,Huyện Bảo Yên,394288,Xã Điện Quan,32,Tỉnh Lào Cai,18464,Xã Thượng Hà
48,Tỉnh Lào Cai,1072,Huyện Bảo Yên,459824,Xã Kim Sơn,32,Tỉnh Lào Cai,19232,Xã Bảo Hà
48,Tỉnh Lào Cai,1072,Huyện Bảo Yên,525360,Xã Phúc Khánh,32,Tỉnh Lào Cai,18976,Xã Phúc Khánh
48,Tỉnh Lào Cai,1072,Huyện Bảo Yên,590896,Xã Lương Sơn,32,Tỉnh Lào Cai,17952,Xã Bảo Yên
48,Tỉnh Lào Cai,1072,Huyện Bảo Yên,656432,Xã Xuân Hòa,32,Tỉnh Lào Cai,18720,Xã Xuân Hòa
48,Tỉnh Lào Cai,1072,Huyện Bảo Yên,721968,Xã Minh Tân,32,Tỉnh Lào Cai,18464,Xã Thượng Hà
48,Tỉnh Lào Cai,1072,Huyện Bảo Yên,787504,Xã Nghĩa Đô,32,Tỉnh Lào Cai,18208,Xã Nghĩa Đô
48,Tỉnh Lào Cai,1072,Huyện Bảo Yên,853040,Xã Tân Dương,32,Tỉnh Lào Cai,18720,Xã Xuân Hòa
48,Tỉnh Lào Cai,1072,Huyện Bảo Yên,918576,Xã Tân Tiến,32,Tỉnh Lào Cai,18208,Xã Nghĩa Đô
48,Tỉnh Lào Cai,1072,Huyện Bảo Yên,984112,Xã Thượng Hà,32,Tỉnh Lào Cai,18464,Xã Thượng Hà
48,Tỉnh Lào Cai,1072,Huyện Bảo Yên,1049648,Xã Xuân Thượng,32,Tỉnh Lào Cai,17952,Xã Bảo Yên
48,Tỉnh Lào Cai,1072,Huyện Bảo Yên,1115184,Xã Yên Sơn,32,Tỉnh Lào Cai,17952,Xã Bảo Yên
48,Tỉnh Lào Cai,1328,Huyện Bát Xát,66864,Xã Trung Lèng Hồ,32,Tỉnh Lào Cai,16160,Xã Mường Hum
48,Tỉnh Lào Cai,1328,Huyện Bát Xát,132400,Xã Nậm Pung,32,Tỉnh Lào Cai,16160,Xã Mường Hum
48,Tỉnh Lào Cai,1328,Huyện Bát Xát,197936,Thị Trấn Bát Xát,32,Tỉnh Lào Cai,17696,Xã Bát Xát
48,Tỉnh Lào Cai,1328,Huyện Bát Xát,263472,Xã A Lù,32,Tỉnh Lào Cai,16672,Xã Y Tý
48,Tỉnh Lào Cai,1328,Huyện Bát Xát,329008,Xã A Mú Sung,32,Tỉnh Lào Cai,16928,Xã A Mú Sung
48,Tỉnh Lào Cai,1328,Huyện Bát Xát,394544,Xã Bản Vược,32,Tỉnh Lào Cai,17696,Xã Bát Xát
48,Tỉnh Lào Cai,1328,Huyện Bát Xát,460080,Xã Bản Xèo,32,Tỉnh Lào Cai,17440,Xã Bản Xèo
48,Tỉnh Lào Cai,1328,Huyện Bát Xát,525616,Xã Cốc Mỳ,32,Tỉnh Lào Cai,17184,Xã Trịnh Tường
48,Tỉnh Lào Cai,1328,Huyện Bát Xát,591152,Xã Dền Sáng,32,Tỉnh Lào Cai,16416,Xã Dền Sáng
48,Tỉnh Lào Cai,1328,Huyện Bát Xát,656688,Xã Dền Thàng,32,Tỉnh Lào Cai,16416,Xã Dền Sáng
48,Tỉnh Lào Cai,1328,Huyện Bát Xát,722224,Xã Mường Hum,32,Tỉnh Lào Cai,16160,Xã Mường Hum
48,Tỉnh Lào Cai,1328,Huyện Bát Xát,787760,Xã Mường Vi,32,Tỉnh Lào Cai,17440,Xã Bản Xèo
48,Tỉnh Lào Cai,1328,Huyện Bát Xát,853296,Xã Nậm Chạc,32,Tỉnh Lào Cai,16928,Xã A Mú Sung
48,Tỉnh Lào Cai,1328,Huyện Bát Xát,918832,Xã Pa Cheo,32,Tỉnh Lào Cai,17440,Xã Bản Xèo
48,Tỉnh Lào Cai,1328,Huyện Bát Xát,984368,Xã Phìn Ngan,32,Tỉnh Lào Cai,17696,Xã Bát Xát
48,Tỉnh Lào Cai,1328,Huyện Bát Xát,1049904,Xã Quang Kim,32,Tỉnh Lào Cai,17696,Xã Bát Xát
48,Tỉnh Lào Cai,1328,Huyện Bát Xát,1115440,Xã Sàng Ma Sáo,32,Tỉnh Lào Cai,16416,Xã Dền Sáng
48,Tỉnh Lào Cai,1328,Huyện Bát Xát,1180976,Xã Tòng Sành,32,Tỉnh Lào Cai,15648,Xã Cốc San
48,Tỉnh Lào Cai,1328,Huyện Bát Xát,1246512,Xã Trịnh Tường,32,Tỉnh Lào Cai,17184,Xã Trịnh Tường
48,Tỉnh Lào Cai,1328,Huyện Bát Xát,1312048,Xã Y Tý,32,Tỉnh Lào Cai,16672,Xã Y Tý
48,Tỉnh Lào Cai,1328,Huyện Bát Xát,1377584,Xã Bản Qua,32,Tỉnh Lào Cai,17696,Xã Bát Xát
48,Tỉnh Lào Cai,1584,Huyện Mường Khương,67120,Xã Nậm Chảy,32,Tỉnh Lào Cai,24352,Xã Mường Khương
48,Tỉnh Lào Cai,1584,Huyện Mường Khương,132656,Xã Bản Lầu,32,Tỉnh Lào Cai,24608,Xã Bản Lầu
48,Tỉnh Lào Cai,1584,Huyện Mường Khương,198192,Xã Bản Sen,32,Tỉnh Lào Cai,24608,Xã Bản Lầu
48,Tỉnh Lào Cai,1584,Huyện Mường Khương,263728,Xã Cao Sơn,32,Tỉnh Lào Cai,24864,Xã Cao Sơn
48,Tỉnh Lào Cai,1584,Huyện Mường Khương,329264,Xã Dìn Chin,32,Tỉnh Lào Cai,24096,Xã Pha Long
48,Tỉnh Lào Cai,1584,Huyện Mường Khương,394800,Xã La Pan Tẩn,32,Tỉnh Lào Cai,24864,Xã Cao Sơn
48,Tỉnh Lào Cai,1584,Huyện Mường Khương,460336,Xã Lùng Khấu Nhin,32,Tỉnh Lào Cai,24864,Xã Cao Sơn
48,Tỉnh Lào Cai,1584,Huyện Mường Khương,525872,Xã Lùng Vai,32,Tỉnh Lào Cai,24608,Xã Bản Lầu
48,Tỉnh Lào Cai,1584,Huyện Mường Khương,591408,Thị Trấn Mường Khương,32,Tỉnh Lào Cai,24352,Xã Mường Khương
48,Tỉnh Lào Cai,1584,Huyện Mường Khương,656944,Xã Nấm Lư,32,Tỉnh Lào Cai,24352,Xã Mường Khương
48,Tỉnh Lào Cai,1584,Huyện Mường Khương,722480,Xã Pha Long,32,Tỉnh Lào Cai,24096,Xã Pha Long
48,Tỉnh Lào Cai,1584,Huyện Mường Khương,788016,Xã Tả Gia Khâu,32,Tỉnh Lào Cai,24096,Xã Pha Long
48,Tỉnh Lào Cai,1584,Huyện Mường Khương,853552,Xã Tả Ngải Chồ,32,Tỉnh Lào Cai,24096,Xã Pha Long
48,Tỉnh Lào Cai,1584,Huyện Mường Khương,919088,Xã Tả Thàng,32,Tỉnh Lào Cai,24864,Xã Cao Sơn
48,Tỉnh Lào Cai,1584,Huyện Mường Khương,984624,Xã Thanh Bình,32,Tỉnh Lào Cai,24352,Xã Mường Khương
48,Tỉnh Lào Cai,1584,Huyện Mường Khương,1050160,Xã Tung Chung Phố,32,Tỉnh Lào Cai,24352,Xã Mường Khương
48,Tỉnh Lào Cai,1840,Thị Xã Sa Pa,67376,Xã Bản Hồ,32,Tỉnh Lào Cai,21536,Xã Bản Hồ
48,Tỉnh Lào Cai,1840,Thị Xã Sa Pa,132912,Phường Cầu Mây,32,Tỉnh Lào Cai,21792,Phường Sa Pa
48,Tỉnh Lào Cai,1840,Thị Xã Sa Pa,198448,Xã Tả Van,32,Tỉnh Lào Cai,22304,Xã Tả Van
48,Tỉnh Lào Cai,1840,Thị Xã Sa Pa,263984,Xã Trung Chải,32,Tỉnh Lào Cai,22048,Xã Tả Phìn
48,Tỉnh Lào Cai,1840,Thị Xã Sa Pa,329520,Phường Hàm Rồng,32,Tỉnh Lào Cai,21792,Phường Sa Pa
48,Tỉnh Lào Cai,1840,Thị Xã Sa Pa,395056,Xã Hoàng Liên,32,Tỉnh Lào Cai,22304,Xã Tả Van
48,Tỉnh Lào Cai,1840,Thị Xã Sa Pa,460592,Xã Tả Phìn,32,Tỉnh Lào Cai,22048,Xã Tả Phìn
48,Tỉnh Lào Cai,1840,Thị Xã Sa Pa,526128,Phường Sa Pa,32,Tỉnh Lào Cai,21792,Phường Sa Pa
48,Tỉnh Lào Cai,1840,Thị Xã Sa Pa,591664,Xã Liên Minh,32,Tỉnh Lào Cai,21280,Xã Mường Bo
48,Tỉnh Lào Cai,1840,Thị Xã Sa Pa,657200,Xã Mường Bo,32,Tỉnh Lào Cai,21280,Xã Mường Bo
48,Tỉnh Lào Cai,1840,Thị Xã Sa Pa,722736,Xã Mường Hoa,32,Tỉnh Lào Cai,22304,Xã Tả Van
48,Tỉnh Lào Cai,1840,Thị Xã Sa Pa,788272,Xã Ngũ Chỉ Sơn,32,Tỉnh Lào Cai,2080,Xã Ngũ Chỉ Sơn
48,Tỉnh Lào Cai,1840,Thị Xã Sa Pa,853808,Xã Thanh Bình,32,Tỉnh Lào Cai,21536,Xã Bản Hồ
48,Tỉnh Lào Cai,1840,Thị Xã Sa Pa,919344,Phường Phan Si Păng,32,Tỉnh Lào Cai,21792,Phường Sa Pa
48,Tỉnh Lào Cai,1840,Thị Xã Sa Pa,984880,Phường Ô Quý Hồ,32,Tỉnh Lào Cai,21792,Phường Sa Pa
48,Tỉnh Lào Cai,1840,Thị Xã Sa Pa,1050416,Phường Sa Pả,32,Tỉnh Lào Cai,21792,Phường Sa Pa
48,Tỉnh Lào Cai,2096,Huyện Si Ma Cai,67632,Xã Sín Chéng,32,Tỉnh Lào Cai,25376,Xã Sín Chéng
48,Tỉnh Lào Cai,2096,Huyện Si Ma Cai,133168,Xã Thào Chư Phìn,32,Tỉnh Lào Cai,25376,Xã Sín Chéng
48,Tỉnh Lào Cai,2096,Huyện Si Ma Cai,198704,Xã Quan Hồ Thẩn,32,Tỉnh Lào Cai,25120,Xã Si Ma Cai
48,Tỉnh Lào Cai,2096,Huyện Si Ma Cai,264240,Xã Nàn Xín,32,Tỉnh Lào Cai,25376,Xã Sín Chéng
48,Tỉnh Lào Cai,2096,Huyện Si Ma Cai,329776,Xã Bản Mế,32,Tỉnh Lào Cai,25376,Xã Sín Chéng
48,Tỉnh Lào Cai,2096,Huyện Si Ma Cai,395312,Xã Lùng Thẩn,32,Tỉnh Lào Cai,23840,Xã Lùng Phình
48,Tỉnh Lào Cai,2096,Huyện Si Ma Cai,460848,Xã Cán Cấu,32,Tỉnh Lào Cai,25120,Xã Si Ma Cai
48,Tỉnh Lào Cai,2096,Huyện Si Ma Cai,526384,Xã Nàn Sán,32,Tỉnh Lào Cai,25120,Xã Si Ma Cai
48,Tỉnh Lào Cai,2096,Huyện Si Ma Cai,591920,Xã Sán Chải,32,Tỉnh Lào Cai,25120,Xã Si Ma Cai
48,Tỉnh Lào Cai,2096,Huyện Si Ma Cai,657456,Thị Trấn Si Ma Cai,32,Tỉnh Lào Cai,25120,Xã Si Ma Cai
48,Tỉnh Lào Cai,2352,Huyện Văn Bàn,67888,Xã Chiềng Ken,32,Tỉnh Lào Cai,20512,Xã Chiềng Ken
48,Tỉnh Lào Cai,2352,Huyện Văn Bàn,133424,Xã Nậm Mả,32,Tỉnh Lào Cai,19488,Xã Võ Lao
48,Tỉnh Lào Cai,2352,Huyện Văn Bàn,198960,Xã Nậm Rạng,32,Tỉnh Lào Cai,19488,Xã Võ Lao
48,Tỉnh Lào Cai,2352,Huyện Văn Bàn,264496,Xã Nậm Tha,32,Tỉnh Lào Cai,20512,Xã Chiềng Ken
48,Tỉnh Lào Cai,2352,Huyện Văn Bàn,330032,Xã Khánh Yên Thượng,32,Tỉnh Lào Cai,20000,Xã Văn Bàn
48,Tỉnh Lào Cai,2352,Huyện Văn Bàn,395568,Xã Làng Giàng,32,Tỉnh Lào Cai,20000,Xã Văn Bàn
48,Tỉnh Lào Cai,2352,Huyện Văn Bàn,461104,Xã Liêm Phú,32,Tỉnh Lào Cai,19744,Xã Khánh Yên
48,Tỉnh Lào Cai,2352,Huyện Văn Bàn,526640,Xã Minh Lương,32,Tỉnh Lào Cai,20768,Xã Minh Lương
48,Tỉnh Lào Cai,2352,Huyện Văn Bàn,592176,Xã Nậm Chầy,32,Tỉnh Lào Cai,21024,Xã Nậm Chày
48,Tỉnh Lào Cai,2352,Huyện Văn Bàn,657712,Xã Khánh Yên Trung,32,Tỉnh Lào Cai,19744,Xã Khánh Yên
48,Tỉnh Lào Cai,2352,Huyện Văn Bàn,723248,Xã Nậm Xây,32,Tỉnh Lào Cai,20768,Xã Minh Lương
48,Tỉnh Lào Cai,2352,Huyện Văn Bàn,788784,Xã Nậm Xé,32,Tỉnh Lào Cai,800,Xã Nậm Xé
48,Tỉnh Lào Cai,2352,Huyện Văn Bàn,854320,Xã Tân Thượng,32,Tỉnh Lào Cai,19232,Xã Bảo Hà
48,Tỉnh Lào Cai,2352,Huyện Văn Bàn,919856,Xã Thẩm Dương,32,Tỉnh Lào Cai,20256,Xã Dương Quỳ
48,Tỉnh Lào Cai,2352,Huyện Văn Bàn,985392,Xã Võ Lao,32,Tỉnh Lào Cai,19488,Xã Võ Lao
48,Tỉnh Lào Cai,2352,Huyện Văn Bàn,1050928,Thị Trấn Khánh Yên,32,Tỉnh Lào Cai,20000,Xã Văn Bàn
48,Tỉnh Lào Cai,2352,Huyện Văn Bàn,1116464,Xã Dần Thàng,32,Tỉnh Lào Cai,21024,Xã Nậm Chày
48,Tỉnh Lào Cai,2352,Huyện Văn Bàn,1182000,Xã Dương Quỳ,32,Tỉnh Lào Cai,20256,Xã Dương Quỳ
48,Tỉnh Lào Cai,2352,Huyện Văn Bàn,1247536,Xã Hòa Mạc,32,Tỉnh Lào Cai,20000,Xã Văn Bàn
48,Tỉnh Lào Cai,2352,Huyện Văn Bàn,1313072,Xã Khánh Yên Hạ,32,Tỉnh Lào Cai,19744,Xã Khánh Yên
48,Tỉnh Lào Cai,2352,Huyện Văn Bàn,1378608,Xã Sơn Thủy,32,Tỉnh Lào Cai,20000,Xã Văn Bàn
48,Tỉnh Lào Cai,2352,Huyện Văn Bàn,1444144,Xã Tân An,32,Tỉnh Lào Cai,19232,Xã Bảo Hà
49,Tỉnh Long An,305,Thành Phố Tân An,65841,Phường 3,40,Tỉnh Tây Ninh,4392,Phường Long An
49,Tỉnh Long An,305,Thành Phố Tân An,131377,Phường 4,40,Tỉnh Tây Ninh,4392,Phường Long An
49,Tỉnh Long An,305,Thành Phố Tân An,196913,Phường 5,40,Tỉnh Tây Ninh,4392,Phường Long An
49,Tỉnh Long An,305,Thành Phố Tân An,262449,Phường Khánh Hậu,40,Tỉnh Tây Ninh,24616,Phường Khánh Hậu
49,Tỉnh Long An,305,Thành Phố Tân An,327985,Phường Tân Khánh,40,Tỉnh Tây Ninh,24616,Phường Khánh Hậu
49,Tỉnh Long An,305,Thành Phố Tân An,393521,Xã An Vĩnh Ngãi,40,Tỉnh Tây Ninh,24360,Phường Tân An
49,Tỉnh Long An,305,Thành Phố Tân An,459057,Xã Bình Tâm,40,Tỉnh Tây Ninh,24360,Phường Tân An
49,Tỉnh Long An,305,Thành Phố Tân An,524593,Xã Hướng Thọ Phú,40,Tỉnh Tây Ninh,4392,Phường Long An
49,Tỉnh Long An,305,Thành Phố Tân An,590129,Xã Lợi Bình Nhơn,40,Tỉnh Tây Ninh,24616,Phường Khánh Hậu
49,Tỉnh Long An,305,Thành Phố Tân An,655665,Xã Nhơn Thạnh Trung,40,Tỉnh Tây Ninh,24360,Phường Tân An
49,Tỉnh Long An,305,Thành Phố Tân An,721201,Phường 6,40,Tỉnh Tây Ninh,4392,Phường Long An
49,Tỉnh Long An,305,Thành Phố Tân An,786737,Phường 7,40,Tỉnh Tây Ninh,24360,Phường Tân An
49,Tỉnh Long An,305,Thành Phố Tân An,852273,Phường 1,40,Tỉnh Tây Ninh,4392,Phường Long An
49,Tỉnh Long An,561,Thị Xã Kiến Tường,66097,Xã Thạnh Trị,40,Tỉnh Tây Ninh,13608,Xã Bình Hiệp
49,Tỉnh Long An,561,Thị Xã Kiến Tường,131633,Xã Tuyên Thạnh,40,Tỉnh Tây Ninh,3880,Xã Tuyên Thạnh
49,Tỉnh Long An,561,Thị Xã Kiến Tường,197169,Xã Bình Tân,40,Tỉnh Tây Ninh,13608,Xã Bình Hiệp
49,Tỉnh Long An,561,Thị Xã Kiến Tường,262705,Xã Bình Hiệp,40,Tỉnh Tây Ninh,13608,Xã Bình Hiệp
49,Tỉnh Long An,561,Thị Xã Kiến Tường,328241,Xã Thạnh Hưng,40,Tỉnh Tây Ninh,3880,Xã Tuyên Thạnh
49,Tỉnh Long An,561,Thị Xã Kiến Tường,393777,Phường 3,40,Tỉnh Tây Ninh,13864,Phường Kiến Tường
49,Tỉnh Long An,561,Thị Xã Kiến Tường,459313,Phường 2,40,Tỉnh Tây Ninh,13864,Phường Kiến Tường
49,Tỉnh Long An,561,Thị Xã Kiến Tường,524849,Phường 1,40,Tỉnh Tây Ninh,13864,Phường Kiến Tường
49,Tỉnh Long An,817,Huyện Bến Lức,66353,Xã An Thạnh,40,Tỉnh Tây Ninh,19496,Xã Bến Lức
49,Tỉnh Long An,817,Huyện Bến Lức,131889,Xã Bình Đức,40,Tỉnh Tây Ninh,19240,Xã Bình Đức
49,Tỉnh Long An,817,Huyện Bến Lức,262961,Xã Thạnh Hòa,40,Tỉnh Tây Ninh,18984,Xã Thạnh Lợi
49,Tỉnh Long An,817,Huyện Bến Lức,328497,Xã Tân Bửu,40,Tỉnh Tây Ninh,6184,Xã Lương Hòa
49,Tỉnh Long An,817,Huyện Bến Lức,394033,Xã Thạnh Đức,40,Tỉnh Tây Ninh,19240,Xã Bình Đức
49,Tỉnh Long An,817,Huyện Bến Lức,459569,Xã Thạnh Lợi,40,Tỉnh Tây Ninh,18984,Xã Thạnh Lợi
49,Tỉnh Long An,817,Huyện Bến Lức,525105,Thị Trấn Bến Lức,40,Tỉnh Tây Ninh,19496,Xã Bến Lức
49,Tỉnh Long An,817,Huyện Bến Lức,590641,Xã Long Hiệp,40,Tỉnh Tây Ninh,19752,Xã Mỹ Yên
49,Tỉnh Long An,817,Huyện Bến Lức,656177,Xã Lương Bình,40,Tỉnh Tây Ninh,18984,Xã Thạnh Lợi
49,Tỉnh Long An,817,Huyện Bến Lức,721713,Xã Lương Hòa,40,Tỉnh Tây Ninh,6184,Xã Lương Hòa
49,Tỉnh Long An,817,Huyện Bến Lức,787249,Xã Mỹ Yên,40,Tỉnh Tây Ninh,19752,Xã Mỹ Yên
49,Tỉnh Long An,817,Huyện Bến Lức,852785,Xã Nhựt Chánh,40,Tỉnh Tây Ninh,19240,Xã Bình Đức
49,Tỉnh Long An,817,Huyện Bến Lức,918321,Xã Phước Lợi,40,Tỉnh Tây Ninh,19752,Xã Mỹ Yên
49,Tỉnh Long An,817,Huyện Bến Lức,983857,Xã Thanh Phú,40,Tỉnh Tây Ninh,19496,Xã Bến Lức
49,Tỉnh Long An,1073,Huyện Cần Giuộc,66609,Xã Phước Hậu,40,Tỉnh Tây Ninh,21544,Xã Phước Lý
49,Tỉnh Long An,1073,Huyện Cần Giuộc,132145,Xã Phước Vĩnh Đông,40,Tỉnh Tây Ninh,22568,Xã Tân Tập
49,Tỉnh Long An,1073,Huyện Cần Giuộc,197681,Xã Phước Vĩnh Tây,40,Tỉnh Tây Ninh,22312,Xã Phước Vĩnh Tây
49,Tỉnh Long An,1073,Huyện Cần Giuộc,263217,Thị Trấn Cần Giuộc,40,Tỉnh Tây Ninh,22056,Xã Cần Giuộc
49,Tỉnh Long An,1073,Huyện Cần Giuộc,328753,Xã Đông Thạnh,40,Tỉnh Tây Ninh,22568,Xã Tân Tập
49,Tỉnh Long An,1073,Huyện Cần Giuộc,394289,Xã Long An,40,Tỉnh Tây Ninh,22312,Xã Phước Vĩnh Tây
49,Tỉnh Long An,1073,Huyện Cần Giuộc,459825,Xã Long Hậu,40,Tỉnh Tây Ninh,22056,Xã Cần Giuộc
49,Tỉnh Long An,1073,Huyện Cần Giuộc,525361,Xã Long Phụng,40,Tỉnh Tây Ninh,22312,Xã Phước Vĩnh Tây
49,Tỉnh Long An,1073,Huyện Cần Giuộc,590897,Xã Long Thượng,40,Tỉnh Tây Ninh,21544,Xã Phước Lý
49,Tỉnh Long An,1073,Huyện Cần Giuộc,656433,Xã Mỹ Lộc,40,Tỉnh Tây Ninh,21800,Xã Mỹ Lộc
49,Tỉnh Long An,1073,Huyện Cần Giuộc,721969,Xã Phước Lại,40,Tỉnh Tây Ninh,22056,Xã Cần Giuộc
49,Tỉnh Long An,1073,Huyện Cần Giuộc,787505,Xã Phước Lâm,40,Tỉnh Tây Ninh,21800,Xã Mỹ Lộc
49,Tỉnh Long An,1073,Huyện Cần Giuộc,853041,Xã Phước Lý,40,Tỉnh Tây Ninh,21544,Xã Phước Lý
49,Tỉnh Long An,1073,Huyện Cần Giuộc,984113,Xã Tân Tập,40,Tỉnh Tây Ninh,22568,Xã Tân Tập
49,Tỉnh Long An,1073,Huyện Cần Giuộc,1049649,Xã Thuận Thành,40,Tỉnh Tây Ninh,21800,Xã Mỹ Lộc
49,Tỉnh Long An,1329,Huyện Cần Đước,66865,Xã Long Hựu Tây,40,Tỉnh Tây Ninh,21288,Xã Long Hựu
49,Tỉnh Long An,1329,Huyện Cần Đước,132401,Xã Long Cang,40,Tỉnh Tây Ninh,20008,Xã Long Cang
49,Tỉnh Long An,1329,Huyện Cần Đước,197937,Xã Long Định,40,Tỉnh Tây Ninh,20008,Xã Long Cang
49,Tỉnh Long An,1329,Huyện Cần Đước,263473,Xã Long Hòa,40,Tỉnh Tây Ninh,20264,Xã Rạch Kiến
49,Tỉnh Long An,1329,Huyện Cần Đước,329009,Xã Long Hựu Đông,40,Tỉnh Tây Ninh,21288,Xã Long Hựu
49,Tỉnh Long An,1329,Huyện Cần Đước,394545,Xã Long Khê,40,Tỉnh Tây Ninh,20264,Xã Rạch Kiến
49,Tỉnh Long An,1329,Huyện Cần Đước,460081,Xã Long Sơn,40,Tỉnh Tây Ninh,20520,Xã Mỹ Lệ
49,Tỉnh Long An,1329,Huyện Cần Đước,525617,Xã Long Trạch,40,Tỉnh Tây Ninh,20264,Xã Rạch Kiến
49,Tỉnh Long An,1329,Huyện Cần Đước,591153,Xã Tân Trạch,40,Tỉnh Tây Ninh,20520,Xã Mỹ Lệ
49,Tỉnh Long An,1329,Huyện Cần Đước,656689,Xã Mỹ Lệ,40,Tỉnh Tây Ninh,20520,Xã Mỹ Lệ
49,Tỉnh Long An,1329,Huyện Cần Đước,722225,Xã Phước Đông,40,Tỉnh Tây Ninh,20776,Xã Tân Lân
49,Tỉnh Long An,1329,Huyện Cần Đước,787761,Xã Phước Tuy,40,Tỉnh Tây Ninh,21032,Xã Cần Đước
49,Tỉnh Long An,1329,Huyện Cần Đước,853297,Xã Phước Vân,40,Tỉnh Tây Ninh,20008,Xã Long Cang
49,Tỉnh Long An,1329,Huyện Cần Đước,918833,Xã Tân Ân,40,Tỉnh Tây Ninh,21032,Xã Cần Đước
49,Tỉnh Long An,1329,Huyện Cần Đước,984369,Xã Tân Chánh,40,Tỉnh Tây Ninh,21032,Xã Cần Đước
49,Tỉnh Long An,1329,Huyện Cần Đước,1049905,Xã Tân Lân,40,Tỉnh Tây Ninh,20776,Xã Tân Lân
49,Tỉnh Long An,1329,Huyện Cần Đước,1115441,Thị Trấn Cần Đước,40,Tỉnh Tây Ninh,21032,Xã Cần Đước
49,Tỉnh Long An,1585,Huyện Châu Thành,67121,Xã Phú Ngãi Trị,40,Tỉnh Tây Ninh,23848,Xã Tầm Vu
49,Tỉnh Long An,1585,Huyện Châu Thành,132657,Xã Phước Tân Hưng,40,Tỉnh Tây Ninh,23848,Xã Tầm Vu
49,Tỉnh Long An,1585,Huyện Châu Thành,198193,Xã Thanh Phú Long,40,Tỉnh Tây Ninh,23336,Xã Thuận Mỹ
49,Tỉnh Long An,1585,Huyện Châu Thành,263729,Xã Thanh Vĩnh Đông,40,Tỉnh Tây Ninh,23336,Xã Thuận Mỹ
49,Tỉnh Long An,1585,Huyện Châu Thành,329265,Xã Thuận Mỹ,40,Tỉnh Tây Ninh,23336,Xã Thuận Mỹ
49,Tỉnh Long An,1585,Huyện Châu Thành,394801,Xã Vĩnh Công,40,Tỉnh Tây Ninh,24104,Xã Vĩnh Công
49,Tỉnh Long An,1585,Huyện Châu Thành,460337,Thị Trấn Tầm Vu,40,Tỉnh Tây Ninh,23848,Xã Tầm Vu
49,Tỉnh Long An,1585,Huyện Châu Thành,525873,Xã An Lục Long,40,Tỉnh Tây Ninh,23592,Xã An Lục Long
49,Tỉnh Long An,1585,Huyện Châu Thành,591409,Xã Bình Quới,40,Tỉnh Tây Ninh,24104,Xã Vĩnh Công
49,Tỉnh Long An,1585,Huyện Châu Thành,656945,Xã Dương Xuân Hội,40,Tỉnh Tây Ninh,23592,Xã An Lục Long
49,Tỉnh Long An,1585,Huyện Châu Thành,722481,Xã Hiệp Thạnh,40,Tỉnh Tây Ninh,23848,Xã Tầm Vu
49,Tỉnh Long An,1585,Huyện Châu Thành,788017,Xã Hòa Phú,40,Tỉnh Tây Ninh,24104,Xã Vĩnh Công
49,Tỉnh Long An,1585,Huyện Châu Thành,853553,Xã Long Trì,40,Tỉnh Tây Ninh,23592,Xã An Lục Long
49,Tỉnh Long An,1841,Huyện Mộc Hóa,67377,Xã Tân Thành,40,Tỉnh Tây Ninh,14376,Xã Mộc Hóa
49,Tỉnh Long An,1841,Huyện Mộc Hóa,132913,Xã Bình Thạnh,40,Tỉnh Tây Ninh,14120,Xã Bình Hòa
49,Tỉnh Long An,1841,Huyện Mộc Hóa,198449,Xã Bình Hòa Đông,40,Tỉnh Tây Ninh,14120,Xã Bình Hòa
49,Tỉnh Long An,1841,Huyện Mộc Hóa,263985,Xã Bình Hòa Tây,40,Tỉnh Tây Ninh,13608,Xã Bình Hiệp
49,Tỉnh Long An,1841,Huyện Mộc Hóa,329521,Xã Bình Hòa Trung,40,Tỉnh Tây Ninh,14120,Xã Bình Hòa
49,Tỉnh Long An,1841,Huyện Mộc Hóa,395057,Xã Tân Lập,40,Tỉnh Tây Ninh,14376,Xã Mộc Hóa
49,Tỉnh Long An,1841,Huyện Mộc Hóa,460593,Thị Trấn Bình Phong Thạnh,40,Tỉnh Tây Ninh,14376,Xã Mộc Hóa
49,Tỉnh Long An,2097,Huyện Đức Hòa,67633,Thị Trấn Hậu Nghĩa,40,Tỉnh Tây Ninh,18216,Xã Hậu Nghĩa
49,Tỉnh Long An,2097,Huyện Đức Hòa,133169,Xã An Ninh Đông,40,Tỉnh Tây Ninh,17704,Xã An Ninh
49,Tỉnh Long An,2097,Huyện Đức Hòa,198705,Xã An Ninh Tây,40,Tỉnh Tây Ninh,17704,Xã An Ninh
49,Tỉnh Long An,2097,Huyện Đức Hòa,264241,Thị Trấn Đức Hòa,40,Tỉnh Tây Ninh,18728,Xã Đức Hòa
49,Tỉnh Long An,2097,Huyện Đức Hòa,329777,Thị Trấn Hiệp Hòa,40,Tỉnh Tây Ninh,17960,Xã Hiệp Hòa
49,Tỉnh Long An,2097,Huyện Đức Hòa,395313,Xã Đức Hòa Đông,40,Tỉnh Tây Ninh,3624,Xã Mỹ Hạnh
49,Tỉnh Long An,2097,Huyện Đức Hòa,460849,Xã Đức Hòa Hạ,40,Tỉnh Tây Ninh,18728,Xã Đức Hòa
49,Tỉnh Long An,2097,Huyện Đức Hòa,526385,Xã Đức Hòa Thượng,40,Tỉnh Tây Ninh,3624,Xã Mỹ Hạnh
49,Tỉnh Long An,2097,Huyện Đức Hòa,591921,Xã Đức Lập Hạ,40,Tỉnh Tây Ninh,3368,Xã Đức Lập
49,Tỉnh Long An,2097,Huyện Đức Hòa,657457,Xã Đức Lập Thượng,40,Tỉnh Tây Ninh,18216,Xã Hậu Nghĩa
49,Tỉnh Long An,2097,Huyện Đức Hòa,722993,Xã Hiệp Hòa,40,Tỉnh Tây Ninh,17960,Xã Hiệp Hòa
49,Tỉnh Long An,2097,Huyện Đức Hòa,788529,Xã Hòa Khánh Đông,40,Tỉnh Tây Ninh,18472,Xã Hòa Khánh
49,Tỉnh Long An,2097,Huyện Đức Hòa,854065,Xã Hòa Khánh Nam,40,Tỉnh Tây Ninh,18472,Xã Hòa Khánh
49,Tỉnh Long An,2097,Huyện Đức Hòa,919601,Xã Hòa Khánh Tây,40,Tỉnh Tây Ninh,18472,Xã Hòa Khánh
49,Tỉnh Long An,2097,Huyện Đức Hòa,985137,Xã Hựu Thạnh,40,Tỉnh Tây Ninh,18728,Xã Đức Hòa
49,Tỉnh Long An,2097,Huyện Đức Hòa,1050673,Xã Lộc Giang,40,Tỉnh Tây Ninh,17704,Xã An Ninh
49,Tỉnh Long An,2097,Huyện Đức Hòa,1116209,Xã Mỹ Hạnh Bắc,40,Tỉnh Tây Ninh,3368,Xã Đức Lập
49,Tỉnh Long An,2097,Huyện Đức Hòa,1181745,Xã Mỹ Hạnh Nam,40,Tỉnh Tây Ninh,3624,Xã Mỹ Hạnh
49,Tỉnh Long An,2097,Huyện Đức Hòa,1247281,Xã Tân Mỹ,40,Tỉnh Tây Ninh,18216,Xã Hậu Nghĩa
49,Tỉnh Long An,2097,Huyện Đức Hòa,1312817,Xã Tân Phú,40,Tỉnh Tây Ninh,17960,Xã Hiệp Hòa
49,Tỉnh Long An,2353,Huyện Đức Huệ,67889,Xã Bình Thành,40,Tỉnh Tây Ninh,17448,Xã Đức Huệ
49,Tỉnh Long An,2353,Huyện Đức Huệ,133425,Xã Mỹ Bình,40,Tỉnh Tây Ninh,17192,Xã Đông Thành
49,Tỉnh Long An,2353,Huyện Đức Huệ,198961,Xã Mỹ Thạnh Tây,40,Tỉnh Tây Ninh,17192,Xã Đông Thành
49,Tỉnh Long An,2353,Huyện Đức Huệ,264497,Thị Trấn Đông Thành,40,Tỉnh Tây Ninh,17192,Xã Đông Thành
49,Tỉnh Long An,2353,Huyện Đức Huệ,330033,Xã Bình Hòa Bắc,40,Tỉnh Tây Ninh,17448,Xã Đức Huệ
49,Tỉnh Long An,2353,Huyện Đức Huệ,395569,Xã Bình Hòa Hưng,40,Tỉnh Tây Ninh,15400,Xã Bình Thành
49,Tỉnh Long An,2353,Huyện Đức Huệ,461105,Xã Bình Hòa Nam,40,Tỉnh Tây Ninh,17448,Xã Đức Huệ
49,Tỉnh Long An,2353,Huyện Đức Huệ,526641,Xã Mỹ Quý Đông,40,Tỉnh Tây Ninh,16936,Xã Mỹ Quý
49,Tỉnh Long An,2353,Huyện Đức Huệ,592177,Xã Mỹ Quý Tây,40,Tỉnh Tây Ninh,16936,Xã Mỹ Quý
49,Tỉnh Long An,2353,Huyện Đức Huệ,657713,Xã Mỹ Thạnh Bắc,40,Tỉnh Tây Ninh,16936,Xã Mỹ Quý
49,Tỉnh Long An,2353,Huyện Đức Huệ,723249,Xã Mỹ Thạnh Đông,40,Tỉnh Tây Ninh,17192,Xã Đông Thành
49,Tỉnh Long An,2609,Huyện Tân Hưng,68145,Xã Hưng Thạnh,40,Tỉnh Tây Ninh,12840,Xã Vĩnh Thạnh
49,Tỉnh Long An,2609,Huyện Tân Hưng,133681,Xã Vĩnh Bửu,40,Tỉnh Tây Ninh,13352,Xã Vĩnh Châu
49,Tỉnh Long An,2609,Huyện Tân Hưng,199217,Xã Vĩnh Châu A,40,Tỉnh Tây Ninh,13352,Xã Vĩnh Châu
49,Tỉnh Long An,2609,Huyện Tân Hưng,264753,Xã Hưng Điền,40,Tỉnh Tây Ninh,12584,Xã Hưng Điền
49,Tỉnh Long An,2609,Huyện Tân Hưng,330289,Xã Hưng Điền B,40,Tỉnh Tây Ninh,12584,Xã Hưng Điền
49,Tỉnh Long An,2609,Huyện Tân Hưng,395825,Xã Hưng Hà,40,Tỉnh Tây Ninh,12584,Xã Hưng Điền
49,Tỉnh Long An,2609,Huyện Tân Hưng,461361,Xã Thạnh Hưng,40,Tỉnh Tây Ninh,12840,Xã Vĩnh Thạnh
49,Tỉnh Long An,2609,Huyện Tân Hưng,526897,Thị Trấn Tân Hưng,40,Tỉnh Tây Ninh,13096,Xã Tân Hưng
49,Tỉnh Long An,2609,Huyện Tân Hưng,592433,Xã Vĩnh Thạnh,40,Tỉnh Tây Ninh,13096,Xã Tân Hưng
49,Tỉnh Long An,2609,Huyện Tân Hưng,657969,Xã Vĩnh Châu B,40,Tỉnh Tây Ninh,12840,Xã Vĩnh Thạnh
49,Tỉnh Long An,2609,Huyện Tân Hưng,723505,Xã Vĩnh Đại,40,Tỉnh Tây Ninh,13352,Xã Vĩnh Châu
49,Tỉnh Long An,2609,Huyện Tân Hưng,789041,Xã Vĩnh Lợi,40,Tỉnh Tây Ninh,13096,Xã Tân Hưng
49,Tỉnh Long An,2865,Huyện Tân Thạnh,68401,Xã Tân Thành,40,Tỉnh Tây Ninh,14888,Xã Nhơn Ninh
49,Tỉnh Long An,2865,Huyện Tân Thạnh,133937,Xã Tân Ninh,40,Tỉnh Tây Ninh,14888,Xã Nhơn Ninh
49,Tỉnh Long An,2865,Huyện Tân Thạnh,199473,Thị Trấn Tân Thạnh,40,Tỉnh Tây Ninh,15144,Xã Tân Thạnh
49,Tỉnh Long An,2865,Huyện Tân Thạnh,265009,Xã Bắc Hòa,40,Tỉnh Tây Ninh,3880,Xã Tuyên Thạnh
49,Tỉnh Long An,2865,Huyện Tân Thạnh,265009,Xã Bắc Hòa,40,Tỉnh Tây Ninh,4136,Xã Hậu Thạnh
49,Tỉnh Long An,2865,Huyện Tân Thạnh,330545,Xã Hậu Thạnh Đông,40,Tỉnh Tây Ninh,4136,Xã Hậu Thạnh
49,Tỉnh Long An,2865,Huyện Tân Thạnh,396081,Xã Hậu Thạnh Tây,40,Tỉnh Tây Ninh,4136,Xã Hậu Thạnh
49,Tỉnh Long An,2865,Huyện Tân Thạnh,461617,Xã Kiến Bình,40,Tỉnh Tây Ninh,15144,Xã Tân Thạnh
49,Tỉnh Long An,2865,Huyện Tân Thạnh,527153,Xã Nhơn Hòa,40,Tỉnh Tây Ninh,14632,Xã Nhơn Hòa Lập
49,Tỉnh Long An,2865,Huyện Tân Thạnh,592689,Xã Nhơn Hòa Lập,40,Tỉnh Tây Ninh,14632,Xã Nhơn Hòa Lập
49,Tỉnh Long An,2865,Huyện Tân Thạnh,658225,Xã Nhơn Ninh,40,Tỉnh Tây Ninh,14888,Xã Nhơn Ninh
49,Tỉnh Long An,2865,Huyện Tân Thạnh,723761,Xã Tân Bình,40,Tỉnh Tây Ninh,15144,Xã Tân Thạnh
49,Tỉnh Long An,2865,Huyện Tân Thạnh,789297,Xã Tân Hòa,40,Tỉnh Tây Ninh,15144,Xã Tân Thạnh
49,Tỉnh Long An,2865,Huyện Tân Thạnh,854833,Xã Tân Lập,40,Tỉnh Tây Ninh,14632,Xã Nhơn Hòa Lập
49,Tỉnh Long An,3121,Huyện Tân Trụ,68657,Xã Bình Trinh Đông,40,Tỉnh Tây Ninh,23080,Xã Tân Trụ
49,Tỉnh Long An,3121,Huyện Tân Trụ,134193,Thị Trấn Tân Trụ,40,Tỉnh Tây Ninh,23080,Xã Tân Trụ
49,Tỉnh Long An,3121,Huyện Tân Trụ,199729,Xã Bình Lãng,40,Tỉnh Tây Ninh,23080,Xã Tân Trụ
49,Tỉnh Long An,3121,Huyện Tân Trụ,265265,Xã Bình Tịnh,40,Tỉnh Tây Ninh,23080,Xã Tân Trụ
49,Tỉnh Long An,3121,Huyện Tân Trụ,330801,Xã Đức Tân,40,Tỉnh Tây Ninh,22824,Xã Vàm Cỏ
49,Tỉnh Long An,3121,Huyện Tân Trụ,396337,Xã Lạc Tấn,40,Tỉnh Tây Ninh,5672,Xã Nhựt Tảo
49,Tỉnh Long An,3121,Huyện Tân Trụ,461873,Xã Nhựt Ninh,40,Tỉnh Tây Ninh,22824,Xã Vàm Cỏ
49,Tỉnh Long An,3121,Huyện Tân Trụ,527409,Xã Quê Mỹ Thạnh,40,Tỉnh Tây Ninh,5672,Xã Nhựt Tảo
49,Tỉnh Long An,3121,Huyện Tân Trụ,592945,Xã Tân Phước Tây,40,Tỉnh Tây Ninh,22824,Xã Vàm Cỏ
49,Tỉnh Long An,3121,Huyện Tân Trụ,658481,Xã Tân Bình,40,Tỉnh Tây Ninh,5672,Xã Nhựt Tảo
49,Tỉnh Long An,3377,Huyện Thạnh Hóa,68913,Xã Tân Hiệp,40,Tỉnh Tây Ninh,15400,Xã Bình Thành
49,Tỉnh Long An,3377,Huyện Thạnh Hóa,134449,Xã Tân Tây,40,Tỉnh Tây Ninh,16168,Xã Tân Tây
49,Tỉnh Long An,3377,Huyện Thạnh Hóa,199985,Xã Thạnh An,40,Tỉnh Tây Ninh,15912,Xã Thạnh Hóa
49,Tỉnh Long An,3377,Huyện Thạnh Hóa,265521,Xã Thạnh Phú,40,Tỉnh Tây Ninh,15656,Xã Thạnh Phước
49,Tỉnh Long An,3377,Huyện Thạnh Hóa,331057,Xã Thạnh Phước,40,Tỉnh Tây Ninh,15656,Xã Thạnh Phước
49,Tỉnh Long An,3377,Huyện Thạnh Hóa,396593,Xã Thuận Nghĩa Hòa,40,Tỉnh Tây Ninh,15656,Xã Thạnh Phước
49,Tỉnh Long An,3377,Huyện Thạnh Hóa,462129,Xã Thủy Đông,40,Tỉnh Tây Ninh,16168,Xã Tân Tây
49,Tỉnh Long An,3377,Huyện Thạnh Hóa,527665,Xã Tân Đông,40,Tỉnh Tây Ninh,16168,Xã Tân Tây
49,Tỉnh Long An,3377,Huyện Thạnh Hóa,593201,Thị Trấn Thạnh Hóa,40,Tỉnh Tây Ninh,15912,Xã Thạnh Hóa
49,Tỉnh Long An,3377,Huyện Thạnh Hóa,658737,Xã Thuận Bình,40,Tỉnh Tây Ninh,15400,Xã Bình Thành
49,Tỉnh Long An,3377,Huyện Thạnh Hóa,724273,Xã Thủy Tây,40,Tỉnh Tây Ninh,15912,Xã Thạnh Hóa
49,Tỉnh Long An,3633,Huyện Thủ Thừa,69169,Xã Tân Thành,40,Tỉnh Tây Ninh,4648,Xã Mỹ Thạnh
49,Tỉnh Long An,3633,Huyện Thủ Thừa,69169,Xã Tân Thành,40,Tỉnh Tây Ninh,5928,Xã Thủ Thừa
49,Tỉnh Long An,3633,Huyện Thủ Thừa,134705,Xã Long Thạnh,40,Tỉnh Tây Ninh,16680,Xã Tân Long
49,Tỉnh Long An,3633,Huyện Thủ Thừa,200241,Xã Bình Thạnh,40,Tỉnh Tây Ninh,4392,Phường Long An
49,Tỉnh Long An,3633,Huyện Thủ Thừa,200241,Xã Bình Thạnh,40,Tỉnh Tây Ninh,5928,Xã Thủ Thừa
49,Tỉnh Long An,3633,Huyện Thủ Thừa,265777,Xã Mỹ Phú,40,Tỉnh Tây Ninh,16424,Xã Mỹ An
49,Tỉnh Long An,3633,Huyện Thủ Thừa,331313,Xã Mỹ Thạnh,40,Tỉnh Tây Ninh,4648,Xã Mỹ Thạnh
49,Tỉnh Long An,3633,Huyện Thủ Thừa,396849,Xã Long Thuận,40,Tỉnh Tây Ninh,16680,Xã Tân Long
49,Tỉnh Long An,3633,Huyện Thủ Thừa,462385,Xã Mỹ An,40,Tỉnh Tây Ninh,16424,Xã Mỹ An
49,Tỉnh Long An,3633,Huyện Thủ Thừa,527921,Xã Mỹ Lạc,40,Tỉnh Tây Ninh,4648,Xã Mỹ Thạnh
49,Tỉnh Long An,3633,Huyện Thủ Thừa,593457,Xã Nhị Thành,40,Tỉnh Tây Ninh,5672,Xã Nhựt Tảo
49,Tỉnh Long An,3633,Huyện Thủ Thừa,593457,Xã Nhị Thành,40,Tỉnh Tây Ninh,5928,Xã Thủ Thừa
49,Tỉnh Long An,3633,Huyện Thủ Thừa,658993,Thị Trấn Thủ Thừa,40,Tỉnh Tây Ninh,5928,Xã Thủ Thừa
49,Tỉnh Long An,3633,Huyện Thủ Thừa,724529,Xã Bình An,40,Tỉnh Tây Ninh,4648,Xã Mỹ Thạnh
49,Tỉnh Long An,3633,Huyện Thủ Thừa,790065,Xã Tân Long,40,Tỉnh Tây Ninh,16680,Xã Tân Long
49,Tỉnh Long An,3889,Huyện Vĩnh Hưng,69425,Xã Vĩnh Thuận,40,Tỉnh Tây Ninh,4904,Xã Vĩnh Hưng
49,Tỉnh Long An,3889,Huyện Vĩnh Hưng,69425,Xã Vĩnh Thuận,40,Tỉnh Tây Ninh,5416,Xã Tuyên Bình
49,Tỉnh Long An,3889,Huyện Vĩnh Hưng,134961,Xã Vĩnh Trị,40,Tỉnh Tây Ninh,4904,Xã Vĩnh Hưng
49,Tỉnh Long An,3889,Huyện Vĩnh Hưng,134961,Xã Vĩnh Trị,40,Tỉnh Tây Ninh,5160,Xã Khánh Hưng
49,Tỉnh Long An,3889,Huyện Vĩnh Hưng,200497,Xã Hưng Điền A,40,Tỉnh Tây Ninh,5160,Xã Khánh Hưng
49,Tỉnh Long An,3889,Huyện Vĩnh Hưng,266033,Xã Thái Trị,40,Tỉnh Tây Ninh,5160,Xã Khánh Hưng
49,Tỉnh Long An,3889,Huyện Vĩnh Hưng,331569,Xã Tuyên Bình Tây,40,Tỉnh Tây Ninh,5416,Xã Tuyên Bình
49,Tỉnh Long An,3889,Huyện Vĩnh Hưng,397105,Thị Trấn Vĩnh Hưng,40,Tỉnh Tây Ninh,4904,Xã Vĩnh Hưng
49,Tỉnh Long An,3889,Huyện Vĩnh Hưng,462641,Xã Khánh Hưng,40,Tỉnh Tây Ninh,5160,Xã Khánh Hưng
49,Tỉnh Long An,3889,Huyện Vĩnh Hưng,528177,Xã Thái Bình Trung,40,Tỉnh Tây Ninh,4904,Xã Vĩnh Hưng
49,Tỉnh Long An,3889,Huyện Vĩnh Hưng,528177,Xã Thái Bình Trung,40,Tỉnh Tây Ninh,5416,Xã Tuyên Bình
49,Tỉnh Long An,3889,Huyện Vĩnh Hưng,593713,Xã Tuyên Bình,40,Tỉnh Tây Ninh,5416,Xã Tuyên Bình
49,Tỉnh Long An,3889,Huyện Vĩnh Hưng,659249,Xã Vĩnh Bình,40,Tỉnh Tây Ninh,4904,Xã Vĩnh Hưng
49,Tỉnh Long An,3889,Huyện Vĩnh Hưng,659249,Xã Vĩnh Bình,40,Tỉnh Tây Ninh,5416,Xã Tuyên Bình
50,Tỉnh Nam Định,306,Thành Phố Nam Định,65842,Phường Quang Trung,34,Tỉnh Ninh Bình,12066,Phường Nam Định
50,Tỉnh Nam Định,306,Thành Phố Nam Định,196914,Phường Trần Hưng Đạo,34,Tỉnh Ninh Bình,12066,Phường Nam Định
50,Tỉnh Nam Định,306,Thành Phố Nam Định,327986,Phường Trường Thi,34,Tỉnh Ninh Bình,13090,Phường Trường Thi
50,Tỉnh Nam Định,306,Thành Phố Nam Định,655666,Phường Năng Tĩnh,34,Tỉnh Ninh Bình,12066,Phường Nam Định
50,Tỉnh Nam Định,306,Thành Phố Nam Định,721202,Phường Vị Xuyên,34,Tỉnh Ninh Bình,12066,Phường Nam Định
50,Tỉnh Nam Định,306,Thành Phố Nam Định,1048882,Phường Cửa Bắc,34,Tỉnh Ninh Bình,12066,Phường Nam Định
50,Tỉnh Nam Định,306,Thành Phố Nam Định,1114418,Phường Cửa Nam,34,Tỉnh Ninh Bình,12066,Phường Nam Định
50,Tỉnh Nam Định,306,Thành Phố Nam Định,1245490,Phường Lộc Hạ,34,Tỉnh Ninh Bình,12322,Phường Thiên Trường
50,Tỉnh Nam Định,306,Thành Phố Nam Định,1311026,Phường Lộc Vượng,34,Tỉnh Ninh Bình,12066,Phường Nam Định
50,Tỉnh Nam Định,306,Thành Phố Nam Định,1442098,Phường Lộc Hòa,34,Tỉnh Ninh Bình,12578,Phường Đông A
50,Tỉnh Nam Định,306,Thành Phố Nam Định,1507634,Phường Mỹ Xá,34,Tỉnh Ninh Bình,12834,Phường Thành Nam
50,Tỉnh Nam Định,306,Thành Phố Nam Định,1573170,Phường Nam Phong,34,Tỉnh Ninh Bình,24354,Phường Vị Khê
50,Tỉnh Nam Định,306,Thành Phố Nam Định,1638706,Phường Nam Vân,34,Tỉnh Ninh Bình,13346,Phường Hồng Quang
50,Tỉnh Nam Định,306,Thành Phố Nam Định,1704242,Xã Mỹ Phúc,34,Tỉnh Ninh Bình,12066,Phường Nam Định
50,Tỉnh Nam Định,306,Thành Phố Nam Định,1769778,Phường Hưng Lộc,34,Tỉnh Ninh Bình,2082,Phường Mỹ Lộc
50,Tỉnh Nam Định,306,Thành Phố Nam Định,1835314,Xã Mỹ Hà,34,Tỉnh Ninh Bình,12578,Phường Đông A
50,Tỉnh Nam Định,306,Thành Phố Nam Định,1900850,Xã Mỹ Tân,34,Tỉnh Ninh Bình,12322,Phường Thiên Trường
50,Tỉnh Nam Định,306,Thành Phố Nam Định,1966386,Xã Mỹ Thắng,34,Tỉnh Ninh Bình,12578,Phường Đông A
50,Tỉnh Nam Định,306,Thành Phố Nam Định,2031922,Xã Mỹ Thuận,34,Tỉnh Ninh Bình,2082,Phường Mỹ Lộc
50,Tỉnh Nam Định,306,Thành Phố Nam Định,2097458,Xã Mỹ Trung,34,Tỉnh Ninh Bình,12322,Phường Thiên Trường
50,Tỉnh Nam Định,306,Thành Phố Nam Định,2162994,Xã Mỹ Lộc,34,Tỉnh Ninh Bình,2082,Phường Mỹ Lộc
50,Tỉnh Nam Định,562,Huyện Giao Thủy,66098,Xã Giao Hương,34,Tỉnh Ninh Bình,24610,Xã Giao Minh
50,Tỉnh Nam Định,562,Huyện Giao Thủy,197170,Xã Giao Xuân,34,Tỉnh Ninh Bình,25378,Xã Giao Phúc
50,Tỉnh Nam Định,562,Huyện Giao Thủy,262706,Xã Giao Yến,34,Tỉnh Ninh Bình,25890,Xã Giao Bình
50,Tỉnh Nam Định,562,Huyện Giao Thủy,328242,Thị Trấn Giao Thủy,34,Tỉnh Ninh Bình,25122,Xã Giao Thủy
50,Tỉnh Nam Định,562,Huyện Giao Thủy,393778,Xã Hồng Thuận,34,Tỉnh Ninh Bình,24866,Xã Giao Hòa
50,Tỉnh Nam Định,562,Huyện Giao Thủy,459314,Xã Giao Hà,34,Tỉnh Ninh Bình,25378,Xã Giao Phúc
50,Tỉnh Nam Định,562,Huyện Giao Thủy,524850,Xã Giao Hải,34,Tỉnh Ninh Bình,25378,Xã Giao Phúc
50,Tỉnh Nam Định,562,Huyện Giao Thủy,590386,Xã Giao Thịnh,34,Tỉnh Ninh Bình,26146,Xã Giao Ninh
50,Tỉnh Nam Định,562,Huyện Giao Thủy,721458,Thị Trấn Quất Lâm,34,Tỉnh Ninh Bình,26146,Xã Giao Ninh
50,Tỉnh Nam Định,562,Huyện Giao Thủy,786994,Xã Bạch Long,34,Tỉnh Ninh Bình,25890,Xã Giao Bình
50,Tỉnh Nam Định,562,Huyện Giao Thủy,852530,Xã Bình Hòa,34,Tỉnh Ninh Bình,25122,Xã Giao Thủy
50,Tỉnh Nam Định,562,Huyện Giao Thủy,918066,Xã Giao An,34,Tỉnh Ninh Bình,24866,Xã Giao Hòa
50,Tỉnh Nam Định,562,Huyện Giao Thủy,983602,Xã Giao Châu,34,Tỉnh Ninh Bình,25634,Xã Giao Hưng
50,Tỉnh Nam Định,562,Huyện Giao Thủy,1049138,Xã Giao Lạc,34,Tỉnh Ninh Bình,24866,Xã Giao Hòa
50,Tỉnh Nam Định,562,Huyện Giao Thủy,1114674,Xã Giao Long,34,Tỉnh Ninh Bình,25634,Xã Giao Hưng
50,Tỉnh Nam Định,562,Huyện Giao Thủy,1180210,Xã Giao Nhân,34,Tỉnh Ninh Bình,25634,Xã Giao Hưng
50,Tỉnh Nam Định,562,Huyện Giao Thủy,1245746,Xã Giao Phong,34,Tỉnh Ninh Bình,26146,Xã Giao Ninh
50,Tỉnh Nam Định,562,Huyện Giao Thủy,1311282,Xã Giao Tân,34,Tỉnh Ninh Bình,25890,Xã Giao Bình
50,Tỉnh Nam Định,562,Huyện Giao Thủy,1376818,Xã Giao Thanh,34,Tỉnh Ninh Bình,24610,Xã Giao Minh
50,Tỉnh Nam Định,562,Huyện Giao Thủy,1442354,Xã Giao Thiện,34,Tỉnh Ninh Bình,24610,Xã Giao Minh
50,Tỉnh Nam Định,818,Huyện Hải Hậu,66354,Xã Hải Minh,34,Tỉnh Ninh Bình,20770,Xã Hải Anh
50,Tỉnh Nam Định,818,Huyện Hải Hậu,131890,Thị Trấn Cồn,34,Tỉnh Ninh Bình,21026,Xã Hải Tiến
50,Tỉnh Nam Định,818,Huyện Hải Hậu,197426,Thị Trấn Thịnh Long,34,Tỉnh Ninh Bình,22306,Xã Hải Thịnh
50,Tỉnh Nam Định,818,Huyện Hải Hậu,394034,Thị Trấn Yên Định,34,Tỉnh Ninh Bình,20514,Xã Hải Hậu
50,Tỉnh Nam Định,818,Huyện Hải Hậu,459570,Xã Hải An,34,Tỉnh Ninh Bình,21538,Xã Hải An
50,Tỉnh Nam Định,818,Huyện Hải Hậu,525106,Xã Hải Anh,34,Tỉnh Ninh Bình,20770,Xã Hải Anh
50,Tỉnh Nam Định,818,Huyện Hải Hậu,656178,Xã Hải Châu,34,Tỉnh Ninh Bình,22306,Xã Hải Thịnh
50,Tỉnh Nam Định,818,Huyện Hải Hậu,721714,Xã Hải Long,34,Tỉnh Ninh Bình,20514,Xã Hải Hậu
50,Tỉnh Nam Định,818,Huyện Hải Hậu,787250,Xã Hải Đông,34,Tỉnh Ninh Bình,21794,Xã Hải Quang
50,Tỉnh Nam Định,818,Huyện Hải Hậu,852786,Xã Hải Đường,34,Tỉnh Ninh Bình,20770,Xã Hải Anh
50,Tỉnh Nam Định,818,Huyện Hải Hậu,918322,Xã Hải Giang,34,Tỉnh Ninh Bình,21538,Xã Hải An
50,Tỉnh Nam Định,818,Huyện Hải Hậu,1049394,Xã Hải Hòa,34,Tỉnh Ninh Bình,22050,Xã Hải Xuân
50,Tỉnh Nam Định,818,Huyện Hải Hậu,1114930,Xã Hải Hưng,34,Tỉnh Ninh Bình,21282,Xã Hải Hưng
50,Tỉnh Nam Định,818,Huyện Hải Hậu,1180466,Xã Hải Lộc,34,Tỉnh Ninh Bình,21282,Xã Hải Hưng
50,Tỉnh Nam Định,818,Huyện Hải Hậu,1311538,Xã Hải Nam,34,Tỉnh Ninh Bình,21282,Xã Hải Hưng
50,Tỉnh Nam Định,818,Huyện Hải Hậu,1377074,Xã Hải Ninh,34,Tỉnh Ninh Bình,22306,Xã Hải Thịnh
50,Tỉnh Nam Định,818,Huyện Hải Hậu,1442610,Xã Hải Phong,34,Tỉnh Ninh Bình,21538,Xã Hải An
50,Tỉnh Nam Định,818,Huyện Hải Hậu,1508146,Xã Hải Phú,34,Tỉnh Ninh Bình,22050,Xã Hải Xuân
50,Tỉnh Nam Định,818,Huyện Hải Hậu,1704754,Xã Hải Quang,34,Tỉnh Ninh Bình,21794,Xã Hải Quang
50,Tỉnh Nam Định,818,Huyện Hải Hậu,1770290,Xã Hải Sơn,34,Tỉnh Ninh Bình,21026,Xã Hải Tiến
50,Tỉnh Nam Định,818,Huyện Hải Hậu,1835826,Xã Hải Tân,34,Tỉnh Ninh Bình,21026,Xã Hải Tiến
50,Tỉnh Nam Định,818,Huyện Hải Hậu,1966898,Xã Hải Tây,34,Tỉnh Ninh Bình,21794,Xã Hải Quang
50,Tỉnh Nam Định,818,Huyện Hải Hậu,2097970,Xã Hải Trung,34,Tỉnh Ninh Bình,20514,Xã Hải Hậu
50,Tỉnh Nam Định,818,Huyện Hải Hậu,2229042,Xã Hải Xuân,34,Tỉnh Ninh Bình,22050,Xã Hải Xuân
50,Tỉnh Nam Định,1330,Huyện Nam Trực,132402,Xã Nam Thái,34,Tỉnh Ninh Bình,14114,Xã Nam Đồng
50,Tỉnh Nam Định,1330,Huyện Nam Trực,197938,Xã Nam Hải,34,Tỉnh Ninh Bình,14370,Xã Nam Ninh
50,Tỉnh Nam Định,1330,Huyện Nam Trực,263474,Xã Nam Dương,34,Tỉnh Ninh Bình,13858,Xã Nam Minh
50,Tỉnh Nam Định,1330,Huyện Nam Trực,329010,Thị Trấn Nam Giang,34,Tỉnh Ninh Bình,13602,Xã Nam Trực
50,Tỉnh Nam Định,1330,Huyện Nam Trực,394546,Xã Bình Minh,34,Tỉnh Ninh Bình,13858,Xã Nam Minh
50,Tỉnh Nam Định,1330,Huyện Nam Trực,460082,Xã Nam Điền,34,Tỉnh Ninh Bình,24354,Phường Vị Khê
50,Tỉnh Nam Định,1330,Huyện Nam Trực,525618,Xã Đồng Sơn,34,Tỉnh Ninh Bình,14114,Xã Nam Đồng
50,Tỉnh Nam Định,1330,Huyện Nam Trực,591154,Xã Hồng Quang,34,Tỉnh Ninh Bình,13346,Phường Hồng Quang
50,Tỉnh Nam Định,1330,Huyện Nam Trực,656690,Xã Nam Cường,34,Tỉnh Ninh Bình,13602,Xã Nam Trực
50,Tỉnh Nam Định,1330,Huyện Nam Trực,722226,Xã Nam Hoa,34,Tỉnh Ninh Bình,14370,Xã Nam Ninh
50,Tỉnh Nam Định,1330,Huyện Nam Trực,787762,Xã Nam Hồng,34,Tỉnh Ninh Bình,14626,Xã Nam Hồng
50,Tỉnh Nam Định,1330,Huyện Nam Trực,853298,Xã Nam Hùng,34,Tỉnh Ninh Bình,13602,Xã Nam Trực
50,Tỉnh Nam Định,1330,Huyện Nam Trực,918834,Xã Nam Lợi,34,Tỉnh Ninh Bình,14370,Xã Nam Ninh
50,Tỉnh Nam Định,1330,Huyện Nam Trực,984370,Xã Nam Thắng,34,Tỉnh Ninh Bình,14626,Xã Nam Hồng
50,Tỉnh Nam Định,1330,Huyện Nam Trực,1049906,Xã Nam Thanh,34,Tỉnh Ninh Bình,14370,Xã Nam Ninh
50,Tỉnh Nam Định,1330,Huyện Nam Trực,1115442,Xã Nam Tiến,34,Tỉnh Ninh Bình,13858,Xã Nam Minh
50,Tỉnh Nam Định,1330,Huyện Nam Trực,1246514,Xã Nghĩa An,34,Tỉnh Ninh Bình,13346,Phường Hồng Quang
50,Tỉnh Nam Định,1330,Huyện Nam Trực,1312050,Xã Tân Thịnh,34,Tỉnh Ninh Bình,14626,Xã Nam Hồng
50,Tỉnh Nam Định,1586,Huyện Nghĩa Hưng,67122,Thị Trấn Liễu Đề,34,Tỉnh Ninh Bình,22818,Xã Nghĩa Hưng
50,Tỉnh Nam Định,1586,Huyện Nghĩa Hưng,132658,Thị Trấn Quỹ Nhất,34,Tỉnh Ninh Bình,23586,Xã Quỹ Nhất
50,Tỉnh Nam Định,1586,Huyện Nghĩa Hưng,198194,Thị Trấn Rạng Đông,34,Tỉnh Ninh Bình,24098,Xã Rạng Đông
50,Tỉnh Nam Định,1586,Huyện Nghĩa Hưng,263730,Xã Hoàng Nam,34,Tỉnh Ninh Bình,22562,Xã Đồng Thịnh
50,Tỉnh Nam Định,1586,Huyện Nghĩa Hưng,329266,Xã Nam Điền,34,Tỉnh Ninh Bình,24098,Xã Rạng Đông
50,Tỉnh Nam Định,1586,Huyện Nghĩa Hưng,460338,Xã Nghĩa Châu,34,Tỉnh Ninh Bình,22818,Xã Nghĩa Hưng
50,Tỉnh Nam Định,1586,Huyện Nghĩa Hưng,591410,Xã Nghĩa Lạc,34,Tỉnh Ninh Bình,23074,Xã Nghĩa Sơn
50,Tỉnh Nam Định,1586,Huyện Nghĩa Hưng,656946,Xã Nghĩa Hải,34,Tỉnh Ninh Bình,23842,Xã Nghĩa Lâm
50,Tỉnh Nam Định,1586,Huyện Nghĩa Hưng,722482,Xã Nghĩa Hồng,34,Tỉnh Ninh Bình,23330,Xã Hồng Phong
50,Tỉnh Nam Định,1586,Huyện Nghĩa Hưng,788018,Xã Nghĩa Hùng,34,Tỉnh Ninh Bình,23842,Xã Nghĩa Lâm
50,Tỉnh Nam Định,1586,Huyện Nghĩa Hưng,853554,Xã Nghĩa Lâm,34,Tỉnh Ninh Bình,23842,Xã Nghĩa Lâm
50,Tỉnh Nam Định,1586,Huyện Nghĩa Hưng,919090,Xã Nghĩa Lợi,34,Tỉnh Ninh Bình,23586,Xã Quỹ Nhất
50,Tỉnh Nam Định,1586,Huyện Nghĩa Hưng,1050162,Xã Nghĩa Phong,34,Tỉnh Ninh Bình,23330,Xã Hồng Phong
50,Tỉnh Nam Định,1586,Huyện Nghĩa Hưng,1115698,Xã Nghĩa Phú,34,Tỉnh Ninh Bình,23330,Xã Hồng Phong
50,Tỉnh Nam Định,1586,Huyện Nghĩa Hưng,1181234,Xã Nghĩa Sơn,34,Tỉnh Ninh Bình,23074,Xã Nghĩa Sơn
50,Tỉnh Nam Định,1586,Huyện Nghĩa Hưng,1246770,Xã Đồng Thịnh,34,Tỉnh Ninh Bình,22562,Xã Đồng Thịnh
50,Tỉnh Nam Định,1586,Huyện Nghĩa Hưng,1312306,Xã Nghĩa Trung,34,Tỉnh Ninh Bình,22818,Xã Nghĩa Hưng
50,Tỉnh Nam Định,1586,Huyện Nghĩa Hưng,1443378,Xã Nghĩa Thái,34,Tỉnh Ninh Bình,22818,Xã Nghĩa Hưng
50,Tỉnh Nam Định,1586,Huyện Nghĩa Hưng,1508914,Xã Phúc Thắng,34,Tỉnh Ninh Bình,24098,Xã Rạng Đông
50,Tỉnh Nam Định,1586,Huyện Nghĩa Hưng,1574450,Xã Nghĩa Thành,34,Tỉnh Ninh Bình,23586,Xã Quỹ Nhất
50,Tỉnh Nam Định,1842,Huyện Trực Ninh,67378,Xã Trực Thanh,34,Tỉnh Ninh Bình,18466,Xã Trực Ninh
50,Tỉnh Nam Định,1842,Huyện Trực Ninh,132914,Xã Trực Thuận,34,Tỉnh Ninh Bình,18722,Xã Quang Hưng
50,Tỉnh Nam Định,1842,Huyện Trực Ninh,198450,Xã Trực Tuấn,34,Tỉnh Ninh Bình,17698,Xã Cổ Lễ
50,Tỉnh Nam Định,1842,Huyện Trực Ninh,263986,Xã Trung Đông,34,Tỉnh Ninh Bình,17698,Xã Cổ Lễ
50,Tỉnh Nam Định,1842,Huyện Trực Ninh,329522,Xã Việt Hùng,34,Tỉnh Ninh Bình,18210,Xã Cát Thành
50,Tỉnh Nam Định,1842,Huyện Trực Ninh,395058,Xã Trực Thắng,34,Tỉnh Ninh Bình,18978,Xã Minh Thái
50,Tỉnh Nam Định,1842,Huyện Trực Ninh,460594,Thị Trấn Ninh Cường,34,Tỉnh Ninh Bình,19234,Xã Ninh Cường
50,Tỉnh Nam Định,1842,Huyện Trực Ninh,526130,Thị Trấn Cát Thành,34,Tỉnh Ninh Bình,18210,Xã Cát Thành
50,Tỉnh Nam Định,1842,Huyện Trực Ninh,591666,Thị Trấn Cổ Lễ,34,Tỉnh Ninh Bình,17698,Xã Cổ Lễ
50,Tỉnh Nam Định,1842,Huyện Trực Ninh,657202,Xã Liêm Hải,34,Tỉnh Ninh Bình,17954,Xã Ninh Giang
50,Tỉnh Nam Định,1842,Huyện Trực Ninh,722738,Xã Trực Hưng,34,Tỉnh Ninh Bình,18466,Xã Trực Ninh
50,Tỉnh Nam Định,1842,Huyện Trực Ninh,788274,Xã Phương Định,34,Tỉnh Ninh Bình,17954,Xã Ninh Giang
50,Tỉnh Nam Định,1842,Huyện Trực Ninh,853810,Xã Trực Chính,34,Tỉnh Ninh Bình,17954,Xã Ninh Giang
50,Tỉnh Nam Định,1842,Huyện Trực Ninh,919346,Xã Trực Cường,34,Tỉnh Ninh Bình,19234,Xã Ninh Cường
50,Tỉnh Nam Định,1842,Huyện Trực Ninh,984882,Xã Trực Đại,34,Tỉnh Ninh Bình,18978,Xã Minh Thái
50,Tỉnh Nam Định,1842,Huyện Trực Ninh,1050418,Xã Trực Đạo,34,Tỉnh Ninh Bình,18210,Xã Cát Thành
50,Tỉnh Nam Định,1842,Huyện Trực Ninh,1115954,Xã Trực Hùng,34,Tỉnh Ninh Bình,19234,Xã Ninh Cường
50,Tỉnh Nam Định,1842,Huyện Trực Ninh,1181490,Xã Trực Khang,34,Tỉnh Ninh Bình,18722,Xã Quang Hưng
50,Tỉnh Nam Định,1842,Huyện Trực Ninh,1247026,Xã Trực Mỹ,34,Tỉnh Ninh Bình,18722,Xã Quang Hưng
50,Tỉnh Nam Định,1842,Huyện Trực Ninh,1312562,Xã Trực Nội,34,Tỉnh Ninh Bình,18466,Xã Trực Ninh
50,Tỉnh Nam Định,1842,Huyện Trực Ninh,1378098,Xã Trực Thái,34,Tỉnh Ninh Bình,18978,Xã Minh Thái
50,Tỉnh Nam Định,2098,Huyện Vụ Bản,133170,Xã Cộng Hòa,34,Tỉnh Ninh Bình,14882,Xã Minh Tân
50,Tỉnh Nam Định,2098,Huyện Vụ Bản,198706,Xã Đại An,34,Tỉnh Ninh Bình,12834,Phường Thành Nam
50,Tỉnh Nam Định,2098,Huyện Vụ Bản,329778,Xã Liên Minh,34,Tỉnh Ninh Bình,15650,Xã Liên Minh
50,Tỉnh Nam Định,2098,Huyện Vụ Bản,395314,Xã Đại Thắng,34,Tỉnh Ninh Bình,15650,Xã Liên Minh
50,Tỉnh Nam Định,2098,Huyện Vụ Bản,460850,Xã Hiển Khánh,34,Tỉnh Ninh Bình,15138,Xã Hiển Khánh
50,Tỉnh Nam Định,2098,Huyện Vụ Bản,526386,Xã Hợp Hưng,34,Tỉnh Ninh Bình,15138,Xã Hiển Khánh
50,Tỉnh Nam Định,2098,Huyện Vụ Bản,591922,Xã Kim Thái,34,Tỉnh Ninh Bình,15394,Xã Vụ Bản
50,Tỉnh Nam Định,2098,Huyện Vụ Bản,657458,Xã Minh Tân,34,Tỉnh Ninh Bình,14882,Xã Minh Tân
50,Tỉnh Nam Định,2098,Huyện Vụ Bản,788530,Xã Quang Trung,34,Tỉnh Ninh Bình,15138,Xã Hiển Khánh
50,Tỉnh Nam Định,2098,Huyện Vụ Bản,919602,Xã Tam Thanh,34,Tỉnh Ninh Bình,15394,Xã Vụ Bản
50,Tỉnh Nam Định,2098,Huyện Vụ Bản,985138,Thị Trấn Gôi,34,Tỉnh Ninh Bình,15394,Xã Vụ Bản
50,Tỉnh Nam Định,2098,Huyện Vụ Bản,1050674,Xã Thành Lợi,34,Tỉnh Ninh Bình,13090,Phường Trường Thi
50,Tỉnh Nam Định,2098,Huyện Vụ Bản,1116210,Xã Trung Thành,34,Tỉnh Ninh Bình,15138,Xã Hiển Khánh
50,Tỉnh Nam Định,2098,Huyện Vụ Bản,1181746,Xã Vĩnh Hào,34,Tỉnh Ninh Bình,15650,Xã Liên Minh
50,Tỉnh Nam Định,2354,Huyện Xuân Trường,133426,Xã Xuân Châu,34,Tỉnh Ninh Bình,20258,Xã Xuân Hồng
50,Tỉnh Nam Định,2354,Huyện Xuân Trường,264498,Thị Trấn Xuân Trường,34,Tỉnh Ninh Bình,19490,Xã Xuân Trường
50,Tỉnh Nam Định,2354,Huyện Xuân Trường,330034,Xã Thọ Nghiệp,34,Tỉnh Ninh Bình,19746,Xã Xuân Hưng
50,Tỉnh Nam Định,2354,Huyện Xuân Trường,395570,Xã Xuân Thành,34,Tỉnh Ninh Bình,20258,Xã Xuân Hồng
50,Tỉnh Nam Định,2354,Huyện Xuân Trường,461106,Xã Xuân Phúc,34,Tỉnh Ninh Bình,19490,Xã Xuân Trường
50,Tỉnh Nam Định,2354,Huyện Xuân Trường,526642,Xã Xuân Hồng,34,Tỉnh Ninh Bình,20258,Xã Xuân Hồng
50,Tỉnh Nam Định,2354,Huyện Xuân Trường,657714,Xã Xuân Ngọc,34,Tỉnh Ninh Bình,19490,Xã Xuân Trường
50,Tỉnh Nam Định,2354,Huyện Xuân Trường,723250,Xã Xuân Ninh,34,Tỉnh Ninh Bình,19490,Xã Xuân Trường
50,Tỉnh Nam Định,2354,Huyện Xuân Trường,788786,Xã Xuân Giang,34,Tỉnh Ninh Bình,20002,Xã Xuân Giang
50,Tỉnh Nam Định,2354,Huyện Xuân Trường,854322,Xã Xuân Phú,34,Tỉnh Ninh Bình,20002,Xã Xuân Giang
50,Tỉnh Nam Định,2354,Huyện Xuân Trường,919858,Xã Trà Lũ,34,Tỉnh Ninh Bình,19746,Xã Xuân Hưng
50,Tỉnh Nam Định,2354,Huyện Xuân Trường,985394,Xã Xuân Tân,34,Tỉnh Ninh Bình,20002,Xã Xuân Giang
50,Tỉnh Nam Định,2354,Huyện Xuân Trường,1050930,Xã Xuân Thượng,34,Tỉnh Ninh Bình,20258,Xã Xuân Hồng
50,Tỉnh Nam Định,2354,Huyện Xuân Trường,1313074,Xã Xuân Vinh,34,Tỉnh Ninh Bình,19746,Xã Xuân Hưng
50,Tỉnh Nam Định,2610,Huyện Ý Yên,264754,Thị Trấn Lâm,34,Tỉnh Ninh Bình,15906,Xã Ý Yên
50,Tỉnh Nam Định,2610,Huyện Ý Yên,330290,Xã Hồng Quang,34,Tỉnh Ninh Bình,15906,Xã Ý Yên
50,Tỉnh Nam Định,2610,Huyện Ý Yên,395826,Xã Yên Bình,34,Tỉnh Ninh Bình,16930,Xã Vũ Dương
50,Tỉnh Nam Định,2610,Huyện Ý Yên,461362,Xã Yên Chính,34,Tỉnh Ninh Bình,17442,Xã Phong Doanh
50,Tỉnh Nam Định,2610,Huyện Ý Yên,526898,Xã Yên Dương,34,Tỉnh Ninh Bình,16930,Xã Vũ Dương
50,Tỉnh Nam Định,2610,Huyện Ý Yên,657970,Xã Yên Khang,34,Tỉnh Ninh Bình,16162,Xã Yên Đồng
50,Tỉnh Nam Định,2610,Huyện Ý Yên,723506,Xã Trung Nghĩa,34,Tỉnh Ninh Bình,17186,Xã Tân Minh
50,Tỉnh Nam Định,2610,Huyện Ý Yên,789042,Xã Yên Cường,34,Tỉnh Ninh Bình,16418,Xã Yên Cường
50,Tỉnh Nam Định,2610,Huyện Ý Yên,854578,Xã Yên Đồng,34,Tỉnh Ninh Bình,16162,Xã Yên Đồng
50,Tỉnh Nam Định,2610,Huyện Ý Yên,920114,Xã Yên Khánh,34,Tỉnh Ninh Bình,15906,Xã Ý Yên
50,Tỉnh Nam Định,2610,Huyện Ý Yên,985650,Xã Yên Lộc,34,Tỉnh Ninh Bình,16418,Xã Yên Cường
50,Tỉnh Nam Định,2610,Huyện Ý Yên,1051186,Xã Tân Minh,34,Tỉnh Ninh Bình,17186,Xã Tân Minh
50,Tỉnh Nam Định,2610,Huyện Ý Yên,1116722,Xã Yên Lương,34,Tỉnh Ninh Bình,16674,Xã Vạn Thắng
50,Tỉnh Nam Định,2610,Huyện Ý Yên,1247794,Xã Yên Mỹ,34,Tỉnh Ninh Bình,16930,Xã Vũ Dương
50,Tỉnh Nam Định,2610,Huyện Ý Yên,1378866,Xã Yên Nhân,34,Tỉnh Ninh Bình,16418,Xã Yên Cường
50,Tỉnh Nam Định,2610,Huyện Ý Yên,1444402,Xã Yên Ninh,34,Tỉnh Ninh Bình,16930,Xã Vũ Dương
50,Tỉnh Nam Định,2610,Huyện Ý Yên,1509938,Xã Yên Phong,34,Tỉnh Ninh Bình,15906,Xã Ý Yên
50,Tỉnh Nam Định,2610,Huyện Ý Yên,1575474,Xã Yên Phúc,34,Tỉnh Ninh Bình,16418,Xã Yên Cường
50,Tỉnh Nam Định,2610,Huyện Ý Yên,1706546,Xã Yên Thắng,34,Tỉnh Ninh Bình,16674,Xã Vạn Thắng
50,Tỉnh Nam Định,2610,Huyện Ý Yên,1772082,Xã Yên Thọ,34,Tỉnh Ninh Bình,17442,Xã Phong Doanh
50,Tỉnh Nam Định,2610,Huyện Ý Yên,1837618,Xã Yên Tiến,34,Tỉnh Ninh Bình,16674,Xã Vạn Thắng
50,Tỉnh Nam Định,2610,Huyện Ý Yên,1903154,Xã Yên Trị,34,Tỉnh Ninh Bình,16162,Xã Yên Đồng
50,Tỉnh Nam Định,2610,Huyện Ý Yên,2034226,Xã Phú Hưng,34,Tỉnh Ninh Bình,17442,Xã Phong Doanh
51,Tỉnh Nghệ An,307,Thành Phố Vinh,65843,Phường Bến Thủy,33,Tỉnh Nghệ An,33313,Phường Trường Vinh
51,Tỉnh Nghệ An,307,Thành Phố Vinh,196915,Phường Cửa Nam,33,Tỉnh Nghệ An,29217,Phường Thành Vinh
51,Tỉnh Nghệ An,307,Thành Phố Vinh,327987,Phường Đông Vĩnh,33,Tỉnh Nghệ An,29217,Phường Thành Vinh
51,Tỉnh Nghệ An,307,Thành Phố Vinh,393523,Phường Trường Thi,33,Tỉnh Nghệ An,33313,Phường Trường Vinh
51,Tỉnh Nghệ An,307,Thành Phố Vinh,459059,Phường Vinh Tân,33,Tỉnh Nghệ An,33313,Phường Trường Vinh
51,Tỉnh Nghệ An,307,Thành Phố Vinh,524595,Phường Hưng Bình,33,Tỉnh Nghệ An,29217,Phường Thành Vinh
51,Tỉnh Nghệ An,307,Thành Phố Vinh,590131,Phường Hưng Dũng,33,Tỉnh Nghệ An,33313,Phường Trường Vinh
51,Tỉnh Nghệ An,307,Thành Phố Vinh,655667,Phường Hưng Phúc,33,Tỉnh Nghệ An,33313,Phường Trường Vinh
51,Tỉnh Nghệ An,307,Thành Phố Vinh,721203,Phường Lê Lợi,33,Tỉnh Nghệ An,29217,Phường Thành Vinh
51,Tỉnh Nghệ An,307,Thành Phố Vinh,852275,Phường Nghi Phú,33,Tỉnh Nghệ An,29729,Phường Vinh Phú
51,Tỉnh Nghệ An,307,Thành Phố Vinh,917811,Phường Hà Huy Tập,33,Tỉnh Nghệ An,29729,Phường Vinh Phú
51,Tỉnh Nghệ An,307,Thành Phố Vinh,983347,Phường Quán Bàu,33,Tỉnh Nghệ An,29473,Phường Vinh Hưng
51,Tỉnh Nghệ An,307,Thành Phố Vinh,1048883,Phường Quang Trung,33,Tỉnh Nghệ An,29217,Phường Thành Vinh
51,Tỉnh Nghệ An,307,Thành Phố Vinh,1114419,Phường Trung Đô,33,Tỉnh Nghệ An,33313,Phường Trường Vinh
51,Tỉnh Nghệ An,307,Thành Phố Vinh,1179955,Xã Hưng Chính,33,Tỉnh Nghệ An,29217,Phường Thành Vinh
51,Tỉnh Nghệ An,307,Thành Phố Vinh,1245491,Phường Hưng Đông,33,Tỉnh Nghệ An,29473,Phường Vinh Hưng
51,Tỉnh Nghệ An,307,Thành Phố Vinh,1311027,Xã Hưng Hòa,33,Tỉnh Nghệ An,33313,Phường Trường Vinh
51,Tỉnh Nghệ An,307,Thành Phố Vinh,1376563,Phường Hưng Lộc,33,Tỉnh Nghệ An,29985,Phường Vinh Lộc
51,Tỉnh Nghệ An,307,Thành Phố Vinh,1442099,Xã Nghi Ân,33,Tỉnh Nghệ An,29729,Phường Vinh Phú
51,Tỉnh Nghệ An,307,Thành Phố Vinh,1507635,Phường Nghi Đức,33,Tỉnh Nghệ An,29729,Phường Vinh Phú
51,Tỉnh Nghệ An,307,Thành Phố Vinh,1573171,Xã Nghi Kim,33,Tỉnh Nghệ An,29473,Phường Vinh Hưng
51,Tỉnh Nghệ An,307,Thành Phố Vinh,1638707,Xã Nghi Liên,33,Tỉnh Nghệ An,29473,Phường Vinh Hưng
51,Tỉnh Nghệ An,307,Thành Phố Vinh,1704243,Phường Nghi Hải,33,Tỉnh Nghệ An,32801,Phường Cửa Lò
51,Tỉnh Nghệ An,307,Thành Phố Vinh,1769779,Phường Nghi Hòa,33,Tỉnh Nghệ An,32801,Phường Cửa Lò
51,Tỉnh Nghệ An,307,Thành Phố Vinh,1835315,Phường Nghi Hương,33,Tỉnh Nghệ An,32801,Phường Cửa Lò
51,Tỉnh Nghệ An,307,Thành Phố Vinh,1900851,Phường Nghi Tân,33,Tỉnh Nghệ An,32801,Phường Cửa Lò
51,Tỉnh Nghệ An,307,Thành Phố Vinh,1966387,Phường Nghi Thu,33,Tỉnh Nghệ An,32801,Phường Cửa Lò
51,Tỉnh Nghệ An,307,Thành Phố Vinh,2031923,Phường Nghi Thủy,33,Tỉnh Nghệ An,32801,Phường Cửa Lò
51,Tỉnh Nghệ An,307,Thành Phố Vinh,2097459,Phường Thu Thủy,33,Tỉnh Nghệ An,32801,Phường Cửa Lò
51,Tỉnh Nghệ An,307,Thành Phố Vinh,2162995,Xã Nghi Phong,33,Tỉnh Nghệ An,29985,Phường Vinh Lộc
51,Tỉnh Nghệ An,307,Thành Phố Vinh,2228531,Xã Nghi Thái,33,Tỉnh Nghệ An,29985,Phường Vinh Lộc
51,Tỉnh Nghệ An,307,Thành Phố Vinh,2294067,Xã Phúc Thọ,33,Tỉnh Nghệ An,29985,Phường Vinh Lộc
51,Tỉnh Nghệ An,307,Thành Phố Vinh,2359603,Xã Nghi Xuân,33,Tỉnh Nghệ An,29985,Phường Vinh Lộc
51,Tỉnh Nghệ An,819,Thị Xã Thái Hòa,66355,Phường Hòa Hiếu,33,Tỉnh Nghệ An,26657,Phường Thái Hòa
51,Tỉnh Nghệ An,819,Thị Xã Thái Hòa,131891,Phường Long Sơn,33,Tỉnh Nghệ An,26657,Phường Thái Hòa
51,Tỉnh Nghệ An,819,Thị Xã Thái Hòa,197427,Phường Quang Phong,33,Tỉnh Nghệ An,26657,Phường Thái Hòa
51,Tỉnh Nghệ An,819,Thị Xã Thái Hòa,262963,Phường Quang Tiến,33,Tỉnh Nghệ An,26913,Phường Tây Hiếu
51,Tỉnh Nghệ An,819,Thị Xã Thái Hòa,328499,Xã Đông Hiếu,33,Tỉnh Nghệ An,27169,Xã Đông Hiếu
51,Tỉnh Nghệ An,819,Thị Xã Thái Hòa,394035,Xã Nghĩa Mỹ,33,Tỉnh Nghệ An,27169,Xã Đông Hiếu
51,Tỉnh Nghệ An,819,Thị Xã Thái Hòa,459571,Xã Nghĩa Thuận,33,Tỉnh Nghệ An,27169,Xã Đông Hiếu
51,Tỉnh Nghệ An,819,Thị Xã Thái Hòa,525107,Xã Nghĩa Tiến,33,Tỉnh Nghệ An,26913,Phường Tây Hiếu
51,Tỉnh Nghệ An,819,Thị Xã Thái Hòa,590643,Xã Tây Hiếu,33,Tỉnh Nghệ An,26913,Phường Tây Hiếu
51,Tỉnh Nghệ An,1075,Thị Xã Hoàng Mai,66611,Phường Quỳnh Dị,33,Tỉnh Nghệ An,9505,Phường Tân Mai
51,Tỉnh Nghệ An,1075,Thị Xã Hoàng Mai,132147,Xã Quỳnh Lộc,33,Tỉnh Nghệ An,9505,Phường Tân Mai
51,Tỉnh Nghệ An,1075,Thị Xã Hoàng Mai,197683,Phường Quỳnh Thiện,33,Tỉnh Nghệ An,9249,Phường Hoàng Mai
51,Tỉnh Nghệ An,1075,Thị Xã Hoàng Mai,263219,Xã Quỳnh Lập,33,Tỉnh Nghệ An,9505,Phường Tân Mai
51,Tỉnh Nghệ An,1075,Thị Xã Hoàng Mai,328755,Xã Quỳnh Liên,33,Tỉnh Nghệ An,9761,Phường Quỳnh Mai
51,Tỉnh Nghệ An,1075,Thị Xã Hoàng Mai,394291,Phường Mai Hùng,33,Tỉnh Nghệ An,9761,Phường Quỳnh Mai
51,Tỉnh Nghệ An,1075,Thị Xã Hoàng Mai,459827,Phường Quỳnh Phương,33,Tỉnh Nghệ An,9761,Phường Quỳnh Mai
51,Tỉnh Nghệ An,1075,Thị Xã Hoàng Mai,525363,Xã Quỳnh Trang,33,Tỉnh Nghệ An,9249,Phường Hoàng Mai
51,Tỉnh Nghệ An,1075,Thị Xã Hoàng Mai,590899,Xã Quỳnh Vinh,33,Tỉnh Nghệ An,9249,Phường Hoàng Mai
51,Tỉnh Nghệ An,1075,Thị Xã Hoàng Mai,656435,Phường Quỳnh Xuân,33,Tỉnh Nghệ An,9761,Phường Quỳnh Mai
51,Tỉnh Nghệ An,1331,Huyện Anh Sơn,66867,Xã Tào Sơn,33,Tỉnh Nghệ An,3617,Xã Anh Sơn Đông
51,Tỉnh Nghệ An,1331,Huyện Anh Sơn,132403,Xã Cẩm Sơn,33,Tỉnh Nghệ An,3361,Xã Nhân Hòa
51,Tỉnh Nghệ An,1331,Huyện Anh Sơn,197939,Xã Cao Sơn,33,Tỉnh Nghệ An,3105,Xã Yên Xuân
51,Tỉnh Nghệ An,1331,Huyện Anh Sơn,263475,Xã Tam Đỉnh,33,Tỉnh Nghệ An,3361,Xã Nhân Hòa
51,Tỉnh Nghệ An,1331,Huyện Anh Sơn,329011,Xã Đức Sơn,33,Tỉnh Nghệ An,2849,Xã Anh Sơn
51,Tỉnh Nghệ An,1331,Huyện Anh Sơn,394547,Xã Hoa Sơn,33,Tỉnh Nghệ An,3873,Xã Vĩnh Tường
51,Tỉnh Nghệ An,1331,Huyện Anh Sơn,460083,Xã Hội Sơn,33,Tỉnh Nghệ An,3873,Xã Vĩnh Tường
51,Tỉnh Nghệ An,1331,Huyện Anh Sơn,525619,Xã Hùng Sơn,33,Tỉnh Nghệ An,3361,Xã Nhân Hòa
51,Tỉnh Nghệ An,1331,Huyện Anh Sơn,591155,Xã Khai Sơn,33,Tỉnh Nghệ An,3105,Xã Yên Xuân
51,Tỉnh Nghệ An,1331,Huyện Anh Sơn,656691,Xã Lạng Sơn,33,Tỉnh Nghệ An,3617,Xã Anh Sơn Đông
51,Tỉnh Nghệ An,1331,Huyện Anh Sơn,722227,Xã Lĩnh Sơn,33,Tỉnh Nghệ An,3105,Xã Yên Xuân
51,Tỉnh Nghệ An,1331,Huyện Anh Sơn,787763,Xã Long Sơn,33,Tỉnh Nghệ An,3105,Xã Yên Xuân
51,Tỉnh Nghệ An,1331,Huyện Anh Sơn,853299,Xã Phúc Sơn,33,Tỉnh Nghệ An,2849,Xã Anh Sơn
51,Tỉnh Nghệ An,1331,Huyện Anh Sơn,1049907,Xã Thành Sơn,33,Tỉnh Nghệ An,4129,Xã Thành Bình Thọ
51,Tỉnh Nghệ An,1331,Huyện Anh Sơn,1115443,Xã Thọ Sơn,33,Tỉnh Nghệ An,4129,Xã Thành Bình Thọ
51,Tỉnh Nghệ An,1331,Huyện Anh Sơn,1180979,Xã Tường Sơn,33,Tỉnh Nghệ An,3873,Xã Vĩnh Tường
51,Tỉnh Nghệ An,1331,Huyện Anh Sơn,1246515,Xã Vĩnh Sơn,33,Tỉnh Nghệ An,3617,Xã Anh Sơn Đông
51,Tỉnh Nghệ An,1331,Huyện Anh Sơn,1312051,Thị Trấn Kim Nhan,33,Tỉnh Nghệ An,2849,Xã Anh Sơn
51,Tỉnh Nghệ An,1331,Huyện Anh Sơn,1377587,Xã Bình Sơn,33,Tỉnh Nghệ An,4129,Xã Thành Bình Thọ
51,Tỉnh Nghệ An,1587,Huyện Con Cuông,67123,Thị Trấn Trà Lân,33,Tỉnh Nghệ An,4385,Xã Con Cuông
51,Tỉnh Nghệ An,1587,Huyện Con Cuông,198195,Xã Bình Chuẩn,33,Tỉnh Nghệ An,1825,Xã Bình Chuẩn
51,Tỉnh Nghệ An,1587,Huyện Con Cuông,263731,Xã Cam Lâm,33,Tỉnh Nghệ An,5153,Xã Cam Phục
51,Tỉnh Nghệ An,1587,Huyện Con Cuông,329267,Xã Châu Khê,33,Tỉnh Nghệ An,5409,Xã Châu Khê
51,Tỉnh Nghệ An,1587,Huyện Con Cuông,394803,Xã Chi Khê,33,Tỉnh Nghệ An,4385,Xã Con Cuông
51,Tỉnh Nghệ An,1587,Huyện Con Cuông,460339,Xã Đôn Phục,33,Tỉnh Nghệ An,5153,Xã Cam Phục
51,Tỉnh Nghệ An,1587,Huyện Con Cuông,525875,Xã Lạng Khê,33,Tỉnh Nghệ An,5409,Xã Châu Khê
51,Tỉnh Nghệ An,1587,Huyện Con Cuông,591411,Xã Lục Dạ,33,Tỉnh Nghệ An,4641,Xã Môn Sơn
51,Tỉnh Nghệ An,1587,Huyện Con Cuông,656947,Xã Mậu Đức,33,Tỉnh Nghệ An,4897,Xã Mậu Thạch
51,Tỉnh Nghệ An,1587,Huyện Con Cuông,722483,Xã Môn Sơn,33,Tỉnh Nghệ An,4641,Xã Môn Sơn
51,Tỉnh Nghệ An,1587,Huyện Con Cuông,788019,Xã Thạch Ngàn,33,Tỉnh Nghệ An,4897,Xã Mậu Thạch
51,Tỉnh Nghệ An,1587,Huyện Con Cuông,853555,Xã Yên Khê,33,Tỉnh Nghệ An,4385,Xã Con Cuông
51,Tỉnh Nghệ An,1843,Huyện Diễn Châu,198451,Xã Diễn Kim,33,Tỉnh Nghệ An,6433,Xã Hải Châu
51,Tỉnh Nghệ An,1843,Huyện Diễn Châu,263987,Xã Diễn An,33,Tỉnh Nghệ An,6945,Xã An Châu
51,Tỉnh Nghệ An,1843,Huyện Diễn Châu,395059,Xã Diễn Cát,33,Tỉnh Nghệ An,7201,Xã Minh Châu
51,Tỉnh Nghệ An,1843,Huyện Diễn Châu,460595,Xã Diễn Đoài,33,Tỉnh Nghệ An,7457,Xã Hùng Châu
51,Tỉnh Nghệ An,1843,Huyện Diễn Châu,526131,Xã Diễn Đồng,33,Tỉnh Nghệ An,6177,Xã Quảng Châu
51,Tỉnh Nghệ An,1843,Huyện Diễn Châu,591667,Xã Hùng Hải,33,Tỉnh Nghệ An,6433,Xã Hải Châu
51,Tỉnh Nghệ An,1843,Huyện Diễn Châu,657203,Xã Hạnh Quảng,33,Tỉnh Nghệ An,7201,Xã Minh Châu
51,Tỉnh Nghệ An,1843,Huyện Diễn Châu,722739,Xã Diễn Hoa,33,Tỉnh Nghệ An,5665,Xã Diễn Châu
51,Tỉnh Nghệ An,1843,Huyện Diễn Châu,788275,Xã Diễn Hoàng,33,Tỉnh Nghệ An,6433,Xã Hải Châu
51,Tỉnh Nghệ An,1843,Huyện Diễn Châu,853811,Xã Diễn Hồng,33,Tỉnh Nghệ An,5921,Xã Đức Châu
51,Tỉnh Nghệ An,1843,Huyện Diễn Châu,919347,Xã Diễn Kỷ,33,Tỉnh Nghệ An,5921,Xã Đức Châu
51,Tỉnh Nghệ An,1843,Huyện Diễn Châu,984883,Xã Diễn Lâm,33,Tỉnh Nghệ An,7457,Xã Hùng Châu
51,Tỉnh Nghệ An,1843,Huyện Diễn Châu,1050419,Xã Diễn Lộc,33,Tỉnh Nghệ An,6689,Xã Tân Châu
51,Tỉnh Nghệ An,1843,Huyện Diễn Châu,1115955,Xã Diễn Lợi,33,Tỉnh Nghệ An,6689,Xã Tân Châu
51,Tỉnh Nghệ An,1843,Huyện Diễn Châu,1181491,Xã Diễn Liên,33,Tỉnh Nghệ An,6177,Xã Quảng Châu
51,Tỉnh Nghệ An,1843,Huyện Diễn Châu,1247027,Xã Diễn Mỹ,33,Tỉnh Nghệ An,6433,Xã Hải Châu
51,Tỉnh Nghệ An,1843,Huyện Diễn Châu,1312563,Xã Ngọc Bích,33,Tỉnh Nghệ An,5665,Xã Diễn Châu
51,Tỉnh Nghệ An,1843,Huyện Diễn Châu,1378099,Xã Diễn Nguyên,33,Tỉnh Nghệ An,7201,Xã Minh Châu
51,Tỉnh Nghệ An,1843,Huyện Diễn Châu,1443635,Xã Diễn Phong,33,Tỉnh Nghệ An,5921,Xã Đức Châu
51,Tỉnh Nghệ An,1843,Huyện Diễn Châu,1509171,Xã Diễn Phú,33,Tỉnh Nghệ An,6689,Xã Tân Châu
51,Tỉnh Nghệ An,1843,Huyện Diễn Châu,1574707,Xã Diễn Phúc,33,Tỉnh Nghệ An,5665,Xã Diễn Châu
51,Tỉnh Nghệ An,1843,Huyện Diễn Châu,1705779,Xã Diễn Tân,33,Tỉnh Nghệ An,6945,Xã An Châu
51,Tỉnh Nghệ An,1843,Huyện Diễn Châu,1771315,Xã Diễn Thái,33,Tỉnh Nghệ An,6177,Xã Quảng Châu
51,Tỉnh Nghệ An,1843,Huyện Diễn Châu,1836851,Xã Minh Châu,33,Tỉnh Nghệ An,7201,Xã Minh Châu
51,Tỉnh Nghệ An,1843,Huyện Diễn Châu,1902387,Thị Trấn Diễn Thành,33,Tỉnh Nghệ An,5665,Xã Diễn Châu
51,Tỉnh Nghệ An,1843,Huyện Diễn Châu,2033459,Xã Diễn Thịnh,33,Tỉnh Nghệ An,6945,Xã An Châu
51,Tỉnh Nghệ An,1843,Huyện Diễn Châu,2098995,Xã Diễn Yên,33,Tỉnh Nghệ An,7457,Xã Hùng Châu
51,Tỉnh Nghệ An,1843,Huyện Diễn Châu,2164531,Xã Diễn Thọ,33,Tỉnh Nghệ An,6689,Xã Tân Châu
51,Tỉnh Nghệ An,1843,Huyện Diễn Châu,2230067,Xã Diễn Trung,33,Tỉnh Nghệ An,6945,Xã An Châu
51,Tỉnh Nghệ An,1843,Huyện Diễn Châu,2295603,Xã Diễn Trường,33,Tỉnh Nghệ An,7457,Xã Hùng Châu
51,Tỉnh Nghệ An,1843,Huyện Diễn Châu,2361139,Xã Diễn Vạn,33,Tỉnh Nghệ An,5921,Xã Đức Châu
51,Tỉnh Nghệ An,1843,Huyện Diễn Châu,2426675,Xã Xuân Tháp,33,Tỉnh Nghệ An,6177,Xã Quảng Châu
51,Tỉnh Nghệ An,2099,Huyện Hưng Nguyên,67635,Xã Hưng Nghĩa,33,Tỉnh Nghệ An,10529,Xã Lam Thành
51,Tỉnh Nghệ An,2099,Huyện Hưng Nguyên,133171,Thị Trấn Hưng Nguyên,33,Tỉnh Nghệ An,10017,Xã Hưng Nguyên
51,Tỉnh Nghệ An,2099,Huyện Hưng Nguyên,198707,Xã Châu Nhân,33,Tỉnh Nghệ An,10529,Xã Lam Thành
51,Tỉnh Nghệ An,2099,Huyện Hưng Nguyên,264243,Xã Hưng Đạo,33,Tỉnh Nghệ An,10017,Xã Hưng Nguyên
51,Tỉnh Nghệ An,2099,Huyện Hưng Nguyên,329779,Xã Hưng Thành,33,Tỉnh Nghệ An,10529,Xã Lam Thành
51,Tỉnh Nghệ An,2099,Huyện Hưng Nguyên,395315,Xã Hưng Lĩnh,33,Tỉnh Nghệ An,10273,Xã Hưng Nguyên Nam
51,Tỉnh Nghệ An,2099,Huyện Hưng Nguyên,591923,Xã Hưng Tây,33,Tỉnh Nghệ An,10017,Xã Hưng Nguyên
51,Tỉnh Nghệ An,2099,Huyện Hưng Nguyên,657459,Xã Long Xá,33,Tỉnh Nghệ An,10273,Xã Hưng Nguyên Nam
51,Tỉnh Nghệ An,2099,Huyện Hưng Nguyên,788531,Xã Phúc Lợi,33,Tỉnh Nghệ An,10529,Xã Lam Thành
51,Tỉnh Nghệ An,2099,Huyện Hưng Nguyên,854067,Xã Thịnh Mỹ,33,Tỉnh Nghệ An,10017,Xã Hưng Nguyên
51,Tỉnh Nghệ An,2099,Huyện Hưng Nguyên,919603,Xã Thông Tân,33,Tỉnh Nghệ An,10273,Xã Hưng Nguyên Nam
51,Tỉnh Nghệ An,2099,Huyện Hưng Nguyên,985139,Xã Hưng Trung,33,Tỉnh Nghệ An,32545,Xã Yên Trung
51,Tỉnh Nghệ An,2099,Huyện Hưng Nguyên,1050675,Xã Xuân Lam,33,Tỉnh Nghệ An,10273,Xã Hưng Nguyên Nam
51,Tỉnh Nghệ An,2099,Huyện Hưng Nguyên,1116211,Xã Hưng Yên Bắc,33,Tỉnh Nghệ An,32545,Xã Yên Trung
51,Tỉnh Nghệ An,2099,Huyện Hưng Nguyên,1181747,Xã Hưng Yên,33,Tỉnh Nghệ An,32545,Xã Yên Trung
51,Tỉnh Nghệ An,2355,Huyện Kỳ Sơn,67891,Xã Huồi Tụ,33,Tỉnh Nghệ An,545,Xã Huồi Tụ
51,Tỉnh Nghệ An,2355,Huyện Kỳ Sơn,133427,Xã Bắc Lý,33,Tỉnh Nghệ An,801,Xã Bắc Lý
51,Tỉnh Nghệ An,2355,Huyện Kỳ Sơn,198963,Xã Nậm Càn,33,Tỉnh Nghệ An,12321,Xã Na Ngoi
51,Tỉnh Nghệ An,2355,Huyện Kỳ Sơn,264499,Xã Bảo Nam,33,Tỉnh Nghệ An,11041,Xã Hữu Kiệm
51,Tỉnh Nghệ An,2355,Huyện Kỳ Sơn,330035,Xã Bảo Thắng,33,Tỉnh Nghệ An,11553,Xã Chiêu Lưu
51,Tỉnh Nghệ An,2355,Huyện Kỳ Sơn,395571,Xã Đoọc Mạy,33,Tỉnh Nghệ An,11809,Xã Na Loi
51,Tỉnh Nghệ An,2355,Huyện Kỳ Sơn,461107,Xã Keng Đu,33,Tỉnh Nghệ An,1057,Xã Keng Đu
51,Tỉnh Nghệ An,2355,Huyện Kỳ Sơn,526643,Xã Mường Ải,33,Tỉnh Nghệ An,12065,Xã Mường Típ
51,Tỉnh Nghệ An,2355,Huyện Kỳ Sơn,592179,Xã Mường Lống,33,Tỉnh Nghệ An,1313,Xã Mường Lống
51,Tỉnh Nghệ An,2355,Huyện Kỳ Sơn,657715,Xã Mường Típ,33,Tỉnh Nghệ An,12065,Xã Mường Típ
51,Tỉnh Nghệ An,2355,Huyện Kỳ Sơn,723251,Xã Mỹ Lý,33,Tỉnh Nghệ An,1569,Xã Mỹ Lý
51,Tỉnh Nghệ An,2355,Huyện Kỳ Sơn,788787,Xã Na Loi,33,Tỉnh Nghệ An,11809,Xã Na Loi
51,Tỉnh Nghệ An,2355,Huyện Kỳ Sơn,854323,Xã Na Ngoi,33,Tỉnh Nghệ An,12321,Xã Na Ngoi
51,Tỉnh Nghệ An,2355,Huyện Kỳ Sơn,919859,Thị Trấn Mường Xén,33,Tỉnh Nghệ An,10785,Xã Mường Xén
51,Tỉnh Nghệ An,2355,Huyện Kỳ Sơn,985395,Xã Nậm Cắn,33,Tỉnh Nghệ An,11297,Xã Nậm Cắn
51,Tỉnh Nghệ An,2355,Huyện Kỳ Sơn,1050931,Xã Phà Đánh,33,Tỉnh Nghệ An,11297,Xã Nậm Cắn
51,Tỉnh Nghệ An,2355,Huyện Kỳ Sơn,1116467,Xã Tà Cạ,33,Tỉnh Nghệ An,10785,Xã Mường Xén
51,Tỉnh Nghệ An,2355,Huyện Kỳ Sơn,1182003,Xã Tây Sơn,33,Tỉnh Nghệ An,10785,Xã Mường Xén
51,Tỉnh Nghệ An,2355,Huyện Kỳ Sơn,1247539,Xã Hữu Kiệm,33,Tỉnh Nghệ An,11041,Xã Hữu Kiệm
51,Tỉnh Nghệ An,2355,Huyện Kỳ Sơn,1313075,Xã Chiêu Lưu,33,Tỉnh Nghệ An,11553,Xã Chiêu Lưu
51,Tỉnh Nghệ An,2355,Huyện Kỳ Sơn,1378611,Xã Hữu Lập,33,Tỉnh Nghệ An,11041,Xã Hữu Kiệm
51,Tỉnh Nghệ An,2611,Huyện Nam Đàn,68147,Xã Trung Phúc Cường,33,Tỉnh Nghệ An,13345,Xã Thiên Nhẫn
51,Tỉnh Nghệ An,2611,Huyện Nam Đàn,133683,Xã Thượng Tân Lộc,33,Tỉnh Nghệ An,12577,Xã Vạn An
51,Tỉnh Nghệ An,2611,Huyện Nam Đàn,264755,Xã Nam Thanh,33,Tỉnh Nghệ An,12833,Xã Nam Đàn
51,Tỉnh Nghệ An,2611,Huyện Nam Đàn,330291,Xã Nam Xuân,33,Tỉnh Nghệ An,13089,Xã Đại Huệ
51,Tỉnh Nghệ An,2611,Huyện Nam Đàn,395827,Thị Trấn Nam Đàn,33,Tỉnh Nghệ An,12577,Xã Vạn An
51,Tỉnh Nghệ An,2611,Huyện Nam Đàn,461363,Xã Xuân Hòa,33,Tỉnh Nghệ An,12577,Xã Vạn An
51,Tỉnh Nghệ An,2611,Huyện Nam Đàn,526899,Xã Xuân Hồng,33,Tỉnh Nghệ An,13601,Xã Kim Liên
51,Tỉnh Nghệ An,2611,Huyện Nam Đàn,592435,Xã Nam Cát,33,Tỉnh Nghệ An,13601,Xã Kim Liên
51,Tỉnh Nghệ An,2611,Huyện Nam Đàn,657971,Xã Nam Lĩnh,33,Tỉnh Nghệ An,13089,Xã Đại Huệ
51,Tỉnh Nghệ An,2611,Huyện Nam Đàn,723507,Xã Nam Giang,33,Tỉnh Nghệ An,13601,Xã Kim Liên
51,Tỉnh Nghệ An,2611,Huyện Nam Đàn,789043,Xã Nam Hưng,33,Tỉnh Nghệ An,12833,Xã Nam Đàn
51,Tỉnh Nghệ An,2611,Huyện Nam Đàn,854579,Xã Nam Kim,33,Tỉnh Nghệ An,13345,Xã Thiên Nhẫn
51,Tỉnh Nghệ An,2611,Huyện Nam Đàn,920115,Xã Nghĩa Thái,33,Tỉnh Nghệ An,12833,Xã Nam Đàn
51,Tỉnh Nghệ An,2611,Huyện Nam Đàn,1051187,Xã Kim Liên,33,Tỉnh Nghệ An,13601,Xã Kim Liên
51,Tỉnh Nghệ An,2611,Huyện Nam Đàn,1116723,Xã Hùng Tiến,33,Tỉnh Nghệ An,13601,Xã Kim Liên
51,Tỉnh Nghệ An,2611,Huyện Nam Đàn,1182259,Xã Khánh Sơn,33,Tỉnh Nghệ An,13345,Xã Thiên Nhẫn
51,Tỉnh Nghệ An,2611,Huyện Nam Đàn,1247795,Xã Nam Anh,33,Tỉnh Nghệ An,13089,Xã Đại Huệ
51,Tỉnh Nghệ An,2867,Huyện Nghi Lộc,68403,Xã Nghi Kiều,33,Tỉnh Nghệ An,17185,Xã Văn Kiều
51,Tỉnh Nghệ An,2867,Huyện Nghi Lộc,133939,Xã Nghi Lâm,33,Tỉnh Nghệ An,15905,Xã Phúc Lộc
51,Tỉnh Nghệ An,2867,Huyện Nghi Lộc,199475,Xã Nghi Long,33,Tỉnh Nghệ An,16417,Xã Trung Lộc
51,Tỉnh Nghệ An,2867,Huyện Nghi Lộc,265011,Xã Nghi Mỹ,33,Tỉnh Nghệ An,15905,Xã Phúc Lộc
51,Tỉnh Nghệ An,2867,Huyện Nghi Lộc,396083,Xã Nghi Phương,33,Tỉnh Nghệ An,16673,Xã Thần Lĩnh
51,Tỉnh Nghệ An,2867,Huyện Nghi Lộc,461619,Xã Nghi Quang,33,Tỉnh Nghệ An,16417,Xã Trung Lộc
51,Tỉnh Nghệ An,2867,Huyện Nghi Lộc,527155,Xã Nghi Thạch,33,Tỉnh Nghệ An,16161,Xã Đông Lộc
51,Tỉnh Nghệ An,2867,Huyện Nghi Lộc,658227,Xã Nghi Thiết,33,Tỉnh Nghệ An,16929,Xã Hải Lộc
51,Tỉnh Nghệ An,2867,Huyện Nghi Lộc,789299,Xã Nghi Tiến,33,Tỉnh Nghệ An,16929,Xã Hải Lộc
51,Tỉnh Nghệ An,2867,Huyện Nghi Lộc,854835,Xã Nghi Trung,33,Tỉnh Nghệ An,15649,Xã Nghi Lộc
51,Tỉnh Nghệ An,2867,Huyện Nghi Lộc,920371,Xã Nghi Yên,33,Tỉnh Nghệ An,16929,Xã Hải Lộc
51,Tỉnh Nghệ An,2867,Huyện Nghi Lộc,1051443,Xã Thịnh Trường,33,Tỉnh Nghệ An,16161,Xã Đông Lộc
51,Tỉnh Nghệ An,2867,Huyện Nghi Lộc,1116979,Xã Nghi Văn,33,Tỉnh Nghệ An,17185,Xã Văn Kiều
51,Tỉnh Nghệ An,2867,Huyện Nghi Lộc,1182515,Xã Nghi Vạn,33,Tỉnh Nghệ An,15649,Xã Nghi Lộc
51,Tỉnh Nghệ An,2867,Huyện Nghi Lộc,1248051,Xã Nghi Xá,33,Tỉnh Nghệ An,16417,Xã Trung Lộc
51,Tỉnh Nghệ An,2867,Huyện Nghi Lộc,1379123,Xã Nghi Đồng,33,Tỉnh Nghệ An,16673,Xã Thần Lĩnh
51,Tỉnh Nghệ An,2867,Huyện Nghi Lộc,1444659,Thị Trấn Quán Hành,33,Tỉnh Nghệ An,15649,Xã Nghi Lộc
51,Tỉnh Nghệ An,2867,Huyện Nghi Lộc,1510195,Xã Nghi Công Bắc,33,Tỉnh Nghệ An,15905,Xã Phúc Lộc
51,Tỉnh Nghệ An,2867,Huyện Nghi Lộc,1575731,Xã Nghi Công Nam,33,Tỉnh Nghệ An,15905,Xã Phúc Lộc
51,Tỉnh Nghệ An,2867,Huyện Nghi Lộc,1641267,Xã Diên Hoa,33,Tỉnh Nghệ An,15649,Xã Nghi Lộc
51,Tỉnh Nghệ An,2867,Huyện Nghi Lộc,1772339,Xã Nghi Hưng,33,Tỉnh Nghệ An,16673,Xã Thần Lĩnh
51,Tỉnh Nghệ An,2867,Huyện Nghi Lộc,1837875,Xã Khánh Hợp,33,Tỉnh Nghệ An,16161,Xã Đông Lộc
51,Tỉnh Nghệ An,2867,Huyện Nghi Lộc,1903411,Xã Nghi Thuận,33,Tỉnh Nghệ An,16417,Xã Trung Lộc
51,Tỉnh Nghệ An,3123,Huyện Nghĩa Đàn,68659,Xã Nghĩa An,33,Tỉnh Nghệ An,15137,Xã Nghĩa Khánh
51,Tỉnh Nghệ An,3123,Huyện Nghĩa Đàn,134195,Xã Nghĩa Bình,33,Tỉnh Nghệ An,13857,Xã Nghĩa Đàn
51,Tỉnh Nghệ An,3123,Huyện Nghĩa Đàn,199731,Xã Nghĩa Đức,33,Tỉnh Nghệ An,15137,Xã Nghĩa Khánh
51,Tỉnh Nghệ An,3123,Huyện Nghĩa Đàn,265267,Xã Nghĩa Hưng,33,Tỉnh Nghệ An,14881,Xã Nghĩa Hưng
51,Tỉnh Nghệ An,3123,Huyện Nghĩa Đàn,330803,Xã Nghĩa Khánh,33,Tỉnh Nghệ An,15137,Xã Nghĩa Khánh
51,Tỉnh Nghệ An,3123,Huyện Nghĩa Đàn,396339,Xã Nghĩa Long,33,Tỉnh Nghệ An,15393,Xã Nghĩa Lộc
51,Tỉnh Nghệ An,3123,Huyện Nghĩa Đàn,461875,Xã Nghĩa Mai,33,Tỉnh Nghệ An,14625,Xã Nghĩa Mai
51,Tỉnh Nghệ An,3123,Huyện Nghĩa Đàn,527411,Xã Nghĩa Minh,33,Tỉnh Nghệ An,14625,Xã Nghĩa Mai
51,Tỉnh Nghệ An,3123,Huyện Nghĩa Đàn,658483,Xã Nghĩa Hội,33,Tỉnh Nghệ An,14113,Xã Nghĩa Thọ
51,Tỉnh Nghệ An,3123,Huyện Nghĩa Đàn,724019,Xã Nghĩa Hồng,33,Tỉnh Nghệ An,14625,Xã Nghĩa Mai
51,Tỉnh Nghệ An,3123,Huyện Nghĩa Đàn,855091,Xã Nghĩa Sơn,33,Tỉnh Nghệ An,14369,Xã Nghĩa Lâm
51,Tỉnh Nghệ An,3123,Huyện Nghĩa Đàn,920627,Xã Nghĩa Lạc,33,Tỉnh Nghệ An,14369,Xã Nghĩa Lâm
51,Tỉnh Nghệ An,3123,Huyện Nghĩa Đàn,986163,Xã Nghĩa Lâm,33,Tỉnh Nghệ An,14369,Xã Nghĩa Lâm
51,Tỉnh Nghệ An,3123,Huyện Nghĩa Đàn,1051699,Xã Nghĩa Lộc,33,Tỉnh Nghệ An,15393,Xã Nghĩa Lộc
51,Tỉnh Nghệ An,3123,Huyện Nghĩa Đàn,1117235,Xã Nghĩa Lợi,33,Tỉnh Nghệ An,14113,Xã Nghĩa Thọ
51,Tỉnh Nghệ An,3123,Huyện Nghĩa Đàn,1182771,Xã Nghĩa Thành,33,Tỉnh Nghệ An,14881,Xã Nghĩa Hưng
51,Tỉnh Nghệ An,3123,Huyện Nghĩa Đàn,1313843,Xã Nghĩa Thọ,33,Tỉnh Nghệ An,14113,Xã Nghĩa Thọ
51,Tỉnh Nghệ An,3123,Huyện Nghĩa Đàn,1379379,Xã Nghĩa Trung,33,Tỉnh Nghệ An,13857,Xã Nghĩa Đàn
51,Tỉnh Nghệ An,3123,Huyện Nghĩa Đàn,1444915,Xã Nghĩa Yên,33,Tỉnh Nghệ An,14369,Xã Nghĩa Lâm
51,Tỉnh Nghệ An,3123,Huyện Nghĩa Đàn,1510451,Thị Trấn Nghĩa Đàn,33,Tỉnh Nghệ An,13857,Xã Nghĩa Đàn
51,Tỉnh Nghệ An,3379,Huyện Đô Lương,68915,Xã Quang Sơn,33,Tỉnh Nghệ An,8225,Xã Văn Hiến
51,Tỉnh Nghệ An,3379,Huyện Đô Lương,134451,Xã Tân Sơn,33,Tỉnh Nghệ An,8225,Xã Văn Hiến
51,Tỉnh Nghệ An,3379,Huyện Đô Lương,199987,Xã Thái Sơn,33,Tỉnh Nghệ An,8225,Xã Văn Hiến
51,Tỉnh Nghệ An,3379,Huyện Đô Lương,265523,Xã Thịnh Sơn,33,Tỉnh Nghệ An,7713,Xã Đô Lương
51,Tỉnh Nghệ An,3379,Huyện Đô Lương,331059,Xã Thuận Sơn,33,Tỉnh Nghệ An,8737,Xã Thuần Trung
51,Tỉnh Nghệ An,3379,Huyện Đô Lương,396595,Xã Thượng Sơn,33,Tỉnh Nghệ An,8225,Xã Văn Hiến
51,Tỉnh Nghệ An,3379,Huyện Đô Lương,462131,Xã Tràng Sơn,33,Tỉnh Nghệ An,8993,Xã Lương Sơn
51,Tỉnh Nghệ An,3379,Huyện Đô Lương,527667,Xã Trù Sơn,33,Tỉnh Nghệ An,8481,Xã Bạch Hà
51,Tỉnh Nghệ An,3379,Huyện Đô Lương,593203,Xã Trung Sơn,33,Tỉnh Nghệ An,8737,Xã Thuần Trung
51,Tỉnh Nghệ An,3379,Huyện Đô Lương,658739,Xã Văn Sơn,33,Tỉnh Nghệ An,7713,Xã Đô Lương
51,Tỉnh Nghệ An,3379,Huyện Đô Lương,724275,Xã Xuân Sơn,33,Tỉnh Nghệ An,8737,Xã Thuần Trung
51,Tỉnh Nghệ An,3379,Huyện Đô Lương,789811,Xã Yên Sơn,33,Tỉnh Nghệ An,7713,Xã Đô Lương
51,Tỉnh Nghệ An,3379,Huyện Đô Lương,855347,Thị Trấn Đô Lương,33,Tỉnh Nghệ An,7713,Xã Đô Lương
51,Tỉnh Nghệ An,3379,Huyện Đô Lương,920883,Xã Bắc Sơn,33,Tỉnh Nghệ An,7713,Xã Đô Lương
51,Tỉnh Nghệ An,3379,Huyện Đô Lương,986419,Xã Hiến Sơn,33,Tỉnh Nghệ An,8481,Xã Bạch Hà
51,Tỉnh Nghệ An,3379,Huyện Đô Lương,1051955,Xã Hòa Sơn,33,Tỉnh Nghệ An,8225,Xã Văn Hiến
51,Tỉnh Nghệ An,3379,Huyện Đô Lương,1117491,Xã Bài Sơn,33,Tỉnh Nghệ An,8993,Xã Lương Sơn
51,Tỉnh Nghệ An,3379,Huyện Đô Lương,1183027,Xã Bồi Sơn,33,Tỉnh Nghệ An,7969,Xã Bạch Ngọc
51,Tỉnh Nghệ An,3379,Huyện Đô Lương,1248563,Xã Giang Sơn Tây,33,Tỉnh Nghệ An,7969,Xã Bạch Ngọc
51,Tỉnh Nghệ An,3379,Huyện Đô Lương,1314099,Xã Đà Sơn,33,Tỉnh Nghệ An,7713,Xã Đô Lương
51,Tỉnh Nghệ An,3379,Huyện Đô Lương,1379635,Xã Đại Sơn,33,Tỉnh Nghệ An,8481,Xã Bạch Hà
51,Tỉnh Nghệ An,3379,Huyện Đô Lương,1445171,Xã Đặng Sơn,33,Tỉnh Nghệ An,7713,Xã Đô Lương
51,Tỉnh Nghệ An,3379,Huyện Đô Lương,1510707,Xã Đông Sơn,33,Tỉnh Nghệ An,8993,Xã Lương Sơn
51,Tỉnh Nghệ An,3379,Huyện Đô Lương,1576243,Xã Giang Sơn Đông,33,Tỉnh Nghệ An,7969,Xã Bạch Ngọc
51,Tỉnh Nghệ An,3379,Huyện Đô Lương,1641779,Xã Hồng Sơn,33,Tỉnh Nghệ An,8993,Xã Lương Sơn
51,Tỉnh Nghệ An,3379,Huyện Đô Lương,1707315,Xã Lạc Sơn,33,Tỉnh Nghệ An,8737,Xã Thuần Trung
51,Tỉnh Nghệ An,3379,Huyện Đô Lương,1838387,Xã Nhân Sơn,33,Tỉnh Nghệ An,8737,Xã Thuần Trung
51,Tỉnh Nghệ An,3379,Huyện Đô Lương,1903923,Xã Nam Sơn,33,Tỉnh Nghệ An,7713,Xã Đô Lương
51,Tỉnh Nghệ An,3379,Huyện Đô Lương,1969459,Xã Bạch Ngọc,33,Tỉnh Nghệ An,7969,Xã Bạch Ngọc
51,Tỉnh Nghệ An,3379,Huyện Đô Lương,2034995,Xã Lưu Sơn,33,Tỉnh Nghệ An,7713,Xã Đô Lương
51,Tỉnh Nghệ An,3379,Huyện Đô Lương,2100531,Xã Minh Sơn,33,Tỉnh Nghệ An,8737,Xã Thuần Trung
51,Tỉnh Nghệ An,3379,Huyện Đô Lương,2166067,Xã Mỹ Sơn,33,Tỉnh Nghệ An,8481,Xã Bạch Hà
51,Tỉnh Nghệ An,3635,Huyện Quế Phong,69171,Xã Nậm Giải,33,Tỉnh Nghệ An,33057,Xã Quế Phong
51,Tỉnh Nghệ An,3635,Huyện Quế Phong,134707,Xã Quang Phong,33,Tỉnh Nghệ An,17953,Xã Mường Quàng
51,Tỉnh Nghệ An,3635,Huyện Quế Phong,200243,Xã Nậm Nhoóng,33,Tỉnh Nghệ An,17697,Xã Tri Lễ
51,Tỉnh Nghệ An,3635,Huyện Quế Phong,265779,Xã Mường Nọc,33,Tỉnh Nghệ An,33057,Xã Quế Phong
51,Tỉnh Nghệ An,3635,Huyện Quế Phong,331315,Xã Thông Thụ,33,Tỉnh Nghệ An,18209,Xã Thông Thụ
51,Tỉnh Nghệ An,3635,Huyện Quế Phong,396851,Xã Tiền Phong,33,Tỉnh Nghệ An,17441,Xã Tiền Phong
51,Tỉnh Nghệ An,3635,Huyện Quế Phong,462387,Xã Tri Lễ,33,Tỉnh Nghệ An,17697,Xã Tri Lễ
51,Tỉnh Nghệ An,3635,Huyện Quế Phong,527923,Thị Trấn Kim Sơn,33,Tỉnh Nghệ An,33057,Xã Quế Phong
51,Tỉnh Nghệ An,3635,Huyện Quế Phong,593459,Xã Châu Kim,33,Tỉnh Nghệ An,33057,Xã Quế Phong
51,Tỉnh Nghệ An,3635,Huyện Quế Phong,658995,Xã Châu Thôn,33,Tỉnh Nghệ An,17953,Xã Mường Quàng
51,Tỉnh Nghệ An,3635,Huyện Quế Phong,724531,Xã Đồng Văn,33,Tỉnh Nghệ An,18209,Xã Thông Thụ
51,Tỉnh Nghệ An,3635,Huyện Quế Phong,790067,Xã Hạnh Dịch,33,Tỉnh Nghệ An,17441,Xã Tiền Phong
51,Tỉnh Nghệ An,3635,Huyện Quế Phong,855603,Xã Căm Muộn,33,Tỉnh Nghệ An,17953,Xã Mường Quàng
51,Tỉnh Nghệ An,3891,Huyện Quỳ Châu,69427,Xã Châu Bính,33,Tỉnh Nghệ An,18721,Xã Châu Tiến
51,Tỉnh Nghệ An,3891,Huyện Quỳ Châu,134963,Xã Châu Bình,33,Tỉnh Nghệ An,2081,Xã Châu Bình
51,Tỉnh Nghệ An,3891,Huyện Quỳ Châu,200499,Xã Châu Hoàn,33,Tỉnh Nghệ An,18977,Xã Hùng Chân
51,Tỉnh Nghệ An,3891,Huyện Quỳ Châu,266035,Xã Châu Thuận,33,Tỉnh Nghệ An,18721,Xã Châu Tiến
51,Tỉnh Nghệ An,3891,Huyện Quỳ Châu,331571,Xã Châu Tiến,33,Tỉnh Nghệ An,18721,Xã Châu Tiến
51,Tỉnh Nghệ An,3891,Huyện Quỳ Châu,397107,Xã Châu Hội,33,Tỉnh Nghệ An,18465,Xã Quỳ Châu
51,Tỉnh Nghệ An,3891,Huyện Quỳ Châu,462643,Xã Châu Nga,33,Tỉnh Nghệ An,18465,Xã Quỳ Châu
51,Tỉnh Nghệ An,3891,Huyện Quỳ Châu,528179,Xã Châu Hạnh,33,Tỉnh Nghệ An,18465,Xã Quỳ Châu
51,Tỉnh Nghệ An,3891,Huyện Quỳ Châu,593715,Thị Trấn Tân Lạc,33,Tỉnh Nghệ An,18465,Xã Quỳ Châu
51,Tỉnh Nghệ An,3891,Huyện Quỳ Châu,659251,Xã Châu Phong,33,Tỉnh Nghệ An,18977,Xã Hùng Chân
51,Tỉnh Nghệ An,3891,Huyện Quỳ Châu,724787,Xã Châu Thắng,33,Tỉnh Nghệ An,18721,Xã Châu Tiến
51,Tỉnh Nghệ An,3891,Huyện Quỳ Châu,790323,Xã Diên Lãm,33,Tỉnh Nghệ An,18977,Xã Hùng Chân
51,Tỉnh Nghệ An,4147,Huyện Quỳ Hợp,69683,Thị Trấn Quỳ Hợp,33,Tỉnh Nghệ An,19233,Xã Quỳ Hợp
51,Tỉnh Nghệ An,4147,Huyện Quỳ Hợp,135219,Xã Bắc Sơn,33,Tỉnh Nghệ An,20513,Xã Mường Chọng
51,Tỉnh Nghệ An,4147,Huyện Quỳ Hợp,200755,Xã Châu Cường,33,Tỉnh Nghệ An,20257,Xã Mường Ham
51,Tỉnh Nghệ An,4147,Huyện Quỳ Hợp,266291,Xã Châu Lộc,33,Tỉnh Nghệ An,19745,Xã Châu Lộc
51,Tỉnh Nghệ An,4147,Huyện Quỳ Hợp,331827,Xã Châu Lý,33,Tỉnh Nghệ An,20513,Xã Mường Chọng
51,Tỉnh Nghệ An,4147,Huyện Quỳ Hợp,397363,Xã Châu Quang,33,Tỉnh Nghệ An,19233,Xã Quỳ Hợp
51,Tỉnh Nghệ An,4147,Huyện Quỳ Hợp,462899,Xã Châu Thái,33,Tỉnh Nghệ An,20257,Xã Mường Ham
51,Tỉnh Nghệ An,4147,Huyện Quỳ Hợp,528435,Xã Châu Đình,33,Tỉnh Nghệ An,19233,Xã Quỳ Hợp
51,Tỉnh Nghệ An,4147,Huyện Quỳ Hợp,593971,Xã Châu Hồng,33,Tỉnh Nghệ An,20001,Xã Châu Hồng
51,Tỉnh Nghệ An,4147,Huyện Quỳ Hợp,659507,Xã Châu Thành,33,Tỉnh Nghệ An,20001,Xã Châu Hồng
51,Tỉnh Nghệ An,4147,Huyện Quỳ Hợp,725043,Xã Châu Tiến,33,Tỉnh Nghệ An,20001,Xã Châu Hồng
51,Tỉnh Nghệ An,4147,Huyện Quỳ Hợp,790579,Xã Đồng Hợp,33,Tỉnh Nghệ An,19489,Xã Tam Hợp
51,Tỉnh Nghệ An,4147,Huyện Quỳ Hợp,856115,Xã Hạ Sơn,33,Tỉnh Nghệ An,20769,Xã Minh Hợp
51,Tỉnh Nghệ An,4147,Huyện Quỳ Hợp,921651,Xã Liên Hợp,33,Tỉnh Nghệ An,19745,Xã Châu Lộc
51,Tỉnh Nghệ An,4147,Huyện Quỳ Hợp,987187,Xã Minh Hợp,33,Tỉnh Nghệ An,20769,Xã Minh Hợp
51,Tỉnh Nghệ An,4147,Huyện Quỳ Hợp,1052723,Xã Nam Sơn,33,Tỉnh Nghệ An,20513,Xã Mường Chọng
51,Tỉnh Nghệ An,4147,Huyện Quỳ Hợp,1118259,Xã Nghĩa Xuân,33,Tỉnh Nghệ An,19489,Xã Tam Hợp
51,Tỉnh Nghệ An,4147,Huyện Quỳ Hợp,1183795,Xã Tam Hợp,33,Tỉnh Nghệ An,19489,Xã Tam Hợp
51,Tỉnh Nghệ An,4147,Huyện Quỳ Hợp,1249331,Xã Thọ Hợp,33,Tỉnh Nghệ An,19233,Xã Quỳ Hợp
51,Tỉnh Nghệ An,4147,Huyện Quỳ Hợp,1314867,Xã Văn Lợi,33,Tỉnh Nghệ An,20769,Xã Minh Hợp
51,Tỉnh Nghệ An,4147,Huyện Quỳ Hợp,1380403,Xã Yên Hợp,33,Tỉnh Nghệ An,19489,Xã Tam Hợp
51,Tỉnh Nghệ An,4403,Huyện Quỳnh Lưu,69939,Xã Quỳnh Yên,33,Tỉnh Nghệ An,2593,Xã Quỳnh Anh
51,Tỉnh Nghệ An,4403,Huyện Quỳnh Lưu,135475,Thị Trấn Cầu Giát,33,Tỉnh Nghệ An,21025,Xã Quỳnh Lưu
51,Tỉnh Nghệ An,4403,Huyện Quỳnh Lưu,201011,Xã An Hòa,33,Tỉnh Nghệ An,21793,Xã Quỳnh Phú
51,Tỉnh Nghệ An,4403,Huyện Quỳnh Lưu,266547,Xã Quỳnh Diễn,33,Tỉnh Nghệ An,21025,Xã Quỳnh Lưu
51,Tỉnh Nghệ An,4403,Huyện Quỳnh Lưu,332083,Xã Ngọc Sơn,33,Tỉnh Nghệ An,22049,Xã Quỳnh Sơn
51,Tỉnh Nghệ An,4403,Huyện Quỳnh Lưu,463155,Xã Quỳnh Bảng,33,Tỉnh Nghệ An,2593,Xã Quỳnh Anh
51,Tỉnh Nghệ An,4403,Huyện Quỳnh Lưu,528691,Xã Quỳnh Châu,33,Tỉnh Nghệ An,21537,Xã Quỳnh Tam
51,Tỉnh Nghệ An,4403,Huyện Quỳnh Lưu,594227,Xã Quỳnh Đôi,33,Tỉnh Nghệ An,2593,Xã Quỳnh Anh
51,Tỉnh Nghệ An,4403,Huyện Quỳnh Lưu,659763,Xã Quỳnh Giang,33,Tỉnh Nghệ An,21025,Xã Quỳnh Lưu
51,Tỉnh Nghệ An,4403,Huyện Quỳnh Lưu,725299,Xã Quỳnh Hậu,33,Tỉnh Nghệ An,21025,Xã Quỳnh Lưu
51,Tỉnh Nghệ An,4403,Huyện Quỳnh Lưu,790835,Xã Quỳnh Sơn,33,Tỉnh Nghệ An,22049,Xã Quỳnh Sơn
51,Tỉnh Nghệ An,4403,Huyện Quỳnh Lưu,921907,Xã Bình Sơn,33,Tỉnh Nghệ An,21025,Xã Quỳnh Lưu
51,Tỉnh Nghệ An,4403,Huyện Quỳnh Lưu,987443,Xã Quỳnh Lâm,33,Tỉnh Nghệ An,22049,Xã Quỳnh Sơn
51,Tỉnh Nghệ An,4403,Huyện Quỳnh Lưu,1118515,Xã Minh Lương,33,Tỉnh Nghệ An,2593,Xã Quỳnh Anh
51,Tỉnh Nghệ An,4403,Huyện Quỳnh Lưu,1446195,Xã Quỳnh Tam,33,Tỉnh Nghệ An,21537,Xã Quỳnh Tam
51,Tỉnh Nghệ An,4403,Huyện Quỳnh Lưu,1511731,Xã Quỳnh Tân,33,Tỉnh Nghệ An,21281,Xã Quỳnh Văn
51,Tỉnh Nghệ An,4403,Huyện Quỳnh Lưu,1577267,Xã Quỳnh Thạch,33,Tỉnh Nghệ An,21281,Xã Quỳnh Văn
51,Tỉnh Nghệ An,4403,Huyện Quỳnh Lưu,1642803,Xã Quỳnh Thắng,33,Tỉnh Nghệ An,22305,Xã Quỳnh Thắng
51,Tỉnh Nghệ An,4403,Huyện Quỳnh Lưu,1708339,Xã Quỳnh Thanh,33,Tỉnh Nghệ An,2593,Xã Quỳnh Anh
51,Tỉnh Nghệ An,4403,Huyện Quỳnh Lưu,1839411,Xã Thuận Long,33,Tỉnh Nghệ An,21793,Xã Quỳnh Phú
51,Tỉnh Nghệ An,4403,Huyện Quỳnh Lưu,1904947,Xã Quỳnh Văn,33,Tỉnh Nghệ An,21281,Xã Quỳnh Văn
51,Tỉnh Nghệ An,4403,Huyện Quỳnh Lưu,1970483,Xã Văn Hải,33,Tỉnh Nghệ An,21793,Xã Quỳnh Phú
51,Tỉnh Nghệ An,4403,Huyện Quỳnh Lưu,2036019,Xã Tân Sơn,33,Tỉnh Nghệ An,21537,Xã Quỳnh Tam
51,Tỉnh Nghệ An,4403,Huyện Quỳnh Lưu,2101555,Xã Tân Thắng,33,Tỉnh Nghệ An,22305,Xã Quỳnh Thắng
51,Tỉnh Nghệ An,4403,Huyện Quỳnh Lưu,2167091,Xã Phú Nghĩa,33,Tỉnh Nghệ An,21793,Xã Quỳnh Phú
51,Tỉnh Nghệ An,4659,Huyện Tân Kỳ,70195,Xã Tân Hương,33,Tỉnh Nghệ An,23841,Xã Nghĩa Hành
51,Tỉnh Nghệ An,4659,Huyện Tân Kỳ,201267,Thị Trấn Tân Kỳ,33,Tỉnh Nghệ An,22561,Xã Tân Kỳ
51,Tỉnh Nghệ An,4659,Huyện Tân Kỳ,266803,Xã Đồng Văn,33,Tỉnh Nghệ An,24097,Xã Tiên Đồng
51,Tỉnh Nghệ An,4659,Huyện Tân Kỳ,332339,Xã Giai Xuân,33,Tỉnh Nghệ An,23585,Xã Giai Xuân
51,Tỉnh Nghệ An,4659,Huyện Tân Kỳ,397875,Xã Hương Sơn,33,Tỉnh Nghệ An,23073,Xã Tân An
51,Tỉnh Nghệ An,4659,Huyện Tân Kỳ,463411,Xã Kỳ Sơn,33,Tỉnh Nghệ An,22561,Xã Tân Kỳ
51,Tỉnh Nghệ An,4659,Huyện Tân Kỳ,528947,Xã Kỳ Tân,33,Tỉnh Nghệ An,22561,Xã Tân Kỳ
51,Tỉnh Nghệ An,4659,Huyện Tân Kỳ,594483,Xã Bình Hợp,33,Tỉnh Nghệ An,23329,Xã Nghĩa Đồng
51,Tỉnh Nghệ An,4659,Huyện Tân Kỳ,660019,Xã Nghĩa Đồng,33,Tỉnh Nghệ An,23329,Xã Nghĩa Đồng
51,Tỉnh Nghệ An,4659,Huyện Tân Kỳ,725555,Xã Nghĩa Dũng,33,Tỉnh Nghệ An,22561,Xã Tân Kỳ
51,Tỉnh Nghệ An,4659,Huyện Tân Kỳ,791091,Xã Nghĩa Hành,33,Tỉnh Nghệ An,23841,Xã Nghĩa Hành
51,Tỉnh Nghệ An,4659,Huyện Tân Kỳ,856627,Xã Hoàn Long,33,Tỉnh Nghệ An,22817,Xã Tân Phú
51,Tỉnh Nghệ An,4659,Huyện Tân Kỳ,987699,Xã Nghĩa Phúc,33,Tỉnh Nghệ An,23073,Xã Tân An
51,Tỉnh Nghệ An,4659,Huyện Tân Kỳ,1053235,Xã Nghĩa Thái,33,Tỉnh Nghệ An,22817,Xã Tân Phú
51,Tỉnh Nghệ An,4659,Huyện Tân Kỳ,1118771,Xã Phú Sơn,33,Tỉnh Nghệ An,23841,Xã Nghĩa Hành
51,Tỉnh Nghệ An,4659,Huyện Tân Kỳ,1184307,Xã Tân An,33,Tỉnh Nghệ An,23073,Xã Tân An
51,Tỉnh Nghệ An,4659,Huyện Tân Kỳ,1249843,Xã Tân Hợp,33,Tỉnh Nghệ An,23585,Xã Giai Xuân
51,Tỉnh Nghệ An,4659,Huyện Tân Kỳ,1315379,Xã Tân Phú,33,Tỉnh Nghệ An,22817,Xã Tân Phú
51,Tỉnh Nghệ An,4659,Huyện Tân Kỳ,1380915,Xã Tân Xuân,33,Tỉnh Nghệ An,22817,Xã Tân Phú
51,Tỉnh Nghệ An,4659,Huyện Tân Kỳ,1446451,Xã Tiên Kỳ,33,Tỉnh Nghệ An,24097,Xã Tiên Đồng
51,Tỉnh Nghệ An,4915,Huyện Thanh Chương,135987,Xã Minh Tiến,33,Tỉnh Nghệ An,26401,Xã Xuân Lâm
51,Tỉnh Nghệ An,4915,Huyện Thanh Chương,201523,Xã Thanh Lâm,33,Tỉnh Nghệ An,25889,Xã Bích Hào
51,Tỉnh Nghệ An,4915,Huyện Thanh Chương,267059,Xã Thanh Liên,33,Tỉnh Nghệ An,24609,Xã Tam Đồng
51,Tỉnh Nghệ An,4915,Huyện Thanh Chương,332595,Xã Mai Giang,33,Tỉnh Nghệ An,25889,Xã Bích Hào
51,Tỉnh Nghệ An,4915,Huyện Thanh Chương,463667,Xã Thanh Ngọc,33,Tỉnh Nghệ An,26145,Xã Đại Đồng
51,Tỉnh Nghệ An,4915,Huyện Thanh Chương,529203,Xã Minh Sơn,33,Tỉnh Nghệ An,24353,Xã Cát Ngạn
51,Tỉnh Nghệ An,4915,Huyện Thanh Chương,594739,Xã Thanh Mỹ,33,Tỉnh Nghệ An,24609,Xã Tam Đồng
51,Tỉnh Nghệ An,4915,Huyện Thanh Chương,660275,Xã Thanh Phong,33,Tỉnh Nghệ An,26145,Xã Đại Đồng
51,Tỉnh Nghệ An,4915,Huyện Thanh Chương,725811,Xã Thanh Sơn,33,Tỉnh Nghệ An,25121,Xã Sơn Lâm
51,Tỉnh Nghệ An,4915,Huyện Thanh Chương,791347,Xã Thanh Thịnh,33,Tỉnh Nghệ An,25377,Xã Hoa Quân
51,Tỉnh Nghệ An,4915,Huyện Thanh Chương,856883,Xã Thanh Thủy,33,Tỉnh Nghệ An,25633,Xã Kim Bảng
51,Tỉnh Nghệ An,4915,Huyện Thanh Chương,922419,Xã Thanh Tiên,33,Tỉnh Nghệ An,24609,Xã Tam Đồng
51,Tỉnh Nghệ An,4915,Huyện Thanh Chương,987955,Xã Thanh Tùng,33,Tỉnh Nghệ An,25889,Xã Bích Hào
51,Tỉnh Nghệ An,4915,Huyện Thanh Chương,1053491,Xã Đại Đồng,33,Tỉnh Nghệ An,26145,Xã Đại Đồng
51,Tỉnh Nghệ An,4915,Huyện Thanh Chương,1119027,Xã Thanh Xuân,33,Tỉnh Nghệ An,25889,Xã Bích Hào
51,Tỉnh Nghệ An,4915,Huyện Thanh Chương,1250099,Xã Đồng Văn,33,Tỉnh Nghệ An,26145,Xã Đại Đồng
51,Tỉnh Nghệ An,4915,Huyện Thanh Chương,1315635,Xã Phong Thịnh,33,Tỉnh Nghệ An,24353,Xã Cát Ngạn
51,Tỉnh Nghệ An,4915,Huyện Thanh Chương,1381171,Xã Thanh An,33,Tỉnh Nghệ An,25377,Xã Hoa Quân
51,Tỉnh Nghệ An,4915,Huyện Thanh Chương,1446707,Thị Trấn Dùng,33,Tỉnh Nghệ An,26145,Xã Đại Đồng
51,Tỉnh Nghệ An,4915,Huyện Thanh Chương,1512243,Xã Cát Văn,33,Tỉnh Nghệ An,24353,Xã Cát Ngạn
51,Tỉnh Nghệ An,4915,Huyện Thanh Chương,1577779,Xã Hạnh Lâm,33,Tỉnh Nghệ An,24865,Xã Hạnh Lâm
51,Tỉnh Nghệ An,4915,Huyện Thanh Chương,1643315,Xã Ngọc Lâm,33,Tỉnh Nghệ An,25121,Xã Sơn Lâm
51,Tỉnh Nghệ An,4915,Huyện Thanh Chương,1708851,Xã Ngọc Sơn,33,Tỉnh Nghệ An,26401,Xã Xuân Lâm
51,Tỉnh Nghệ An,4915,Huyện Thanh Chương,1774387,Xã Thanh Quả,33,Tỉnh Nghệ An,25377,Xã Hoa Quân
51,Tỉnh Nghệ An,4915,Huyện Thanh Chương,1905459,Xã Thanh Hà,33,Tỉnh Nghệ An,25633,Xã Kim Bảng
51,Tỉnh Nghệ An,4915,Huyện Thanh Chương,2102067,Xã Thanh Đức,33,Tỉnh Nghệ An,24865,Xã Hạnh Lâm
51,Tỉnh Nghệ An,4915,Huyện Thanh Chương,2233139,Xã Thanh Hương,33,Tỉnh Nghệ An,25377,Xã Hoa Quân
51,Tỉnh Nghệ An,4915,Huyện Thanh Chương,2429747,Xã Kim Bảng,33,Tỉnh Nghệ An,25633,Xã Kim Bảng
51,Tỉnh Nghệ An,4915,Huyện Thanh Chương,2495283,Xã Xuân Dương,33,Tỉnh Nghệ An,26401,Xã Xuân Lâm
51,Tỉnh Nghệ An,5171,Huyện Tương Dương,70707,Xã Hữu Khuông,33,Tỉnh Nghệ An,289,Xã Hữu Khuông
51,Tỉnh Nghệ An,5171,Huyện Tương Dương,136243,Xã Mai Sơn,33,Tỉnh Nghệ An,28961,Xã Nhôn Mai
51,Tỉnh Nghệ An,5171,Huyện Tương Dương,201779,Xã Nhôn Mai,33,Tỉnh Nghệ An,28961,Xã Nhôn Mai
51,Tỉnh Nghệ An,5171,Huyện Tương Dương,267315,Thị Trấn Thạch Giám,33,Tỉnh Nghệ An,27937,Xã Tương Dương
51,Tỉnh Nghệ An,5171,Huyện Tương Dương,332851,Xã Lưỡng Minh,33,Tỉnh Nghệ An,2337,Xã Lượng Minh
51,Tỉnh Nghệ An,5171,Huyện Tương Dương,398387,Xã Lưu Kiền,33,Tỉnh Nghệ An,27937,Xã Tương Dương
51,Tỉnh Nghệ An,5171,Huyện Tương Dương,463923,Xã Nga My,33,Tỉnh Nghệ An,28705,Xã Nga My
51,Tỉnh Nghệ An,5171,Huyện Tương Dương,529459,Xã Tam Đình,33,Tỉnh Nghệ An,27425,Xã Tam Quang
51,Tỉnh Nghệ An,5171,Huyện Tương Dương,594995,Xã Tam Hợp,33,Tỉnh Nghệ An,27681,Xã Tam Thái
51,Tỉnh Nghệ An,5171,Huyện Tương Dương,660531,Xã Tam Quang,33,Tỉnh Nghệ An,27425,Xã Tam Quang
51,Tỉnh Nghệ An,5171,Huyện Tương Dương,726067,Xã Tam Thái,33,Tỉnh Nghệ An,27681,Xã Tam Thái
51,Tỉnh Nghệ An,5171,Huyện Tương Dương,791603,Xã Xá Lượng,33,Tỉnh Nghệ An,27937,Xã Tương Dương
51,Tỉnh Nghệ An,5171,Huyện Tương Dương,857139,Xã Xiêng My,33,Tỉnh Nghệ An,28705,Xã Nga My
51,Tỉnh Nghệ An,5171,Huyện Tương Dương,922675,Xã Yên Hòa,33,Tỉnh Nghệ An,28449,Xã Yên Hòa
51,Tỉnh Nghệ An,5171,Huyện Tương Dương,988211,Xã Yên Na,33,Tỉnh Nghệ An,28193,Xã Yên Na
51,Tỉnh Nghệ An,5171,Huyện Tương Dương,1053747,Xã Yên Thắng,33,Tỉnh Nghệ An,28449,Xã Yên Hòa
51,Tỉnh Nghệ An,5171,Huyện Tương Dương,1119283,Xã Yên Tĩnh,33,Tỉnh Nghệ An,28193,Xã Yên Na
51,Tỉnh Nghệ An,5427,Huyện Yên Thành,70963,Xã Trung Thành,33,Tỉnh Nghệ An,30497,Xã Quan Thành
51,Tỉnh Nghệ An,5427,Huyện Yên Thành,136499,Xã Vĩnh Thành,33,Tỉnh Nghệ An,30753,Xã Hợp Minh
51,Tỉnh Nghệ An,5427,Huyện Yên Thành,202035,Xã Xuân Thành,33,Tỉnh Nghệ An,30497,Xã Quan Thành
51,Tỉnh Nghệ An,5427,Huyện Yên Thành,267571,Xã Đồng Thành,33,Tỉnh Nghệ An,31521,Xã Quang Đồng
51,Tỉnh Nghệ An,5427,Huyện Yên Thành,333107,Xã Hậu Thành,33,Tỉnh Nghệ An,31777,Xã Giai Lạc
51,Tỉnh Nghệ An,5427,Huyện Yên Thành,726323,Xã Kim Thành,33,Tỉnh Nghệ An,31521,Xã Quang Đồng
51,Tỉnh Nghệ An,5427,Huyện Yên Thành,791859,Xã Lăng Thành,33,Tỉnh Nghệ An,31777,Xã Giai Lạc
51,Tỉnh Nghệ An,5427,Huyện Yên Thành,857395,Xã Liên Thành,33,Tỉnh Nghệ An,31009,Xã Vân Tụ
51,Tỉnh Nghệ An,5427,Huyện Yên Thành,922931,Xã Long Thành,33,Tỉnh Nghệ An,30753,Xã Hợp Minh
51,Tỉnh Nghệ An,5427,Huyện Yên Thành,1054003,Xã Minh Thành,33,Tỉnh Nghệ An,31265,Xã Vân Du
51,Tỉnh Nghệ An,5427,Huyện Yên Thành,1119539,Xã Mỹ Thành,33,Tỉnh Nghệ An,31009,Xã Vân Tụ
51,Tỉnh Nghệ An,5427,Huyện Yên Thành,1185075,Xã Mã Thành,33,Tỉnh Nghệ An,32033,Xã Bình Minh
51,Tỉnh Nghệ An,5427,Huyện Yên Thành,1250611,Xã Nam Thành,33,Tỉnh Nghệ An,30497,Xã Quan Thành
51,Tỉnh Nghệ An,5427,Huyện Yên Thành,1316147,Xã Đông Thành,33,Tỉnh Nghệ An,30241,Xã Yên Thành
51,Tỉnh Nghệ An,5427,Huyện Yên Thành,1381683,Xã Phú Thành,33,Tỉnh Nghệ An,32289,Xã Đông Thành
51,Tỉnh Nghệ An,5427,Huyện Yên Thành,1447219,Xã Phúc Thành,33,Tỉnh Nghệ An,31777,Xã Giai Lạc
51,Tỉnh Nghệ An,5427,Huyện Yên Thành,1512755,Xã Quang Thành,33,Tỉnh Nghệ An,31521,Xã Quang Đồng
51,Tỉnh Nghệ An,5427,Huyện Yên Thành,1578291,Xã Sơn Thành,33,Tỉnh Nghệ An,30753,Xã Hợp Minh
51,Tỉnh Nghệ An,5427,Huyện Yên Thành,1643827,Xã Tân Thành,33,Tỉnh Nghệ An,32033,Xã Bình Minh
51,Tỉnh Nghệ An,5427,Huyện Yên Thành,1709363,Xã Tăng Thành,33,Tỉnh Nghệ An,30241,Xã Yên Thành
51,Tỉnh Nghệ An,5427,Huyện Yên Thành,1774899,Xã Tây Thành,33,Tỉnh Nghệ An,31265,Xã Vân Du
51,Tỉnh Nghệ An,5427,Huyện Yên Thành,1840435,Xã Thịnh Thành,33,Tỉnh Nghệ An,31265,Xã Vân Du
51,Tỉnh Nghệ An,5427,Huyện Yên Thành,1905971,Xã Thọ Thành,33,Tỉnh Nghệ An,32289,Xã Đông Thành
51,Tỉnh Nghệ An,5427,Huyện Yên Thành,1971507,Xã Tiến Thành,33,Tỉnh Nghệ An,32033,Xã Bình Minh
51,Tỉnh Nghệ An,5427,Huyện Yên Thành,2037043,Xã Văn Thành,33,Tỉnh Nghệ An,30241,Xã Yên Thành
51,Tỉnh Nghệ An,5427,Huyện Yên Thành,2102579,Xã Đức Thành,33,Tỉnh Nghệ An,32033,Xã Bình Minh
51,Tỉnh Nghệ An,5427,Huyện Yên Thành,2168115,Xã Viên Thành,33,Tỉnh Nghệ An,30753,Xã Hợp Minh
51,Tỉnh Nghệ An,5427,Huyện Yên Thành,2233651,Xã Bảo Thành,33,Tỉnh Nghệ An,30753,Xã Hợp Minh
51,Tỉnh Nghệ An,5427,Huyện Yên Thành,2299187,Xã Vân Tụ,33,Tỉnh Nghệ An,31009,Xã Vân Tụ
51,Tỉnh Nghệ An,5427,Huyện Yên Thành,2430259,Xã Đô Thành,33,Tỉnh Nghệ An,32289,Xã Đông Thành
51,Tỉnh Nghệ An,5427,Huyện Yên Thành,2495795,Thị Trấn Hoa Thành,33,Tỉnh Nghệ An,30241,Xã Yên Thành
51,Tỉnh Nghệ An,5427,Huyện Yên Thành,2561331,Xã Bắc Thành,33,Tỉnh Nghệ An,30497,Xã Quan Thành
52,Tỉnh Ninh Bình,564,Thành Phố Tam Điệp,66100,Phường Bắc Sơn,34,Tỉnh Ninh Bình,3106,Phường Tam Điệp
52,Tỉnh Ninh Bình,564,Thành Phố Tam Điệp,131636,Phường Nam Sơn,34,Tỉnh Ninh Bình,3618,Phường Trung Sơn
52,Tỉnh Ninh Bình,564,Thành Phố Tam Điệp,197172,Phường Tân Bình,34,Tỉnh Ninh Bình,3362,Phường Yên Sơn
52,Tỉnh Ninh Bình,564,Thành Phố Tam Điệp,262708,Phường Tây Sơn,34,Tỉnh Ninh Bình,3106,Phường Tam Điệp
52,Tỉnh Ninh Bình,564,Thành Phố Tam Điệp,328244,Phường Trung Sơn,34,Tỉnh Ninh Bình,3618,Phường Trung Sơn
52,Tỉnh Ninh Bình,564,Thành Phố Tam Điệp,393780,Xã Đông Sơn,34,Tỉnh Ninh Bình,3618,Phường Trung Sơn
52,Tỉnh Ninh Bình,564,Thành Phố Tam Điệp,459316,Xã Quang Sơn,34,Tỉnh Ninh Bình,3106,Phường Tam Điệp
52,Tỉnh Ninh Bình,564,Thành Phố Tam Điệp,524852,Phường Yên Bình,34,Tỉnh Ninh Bình,3874,Phường Yên Thắng
52,Tỉnh Ninh Bình,564,Thành Phố Tam Điệp,590388,Xã Yên Sơn,34,Tỉnh Ninh Bình,3362,Phường Yên Sơn
52,Tỉnh Ninh Bình,820,Huyện Gia Viễn,66356,Xã Liên Sơn,34,Tỉnh Ninh Bình,4642,Xã Gia Hưng
52,Tỉnh Ninh Bình,820,Huyện Gia Viễn,262964,Xã Gia Trấn,34,Tỉnh Ninh Bình,5410,Xã Gia Trấn
52,Tỉnh Ninh Bình,820,Huyện Gia Viễn,328500,Xã Gia Trung,34,Tỉnh Ninh Bình,4386,Xã Đại Hoàng
52,Tỉnh Ninh Bình,820,Huyện Gia Viễn,394036,Xã Gia Vân,34,Tỉnh Ninh Bình,5154,Xã Gia Vân
52,Tỉnh Ninh Bình,820,Huyện Gia Viễn,525108,Xã Gia Xuân,34,Tỉnh Ninh Bình,5410,Xã Gia Trấn
52,Tỉnh Ninh Bình,820,Huyện Gia Viễn,590644,Thị Trấn Thịnh Vượng,34,Tỉnh Ninh Bình,4130,Xã Gia Viễn
52,Tỉnh Ninh Bình,820,Huyện Gia Viễn,656180,Xã Gia Hòa,34,Tỉnh Ninh Bình,4130,Xã Gia Viễn
52,Tỉnh Ninh Bình,820,Huyện Gia Viễn,721716,Xã Gia Hưng,34,Tỉnh Ninh Bình,4642,Xã Gia Hưng
52,Tỉnh Ninh Bình,820,Huyện Gia Viễn,787252,Xã Gia Lạc,34,Tỉnh Ninh Bình,4898,Xã Gia Phong
52,Tỉnh Ninh Bình,820,Huyện Gia Viễn,852788,Xã Gia Lập,34,Tỉnh Ninh Bình,5154,Xã Gia Vân
52,Tỉnh Ninh Bình,820,Huyện Gia Viễn,918324,Xã Gia Minh,34,Tỉnh Ninh Bình,4898,Xã Gia Phong
52,Tỉnh Ninh Bình,820,Huyện Gia Viễn,983860,Xã Gia Phong,34,Tỉnh Ninh Bình,4898,Xã Gia Phong
52,Tỉnh Ninh Bình,820,Huyện Gia Viễn,1049396,Xã Tiến Thắng,34,Tỉnh Ninh Bình,4386,Xã Đại Hoàng
52,Tỉnh Ninh Bình,820,Huyện Gia Viễn,1114932,Xã Gia Phú,34,Tỉnh Ninh Bình,4642,Xã Gia Hưng
52,Tỉnh Ninh Bình,820,Huyện Gia Viễn,1180468,Xã Gia Phương,34,Tỉnh Ninh Bình,4386,Xã Đại Hoàng
52,Tỉnh Ninh Bình,820,Huyện Gia Viễn,1246004,Xã Gia Sinh,34,Tỉnh Ninh Bình,802,Phường Tây Hoa Lư
52,Tỉnh Ninh Bình,820,Huyện Gia Viễn,1311540,Xã Gia Thanh,34,Tỉnh Ninh Bình,5410,Xã Gia Trấn
52,Tỉnh Ninh Bình,820,Huyện Gia Viễn,1377076,Xã Gia Tân,34,Tỉnh Ninh Bình,802,Phường Tây Hoa Lư
52,Tỉnh Ninh Bình,820,Huyện Gia Viễn,1377076,Xã Gia Tân,34,Tỉnh Ninh Bình,5154,Xã Gia Vân
52,Tỉnh Ninh Bình,1076,Thành Phố Hoa Lư,132148,Xã Ninh Hải,34,Tỉnh Ninh Bình,2594,Phường Nam Hoa Lư
52,Tỉnh Ninh Bình,1076,Thành Phố Hoa Lư,197684,Phường Ninh Mỹ,34,Tỉnh Ninh Bình,2338,Phường Hoa Lư
52,Tỉnh Ninh Bình,1076,Thành Phố Hoa Lư,263220,Xã Ninh An,34,Tỉnh Ninh Bình,2594,Phường Nam Hoa Lư
52,Tỉnh Ninh Bình,1076,Thành Phố Hoa Lư,328756,Phường Ninh Giang,34,Tỉnh Ninh Bình,802,Phường Tây Hoa Lư
52,Tỉnh Ninh Bình,1076,Thành Phố Hoa Lư,459828,Xã Ninh Hòa,34,Tỉnh Ninh Bình,802,Phường Tây Hoa Lư
52,Tỉnh Ninh Bình,1076,Thành Phố Hoa Lư,525364,Xã Ninh Khang,34,Tỉnh Ninh Bình,2338,Phường Hoa Lư
52,Tỉnh Ninh Bình,1076,Thành Phố Hoa Lư,590900,Xã Ninh Vân,34,Tỉnh Ninh Bình,2594,Phường Nam Hoa Lư
52,Tỉnh Ninh Bình,1076,Thành Phố Hoa Lư,721972,Xã Trường Yên,34,Tỉnh Ninh Bình,802,Phường Tây Hoa Lư
52,Tỉnh Ninh Bình,1076,Thành Phố Hoa Lư,787508,Phường Bích Đào,34,Tỉnh Ninh Bình,2338,Phường Hoa Lư
52,Tỉnh Ninh Bình,1076,Thành Phố Hoa Lư,853044,Phường Đông Thành,34,Tỉnh Ninh Bình,2338,Phường Hoa Lư
52,Tỉnh Ninh Bình,1076,Thành Phố Hoa Lư,918580,Phường Nam Bình,34,Tỉnh Ninh Bình,2338,Phường Hoa Lư
52,Tỉnh Ninh Bình,1076,Thành Phố Hoa Lư,984116,Phường Nam Thành,34,Tỉnh Ninh Bình,2338,Phường Hoa Lư
52,Tỉnh Ninh Bình,1076,Thành Phố Hoa Lư,1049652,Phường Ninh Khánh,34,Tỉnh Ninh Bình,2338,Phường Hoa Lư
52,Tỉnh Ninh Bình,1076,Thành Phố Hoa Lư,1115188,Phường Ninh Phong,34,Tỉnh Ninh Bình,2594,Phường Nam Hoa Lư
52,Tỉnh Ninh Bình,1076,Thành Phố Hoa Lư,1180724,Phường Ninh Sơn,34,Tỉnh Ninh Bình,2594,Phường Nam Hoa Lư
52,Tỉnh Ninh Bình,1076,Thành Phố Hoa Lư,1246260,Phường Tân Thành,34,Tỉnh Ninh Bình,2338,Phường Hoa Lư
52,Tỉnh Ninh Bình,1076,Thành Phố Hoa Lư,1311796,Phường Vân Giang,34,Tỉnh Ninh Bình,2338,Phường Hoa Lư
52,Tỉnh Ninh Bình,1076,Thành Phố Hoa Lư,1377332,Xã Ninh Nhất,34,Tỉnh Ninh Bình,2338,Phường Hoa Lư
52,Tỉnh Ninh Bình,1076,Thành Phố Hoa Lư,1442868,Phường Ninh Phúc,34,Tỉnh Ninh Bình,2850,Phường Đông Hoa Lư
52,Tỉnh Ninh Bình,1076,Thành Phố Hoa Lư,1508404,Xã Ninh Tiến,34,Tỉnh Ninh Bình,2338,Phường Hoa Lư
52,Tỉnh Ninh Bình,1332,Huyện Kim Sơn,66868,Xã Cồn Thoi,34,Tỉnh Ninh Bình,11554,Xã Bình Minh
52,Tỉnh Ninh Bình,1332,Huyện Kim Sơn,197940,Thị Trấn Bình Minh,34,Tỉnh Ninh Bình,11554,Xã Bình Minh
52,Tỉnh Ninh Bình,1332,Huyện Kim Sơn,263476,Thị Trấn Phát Diệm,34,Tỉnh Ninh Bình,10786,Xã Phát Diệm
52,Tỉnh Ninh Bình,1332,Huyện Kim Sơn,329012,Xã Ân Hòa,34,Tỉnh Ninh Bình,10274,Xã Kim Sơn
52,Tỉnh Ninh Bình,1332,Huyện Kim Sơn,394548,Xã Chất Bình,34,Tỉnh Ninh Bình,10018,Xã Chất Bình
52,Tỉnh Ninh Bình,1332,Huyện Kim Sơn,460084,Xã Xuân Chính,34,Tỉnh Ninh Bình,10018,Xã Chất Bình
52,Tỉnh Ninh Bình,1332,Huyện Kim Sơn,525620,Xã Định Hóa,34,Tỉnh Ninh Bình,11298,Xã Định Hóa
52,Tỉnh Ninh Bình,1332,Huyện Kim Sơn,591156,Xã Đồng Hướng,34,Tỉnh Ninh Bình,10530,Xã Quang Thiện
52,Tỉnh Ninh Bình,1332,Huyện Kim Sơn,656692,Xã Hồi Ninh,34,Tỉnh Ninh Bình,10018,Xã Chất Bình
52,Tỉnh Ninh Bình,1332,Huyện Kim Sơn,722228,Xã Hùng Tiến,34,Tỉnh Ninh Bình,10274,Xã Kim Sơn
52,Tỉnh Ninh Bình,1332,Huyện Kim Sơn,787764,Xã Kim Chính,34,Tỉnh Ninh Bình,10786,Xã Phát Diệm
52,Tỉnh Ninh Bình,1332,Huyện Kim Sơn,853300,Xã Kim Đông,34,Tỉnh Ninh Bình,11810,Xã Kim Đông
52,Tỉnh Ninh Bình,1332,Huyện Kim Sơn,918836,Xã Kim Mỹ,34,Tỉnh Ninh Bình,11554,Xã Bình Minh
52,Tỉnh Ninh Bình,1332,Huyện Kim Sơn,984372,Xã Kim Trung,34,Tỉnh Ninh Bình,11810,Xã Kim Đông
52,Tỉnh Ninh Bình,1332,Huyện Kim Sơn,1049908,Xã Kim Tân,34,Tỉnh Ninh Bình,11298,Xã Định Hóa
52,Tỉnh Ninh Bình,1332,Huyện Kim Sơn,1115444,Xã Kim Định,34,Tỉnh Ninh Bình,10274,Xã Kim Sơn
52,Tỉnh Ninh Bình,1332,Huyện Kim Sơn,1180980,Xã Lai Thành,34,Tỉnh Ninh Bình,11042,Xã Lai Thành
52,Tỉnh Ninh Bình,1332,Huyện Kim Sơn,1312052,Xã Như Hòa,34,Tỉnh Ninh Bình,10530,Xã Quang Thiện
52,Tỉnh Ninh Bình,1332,Huyện Kim Sơn,1377588,Xã Quang Thiện,34,Tỉnh Ninh Bình,10530,Xã Quang Thiện
52,Tỉnh Ninh Bình,1332,Huyện Kim Sơn,1443124,Xã Tân Thành,34,Tỉnh Ninh Bình,11042,Xã Lai Thành
52,Tỉnh Ninh Bình,1332,Huyện Kim Sơn,1508660,Xã Thượng Kiệm,34,Tỉnh Ninh Bình,10786,Xã Phát Diệm
52,Tỉnh Ninh Bình,1332,Huyện Kim Sơn,1574196,Xã Văn Hải,34,Tỉnh Ninh Bình,11298,Xã Định Hóa
52,Tỉnh Ninh Bình,1332,Huyện Kim Sơn,1639732,Xã Yên Lộc,34,Tỉnh Ninh Bình,11042,Xã Lai Thành
52,Tỉnh Ninh Bình,1588,Huyện Nho Quan,67124,Xã Kỳ Phú,34,Tỉnh Ninh Bình,6946,Xã Phú Long
52,Tỉnh Ninh Bình,1588,Huyện Nho Quan,132660,Xã Lạc Vân,34,Tỉnh Ninh Bình,6434,Xã Phú Sơn
52,Tỉnh Ninh Bình,1588,Huyện Nho Quan,263732,Xã Phú Lộc,34,Tỉnh Ninh Bình,7458,Xã Quỳnh Lưu
52,Tỉnh Ninh Bình,1588,Huyện Nho Quan,329268,Xã Đức Long,34,Tỉnh Ninh Bình,6178,Xã Gia Tường
52,Tỉnh Ninh Bình,1588,Huyện Nho Quan,460340,Xã Cúc Phương,34,Tỉnh Ninh Bình,6690,Xã Cúc Phương
52,Tỉnh Ninh Bình,1588,Huyện Nho Quan,525876,Xã Đồng Phong,34,Tỉnh Ninh Bình,5666,Xã Nho Quan
52,Tỉnh Ninh Bình,1588,Huyện Nho Quan,591412,Xã Gia Lâm,34,Tỉnh Ninh Bình,5922,Xã Gia Lâm
52,Tỉnh Ninh Bình,1588,Huyện Nho Quan,656948,Xã Gia Sơn,34,Tỉnh Ninh Bình,5922,Xã Gia Lâm
52,Tỉnh Ninh Bình,1588,Huyện Nho Quan,722484,Xã Gia Thủy,34,Tỉnh Ninh Bình,6178,Xã Gia Tường
52,Tỉnh Ninh Bình,1588,Huyện Nho Quan,788020,Xã Gia Tường,34,Tỉnh Ninh Bình,6178,Xã Gia Tường
52,Tỉnh Ninh Bình,1588,Huyện Nho Quan,853556,Xã Thanh Sơn,34,Tỉnh Ninh Bình,7202,Xã Thanh Sơn
52,Tỉnh Ninh Bình,1588,Huyện Nho Quan,919092,Xã Văn Phú,34,Tỉnh Ninh Bình,7202,Xã Thanh Sơn
52,Tỉnh Ninh Bình,1588,Huyện Nho Quan,984628,Xã Văn Phương,34,Tỉnh Ninh Bình,6690,Xã Cúc Phương
52,Tỉnh Ninh Bình,1588,Huyện Nho Quan,1050164,Xã Phú Long,34,Tỉnh Ninh Bình,6946,Xã Phú Long
52,Tỉnh Ninh Bình,1588,Huyện Nho Quan,1115700,Xã Phú Sơn,34,Tỉnh Ninh Bình,6434,Xã Phú Sơn
52,Tỉnh Ninh Bình,1588,Huyện Nho Quan,1181236,Xã Quảng Lạc,34,Tỉnh Ninh Bình,3362,Phường Yên Sơn
52,Tỉnh Ninh Bình,1588,Huyện Nho Quan,1246772,Xã Quỳnh Lưu,34,Tỉnh Ninh Bình,7458,Xã Quỳnh Lưu
52,Tỉnh Ninh Bình,1588,Huyện Nho Quan,1377844,Xã Phúc Sơn,34,Tỉnh Ninh Bình,802,Phường Tây Hoa Lư
52,Tỉnh Ninh Bình,1588,Huyện Nho Quan,1508916,Xã Thạch Bình,34,Tỉnh Ninh Bình,6434,Xã Phú Sơn
52,Tỉnh Ninh Bình,1588,Huyện Nho Quan,1574452,Thị Trấn Nho Quan,34,Tỉnh Ninh Bình,5666,Xã Nho Quan
52,Tỉnh Ninh Bình,1588,Huyện Nho Quan,1639988,Xã Thượng Hòa,34,Tỉnh Ninh Bình,7202,Xã Thanh Sơn
52,Tỉnh Ninh Bình,1588,Huyện Nho Quan,1705524,Xã Xích Thổ,34,Tỉnh Ninh Bình,5922,Xã Gia Lâm
52,Tỉnh Ninh Bình,1588,Huyện Nho Quan,1771060,Xã Yên Quang,34,Tỉnh Ninh Bình,5666,Xã Nho Quan
52,Tỉnh Ninh Bình,1844,Huyện Yên Khánh,67380,Xã Khánh Mậu,34,Tỉnh Ninh Bình,8482,Xã Khánh Hội
52,Tỉnh Ninh Bình,1844,Huyện Yên Khánh,132916,Thị Trấn Yên Ninh,34,Tỉnh Ninh Bình,7714,Xã Yên Khánh
52,Tỉnh Ninh Bình,1844,Huyện Yên Khánh,198452,Xã Khánh An,34,Tỉnh Ninh Bình,2850,Phường Đông Hoa Lư
52,Tỉnh Ninh Bình,1844,Huyện Yên Khánh,263988,Xã Khánh Công,34,Tỉnh Ninh Bình,8738,Xã Khánh Trung
52,Tỉnh Ninh Bình,1844,Huyện Yên Khánh,329524,Xã Khánh Cư,34,Tỉnh Ninh Bình,7714,Xã Yên Khánh
52,Tỉnh Ninh Bình,1844,Huyện Yên Khánh,395060,Xã Khánh Cường,34,Tỉnh Ninh Bình,8226,Xã Khánh Thiện
52,Tỉnh Ninh Bình,1844,Huyện Yên Khánh,460596,Xã Khánh Hải,34,Tỉnh Ninh Bình,7714,Xã Yên Khánh
52,Tỉnh Ninh Bình,1844,Huyện Yên Khánh,526132,Xã Khánh Hòa,34,Tỉnh Ninh Bình,2850,Phường Đông Hoa Lư
52,Tỉnh Ninh Bình,1844,Huyện Yên Khánh,591668,Xã Khánh Hội,34,Tỉnh Ninh Bình,8482,Xã Khánh Hội
52,Tỉnh Ninh Bình,1844,Huyện Yên Khánh,657204,Xã Khánh Hồng,34,Tỉnh Ninh Bình,7970,Xã Khánh Nhạc
52,Tỉnh Ninh Bình,1844,Huyện Yên Khánh,722740,Xã Khánh Lợi,34,Tỉnh Ninh Bình,8226,Xã Khánh Thiện
52,Tỉnh Ninh Bình,1844,Huyện Yên Khánh,788276,Xã Khánh Nhạc,34,Tỉnh Ninh Bình,7970,Xã Khánh Nhạc
52,Tỉnh Ninh Bình,1844,Huyện Yên Khánh,853812,Xã Khánh Phú,34,Tỉnh Ninh Bình,2850,Phường Đông Hoa Lư
52,Tỉnh Ninh Bình,1844,Huyện Yên Khánh,919348,Xã Khánh Thủy,34,Tỉnh Ninh Bình,8482,Xã Khánh Hội
52,Tỉnh Ninh Bình,1844,Huyện Yên Khánh,984884,Xã Khánh Thiện,34,Tỉnh Ninh Bình,8226,Xã Khánh Thiện
52,Tỉnh Ninh Bình,1844,Huyện Yên Khánh,1050420,Xã Khánh Thành,34,Tỉnh Ninh Bình,8738,Xã Khánh Trung
52,Tỉnh Ninh Bình,1844,Huyện Yên Khánh,1181492,Xã Khánh Trung,34,Tỉnh Ninh Bình,8738,Xã Khánh Trung
52,Tỉnh Ninh Bình,1844,Huyện Yên Khánh,1247028,Xã Khánh Vân,34,Tỉnh Ninh Bình,7714,Xã Yên Khánh
52,Tỉnh Ninh Bình,2100,Huyện Yên Mô,67636,Xã Yên Đồng,34,Tỉnh Ninh Bình,9762,Xã Đồng Thái
52,Tỉnh Ninh Bình,2100,Huyện Yên Mô,133172,Xã Yên Thái,34,Tỉnh Ninh Bình,9762,Xã Đồng Thái
52,Tỉnh Ninh Bình,2100,Huyện Yên Mô,198708,Thị Trấn Yên Thịnh,34,Tỉnh Ninh Bình,8994,Xã Yên Mô
52,Tỉnh Ninh Bình,2100,Huyện Yên Mô,264244,Xã Khánh Dương,34,Tỉnh Ninh Bình,8994,Xã Yên Mô
52,Tỉnh Ninh Bình,2100,Huyện Yên Mô,395316,Xã Khánh Thượng,34,Tỉnh Ninh Bình,3874,Phường Yên Thắng
52,Tỉnh Ninh Bình,2100,Huyện Yên Mô,591924,Xã Yên Từ,34,Tỉnh Ninh Bình,9250,Xã Yên Từ
52,Tỉnh Ninh Bình,2100,Huyện Yên Mô,657460,Xã Yên Hòa,34,Tỉnh Ninh Bình,8994,Xã Yên Mô
52,Tỉnh Ninh Bình,2100,Huyện Yên Mô,722996,Xã Yên Lâm,34,Tỉnh Ninh Bình,9506,Xã Yên Mạc
52,Tỉnh Ninh Bình,2100,Huyện Yên Mô,788532,Xã Yên Mạc,34,Tỉnh Ninh Bình,9506,Xã Yên Mạc
52,Tỉnh Ninh Bình,2100,Huyện Yên Mô,854068,Xã Yên Mỹ,34,Tỉnh Ninh Bình,9506,Xã Yên Mạc
52,Tỉnh Ninh Bình,2100,Huyện Yên Mô,919604,Xã Yên Nhân,34,Tỉnh Ninh Bình,9250,Xã Yên Từ
52,Tỉnh Ninh Bình,2100,Huyện Yên Mô,985140,Xã Yên Phong,34,Tỉnh Ninh Bình,9250,Xã Yên Từ
52,Tỉnh Ninh Bình,2100,Huyện Yên Mô,1050676,Xã Yên Thắng,34,Tỉnh Ninh Bình,3874,Phường Yên Thắng
52,Tỉnh Ninh Bình,2100,Huyện Yên Mô,1116212,Xã Yên Thành,34,Tỉnh Ninh Bình,9762,Xã Đồng Thái
53,Tỉnh Ninh Thuận,309,Thành Phố Phan Rang-Tháp Chàm,65845,Phường Văn Hải,28,Tỉnh Khánh Hòa,3612,Phường Ninh Chử
53,Tỉnh Ninh Thuận,309,Thành Phố Phan Rang-Tháp Chàm,131381,Xã Thành Hải,28,Tỉnh Khánh Hòa,796,Phường Bảo An
53,Tỉnh Ninh Thuận,309,Thành Phố Phan Rang-Tháp Chàm,196917,Phường Đô Vinh,28,Tỉnh Khánh Hòa,284,Phường Đô Vinh
53,Tỉnh Ninh Thuận,309,Thành Phố Phan Rang-Tháp Chàm,262453,Phường Đông Hải,28,Tỉnh Khánh Hòa,2844,Xã Phước Dinh
53,Tỉnh Ninh Thuận,309,Thành Phố Phan Rang-Tháp Chàm,262453,Phường Đông Hải,28,Tỉnh Khánh Hòa,16668,Phường Đông Hải
53,Tỉnh Ninh Thuận,309,Thành Phố Phan Rang-Tháp Chàm,327989,Phường Kinh Dinh,28,Tỉnh Khánh Hòa,540,Phường Phan Rang
53,Tỉnh Ninh Thuận,309,Thành Phố Phan Rang-Tháp Chàm,393525,Phường Mỹ Bình,28,Tỉnh Khánh Hòa,16668,Phường Đông Hải
53,Tỉnh Ninh Thuận,309,Thành Phố Phan Rang-Tháp Chàm,459061,Phường Đạo Long,28,Tỉnh Khánh Hòa,540,Phường Phan Rang
53,Tỉnh Ninh Thuận,309,Thành Phố Phan Rang-Tháp Chàm,590133,Phường Mỹ Đông,28,Tỉnh Khánh Hòa,16668,Phường Đông Hải
53,Tỉnh Ninh Thuận,309,Thành Phố Phan Rang-Tháp Chàm,655669,Phường Mỹ Hải,28,Tỉnh Khánh Hòa,16668,Phường Đông Hải
53,Tỉnh Ninh Thuận,309,Thành Phố Phan Rang-Tháp Chàm,786741,Phường Phủ Hà,28,Tỉnh Khánh Hòa,540,Phường Phan Rang
53,Tỉnh Ninh Thuận,309,Thành Phố Phan Rang-Tháp Chàm,852277,Phường Phước Mỹ,28,Tỉnh Khánh Hòa,796,Phường Bảo An
53,Tỉnh Ninh Thuận,309,Thành Phố Phan Rang-Tháp Chàm,983349,Phường Đài Sơn,28,Tỉnh Khánh Hòa,540,Phường Phan Rang
53,Tỉnh Ninh Thuận,309,Thành Phố Phan Rang-Tháp Chàm,1048885,Phường Bảo An,28,Tỉnh Khánh Hòa,796,Phường Bảo An
53,Tỉnh Ninh Thuận,565,Huyện Bác Ái,66101,Xã Phước Chính,28,Tỉnh Khánh Hòa,16156,Xã Bác Ái
53,Tỉnh Ninh Thuận,565,Huyện Bác Ái,131637,Xã Phước Trung,28,Tỉnh Khánh Hòa,15644,Xã Mỹ Sơn
53,Tỉnh Ninh Thuận,565,Huyện Bác Ái,197173,Xã Phước Tân,28,Tỉnh Khánh Hòa,16412,Xã Bác Ái Tây
53,Tỉnh Ninh Thuận,565,Huyện Bác Ái,262709,Xã Phước Thắng,28,Tỉnh Khánh Hòa,16156,Xã Bác Ái
53,Tỉnh Ninh Thuận,565,Huyện Bác Ái,328245,Xã Phước Thành,28,Tỉnh Khánh Hòa,15900,Xã Bác Ái Đông
53,Tỉnh Ninh Thuận,565,Huyện Bác Ái,393781,Xã Phước Bình,28,Tỉnh Khánh Hòa,16412,Xã Bác Ái Tây
53,Tỉnh Ninh Thuận,565,Huyện Bác Ái,459317,Xã Phước Đại,28,Tỉnh Khánh Hòa,15900,Xã Bác Ái Đông
53,Tỉnh Ninh Thuận,565,Huyện Bác Ái,524853,Xã Phước Hòa,28,Tỉnh Khánh Hòa,16412,Xã Bác Ái Tây
53,Tỉnh Ninh Thuận,565,Huyện Bác Ái,590389,Xã Phước Tiến,28,Tỉnh Khánh Hòa,16156,Xã Bác Ái
53,Tỉnh Ninh Thuận,821,Huyện Ninh Hải,66357,Xã Nhơn Hải,28,Tỉnh Khánh Hòa,3868,Xã Vĩnh Hải
53,Tỉnh Ninh Thuận,821,Huyện Ninh Hải,131893,Xã Xuân Hải,28,Tỉnh Khánh Hòa,14108,Xã Xuân Hải
53,Tỉnh Ninh Thuận,821,Huyện Ninh Hải,197429,Thị Trấn Khánh Hải,28,Tỉnh Khánh Hòa,3612,Phường Ninh Chử
53,Tỉnh Ninh Thuận,821,Huyện Ninh Hải,262965,Xã Hộ Hải,28,Tỉnh Khánh Hòa,14108,Xã Xuân Hải
53,Tỉnh Ninh Thuận,821,Huyện Ninh Hải,328501,Xã Phương Hải,28,Tỉnh Khánh Hòa,13852,Xã Ninh Hải
53,Tỉnh Ninh Thuận,821,Huyện Ninh Hải,394037,Xã Tân Hải,28,Tỉnh Khánh Hòa,14108,Xã Xuân Hải
53,Tỉnh Ninh Thuận,821,Huyện Ninh Hải,459573,Xã Tri Hải,28,Tỉnh Khánh Hòa,13852,Xã Ninh Hải
53,Tỉnh Ninh Thuận,821,Huyện Ninh Hải,525109,Xã Vĩnh Hải,28,Tỉnh Khánh Hòa,3868,Xã Vĩnh Hải
53,Tỉnh Ninh Thuận,821,Huyện Ninh Hải,590645,Xã Thanh Hải,28,Tỉnh Khánh Hòa,3868,Xã Vĩnh Hải
53,Tỉnh Ninh Thuận,1077,Huyện Ninh Phước,66613,Xã Phước Sơn,28,Tỉnh Khánh Hòa,12828,Xã Phước Hậu
53,Tỉnh Ninh Thuận,1077,Huyện Ninh Phước,132149,Xã Phước Vinh,28,Tỉnh Khánh Hòa,12828,Xã Phước Hậu
53,Tỉnh Ninh Thuận,1077,Huyện Ninh Phước,197685,Thị Trấn Phước Dân,28,Tỉnh Khánh Hòa,12316,Xã Ninh Phước
53,Tỉnh Ninh Thuận,1077,Huyện Ninh Phước,263221,Xã An Hải,28,Tỉnh Khánh Hòa,2844,Xã Phước Dinh
53,Tỉnh Ninh Thuận,1077,Huyện Ninh Phước,328757,Xã Phước Thái,28,Tỉnh Khánh Hòa,12572,Xã Phước Hữu
53,Tỉnh Ninh Thuận,1077,Huyện Ninh Phước,394293,Xã Phước Thuận,28,Tỉnh Khánh Hòa,12316,Xã Ninh Phước
53,Tỉnh Ninh Thuận,1077,Huyện Ninh Phước,459829,Xã Phước Hải,28,Tỉnh Khánh Hòa,12316,Xã Ninh Phước
53,Tỉnh Ninh Thuận,1077,Huyện Ninh Phước,525365,Xã Phước Hậu,28,Tỉnh Khánh Hòa,12828,Xã Phước Hậu
53,Tỉnh Ninh Thuận,1077,Huyện Ninh Phước,590901,Xã Phước Hữu,28,Tỉnh Khánh Hòa,12572,Xã Phước Hữu
53,Tỉnh Ninh Thuận,1333,Huyện Ninh Sơn,66869,Xã Hòa Sơn,28,Tỉnh Khánh Hòa,15388,Xã Anh Dũng
53,Tỉnh Ninh Thuận,1333,Huyện Ninh Sơn,132405,Xã Ma Nới,28,Tỉnh Khánh Hòa,15388,Xã Anh Dũng
53,Tỉnh Ninh Thuận,1333,Huyện Ninh Sơn,197941,Thị Trấn Tân Sơn,28,Tỉnh Khánh Hòa,14876,Xã Ninh Sơn
53,Tỉnh Ninh Thuận,1333,Huyện Ninh Sơn,263477,Xã Mỹ Sơn,28,Tỉnh Khánh Hòa,15644,Xã Mỹ Sơn
53,Tỉnh Ninh Thuận,1333,Huyện Ninh Sơn,329013,Xã Lâm Sơn,28,Tỉnh Khánh Hòa,15132,Xã Lâm Sơn
53,Tỉnh Ninh Thuận,1333,Huyện Ninh Sơn,394549,Xã Lương Sơn,28,Tỉnh Khánh Hòa,15132,Xã Lâm Sơn
53,Tỉnh Ninh Thuận,1333,Huyện Ninh Sơn,460085,Xã Nhơn Sơn,28,Tỉnh Khánh Hòa,284,Phường Đô Vinh
53,Tỉnh Ninh Thuận,1333,Huyện Ninh Sơn,525621,Xã Quảng Sơn,28,Tỉnh Khánh Hòa,14876,Xã Ninh Sơn
53,Tỉnh Ninh Thuận,1589,Huyện Thuận Bắc,67125,Xã Công Hải,28,Tỉnh Khánh Hòa,14620,Xã Công Hải
53,Tỉnh Ninh Thuận,1589,Huyện Thuận Bắc,132661,Xã Lợi Hải,28,Tỉnh Khánh Hòa,14364,Xã Thuận Bắc
53,Tỉnh Ninh Thuận,1589,Huyện Thuận Bắc,198197,Xã Bắc Phong,28,Tỉnh Khánh Hòa,14364,Xã Thuận Bắc
53,Tỉnh Ninh Thuận,1589,Huyện Thuận Bắc,263733,Xã Bắc Sơn,28,Tỉnh Khánh Hòa,13852,Xã Ninh Hải
53,Tỉnh Ninh Thuận,1589,Huyện Thuận Bắc,329269,Xã Phước Chiến,28,Tỉnh Khánh Hòa,14620,Xã Công Hải
53,Tỉnh Ninh Thuận,1589,Huyện Thuận Bắc,394805,Xã Phước Kháng,28,Tỉnh Khánh Hòa,14364,Xã Thuận Bắc
53,Tỉnh Ninh Thuận,1845,Huyện Thuận Nam,67381,Xã Nhị Hà,28,Tỉnh Khánh Hòa,13596,Xã Phước Hà
53,Tỉnh Ninh Thuận,1845,Huyện Thuận Nam,132917,Xã Phước Hà,28,Tỉnh Khánh Hòa,13596,Xã Phước Hà
53,Tỉnh Ninh Thuận,1845,Huyện Thuận Nam,198453,Xã Cà Ná,28,Tỉnh Khánh Hòa,13340,Xã Cà Ná
53,Tỉnh Ninh Thuận,1845,Huyện Thuận Nam,263989,Xã Phước Diêm,28,Tỉnh Khánh Hòa,13340,Xã Cà Ná
53,Tỉnh Ninh Thuận,1845,Huyện Thuận Nam,329525,Xã Phước Dinh,28,Tỉnh Khánh Hòa,2844,Xã Phước Dinh
53,Tỉnh Ninh Thuận,1845,Huyện Thuận Nam,395061,Xã Phước Minh,28,Tỉnh Khánh Hòa,13084,Xã Thuận Nam
53,Tỉnh Ninh Thuận,1845,Huyện Thuận Nam,460597,Xã Phước Nam,28,Tỉnh Khánh Hòa,13084,Xã Thuận Nam
53,Tỉnh Ninh Thuận,1845,Huyện Thuận Nam,526133,Xã Phước Ninh,28,Tỉnh Khánh Hòa,13084,Xã Thuận Nam
54,Tỉnh Phú Thọ,310,Thành Phố Việt Trì,65846,Phường Gia Cẩm,35,Tỉnh Phú Thọ,37411,Phường Việt Trì
54,Tỉnh Phú Thọ,310,Thành Phố Việt Trì,131382,Phường Tiên Cát,35,Tỉnh Phú Thọ,37923,Phường Thanh Miếu
54,Tỉnh Phú Thọ,310,Thành Phố Việt Trì,196918,Phường Dữu Lâu,35,Tỉnh Phú Thọ,37411,Phường Việt Trì
54,Tỉnh Phú Thọ,310,Thành Phố Việt Trì,262454,Phường Vân Phú,35,Tỉnh Phú Thọ,21795,Phường Vân Phú
54,Tỉnh Phú Thọ,310,Thành Phố Việt Trì,327990,Xã Chu Hóa,35,Tỉnh Phú Thọ,22051,Xã Hy Cương
54,Tỉnh Phú Thọ,310,Thành Phố Việt Trì,393526,Phường Bạch Hạc,35,Tỉnh Phú Thọ,37923,Phường Thanh Miếu
54,Tỉnh Phú Thọ,310,Thành Phố Việt Trì,524598,Phường Minh Phương,35,Tỉnh Phú Thọ,37667,Phường Nông Trang
54,Tỉnh Phú Thọ,310,Thành Phố Việt Trì,590134,Phường Tân Dân,35,Tỉnh Phú Thọ,37411,Phường Việt Trì
54,Tỉnh Phú Thọ,310,Thành Phố Việt Trì,655670,Phường Thanh Miếu,35,Tỉnh Phú Thọ,37923,Phường Thanh Miếu
54,Tỉnh Phú Thọ,310,Thành Phố Việt Trì,721206,Phường Thọ Sơn,35,Tỉnh Phú Thọ,37923,Phường Thanh Miếu
54,Tỉnh Phú Thọ,310,Thành Phố Việt Trì,852278,Xã Hùng Lô,35,Tỉnh Phú Thọ,21795,Phường Vân Phú
54,Tỉnh Phú Thọ,310,Thành Phố Việt Trì,917814,Xã Hy Cương,35,Tỉnh Phú Thọ,22051,Xã Hy Cương
54,Tỉnh Phú Thọ,310,Thành Phố Việt Trì,983350,Phường Nông Trang,35,Tỉnh Phú Thọ,37667,Phường Nông Trang
54,Tỉnh Phú Thọ,310,Thành Phố Việt Trì,1048886,Xã Sông Lô,35,Tỉnh Phú Thọ,37923,Phường Thanh Miếu
54,Tỉnh Phú Thọ,310,Thành Phố Việt Trì,1114422,Xã Kim Đức,35,Tỉnh Phú Thọ,21795,Phường Vân Phú
54,Tỉnh Phú Thọ,310,Thành Phố Việt Trì,1179958,Xã Phượng Lâu,35,Tỉnh Phú Thọ,21795,Phường Vân Phú
54,Tỉnh Phú Thọ,310,Thành Phố Việt Trì,1245494,Xã Thanh Đình,35,Tỉnh Phú Thọ,22051,Xã Hy Cương
54,Tỉnh Phú Thọ,310,Thành Phố Việt Trì,1311030,Xã Thụy Vân,35,Tỉnh Phú Thọ,37667,Phường Nông Trang
54,Tỉnh Phú Thọ,310,Thành Phố Việt Trì,1376566,Xã Trưng Vương,35,Tỉnh Phú Thọ,37411,Phường Việt Trì
54,Tỉnh Phú Thọ,310,Thành Phố Việt Trì,1442102,Phường Minh Nông,35,Tỉnh Phú Thọ,37411,Phường Việt Trì
54,Tỉnh Phú Thọ,566,Thị Xã Phú Thọ,66102,Xã Hà Lộc,35,Tỉnh Phú Thọ,23587,Phường Phú Thọ
54,Tỉnh Phú Thọ,566,Thị Xã Phú Thọ,131638,Xã Hà Thạch,35,Tỉnh Phú Thọ,23331,Phường Phong Châu
54,Tỉnh Phú Thọ,566,Thị Xã Phú Thọ,197174,Xã Phú Hộ,35,Tỉnh Phú Thọ,23331,Phường Phong Châu
54,Tỉnh Phú Thọ,566,Thị Xã Phú Thọ,262710,Xã Thanh Minh,35,Tỉnh Phú Thọ,23843,Phường Âu Cơ
54,Tỉnh Phú Thọ,566,Thị Xã Phú Thọ,328246,Phường Thanh Vinh,35,Tỉnh Phú Thọ,23843,Phường Âu Cơ
54,Tỉnh Phú Thọ,566,Thị Xã Phú Thọ,393782,Xã Văn Lung,35,Tỉnh Phú Thọ,23587,Phường Phú Thọ
54,Tỉnh Phú Thọ,566,Thị Xã Phú Thọ,459318,Phường Âu Cơ,35,Tỉnh Phú Thọ,23843,Phường Âu Cơ
54,Tỉnh Phú Thọ,566,Thị Xã Phú Thọ,524854,Phường Hùng Vương,35,Tỉnh Phú Thọ,23587,Phường Phú Thọ
54,Tỉnh Phú Thọ,566,Thị Xã Phú Thọ,590390,Phường Phong Châu,35,Tỉnh Phú Thọ,23331,Phường Phong Châu
54,Tỉnh Phú Thọ,822,Huyện Cẩm Khê,66358,Xã Minh Thắng,35,Tỉnh Phú Thọ,30755,Xã Tiên Lương
54,Tỉnh Phú Thọ,822,Huyện Cẩm Khê,131894,Xã Tiên Lương,35,Tỉnh Phú Thọ,30755,Xã Tiên Lương
54,Tỉnh Phú Thọ,822,Huyện Cẩm Khê,197430,Xã Phong Thịnh,35,Tỉnh Phú Thọ,29731,Xã Cẩm Khê
54,Tỉnh Phú Thọ,822,Huyện Cẩm Khê,262966,Xã Hùng Việt,35,Tỉnh Phú Thọ,30243,Xã Hùng Việt
54,Tỉnh Phú Thọ,822,Huyện Cẩm Khê,328502,Xã Hương Lung,35,Tỉnh Phú Thọ,29987,Xã Phú Khê
54,Tỉnh Phú Thọ,822,Huyện Cẩm Khê,394038,Xã Phú Khê,35,Tỉnh Phú Thọ,29987,Xã Phú Khê
54,Tỉnh Phú Thọ,822,Huyện Cẩm Khê,525110,Xã Phượng Vĩ,35,Tỉnh Phú Thọ,30755,Xã Tiên Lương
54,Tỉnh Phú Thọ,822,Huyện Cẩm Khê,721718,Xã Tam Sơn,35,Tỉnh Phú Thọ,31011,Xã Vân Bán
54,Tỉnh Phú Thọ,822,Huyện Cẩm Khê,787254,Thị Trấn Cẩm Khê,35,Tỉnh Phú Thọ,29731,Xã Cẩm Khê
54,Tỉnh Phú Thọ,822,Huyện Cẩm Khê,852790,Xã Điêu Lương,35,Tỉnh Phú Thọ,30499,Xã Đồng Lương
54,Tỉnh Phú Thọ,822,Huyện Cẩm Khê,983862,Xã Nhật Tiến,35,Tỉnh Phú Thọ,30243,Xã Hùng Việt
54,Tỉnh Phú Thọ,822,Huyện Cẩm Khê,1049398,Xã Minh Tân,35,Tỉnh Phú Thọ,29731,Xã Cẩm Khê
54,Tỉnh Phú Thọ,822,Huyện Cẩm Khê,1114934,Xã Đồng Lương,35,Tỉnh Phú Thọ,30499,Xã Đồng Lương
54,Tỉnh Phú Thọ,822,Huyện Cẩm Khê,1246006,Xã Tùng Khê,35,Tỉnh Phú Thọ,31011,Xã Vân Bán
54,Tỉnh Phú Thọ,822,Huyện Cẩm Khê,1377078,Xã Văn Bán,35,Tỉnh Phú Thọ,31011,Xã Vân Bán
54,Tỉnh Phú Thọ,822,Huyện Cẩm Khê,1508150,Xã Yên Dưỡng,35,Tỉnh Phú Thọ,30499,Xã Đồng Lương
54,Tỉnh Phú Thọ,1078,Huyện Hạ Hòa,66614,Thị Trấn Hạ Hòa,35,Tỉnh Phú Thọ,28195,Xã Hạ Hòa
54,Tỉnh Phú Thọ,1078,Huyện Hạ Hòa,132150,Xã Ấm Hạ,35,Tỉnh Phú Thọ,28195,Xã Hạ Hòa
54,Tỉnh Phú Thọ,1078,Huyện Hạ Hòa,197686,Xã Hiền Lương,35,Tỉnh Phú Thọ,29475,Xã Hiền Lương
54,Tỉnh Phú Thọ,1078,Huyện Hạ Hòa,263222,Xã Gia Điền,35,Tỉnh Phú Thọ,28195,Xã Hạ Hòa
54,Tỉnh Phú Thọ,1078,Huyện Hạ Hòa,328758,Xã Bằng Giã,35,Tỉnh Phú Thọ,29219,Xã Văn Lang
54,Tỉnh Phú Thọ,1078,Huyện Hạ Hòa,394294,Xã Hà Lương,35,Tỉnh Phú Thọ,28451,Xã Đan Thượng
54,Tỉnh Phú Thọ,1078,Huyện Hạ Hòa,459830,Xã Đại Phạm,35,Tỉnh Phú Thọ,28451,Xã Đan Thượng
54,Tỉnh Phú Thọ,1078,Huyện Hạ Hòa,525366,Xã Đan Thượng,35,Tỉnh Phú Thọ,28451,Xã Đan Thượng
54,Tỉnh Phú Thọ,1078,Huyện Hạ Hòa,590902,Xã Hương Xạ,35,Tỉnh Phú Thọ,28707,Xã Yên Kỳ
54,Tỉnh Phú Thọ,1078,Huyện Hạ Hòa,656438,Xã Lang Sơn,35,Tỉnh Phú Thọ,28963,Xã Vĩnh Chân
54,Tỉnh Phú Thọ,1078,Huyện Hạ Hòa,721974,Xã Minh Côi,35,Tỉnh Phú Thọ,29219,Xã Văn Lang
54,Tỉnh Phú Thọ,1078,Huyện Hạ Hòa,787510,Xã Minh Hạc,35,Tỉnh Phú Thọ,28195,Xã Hạ Hòa
54,Tỉnh Phú Thọ,1078,Huyện Hạ Hòa,853046,Xã Văn Lang,35,Tỉnh Phú Thọ,29219,Xã Văn Lang
54,Tỉnh Phú Thọ,1078,Huyện Hạ Hòa,918582,Xã Tứ Hiệp,35,Tỉnh Phú Thọ,28451,Xã Đan Thượng
54,Tỉnh Phú Thọ,1078,Huyện Hạ Hòa,984118,Xã Phương Viên,35,Tỉnh Phú Thọ,28707,Xã Yên Kỳ
54,Tỉnh Phú Thọ,1078,Huyện Hạ Hòa,1049654,Xã Vĩnh Chân,35,Tỉnh Phú Thọ,28963,Xã Vĩnh Chân
54,Tỉnh Phú Thọ,1078,Huyện Hạ Hòa,1115190,Xã Vô Tranh,35,Tỉnh Phú Thọ,29219,Xã Văn Lang
54,Tỉnh Phú Thọ,1078,Huyện Hạ Hòa,1180726,Xã Xuân Áng,35,Tỉnh Phú Thọ,29475,Xã Hiền Lương
54,Tỉnh Phú Thọ,1078,Huyện Hạ Hòa,1246262,Xã Yên Kỳ,35,Tỉnh Phú Thọ,28707,Xã Yên Kỳ
54,Tỉnh Phú Thọ,1078,Huyện Hạ Hòa,1311798,Xã Yên Luật,35,Tỉnh Phú Thọ,28963,Xã Vĩnh Chân
54,Tỉnh Phú Thọ,1334,Huyện Lâm Thao,66870,Thị Trấn Hùng Sơn,35,Tỉnh Phú Thọ,22307,Xã Lâm Thao
54,Tỉnh Phú Thọ,1334,Huyện Lâm Thao,132406,Thị Trấn Lâm Thao,35,Tỉnh Phú Thọ,22307,Xã Lâm Thao
54,Tỉnh Phú Thọ,1334,Huyện Lâm Thao,197942,Xã Bản Nguyên,35,Tỉnh Phú Thọ,23075,Xã Bản Nguyên
54,Tỉnh Phú Thọ,1334,Huyện Lâm Thao,263478,Xã Cao Xá,35,Tỉnh Phú Thọ,23075,Xã Bản Nguyên
54,Tỉnh Phú Thọ,1334,Huyện Lâm Thao,329014,Xã Phùng Nguyên,35,Tỉnh Phú Thọ,22819,Xã Phùng Nguyên
54,Tỉnh Phú Thọ,1334,Huyện Lâm Thao,394550,Xã Xuân Lũng,35,Tỉnh Phú Thọ,22563,Xã Xuân Lũng
54,Tỉnh Phú Thọ,1334,Huyện Lâm Thao,460086,Xã Tiên Kiên,35,Tỉnh Phú Thọ,22563,Xã Xuân Lũng
54,Tỉnh Phú Thọ,1334,Huyện Lâm Thao,525622,Xã Sơn Vi,35,Tỉnh Phú Thọ,22819,Xã Phùng Nguyên
54,Tỉnh Phú Thọ,1334,Huyện Lâm Thao,591158,Xã Thạch Sơn,35,Tỉnh Phú Thọ,22307,Xã Lâm Thao
54,Tỉnh Phú Thọ,1334,Huyện Lâm Thao,656694,Xã Tứ Xã,35,Tỉnh Phú Thọ,22819,Xã Phùng Nguyên
54,Tỉnh Phú Thọ,1334,Huyện Lâm Thao,722230,Xã Vĩnh Lại,35,Tỉnh Phú Thọ,23075,Xã Bản Nguyên
54,Tỉnh Phú Thọ,1334,Huyện Lâm Thao,787766,Xã Xuân Huy,35,Tỉnh Phú Thọ,22563,Xã Xuân Lũng
54,Tỉnh Phú Thọ,1590,Huyện Đoan Hùng,198198,Thị Trấn Đoan Hùng,35,Tỉnh Phú Thọ,26915,Xã Đoan Hùng
54,Tỉnh Phú Thọ,1590,Huyện Đoan Hùng,263734,Xã Phúc Lai,35,Tỉnh Phú Thọ,27939,Xã Bằng Luân
54,Tỉnh Phú Thọ,1590,Huyện Đoan Hùng,329270,Xã Tây Cốc,35,Tỉnh Phú Thọ,27171,Xã Tây Cốc
54,Tỉnh Phú Thọ,1590,Huyện Đoan Hùng,394806,Xã Yên Kiện,35,Tỉnh Phú Thọ,27427,Xã Chân Mộng
54,Tỉnh Phú Thọ,1590,Huyện Đoan Hùng,460342,Xã Hùng Long,35,Tỉnh Phú Thọ,27427,Xã Chân Mộng
54,Tỉnh Phú Thọ,1590,Huyện Đoan Hùng,722486,Xã Bằng Doãn,35,Tỉnh Phú Thọ,27939,Xã Bằng Luân
54,Tỉnh Phú Thọ,1590,Huyện Đoan Hùng,788022,Xã Bằng Luân,35,Tỉnh Phú Thọ,27939,Xã Bằng Luân
54,Tỉnh Phú Thọ,1590,Huyện Đoan Hùng,853558,Xã Ca Đình,35,Tỉnh Phú Thọ,27171,Xã Tây Cốc
54,Tỉnh Phú Thọ,1590,Huyện Đoan Hùng,919094,Xã Chí Đám,35,Tỉnh Phú Thọ,27683,Xã Chí Đám
54,Tỉnh Phú Thọ,1590,Huyện Đoan Hùng,984630,Xã Hợp Nhất,35,Tỉnh Phú Thọ,26915,Xã Đoan Hùng
54,Tỉnh Phú Thọ,1590,Huyện Đoan Hùng,1181238,Xã Chân Mộng,35,Tỉnh Phú Thọ,27427,Xã Chân Mộng
54,Tỉnh Phú Thọ,1590,Huyện Đoan Hùng,1312310,Xã Hùng Xuyên,35,Tỉnh Phú Thọ,27683,Xã Chí Đám
54,Tỉnh Phú Thọ,1590,Huyện Đoan Hùng,1377846,Xã Ngọc Quan,35,Tỉnh Phú Thọ,26915,Xã Đoan Hùng
54,Tỉnh Phú Thọ,1590,Huyện Đoan Hùng,1443382,Xã Phú Lâm,35,Tỉnh Phú Thọ,27171,Xã Tây Cốc
54,Tỉnh Phú Thọ,1846,Huyện Phù Ninh,67382,Xã Tiên Phú,35,Tỉnh Phú Thọ,24867,Xã Trạm Thản
54,Tỉnh Phú Thọ,1846,Huyện Phù Ninh,132918,Xã Hạ Giáp,35,Tỉnh Phú Thọ,24355,Xã Dân Chủ
54,Tỉnh Phú Thọ,1846,Huyện Phù Ninh,198454,Xã Phù Ninh,35,Tỉnh Phú Thọ,24099,Xã Phù Ninh
54,Tỉnh Phú Thọ,1846,Huyện Phù Ninh,263990,Xã Trạm Thản,35,Tỉnh Phú Thọ,24867,Xã Trạm Thản
54,Tỉnh Phú Thọ,1846,Huyện Phù Ninh,329526,Xã Gia Thanh,35,Tỉnh Phú Thọ,24355,Xã Dân Chủ
54,Tỉnh Phú Thọ,1846,Huyện Phù Ninh,395062,Xã Lệ Mỹ,35,Tỉnh Phú Thọ,24611,Xã Phú Mỹ
54,Tỉnh Phú Thọ,1846,Huyện Phù Ninh,460598,Xã Trung Giáp,35,Tỉnh Phú Thọ,24867,Xã Trạm Thản
54,Tỉnh Phú Thọ,1846,Huyện Phù Ninh,526134,Thị Trấn Phong Châu,35,Tỉnh Phú Thọ,24099,Xã Phù Ninh
54,Tỉnh Phú Thọ,1846,Huyện Phù Ninh,591670,Xã An Đạo,35,Tỉnh Phú Thọ,25123,Xã Bình Phú
54,Tỉnh Phú Thọ,1846,Huyện Phù Ninh,657206,Xã Bảo Thanh,35,Tỉnh Phú Thọ,24355,Xã Dân Chủ
54,Tỉnh Phú Thọ,1846,Huyện Phù Ninh,722742,Xã Liên Hoa,35,Tỉnh Phú Thọ,24611,Xã Phú Mỹ
54,Tỉnh Phú Thọ,1846,Huyện Phù Ninh,788278,Xã Phú Lộc,35,Tỉnh Phú Thọ,24099,Xã Phù Ninh
54,Tỉnh Phú Thọ,1846,Huyện Phù Ninh,853814,Xã Phú Mỹ,35,Tỉnh Phú Thọ,24611,Xã Phú Mỹ
54,Tỉnh Phú Thọ,1846,Huyện Phù Ninh,919350,Xã Phú Nham,35,Tỉnh Phú Thọ,24099,Xã Phù Ninh
54,Tỉnh Phú Thọ,1846,Huyện Phù Ninh,984886,Xã Tiên Du,35,Tỉnh Phú Thọ,25123,Xã Bình Phú
54,Tỉnh Phú Thọ,1846,Huyện Phù Ninh,1050422,Xã Trị Quận,35,Tỉnh Phú Thọ,24355,Xã Dân Chủ
54,Tỉnh Phú Thọ,1846,Huyện Phù Ninh,1115958,Xã Bình Phú,35,Tỉnh Phú Thọ,25123,Xã Bình Phú
54,Tỉnh Phú Thọ,2102,Huyện Tân Sơn,67638,Xã Vinh Tiền,35,Tỉnh Phú Thọ,35875,Xã Long Cốc
54,Tỉnh Phú Thọ,2102,Huyện Tân Sơn,133174,Thị Trấn Tân Phú,35,Tỉnh Phú Thọ,34851,Xã Tân Sơn
54,Tỉnh Phú Thọ,2102,Huyện Tân Sơn,198710,Xã Đồng Sơn,35,Tỉnh Phú Thọ,35363,Xã Lai Đồng
54,Tỉnh Phú Thọ,2102,Huyện Tân Sơn,264246,Xã Kiệt Sơn,35,Tỉnh Phú Thọ,35363,Xã Lai Đồng
54,Tỉnh Phú Thọ,2102,Huyện Tân Sơn,329782,Xã Kim Thượng,35,Tỉnh Phú Thọ,35619,Xã Xuân Đài
54,Tỉnh Phú Thọ,2102,Huyện Tân Sơn,395318,Xã Lai Đồng,35,Tỉnh Phú Thọ,35363,Xã Lai Đồng
54,Tỉnh Phú Thọ,2102,Huyện Tân Sơn,460854,Xã Long Cốc,35,Tỉnh Phú Thọ,35875,Xã Long Cốc
54,Tỉnh Phú Thọ,2102,Huyện Tân Sơn,526390,Xã Minh Đài,35,Tỉnh Phú Thọ,35107,Xã Minh Đài
54,Tỉnh Phú Thọ,2102,Huyện Tân Sơn,591926,Xã Mỹ Thuận,35,Tỉnh Phú Thọ,35107,Xã Minh Đài
54,Tỉnh Phú Thọ,2102,Huyện Tân Sơn,657462,Xã Tam Thanh,35,Tỉnh Phú Thọ,35875,Xã Long Cốc
54,Tỉnh Phú Thọ,2102,Huyện Tân Sơn,722998,Xã Tân Sơn,35,Tỉnh Phú Thọ,35363,Xã Lai Đồng
54,Tỉnh Phú Thọ,2102,Huyện Tân Sơn,788534,Xã Thạch Kiệt,35,Tỉnh Phú Thọ,34851,Xã Tân Sơn
54,Tỉnh Phú Thọ,2102,Huyện Tân Sơn,854070,Xã Thu Cúc,35,Tỉnh Phú Thọ,547,Xã Thu Cúc
54,Tỉnh Phú Thọ,2102,Huyện Tân Sơn,919606,Xã Xuân Đài,35,Tỉnh Phú Thọ,35619,Xã Xuân Đài
54,Tỉnh Phú Thọ,2102,Huyện Tân Sơn,985142,Xã Xuân Sơn,35,Tỉnh Phú Thọ,35619,Xã Xuân Đài
54,Tỉnh Phú Thọ,2102,Huyện Tân Sơn,1050678,Xã Thu Ngạc,35,Tỉnh Phú Thọ,34851,Xã Tân Sơn
54,Tỉnh Phú Thọ,2102,Huyện Tân Sơn,1116214,Xã Văn Luông,35,Tỉnh Phú Thọ,35107,Xã Minh Đài
54,Tỉnh Phú Thọ,2358,Huyện Tam Nông,67894,Xã Dị Nậu,35,Tỉnh Phú Thọ,31523,Xã Thọ Văn
54,Tỉnh Phú Thọ,2358,Huyện Tam Nông,133430,Xã Hương Nộn,35,Tỉnh Phú Thọ,31267,Xã Tam Nông
54,Tỉnh Phú Thọ,2358,Huyện Tam Nông,198966,Xã Tề Lễ,35,Tỉnh Phú Thọ,31523,Xã Thọ Văn
54,Tỉnh Phú Thọ,2358,Huyện Tam Nông,264502,Thị Trấn Hưng Hóa,35,Tỉnh Phú Thọ,31267,Xã Tam Nông
54,Tỉnh Phú Thọ,2358,Huyện Tam Nông,330038,Xã Hiền Quan,35,Tỉnh Phú Thọ,32035,Xã Hiền Quan
54,Tỉnh Phú Thọ,2358,Huyện Tam Nông,395574,Xã Bắc Sơn,35,Tỉnh Phú Thọ,32035,Xã Hiền Quan
54,Tỉnh Phú Thọ,2358,Huyện Tam Nông,461110,Xã Lam Sơn,35,Tỉnh Phú Thọ,31779,Xã Vạn Xuân
54,Tỉnh Phú Thọ,2358,Huyện Tam Nông,526646,Xã Quang Húc,35,Tỉnh Phú Thọ,31779,Xã Vạn Xuân
54,Tỉnh Phú Thọ,2358,Huyện Tam Nông,592182,Xã Thanh Uyên,35,Tỉnh Phú Thọ,32035,Xã Hiền Quan
54,Tỉnh Phú Thọ,2358,Huyện Tam Nông,657718,Xã Thọ Văn,35,Tỉnh Phú Thọ,31523,Xã Thọ Văn
54,Tỉnh Phú Thọ,2358,Huyện Tam Nông,723254,Xã Dân Quyền,35,Tỉnh Phú Thọ,31267,Xã Tam Nông
54,Tỉnh Phú Thọ,2358,Huyện Tam Nông,788790,Xã Vạn Xuân,35,Tỉnh Phú Thọ,31779,Xã Vạn Xuân
54,Tỉnh Phú Thọ,2614,Huyện Thanh Ba,68150,Xã Lương Lỗ,35,Tỉnh Phú Thọ,26659,Xã Liên Minh
54,Tỉnh Phú Thọ,2614,Huyện Thanh Ba,133686,Xã Quảng Yên,35,Tỉnh Phú Thọ,25635,Xã Quảng Yên
54,Tỉnh Phú Thọ,2614,Huyện Thanh Ba,199222,Xã Đại An,35,Tỉnh Phú Thọ,25635,Xã Quảng Yên
54,Tỉnh Phú Thọ,2614,Huyện Thanh Ba,264758,Xã Đỗ Sơn,35,Tỉnh Phú Thọ,26659,Xã Liên Minh
54,Tỉnh Phú Thọ,2614,Huyện Thanh Ba,330294,Xã Đỗ Xuyên,35,Tỉnh Phú Thọ,26659,Xã Liên Minh
54,Tỉnh Phú Thọ,2614,Huyện Thanh Ba,395830,Xã Võ Lao,35,Tỉnh Phú Thọ,26147,Xã Đông Thành
54,Tỉnh Phú Thọ,2614,Huyện Thanh Ba,461366,Xã Đông Lĩnh,35,Tỉnh Phú Thọ,25635,Xã Quảng Yên
54,Tỉnh Phú Thọ,2614,Huyện Thanh Ba,526902,Xã Đông Thành,35,Tỉnh Phú Thọ,26147,Xã Đông Thành
54,Tỉnh Phú Thọ,2614,Huyện Thanh Ba,592438,Xã Đồng Xuân,35,Tỉnh Phú Thọ,25379,Xã Thanh Ba
54,Tỉnh Phú Thọ,2614,Huyện Thanh Ba,657974,Xã Hanh Cù,35,Tỉnh Phú Thọ,25379,Xã Thanh Ba
54,Tỉnh Phú Thọ,2614,Huyện Thanh Ba,723510,Xã Hoàng Cương,35,Tỉnh Phú Thọ,25891,Xã Hoàng Cương
54,Tỉnh Phú Thọ,2614,Huyện Thanh Ba,789046,Xã Khải Xuân,35,Tỉnh Phú Thọ,26147,Xã Đông Thành
54,Tỉnh Phú Thọ,2614,Huyện Thanh Ba,854582,Xã Mạn Lạn,35,Tỉnh Phú Thọ,25891,Xã Hoàng Cương
54,Tỉnh Phú Thọ,2614,Huyện Thanh Ba,920118,Xã Ninh Dân,35,Tỉnh Phú Thọ,25891,Xã Hoàng Cương
54,Tỉnh Phú Thọ,2614,Huyện Thanh Ba,985654,Xã Sơn Cương,35,Tỉnh Phú Thọ,26403,Xã Chí Tiên
54,Tỉnh Phú Thọ,2614,Huyện Thanh Ba,1051190,Thị Trấn Thanh Ba,35,Tỉnh Phú Thọ,25379,Xã Thanh Ba
54,Tỉnh Phú Thọ,2614,Huyện Thanh Ba,1116726,Xã Chí Tiên,35,Tỉnh Phú Thọ,26403,Xã Chí Tiên
54,Tỉnh Phú Thọ,2614,Huyện Thanh Ba,1182262,Xã Thanh Hà,35,Tỉnh Phú Thọ,26403,Xã Chí Tiên
54,Tỉnh Phú Thọ,2614,Huyện Thanh Ba,1247798,Xã Vân Lĩnh,35,Tỉnh Phú Thọ,25379,Xã Thanh Ba
54,Tỉnh Phú Thọ,2870,Huyện Thanh Sơn,68406,Thị Trấn Thanh Sơn,35,Tỉnh Phú Thọ,33059,Xã Thanh Sơn
54,Tỉnh Phú Thọ,2870,Huyện Thanh Sơn,133942,Xã Cự Đồng,35,Tỉnh Phú Thọ,33827,Xã Cự Đồng
54,Tỉnh Phú Thọ,2870,Huyện Thanh Sơn,199478,Xã Cự Thắng,35,Tỉnh Phú Thọ,33315,Xã Võ Miếu
54,Tỉnh Phú Thọ,2870,Huyện Thanh Sơn,265014,Xã Địch Quả,35,Tỉnh Phú Thọ,33315,Xã Võ Miếu
54,Tỉnh Phú Thọ,2870,Huyện Thanh Sơn,330550,Xã Đông Cửu,35,Tỉnh Phú Thọ,34595,Xã Khả Cửu
54,Tỉnh Phú Thọ,2870,Huyện Thanh Sơn,396086,Xã Giáp Lai,35,Tỉnh Phú Thọ,33059,Xã Thanh Sơn
54,Tỉnh Phú Thọ,2870,Huyện Thanh Sơn,461622,Xã Hương Cần,35,Tỉnh Phú Thọ,34083,Xã Hương Cần
54,Tỉnh Phú Thọ,2870,Huyện Thanh Sơn,527158,Xã Khả Cửu,35,Tỉnh Phú Thọ,34595,Xã Khả Cửu
54,Tỉnh Phú Thọ,2870,Huyện Thanh Sơn,592694,Xã Lương Nha,35,Tỉnh Phú Thọ,34339,Xã Yên Sơn
54,Tỉnh Phú Thọ,2870,Huyện Thanh Sơn,658230,Xã Sơn Hùng,35,Tỉnh Phú Thọ,33059,Xã Thanh Sơn
54,Tỉnh Phú Thọ,2870,Huyện Thanh Sơn,723766,Xã Tân Lập,35,Tỉnh Phú Thọ,33571,Xã Văn Miếu
54,Tỉnh Phú Thọ,2870,Huyện Thanh Sơn,789302,Xã Tân Minh,35,Tỉnh Phú Thọ,33571,Xã Văn Miếu
54,Tỉnh Phú Thọ,2870,Huyện Thanh Sơn,854838,Xã Tất Thắng,35,Tỉnh Phú Thọ,33827,Xã Cự Đồng
54,Tỉnh Phú Thọ,2870,Huyện Thanh Sơn,920374,Xã Thạch Khoán,35,Tỉnh Phú Thọ,33059,Xã Thanh Sơn
54,Tỉnh Phú Thọ,2870,Huyện Thanh Sơn,985910,Xã Thắng Sơn,35,Tỉnh Phú Thọ,33827,Xã Cự Đồng
54,Tỉnh Phú Thọ,2870,Huyện Thanh Sơn,1051446,Xã Thục Luyện,35,Tỉnh Phú Thọ,33059,Xã Thanh Sơn
54,Tỉnh Phú Thọ,2870,Huyện Thanh Sơn,1116982,Xã Thượng Cửu,35,Tỉnh Phú Thọ,34595,Xã Khả Cửu
54,Tỉnh Phú Thọ,2870,Huyện Thanh Sơn,1182518,Xã Tinh Nhuệ,35,Tỉnh Phú Thọ,34339,Xã Yên Sơn
54,Tỉnh Phú Thọ,2870,Huyện Thanh Sơn,1248054,Xã Văn Miếu,35,Tỉnh Phú Thọ,33571,Xã Văn Miếu
54,Tỉnh Phú Thọ,2870,Huyện Thanh Sơn,1313590,Xã Võ Miếu,35,Tỉnh Phú Thọ,33315,Xã Võ Miếu
54,Tỉnh Phú Thọ,2870,Huyện Thanh Sơn,1379126,Xã Yên Lãng,35,Tỉnh Phú Thọ,34083,Xã Hương Cần
54,Tỉnh Phú Thọ,2870,Huyện Thanh Sơn,1444662,Xã Yên Lương,35,Tỉnh Phú Thọ,34083,Xã Hương Cần
54,Tỉnh Phú Thọ,2870,Huyện Thanh Sơn,1510198,Xã Yên Sơn,35,Tỉnh Phú Thọ,34339,Xã Yên Sơn
54,Tỉnh Phú Thọ,3126,Huyện Thanh Thủy,68662,Xã Thạch Đồng,35,Tỉnh Phú Thọ,32547,Xã Đào Xá
54,Tỉnh Phú Thọ,3126,Huyện Thanh Thủy,134198,Xã Đoan Hạ,35,Tỉnh Phú Thọ,32291,Xã Thanh Thủy
54,Tỉnh Phú Thọ,3126,Huyện Thanh Thủy,199734,Xã Đồng Trung,35,Tỉnh Phú Thọ,32803,Xã Tu Vũ
54,Tỉnh Phú Thọ,3126,Huyện Thanh Thủy,265270,Xã Bảo Yên,35,Tỉnh Phú Thọ,32291,Xã Thanh Thủy
54,Tỉnh Phú Thọ,3126,Huyện Thanh Thủy,330806,Xã Đào Xá,35,Tỉnh Phú Thọ,32547,Xã Đào Xá
54,Tỉnh Phú Thọ,3126,Huyện Thanh Thủy,396342,Xã Hoàng Xá,35,Tỉnh Phú Thọ,32803,Xã Tu Vũ
54,Tỉnh Phú Thọ,3126,Huyện Thanh Thủy,461878,Thị Trấn Thanh Thủy,35,Tỉnh Phú Thọ,32291,Xã Thanh Thủy
54,Tỉnh Phú Thọ,3126,Huyện Thanh Thủy,527414,Xã Sơn Thủy,35,Tỉnh Phú Thọ,32291,Xã Thanh Thủy
54,Tỉnh Phú Thọ,3126,Huyện Thanh Thủy,592950,Xã Tân Phương,35,Tỉnh Phú Thọ,32547,Xã Đào Xá
54,Tỉnh Phú Thọ,3126,Huyện Thanh Thủy,658486,Xã Tu Vũ,35,Tỉnh Phú Thọ,32803,Xã Tu Vũ
54,Tỉnh Phú Thọ,3126,Huyện Thanh Thủy,724022,Xã Xuân Lộc,35,Tỉnh Phú Thọ,32547,Xã Đào Xá
54,Tỉnh Phú Thọ,3382,Huyện Yên Lập,68918,Xã Trung Sơn,35,Tỉnh Phú Thọ,291,Xã Trung Sơn
54,Tỉnh Phú Thọ,3382,Huyện Yên Lập,134454,Xã Xuân Viên,35,Tỉnh Phú Thọ,36899,Xã Xuân Viên
54,Tỉnh Phú Thọ,3382,Huyện Yên Lập,199990,Xã Đồng Thịnh,35,Tỉnh Phú Thọ,36131,Xã Yên Lập
54,Tỉnh Phú Thọ,3382,Huyện Yên Lập,265526,Xã Ngọc Lập,35,Tỉnh Phú Thọ,37155,Xã Minh Hòa
54,Tỉnh Phú Thọ,3382,Huyện Yên Lập,331062,Xã Phúc Khánh,35,Tỉnh Phú Thọ,36387,Xã Thượng Long
54,Tỉnh Phú Thọ,3382,Huyện Yên Lập,396598,Xã Thượng Long,35,Tỉnh Phú Thọ,36387,Xã Thượng Long
54,Tỉnh Phú Thọ,3382,Huyện Yên Lập,462134,Xã Xuân An,35,Tỉnh Phú Thọ,36899,Xã Xuân Viên
54,Tỉnh Phú Thọ,3382,Huyện Yên Lập,527670,Xã Xuân Thủy,35,Tỉnh Phú Thọ,36899,Xã Xuân Viên
54,Tỉnh Phú Thọ,3382,Huyện Yên Lập,593206,Thị Trấn Yên Lập,35,Tỉnh Phú Thọ,36131,Xã Yên Lập
54,Tỉnh Phú Thọ,3382,Huyện Yên Lập,658742,Xã Đồng Lạc,35,Tỉnh Phú Thọ,36131,Xã Yên Lập
54,Tỉnh Phú Thọ,3382,Huyện Yên Lập,724278,Xã Hưng Long,35,Tỉnh Phú Thọ,36131,Xã Yên Lập
54,Tỉnh Phú Thọ,3382,Huyện Yên Lập,789814,Xã Lương Sơn,35,Tỉnh Phú Thọ,36643,Xã Sơn Lương
54,Tỉnh Phú Thọ,3382,Huyện Yên Lập,855350,Xã Minh Hòa,35,Tỉnh Phú Thọ,37155,Xã Minh Hòa
54,Tỉnh Phú Thọ,3382,Huyện Yên Lập,920886,Xã Mỹ Lung,35,Tỉnh Phú Thọ,36643,Xã Sơn Lương
54,Tỉnh Phú Thọ,3382,Huyện Yên Lập,986422,Xã Mỹ Lương,35,Tỉnh Phú Thọ,36643,Xã Sơn Lương
54,Tỉnh Phú Thọ,3382,Huyện Yên Lập,1051958,Xã Nga Hoàng,35,Tỉnh Phú Thọ,36387,Xã Thượng Long
54,Tỉnh Phú Thọ,3382,Huyện Yên Lập,1117494,Xã Ngọc Đồng,35,Tỉnh Phú Thọ,37155,Xã Minh Hòa
55,Tỉnh Phú Yên,311,Thành Phố Tuy Hòa,65847,Xã Bình Kiến,21,Tỉnh Đắk Lắk,533,Phường Bình Kiến
55,Tỉnh Phú Yên,311,Thành Phố Tuy Hòa,196919,Phường 1,21,Tỉnh Đắk Lắk,25365,Phường Tuy Hòa
55,Tỉnh Phú Yên,311,Thành Phố Tuy Hòa,262455,Phường 2,21,Tỉnh Đắk Lắk,25365,Phường Tuy Hòa
55,Tỉnh Phú Yên,311,Thành Phố Tuy Hòa,393527,Phường 4,21,Tỉnh Đắk Lắk,25365,Phường Tuy Hòa
55,Tỉnh Phú Yên,311,Thành Phố Tuy Hòa,459063,Phường 5,21,Tỉnh Đắk Lắk,25365,Phường Tuy Hòa
55,Tỉnh Phú Yên,311,Thành Phố Tuy Hòa,590135,Phường 7,21,Tỉnh Đắk Lắk,25365,Phường Tuy Hòa
55,Tỉnh Phú Yên,311,Thành Phố Tuy Hòa,721207,Phường 9,21,Tỉnh Đắk Lắk,533,Phường Bình Kiến
55,Tỉnh Phú Yên,311,Thành Phố Tuy Hòa,721207,Phường 9,21,Tỉnh Đắk Lắk,25365,Phường Tuy Hòa
55,Tỉnh Phú Yên,311,Thành Phố Tuy Hòa,786743,Phường Phú Đông,21,Tỉnh Đắk Lắk,1813,Phường Phú Yên
55,Tỉnh Phú Yên,311,Thành Phố Tuy Hòa,852279,Phường Phú Lâm,21,Tỉnh Đắk Lắk,1813,Phường Phú Yên
55,Tỉnh Phú Yên,311,Thành Phố Tuy Hòa,917815,Phường Phú Thạnh,21,Tỉnh Đắk Lắk,1813,Phường Phú Yên
55,Tỉnh Phú Yên,311,Thành Phố Tuy Hòa,983351,Xã An Phú,21,Tỉnh Đắk Lắk,533,Phường Bình Kiến
55,Tỉnh Phú Yên,311,Thành Phố Tuy Hòa,1048887,Xã Hòa Kiến,21,Tỉnh Đắk Lắk,533,Phường Bình Kiến
55,Tỉnh Phú Yên,567,Thị Xã Đông Hòa,66103,Phường Hòa Hiệp Bắc,21,Tỉnh Đắk Lắk,277,Phường Hòa Hiệp
55,Tỉnh Phú Yên,567,Thị Xã Đông Hòa,131639,Xã Hòa Tân Đông,21,Tỉnh Đắk Lắk,20501,Phường Đông Hòa
55,Tỉnh Phú Yên,567,Thị Xã Đông Hòa,197175,Xã Hòa Thành,21,Tỉnh Đắk Lắk,1813,Phường Phú Yên
55,Tỉnh Phú Yên,567,Thị Xã Đông Hòa,262711,Phường Hòa Hiệp Nam,21,Tỉnh Đắk Lắk,277,Phường Hòa Hiệp
55,Tỉnh Phú Yên,567,Thị Xã Đông Hòa,328247,Phường Hòa Hiệp Trung,21,Tỉnh Đắk Lắk,277,Phường Hòa Hiệp
55,Tỉnh Phú Yên,567,Thị Xã Đông Hòa,393783,Xã Hòa Tâm,21,Tỉnh Đắk Lắk,20757,Xã Hòa Xuân
55,Tỉnh Phú Yên,567,Thị Xã Đông Hòa,459319,Phường Hòa Vinh,21,Tỉnh Đắk Lắk,20501,Phường Đông Hòa
55,Tỉnh Phú Yên,567,Thị Xã Đông Hòa,524855,Xã Hòa Xuân Đông,21,Tỉnh Đắk Lắk,20757,Xã Hòa Xuân
55,Tỉnh Phú Yên,567,Thị Xã Đông Hòa,590391,Xã Hòa Xuân Nam,21,Tỉnh Đắk Lắk,20757,Xã Hòa Xuân
55,Tỉnh Phú Yên,567,Thị Xã Đông Hòa,655927,Phường Hòa Xuân Tây,21,Tỉnh Đắk Lắk,20501,Phường Đông Hòa
55,Tỉnh Phú Yên,823,Huyện Đồng Xuân,66359,Thị Trấn La Hai,21,Tỉnh Đắk Lắk,24597,Xã Đồng Xuân
55,Tỉnh Phú Yên,823,Huyện Đồng Xuân,131895,Xã Đa Lộc,21,Tỉnh Đắk Lắk,23829,Xã Xuân Lãnh
55,Tỉnh Phú Yên,823,Huyện Đồng Xuân,197431,Xã Phú Mỡ,21,Tỉnh Đắk Lắk,24085,Xã Phú Mỡ
55,Tỉnh Phú Yên,823,Huyện Đồng Xuân,262967,Xã Xuân Lãnh,21,Tỉnh Đắk Lắk,23829,Xã Xuân Lãnh
55,Tỉnh Phú Yên,823,Huyện Đồng Xuân,328503,Xã Xuân Long,21,Tỉnh Đắk Lắk,24597,Xã Đồng Xuân
55,Tỉnh Phú Yên,823,Huyện Đồng Xuân,394039,Xã Xuân Phước,21,Tỉnh Đắk Lắk,24341,Xã Xuân Phước
55,Tỉnh Phú Yên,823,Huyện Đồng Xuân,459575,Xã Xuân Quang 1,21,Tỉnh Đắk Lắk,24085,Xã Phú Mỡ
55,Tỉnh Phú Yên,823,Huyện Đồng Xuân,525111,Xã Xuân Quang 2,21,Tỉnh Đắk Lắk,24597,Xã Đồng Xuân
55,Tỉnh Phú Yên,823,Huyện Đồng Xuân,590647,Xã Xuân Quang 3,21,Tỉnh Đắk Lắk,24341,Xã Xuân Phước
55,Tỉnh Phú Yên,823,Huyện Đồng Xuân,656183,Xã Xuân Sơn Bắc,21,Tỉnh Đắk Lắk,24597,Xã Đồng Xuân
55,Tỉnh Phú Yên,823,Huyện Đồng Xuân,721719,Xã Xuân Sơn Nam,21,Tỉnh Đắk Lắk,24597,Xã Đồng Xuân
55,Tỉnh Phú Yên,1079,Huyện Phú Hòa,66615,Thị Trấn Phú Hòa,21,Tỉnh Đắk Lắk,25621,Xã Phú Hòa 1
55,Tỉnh Phú Yên,1079,Huyện Phú Hòa,132151,Xã Hòa An,21,Tỉnh Đắk Lắk,25365,Phường Tuy Hòa
55,Tỉnh Phú Yên,1079,Huyện Phú Hòa,132151,Xã Hòa An,21,Tỉnh Đắk Lắk,25621,Xã Phú Hòa 1
55,Tỉnh Phú Yên,1079,Huyện Phú Hòa,197687,Xã Hòa Định Đông,21,Tỉnh Đắk Lắk,25621,Xã Phú Hòa 1
55,Tỉnh Phú Yên,1079,Huyện Phú Hòa,263223,Xã Hòa Định Tây,21,Tỉnh Đắk Lắk,25621,Xã Phú Hòa 1
55,Tỉnh Phú Yên,1079,Huyện Phú Hòa,328759,Xã Hòa Hội,21,Tỉnh Đắk Lắk,25621,Xã Phú Hòa 1
55,Tỉnh Phú Yên,1079,Huyện Phú Hòa,394295,Xã Hòa Quang Bắc,21,Tỉnh Đắk Lắk,789,Xã Phú Hòa 2
55,Tỉnh Phú Yên,1079,Huyện Phú Hòa,459831,Xã Hòa Quang Nam,21,Tỉnh Đắk Lắk,789,Xã Phú Hòa 2
55,Tỉnh Phú Yên,1079,Huyện Phú Hòa,525367,Xã Hòa Thắng,21,Tỉnh Đắk Lắk,25621,Xã Phú Hòa 1
55,Tỉnh Phú Yên,1079,Huyện Phú Hòa,590903,Xã Hòa Trị,21,Tỉnh Đắk Lắk,789,Xã Phú Hòa 2
55,Tỉnh Phú Yên,1079,Huyện Phú Hòa,590903,Xã Hòa Trị,21,Tỉnh Đắk Lắk,25365,Phường Tuy Hòa
55,Tỉnh Phú Yên,1335,Thị Xã Sông Cầu,66871,Xã Xuân Lâm,21,Tỉnh Đắk Lắk,19733,Xã Xuân Thọ
55,Tỉnh Phú Yên,1335,Thị Xã Sông Cầu,132407,Xã Xuân Thọ 2,21,Tỉnh Đắk Lắk,19733,Xã Xuân Thọ
55,Tỉnh Phú Yên,1335,Thị Xã Sông Cầu,197943,Phường Xuân Phú,21,Tỉnh Đắk Lắk,24853,Phường Sông Cầu
55,Tỉnh Phú Yên,1335,Thị Xã Sông Cầu,263479,Xã Xuân Thịnh,21,Tỉnh Đắk Lắk,24853,Phường Sông Cầu
55,Tỉnh Phú Yên,1335,Thị Xã Sông Cầu,329015,Xã Xuân Thọ 1,21,Tỉnh Đắk Lắk,19733,Xã Xuân Thọ
55,Tỉnh Phú Yên,1335,Thị Xã Sông Cầu,394551,Phường Xuân Thành,21,Tỉnh Đắk Lắk,2069,Phường Xuân Đài
55,Tỉnh Phú Yên,1335,Thị Xã Sông Cầu,460087,Xã Xuân Cảnh,21,Tỉnh Đắk Lắk,19989,Xã Xuân Cảnh
55,Tỉnh Phú Yên,1335,Thị Xã Sông Cầu,525623,Phường Xuân Yên,21,Tỉnh Đắk Lắk,24853,Phường Sông Cầu
55,Tỉnh Phú Yên,1335,Thị Xã Sông Cầu,591159,Xã Xuân Bình,21,Tỉnh Đắk Lắk,19989,Xã Xuân Cảnh
55,Tỉnh Phú Yên,1335,Thị Xã Sông Cầu,656695,Xã Xuân Hải,21,Tỉnh Đắk Lắk,20245,Xã Xuân Lộc
55,Tỉnh Phú Yên,1335,Thị Xã Sông Cầu,722231,Xã Xuân Lộc,21,Tỉnh Đắk Lắk,20245,Xã Xuân Lộc
55,Tỉnh Phú Yên,1335,Thị Xã Sông Cầu,787767,Xã Xuân Phương,21,Tỉnh Đắk Lắk,24853,Phường Sông Cầu
55,Tỉnh Phú Yên,1335,Thị Xã Sông Cầu,853303,Phường Xuân Đài,21,Tỉnh Đắk Lắk,2069,Phường Xuân Đài
55,Tỉnh Phú Yên,1591,Huyện Sông Hinh,67127,Thị Trấn Hai Riêng,21,Tỉnh Đắk Lắk,26133,Xã Sông Hinh
55,Tỉnh Phú Yên,1591,Huyện Sông Hinh,132663,Xã Đức Bình Đông,21,Tỉnh Đắk Lắk,1045,Xã Đức Bình
55,Tỉnh Phú Yên,1591,Huyện Sông Hinh,198199,Xã Đức Bình Tây,21,Tỉnh Đắk Lắk,1045,Xã Đức Bình
55,Tỉnh Phú Yên,1591,Huyện Sông Hinh,263735,Xã Ea Bá,21,Tỉnh Đắk Lắk,1301,Xã Ea Bá
55,Tỉnh Phú Yên,1591,Huyện Sông Hinh,329271,Xã Ea Bar,21,Tỉnh Đắk Lắk,1301,Xã Ea Bá
55,Tỉnh Phú Yên,1591,Huyện Sông Hinh,329271,Xã Ea Bar,21,Tỉnh Đắk Lắk,1557,Xã Ea Ly
55,Tỉnh Phú Yên,1591,Huyện Sông Hinh,394807,Xã EaBia,21,Tỉnh Đắk Lắk,26133,Xã Sông Hinh
55,Tỉnh Phú Yên,1591,Huyện Sông Hinh,460343,Xã Ealy,21,Tỉnh Đắk Lắk,1557,Xã Ea Ly
55,Tỉnh Phú Yên,1591,Huyện Sông Hinh,525879,Xã EaTrol,21,Tỉnh Đắk Lắk,26133,Xã Sông Hinh
55,Tỉnh Phú Yên,1591,Huyện Sông Hinh,591415,Xã Sơn Giang,21,Tỉnh Đắk Lắk,1045,Xã Đức Bình
55,Tỉnh Phú Yên,1591,Huyện Sông Hinh,656951,Xã Sông Hinh,21,Tỉnh Đắk Lắk,26133,Xã Sông Hinh
55,Tỉnh Phú Yên,1591,Huyện Sông Hinh,722487,Xã Ea Lâm,21,Tỉnh Đắk Lắk,1557,Xã Ea Ly
55,Tỉnh Phú Yên,1847,Huyện Sơn Hòa,67383,Xã Krông Pa,21,Tỉnh Đắk Lắk,25109,Xã Suối Trai
55,Tỉnh Phú Yên,1847,Huyện Sơn Hòa,132919,Thị Trấn Củng Sơn,21,Tỉnh Đắk Lắk,23061,Xã Sơn Hòa
55,Tỉnh Phú Yên,1847,Huyện Sơn Hòa,198455,Xã Cà Lúi,21,Tỉnh Đắk Lắk,23573,Xã Tây Sơn
55,Tỉnh Phú Yên,1847,Huyện Sơn Hòa,263991,Xã Eachà Rang,21,Tỉnh Đắk Lắk,25109,Xã Suối Trai
55,Tỉnh Phú Yên,1847,Huyện Sơn Hòa,329527,Xã Phước Tân,21,Tỉnh Đắk Lắk,23573,Xã Tây Sơn
55,Tỉnh Phú Yên,1847,Huyện Sơn Hòa,395063,Xã Sơn Định,21,Tỉnh Đắk Lắk,23317,Xã Vân Hòa
55,Tỉnh Phú Yên,1847,Huyện Sơn Hòa,460599,Xã Sơn Hà,21,Tỉnh Đắk Lắk,23061,Xã Sơn Hòa
55,Tỉnh Phú Yên,1847,Huyện Sơn Hòa,526135,Xã Sơn Hội,21,Tỉnh Đắk Lắk,23573,Xã Tây Sơn
55,Tỉnh Phú Yên,1847,Huyện Sơn Hòa,591671,Xã Sơn Long,21,Tỉnh Đắk Lắk,23317,Xã Vân Hòa
55,Tỉnh Phú Yên,1847,Huyện Sơn Hòa,657207,Xã Sơn Nguyên,21,Tỉnh Đắk Lắk,23061,Xã Sơn Hòa
55,Tỉnh Phú Yên,1847,Huyện Sơn Hòa,722743,Xã Sơn Phước,21,Tỉnh Đắk Lắk,23061,Xã Sơn Hòa
55,Tỉnh Phú Yên,1847,Huyện Sơn Hòa,788279,Xã Sơn Xuân,21,Tỉnh Đắk Lắk,23317,Xã Vân Hòa
55,Tỉnh Phú Yên,1847,Huyện Sơn Hòa,853815,Xã Suối Bạc,21,Tỉnh Đắk Lắk,23061,Xã Sơn Hòa
55,Tỉnh Phú Yên,1847,Huyện Sơn Hòa,919351,Xã Suối Trai,21,Tỉnh Đắk Lắk,25109,Xã Suối Trai
55,Tỉnh Phú Yên,2103,Huyện Tây Hòa,67639,Xã Hòa Bình 1,21,Tỉnh Đắk Lắk,1813,Phường Phú Yên
55,Tỉnh Phú Yên,2103,Huyện Tây Hòa,67639,Xã Hòa Bình 1,21,Tỉnh Đắk Lắk,25877,Xã Tây Hòa
55,Tỉnh Phú Yên,2103,Huyện Tây Hòa,133175,Thị Trấn Phú Thứ,21,Tỉnh Đắk Lắk,25877,Xã Tây Hòa
55,Tỉnh Phú Yên,2103,Huyện Tây Hòa,198711,Xã Hòa Đồng,21,Tỉnh Đắk Lắk,22293,Xã Hòa Thịnh
55,Tỉnh Phú Yên,2103,Huyện Tây Hòa,264247,Xã Sơn Thành Đông,21,Tỉnh Đắk Lắk,22805,Xã Sơn Thành
55,Tỉnh Phú Yên,2103,Huyện Tây Hòa,329783,Xã Sơn Thành Tây,21,Tỉnh Đắk Lắk,22805,Xã Sơn Thành
55,Tỉnh Phú Yên,2103,Huyện Tây Hòa,395319,Xã Hòa Mỹ Đông,21,Tỉnh Đắk Lắk,22549,Xã Hòa Mỹ
55,Tỉnh Phú Yên,2103,Huyện Tây Hòa,460855,Xã Hòa Mỹ Tây,21,Tỉnh Đắk Lắk,22549,Xã Hòa Mỹ
55,Tỉnh Phú Yên,2103,Huyện Tây Hòa,526391,Xã Hòa Phong,21,Tỉnh Đắk Lắk,25877,Xã Tây Hòa
55,Tỉnh Phú Yên,2103,Huyện Tây Hòa,591927,Xã Hòa Phú,21,Tỉnh Đắk Lắk,22805,Xã Sơn Thành
55,Tỉnh Phú Yên,2103,Huyện Tây Hòa,657463,Xã Hòa Tân Tây,21,Tỉnh Đắk Lắk,25877,Xã Tây Hòa
55,Tỉnh Phú Yên,2103,Huyện Tây Hòa,722999,Xã Hòa Thịnh,21,Tỉnh Đắk Lắk,22293,Xã Hòa Thịnh
55,Tỉnh Phú Yên,2359,Huyện Tuy An,67895,Thị Trấn Chí Thạnh,21,Tỉnh Đắk Lắk,21013,Xã Tuy An Bắc
55,Tỉnh Phú Yên,2359,Huyện Tuy An,133431,Xã An Định,21,Tỉnh Đắk Lắk,21013,Xã Tuy An Bắc
55,Tỉnh Phú Yên,2359,Huyện Tuy An,198967,Xã An Xuân,21,Tỉnh Đắk Lắk,22037,Xã Tuy An Tây
55,Tỉnh Phú Yên,2359,Huyện Tuy An,264503,Xã An Chấn,21,Tỉnh Đắk Lắk,21781,Xã Tuy An Nam
55,Tỉnh Phú Yên,2359,Huyện Tuy An,330039,Xã An Cư,21,Tỉnh Đắk Lắk,21525,Xã Ô Loan
55,Tỉnh Phú Yên,2359,Huyện Tuy An,395575,Xã An Dân,21,Tỉnh Đắk Lắk,21013,Xã Tuy An Bắc
55,Tỉnh Phú Yên,2359,Huyện Tuy An,461111,Xã An Hiệp,21,Tỉnh Đắk Lắk,21525,Xã Ô Loan
55,Tỉnh Phú Yên,2359,Huyện Tuy An,526647,Xã An Lĩnh,21,Tỉnh Đắk Lắk,22037,Xã Tuy An Tây
55,Tỉnh Phú Yên,2359,Huyện Tuy An,592183,Xã An Mỹ,21,Tỉnh Đắk Lắk,21781,Xã Tuy An Nam
55,Tỉnh Phú Yên,2359,Huyện Tuy An,657719,Xã An Nghiệp,21,Tỉnh Đắk Lắk,22037,Xã Tuy An Tây
55,Tỉnh Phú Yên,2359,Huyện Tuy An,723255,Xã An Ninh Đông,21,Tỉnh Đắk Lắk,21269,Xã Tuy An Đông
55,Tỉnh Phú Yên,2359,Huyện Tuy An,788791,Xã An Ninh Tây,21,Tỉnh Đắk Lắk,21269,Xã Tuy An Đông
55,Tỉnh Phú Yên,2359,Huyện Tuy An,854327,Xã An Thạch,21,Tỉnh Đắk Lắk,21269,Xã Tuy An Đông
55,Tỉnh Phú Yên,2359,Huyện Tuy An,919863,Xã An Thọ,21,Tỉnh Đắk Lắk,21781,Xã Tuy An Nam
55,Tỉnh Phú Yên,2359,Huyện Tuy An,985399,Xã An Hòa Hải,21,Tỉnh Đắk Lắk,21525,Xã Ô Loan
56,Tỉnh Quảng Bình,312,Thành Phố Đồng Hới,65848,Phường Nam Lý,38,Tỉnh Quảng Trị,1062,Phường Đồng Hới
56,Tỉnh Quảng Bình,312,Thành Phố Đồng Hới,131384,Xã Bảo Ninh,38,Tỉnh Quảng Trị,1062,Phường Đồng Hới
56,Tỉnh Quảng Bình,312,Thành Phố Đồng Hới,196920,Xã Lộc Ninh,38,Tỉnh Quảng Trị,1318,Phường Đồng Thuận
56,Tỉnh Quảng Bình,312,Thành Phố Đồng Hới,262456,Xã Đức Ninh,38,Tỉnh Quảng Trị,1062,Phường Đồng Hới
56,Tỉnh Quảng Bình,312,Thành Phố Đồng Hới,327992,Xã Nghĩa Ninh,38,Tỉnh Quảng Trị,1574,Phường Đồng Sơn
56,Tỉnh Quảng Bình,312,Thành Phố Đồng Hới,393528,Xã Quang Phú,38,Tỉnh Quảng Trị,1318,Phường Đồng Thuận
56,Tỉnh Quảng Bình,312,Thành Phố Đồng Hới,459064,Xã Thuận Đức,38,Tỉnh Quảng Trị,1574,Phường Đồng Sơn
56,Tỉnh Quảng Bình,312,Thành Phố Đồng Hới,524600,Phường Bắc Lý,38,Tỉnh Quảng Trị,1318,Phường Đồng Thuận
56,Tỉnh Quảng Bình,312,Thành Phố Đồng Hới,590136,Phường Bắc Nghĩa,38,Tỉnh Quảng Trị,1574,Phường Đồng Sơn
56,Tỉnh Quảng Bình,312,Thành Phố Đồng Hới,655672,Phường Đồng Phú,38,Tỉnh Quảng Trị,1062,Phường Đồng Hới
56,Tỉnh Quảng Bình,312,Thành Phố Đồng Hới,721208,Phường Đồng Sơn,38,Tỉnh Quảng Trị,1574,Phường Đồng Sơn
56,Tỉnh Quảng Bình,312,Thành Phố Đồng Hới,786744,Phường Đức Ninh Đông,38,Tỉnh Quảng Trị,1062,Phường Đồng Hới
56,Tỉnh Quảng Bình,312,Thành Phố Đồng Hới,852280,Phường Hải Thành,38,Tỉnh Quảng Trị,1062,Phường Đồng Hới
56,Tỉnh Quảng Bình,312,Thành Phố Đồng Hới,917816,Phường Phú Hải,38,Tỉnh Quảng Trị,1062,Phường Đồng Hới
56,Tỉnh Quảng Bình,312,Thành Phố Đồng Hới,983352,Phường Đồng Hải,38,Tỉnh Quảng Trị,1062,Phường Đồng Hới
56,Tỉnh Quảng Bình,568,Thị Xã Ba Đồn,66104,Xã Quảng Thủy,38,Tỉnh Quảng Trị,2598,Xã Nam Ba Đồn
56,Tỉnh Quảng Bình,568,Thị Xã Ba Đồn,131640,Xã Quảng Tiên,38,Tỉnh Quảng Trị,2598,Xã Nam Ba Đồn
56,Tỉnh Quảng Bình,568,Thị Xã Ba Đồn,197176,Xã Quảng Trung,38,Tỉnh Quảng Trị,2598,Xã Nam Ba Đồn
56,Tỉnh Quảng Bình,568,Thị Xã Ba Đồn,262712,Xã Quảng Văn,38,Tỉnh Quảng Trị,2342,Xã Nam Gianh
56,Tỉnh Quảng Bình,568,Thị Xã Ba Đồn,328248,Phường Quảng Phúc,38,Tỉnh Quảng Trị,2086,Phường Bắc Gianh
56,Tỉnh Quảng Bình,568,Thị Xã Ba Đồn,393784,Xã Quảng Hòa,38,Tỉnh Quảng Trị,2342,Xã Nam Gianh
56,Tỉnh Quảng Bình,568,Thị Xã Ba Đồn,459320,Xã Quảng Hải,38,Tỉnh Quảng Trị,1830,Phường Ba Đồn
56,Tỉnh Quảng Bình,568,Thị Xã Ba Đồn,524856,Xã Quảng Minh,38,Tỉnh Quảng Trị,2342,Xã Nam Gianh
56,Tỉnh Quảng Bình,568,Thị Xã Ba Đồn,590392,Xã Quảng Sơn,38,Tỉnh Quảng Trị,2598,Xã Nam Ba Đồn
56,Tỉnh Quảng Bình,568,Thị Xã Ba Đồn,655928,Phường Ba Đồn,38,Tỉnh Quảng Trị,1830,Phường Ba Đồn
56,Tỉnh Quảng Bình,568,Thị Xã Ba Đồn,721464,Xã Quảng Lộc,38,Tỉnh Quảng Trị,2342,Xã Nam Gianh
56,Tỉnh Quảng Bình,568,Thị Xã Ba Đồn,787000,Phường Quảng Long,38,Tỉnh Quảng Trị,1830,Phường Ba Đồn
56,Tỉnh Quảng Bình,568,Thị Xã Ba Đồn,852536,Phường Quảng Phong,38,Tỉnh Quảng Trị,1830,Phường Ba Đồn
56,Tỉnh Quảng Bình,568,Thị Xã Ba Đồn,918072,Xã Quảng Tân,38,Tỉnh Quảng Trị,2598,Xã Nam Ba Đồn
56,Tỉnh Quảng Bình,568,Thị Xã Ba Đồn,983608,Phường Quảng Thọ,38,Tỉnh Quảng Trị,2086,Phường Bắc Gianh
56,Tỉnh Quảng Bình,568,Thị Xã Ba Đồn,1049144,Phường Quảng Thuận,38,Tỉnh Quảng Trị,2086,Phường Bắc Gianh
56,Tỉnh Quảng Bình,824,Huyện Bố Trạch,66360,Xã Bắc Trạch,38,Tỉnh Quảng Trị,6950,Xã Bắc Trạch
56,Tỉnh Quảng Bình,824,Huyện Bố Trạch,131896,Xã Hòa Trạch,38,Tỉnh Quảng Trị,7462,Xã Hoàn Lão
56,Tỉnh Quảng Bình,824,Huyện Bố Trạch,197432,Xã Cự Nẫm,38,Tỉnh Quảng Trị,7718,Xã Bố Trạch
56,Tỉnh Quảng Bình,824,Huyện Bố Trạch,262968,Xã Đồng Trạch,38,Tỉnh Quảng Trị,7206,Xã Đông Trạch
56,Tỉnh Quảng Bình,824,Huyện Bố Trạch,328504,Xã Đức Trạch,38,Tỉnh Quảng Trị,7206,Xã Đông Trạch
56,Tỉnh Quảng Bình,824,Huyện Bố Trạch,394040,Xã Hưng Trạch,38,Tỉnh Quảng Trị,7718,Xã Bố Trạch
56,Tỉnh Quảng Bình,824,Huyện Bố Trạch,459576,Thị Trấn Nông Trường Việt Trung,38,Tỉnh Quảng Trị,7974,Xã Nam Trạch
56,Tỉnh Quảng Bình,824,Huyện Bố Trạch,525112,Thị Trấn Phong Nha,38,Tỉnh Quảng Trị,6694,Xã Phong Nha
56,Tỉnh Quảng Bình,824,Huyện Bố Trạch,590648,Xã Tân Trạch,38,Tỉnh Quảng Trị,6438,Xã Thượng Trạch
56,Tỉnh Quảng Bình,824,Huyện Bố Trạch,656184,Xã Liên Trạch,38,Tỉnh Quảng Trị,6950,Xã Bắc Trạch
56,Tỉnh Quảng Bình,824,Huyện Bố Trạch,787256,Xã Phú Định,38,Tỉnh Quảng Trị,7718,Xã Bố Trạch
56,Tỉnh Quảng Bình,824,Huyện Bố Trạch,852792,Xã Phúc Trạch,38,Tỉnh Quảng Trị,6694,Xã Phong Nha
56,Tỉnh Quảng Bình,824,Huyện Bố Trạch,918328,Xã Tây Trạch,38,Tỉnh Quảng Trị,7462,Xã Hoàn Lão
56,Tỉnh Quảng Bình,824,Huyện Bố Trạch,983864,Xã Thượng Trạch,38,Tỉnh Quảng Trị,6438,Xã Thượng Trạch
56,Tỉnh Quảng Bình,824,Huyện Bố Trạch,1049400,Xã Trung Trạch,38,Tỉnh Quảng Trị,7462,Xã Hoàn Lão
56,Tỉnh Quảng Bình,824,Huyện Bố Trạch,1114936,Xã Vạn Trạch,38,Tỉnh Quảng Trị,7718,Xã Bố Trạch
56,Tỉnh Quảng Bình,824,Huyện Bố Trạch,1180472,Xã Xuân Trạch,38,Tỉnh Quảng Trị,6694,Xã Phong Nha
56,Tỉnh Quảng Bình,824,Huyện Bố Trạch,1246008,Xã Lâm Trạch,38,Tỉnh Quảng Trị,6694,Xã Phong Nha
56,Tỉnh Quảng Bình,824,Huyện Bố Trạch,1311544,Xã Nhân Trạch,38,Tỉnh Quảng Trị,7974,Xã Nam Trạch
56,Tỉnh Quảng Bình,824,Huyện Bố Trạch,1377080,Xã Sơn Lộc,38,Tỉnh Quảng Trị,7206,Xã Đông Trạch
56,Tỉnh Quảng Bình,824,Huyện Bố Trạch,1442616,Thị Trấn Hoàn Lão,38,Tỉnh Quảng Trị,7462,Xã Hoàn Lão
56,Tỉnh Quảng Bình,824,Huyện Bố Trạch,1508152,Xã Đại Trạch,38,Tỉnh Quảng Trị,7462,Xã Hoàn Lão
56,Tỉnh Quảng Bình,824,Huyện Bố Trạch,1573688,Xã Lý Nam,38,Tỉnh Quảng Trị,7974,Xã Nam Trạch
56,Tỉnh Quảng Bình,824,Huyện Bố Trạch,1704760,Xã Hải Phú,38,Tỉnh Quảng Trị,7206,Xã Đông Trạch
56,Tỉnh Quảng Bình,824,Huyện Bố Trạch,1770296,Xã Thanh Trạch,38,Tỉnh Quảng Trị,6950,Xã Bắc Trạch
56,Tỉnh Quảng Bình,824,Huyện Bố Trạch,1835832,Xã Hạ Mỹ,38,Tỉnh Quảng Trị,6950,Xã Bắc Trạch
56,Tỉnh Quảng Bình,1080,Huyện Lệ Thủy,66616,Xã Tân Thủy,38,Tỉnh Quảng Trị,10022,Xã Tân Mỹ
56,Tỉnh Quảng Bình,1080,Huyện Lệ Thủy,132152,Xã Xuân Thủy,38,Tỉnh Quảng Trị,9254,Xã Lệ Thủy
56,Tỉnh Quảng Bình,1080,Huyện Lệ Thủy,197688,Xã Thái Thủy,38,Tỉnh Quảng Trị,10022,Xã Tân Mỹ
56,Tỉnh Quảng Bình,1080,Huyện Lệ Thủy,263224,Xã Thanh Thủy,38,Tỉnh Quảng Trị,9510,Xã Cam Hồng
56,Tỉnh Quảng Bình,1080,Huyện Lệ Thủy,328760,Xã Trường Thủy,38,Tỉnh Quảng Trị,10278,Xã Trường Phú
56,Tỉnh Quảng Bình,1080,Huyện Lệ Thủy,394296,Thị Trấn Kiến Giang,38,Tỉnh Quảng Trị,9254,Xã Lệ Thủy
56,Tỉnh Quảng Bình,1080,Huyện Lệ Thủy,459832,Thị Trấn Nông Trường Lệ Ninh,38,Tỉnh Quảng Trị,10534,Xã Lệ Ninh
56,Tỉnh Quảng Bình,1080,Huyện Lệ Thủy,525368,Xã An Thủy,38,Tỉnh Quảng Trị,9254,Xã Lệ Thủy
56,Tỉnh Quảng Bình,1080,Huyện Lệ Thủy,590904,Xã Cam Thủy,38,Tỉnh Quảng Trị,9510,Xã Cam Hồng
56,Tỉnh Quảng Bình,1080,Huyện Lệ Thủy,656440,Xã Hồng Thủy,38,Tỉnh Quảng Trị,9510,Xã Cam Hồng
56,Tỉnh Quảng Bình,1080,Huyện Lệ Thủy,721976,Xã Kim Thủy,38,Tỉnh Quảng Trị,10790,Xã Kim Ngân
56,Tỉnh Quảng Bình,1080,Huyện Lệ Thủy,787512,Xã Lâm Thủy,38,Tỉnh Quảng Trị,10790,Xã Kim Ngân
56,Tỉnh Quảng Bình,1080,Huyện Lệ Thủy,853048,Xã Lộc Thủy,38,Tỉnh Quảng Trị,9254,Xã Lệ Thủy
56,Tỉnh Quảng Bình,1080,Huyện Lệ Thủy,918584,Xã Mai Thủy,38,Tỉnh Quảng Trị,10278,Xã Trường Phú
56,Tỉnh Quảng Bình,1080,Huyện Lệ Thủy,984120,Xã Ngân Thủy,38,Tỉnh Quảng Trị,10790,Xã Kim Ngân
56,Tỉnh Quảng Bình,1080,Huyện Lệ Thủy,1049656,Xã Ngư Thủy Bắc,38,Tỉnh Quảng Trị,9510,Xã Cam Hồng
56,Tỉnh Quảng Bình,1080,Huyện Lệ Thủy,1115192,Xã Ngư Thủy,38,Tỉnh Quảng Trị,9766,Xã Sen Ngư
56,Tỉnh Quảng Bình,1080,Huyện Lệ Thủy,1180728,Xã Phong Thủy,38,Tỉnh Quảng Trị,9254,Xã Lệ Thủy
56,Tỉnh Quảng Bình,1080,Huyện Lệ Thủy,1246264,Xã Phú Thủy,38,Tỉnh Quảng Trị,10278,Xã Trường Phú
56,Tỉnh Quảng Bình,1080,Huyện Lệ Thủy,1311800,Xã Dương Thủy,38,Tỉnh Quảng Trị,10022,Xã Tân Mỹ
56,Tỉnh Quảng Bình,1080,Huyện Lệ Thủy,1377336,Xã Hoa Thủy,38,Tỉnh Quảng Trị,10534,Xã Lệ Ninh
56,Tỉnh Quảng Bình,1080,Huyện Lệ Thủy,1442872,Xã Liên Thủy,38,Tỉnh Quảng Trị,9254,Xã Lệ Thủy
56,Tỉnh Quảng Bình,1080,Huyện Lệ Thủy,1508408,Xã Mỹ Thủy,38,Tỉnh Quảng Trị,10022,Xã Tân Mỹ
56,Tỉnh Quảng Bình,1080,Huyện Lệ Thủy,1573944,Xã Sơn Thủy,38,Tỉnh Quảng Trị,10534,Xã Lệ Ninh
56,Tỉnh Quảng Bình,1080,Huyện Lệ Thủy,1639480,Xã Hưng Thủy,38,Tỉnh Quảng Trị,9766,Xã Sen Ngư
56,Tỉnh Quảng Bình,1080,Huyện Lệ Thủy,1705016,Xã Sen Thủy,38,Tỉnh Quảng Trị,9766,Xã Sen Ngư
56,Tỉnh Quảng Bình,1336,Huyện Minh Hóa,66872,Xã Dân Hóa,38,Tỉnh Quảng Trị,2854,Xã Dân Hóa
56,Tỉnh Quảng Bình,1336,Huyện Minh Hóa,132408,Xã Hóa Sơn,38,Tỉnh Quảng Trị,3110,Xã Kim Điền
56,Tỉnh Quảng Bình,1336,Huyện Minh Hóa,197944,Xã Tân Hóa,38,Tỉnh Quảng Trị,3366,Xã Kim Phú
56,Tỉnh Quảng Bình,1336,Huyện Minh Hóa,263480,Xã Trọng Hóa,38,Tỉnh Quảng Trị,2854,Xã Dân Hóa
56,Tỉnh Quảng Bình,1336,Huyện Minh Hóa,329016,Xã Yên Hóa,38,Tỉnh Quảng Trị,3622,Xã Minh Hóa
56,Tỉnh Quảng Bình,1336,Huyện Minh Hóa,394552,Thị Trấn Quy Đạt,38,Tỉnh Quảng Trị,3622,Xã Minh Hóa
56,Tỉnh Quảng Bình,1336,Huyện Minh Hóa,460088,Xã Hóa Hợp,38,Tỉnh Quảng Trị,3110,Xã Kim Điền
56,Tỉnh Quảng Bình,1336,Huyện Minh Hóa,656696,Xã Tân Thành,38,Tỉnh Quảng Trị,806,Xã Tân Thành
56,Tỉnh Quảng Bình,1336,Huyện Minh Hóa,722232,Xã Hồng Hóa,38,Tỉnh Quảng Trị,3622,Xã Minh Hóa
56,Tỉnh Quảng Bình,1336,Huyện Minh Hóa,787768,Xã Minh Hóa,38,Tỉnh Quảng Trị,3366,Xã Kim Phú
56,Tỉnh Quảng Bình,1336,Huyện Minh Hóa,853304,Xã Thượng Hóa,38,Tỉnh Quảng Trị,3366,Xã Kim Phú
56,Tỉnh Quảng Bình,1336,Huyện Minh Hóa,918840,Xã Trung Hóa,38,Tỉnh Quảng Trị,3366,Xã Kim Phú
56,Tỉnh Quảng Bình,1336,Huyện Minh Hóa,984376,Xã Xuân Hóa,38,Tỉnh Quảng Trị,3622,Xã Minh Hóa
56,Tỉnh Quảng Bình,1592,Huyện Quảng Ninh,67128,Xã An Ninh,38,Tỉnh Quảng Trị,8742,Xã Trường Ninh
56,Tỉnh Quảng Bình,1592,Huyện Quảng Ninh,132664,Xã Tân Ninh,38,Tỉnh Quảng Trị,8486,Xã Ninh Châu
56,Tỉnh Quảng Bình,1592,Huyện Quảng Ninh,198200,Xã Trường Xuân,38,Tỉnh Quảng Trị,8998,Xã Trường Sơn
56,Tỉnh Quảng Bình,1592,Huyện Quảng Ninh,263736,Xã Xuân Ninh,38,Tỉnh Quảng Trị,8742,Xã Trường Ninh
56,Tỉnh Quảng Bình,1592,Huyện Quảng Ninh,329272,Xã Trường Sơn,38,Tỉnh Quảng Trị,8998,Xã Trường Sơn
56,Tỉnh Quảng Bình,1592,Huyện Quảng Ninh,394808,Xã Duy Ninh,38,Tỉnh Quảng Trị,8486,Xã Ninh Châu
56,Tỉnh Quảng Bình,1592,Huyện Quảng Ninh,460344,Xã Gia Ninh,38,Tỉnh Quảng Trị,8486,Xã Ninh Châu
56,Tỉnh Quảng Bình,1592,Huyện Quảng Ninh,525880,Xã Hải Ninh,38,Tỉnh Quảng Trị,8486,Xã Ninh Châu
56,Tỉnh Quảng Bình,1592,Huyện Quảng Ninh,591416,Xã Hàm Ninh,38,Tỉnh Quảng Trị,8230,Xã Quảng Ninh
56,Tỉnh Quảng Bình,1592,Huyện Quảng Ninh,656952,Xã Hiền Ninh,38,Tỉnh Quảng Trị,8742,Xã Trường Ninh
56,Tỉnh Quảng Bình,1592,Huyện Quảng Ninh,722488,Xã Vạn Ninh,38,Tỉnh Quảng Trị,8742,Xã Trường Ninh
56,Tỉnh Quảng Bình,1592,Huyện Quảng Ninh,788024,Xã Vĩnh Ninh,38,Tỉnh Quảng Trị,8230,Xã Quảng Ninh
56,Tỉnh Quảng Bình,1592,Huyện Quảng Ninh,853560,Xã Võ Ninh,38,Tỉnh Quảng Trị,8230,Xã Quảng Ninh
56,Tỉnh Quảng Bình,1592,Huyện Quảng Ninh,984632,Thị Trấn Quán Hàu,38,Tỉnh Quảng Trị,8230,Xã Quảng Ninh
56,Tỉnh Quảng Bình,1848,Huyện Quảng Trạch,67384,Xã Cảnh Dương,38,Tỉnh Quảng Trị,6182,Xã Hòa Trạch
56,Tỉnh Quảng Bình,1848,Huyện Quảng Trạch,132920,Xã Phù Cảnh,38,Tỉnh Quảng Trị,5414,Xã Tân Gianh
56,Tỉnh Quảng Bình,1848,Huyện Quảng Trạch,198456,Xã Liên Trường,38,Tỉnh Quảng Trị,5414,Xã Tân Gianh
56,Tỉnh Quảng Bình,1848,Huyện Quảng Trạch,329528,Xã Quảng Châu,38,Tỉnh Quảng Trị,6182,Xã Hòa Trạch
56,Tỉnh Quảng Bình,1848,Huyện Quảng Trạch,395064,Xã Quảng Hợp,38,Tỉnh Quảng Trị,294,Xã Phú Trạch
56,Tỉnh Quảng Bình,1848,Huyện Quảng Trạch,460600,Xã Quảng Kim,38,Tỉnh Quảng Trị,294,Xã Phú Trạch
56,Tỉnh Quảng Bình,1848,Huyện Quảng Trạch,526136,Xã Quảng Lưu,38,Tỉnh Quảng Trị,5670,Xã Trung Thuần
56,Tỉnh Quảng Bình,1848,Huyện Quảng Trạch,591672,Xã Quảng Phương,38,Tỉnh Quảng Trị,5926,Xã Quảng Trạch
56,Tỉnh Quảng Bình,1848,Huyện Quảng Trạch,657208,Xã Quảng Thạch,38,Tỉnh Quảng Trị,5670,Xã Trung Thuần
56,Tỉnh Quảng Bình,1848,Huyện Quảng Trạch,722744,Xã Quảng Thanh,38,Tỉnh Quảng Trị,5414,Xã Tân Gianh
56,Tỉnh Quảng Bình,1848,Huyện Quảng Trạch,788280,Xã Quảng Tiến,38,Tỉnh Quảng Trị,5670,Xã Trung Thuần
56,Tỉnh Quảng Bình,1848,Huyện Quảng Trạch,853816,Xã Quảng Xuân,38,Tỉnh Quảng Trị,5926,Xã Quảng Trạch
56,Tỉnh Quảng Bình,1848,Huyện Quảng Trạch,919352,Xã Quảng Đông,38,Tỉnh Quảng Trị,294,Xã Phú Trạch
56,Tỉnh Quảng Bình,1848,Huyện Quảng Trạch,984888,Xã Quảng Hưng,38,Tỉnh Quảng Trị,5926,Xã Quảng Trạch
56,Tỉnh Quảng Bình,1848,Huyện Quảng Trạch,1050424,Xã Quảng Phú,38,Tỉnh Quảng Trị,294,Xã Phú Trạch
56,Tỉnh Quảng Bình,1848,Huyện Quảng Trạch,1115960,Xã Quảng Tùng,38,Tỉnh Quảng Trị,6182,Xã Hòa Trạch
56,Tỉnh Quảng Bình,2104,Huyện Tuyên Hóa,67640,Xã Đồng Hóa,38,Tỉnh Quảng Trị,4646,Xã Tuyên Phú
56,Tỉnh Quảng Bình,2104,Huyện Tuyên Hóa,133176,Xã Mai Hóa,38,Tỉnh Quảng Trị,4902,Xã Tuyên Bình
56,Tỉnh Quảng Bình,2104,Huyện Tuyên Hóa,198712,Xã Châu Hóa,38,Tỉnh Quảng Trị,5158,Xã Tuyên Hóa
56,Tỉnh Quảng Bình,2104,Huyện Tuyên Hóa,264248,Thị Trấn Đồng Lê,38,Tỉnh Quảng Trị,4390,Xã Đồng Lê
56,Tỉnh Quảng Bình,2104,Huyện Tuyên Hóa,329784,Xã Đức Hóa,38,Tỉnh Quảng Trị,4646,Xã Tuyên Phú
56,Tỉnh Quảng Bình,2104,Huyện Tuyên Hóa,395320,Xã Hương Hóa,38,Tỉnh Quảng Trị,4134,Xã Tuyên Sơn
56,Tỉnh Quảng Bình,2104,Huyện Tuyên Hóa,460856,Xã Kim Hóa,38,Tỉnh Quảng Trị,4390,Xã Đồng Lê
56,Tỉnh Quảng Bình,2104,Huyện Tuyên Hóa,526392,Xã Lâm Hóa,38,Tỉnh Quảng Trị,3878,Xã Tuyên Lâm
56,Tỉnh Quảng Bình,2104,Huyện Tuyên Hóa,591928,Xã Lê Hóa,38,Tỉnh Quảng Trị,4390,Xã Đồng Lê
56,Tỉnh Quảng Bình,2104,Huyện Tuyên Hóa,657464,Xã Phong Hóa,38,Tỉnh Quảng Trị,4902,Xã Tuyên Bình
56,Tỉnh Quảng Bình,2104,Huyện Tuyên Hóa,723000,Xã Sơn Hóa,38,Tỉnh Quảng Trị,4390,Xã Đồng Lê
56,Tỉnh Quảng Bình,2104,Huyện Tuyên Hóa,788536,Xã Thanh Hóa,38,Tỉnh Quảng Trị,3878,Xã Tuyên Lâm
56,Tỉnh Quảng Bình,2104,Huyện Tuyên Hóa,854072,Xã Thuận Hóa,38,Tỉnh Quảng Trị,4390,Xã Đồng Lê
56,Tỉnh Quảng Bình,2104,Huyện Tuyên Hóa,919608,Xã Văn Hóa,38,Tỉnh Quảng Trị,5158,Xã Tuyên Hóa
56,Tỉnh Quảng Bình,2104,Huyện Tuyên Hóa,985144,Xã Cao Quảng,38,Tỉnh Quảng Trị,5158,Xã Tuyên Hóa
56,Tỉnh Quảng Bình,2104,Huyện Tuyên Hóa,1050680,Xã Ngư Hóa,38,Tỉnh Quảng Trị,4902,Xã Tuyên Bình
56,Tỉnh Quảng Bình,2104,Huyện Tuyên Hóa,1116216,Xã Thanh Thạch,38,Tỉnh Quảng Trị,4134,Xã Tuyên Sơn
56,Tỉnh Quảng Bình,2104,Huyện Tuyên Hóa,1181752,Xã Tiến Hóa,38,Tỉnh Quảng Trị,5158,Xã Tuyên Hóa
56,Tỉnh Quảng Bình,2104,Huyện Tuyên Hóa,1247288,Xã Thạch Hóa,38,Tỉnh Quảng Trị,4646,Xã Tuyên Phú
57,Tỉnh Quảng Nam,313,Thành Phố Hội An,65849,Phường Tân An,13,Thành Phố Đà Nẵng,12813,Phường Hội An Tây
57,Tỉnh Quảng Nam,313,Thành Phố Hội An,131385,Phường Cẩm An,13,Thành Phố Đà Nẵng,12813,Phường Hội An Tây
57,Tỉnh Quảng Nam,313,Thành Phố Hội An,196921,Phường Cẩm Châu,13,Thành Phố Đà Nẵng,12557,Phường Hội An Đông
57,Tỉnh Quảng Nam,313,Thành Phố Hội An,262457,Phường Cẩm Nam,13,Thành Phố Đà Nẵng,12301,Phường Hội An
57,Tỉnh Quảng Nam,313,Thành Phố Hội An,327993,Phường Cẩm Phô,13,Thành Phố Đà Nẵng,12301,Phường Hội An
57,Tỉnh Quảng Nam,313,Thành Phố Hội An,393529,Phường Thanh Hà,13,Thành Phố Đà Nẵng,12813,Phường Hội An Tây
57,Tỉnh Quảng Nam,313,Thành Phố Hội An,459065,Xã Cẩm Hà,13,Thành Phố Đà Nẵng,12813,Phường Hội An Tây
57,Tỉnh Quảng Nam,313,Thành Phố Hội An,524601,Xã Cẩm Kim,13,Thành Phố Đà Nẵng,12301,Phường Hội An
57,Tỉnh Quảng Nam,313,Thành Phố Hội An,590137,Xã Cẩm Thanh,13,Thành Phố Đà Nẵng,12557,Phường Hội An Đông
57,Tỉnh Quảng Nam,313,Thành Phố Hội An,655673,Phường Cửa Đại,13,Thành Phố Đà Nẵng,12557,Phường Hội An Đông
57,Tỉnh Quảng Nam,313,Thành Phố Hội An,721209,Phường Minh An,13,Thành Phố Đà Nẵng,12301,Phường Hội An
57,Tỉnh Quảng Nam,313,Thành Phố Hội An,786745,Phường Sơn Phong,13,Thành Phố Đà Nẵng,12301,Phường Hội An
57,Tỉnh Quảng Nam,313,Thành Phố Hội An,852281,Xã Tân Hiệp,13,Thành Phố Đà Nẵng,1293,Xã Tân Hiệp
57,Tỉnh Quảng Nam,569,Thành Phố Tam Kỳ,66105,Phường An Mỹ,13,Thành Phố Đà Nẵng,24077,Phường Tam Kỳ
57,Tỉnh Quảng Nam,569,Thành Phố Tam Kỳ,131641,Phường An Phú,13,Thành Phố Đà Nẵng,1805,Phường Quảng Phú
57,Tỉnh Quảng Nam,569,Thành Phố Tam Kỳ,197177,Phường An Sơn,13,Thành Phố Đà Nẵng,2061,Phường Hương Trà
57,Tỉnh Quảng Nam,569,Thành Phố Tam Kỳ,262713,Phường An Xuân,13,Thành Phố Đà Nẵng,24077,Phường Tam Kỳ
57,Tỉnh Quảng Nam,569,Thành Phố Tam Kỳ,328249,Phường Hòa Hương,13,Thành Phố Đà Nẵng,2061,Phường Hương Trà
57,Tỉnh Quảng Nam,569,Thành Phố Tam Kỳ,393785,Phường Hòa Thuận,13,Thành Phố Đà Nẵng,2317,Phường Bàn Thạch
57,Tỉnh Quảng Nam,569,Thành Phố Tam Kỳ,524857,Phường Tân Thạnh,13,Thành Phố Đà Nẵng,2317,Phường Bàn Thạch
57,Tỉnh Quảng Nam,569,Thành Phố Tam Kỳ,590393,Phường Trường Xuân,13,Thành Phố Đà Nẵng,24077,Phường Tam Kỳ
57,Tỉnh Quảng Nam,569,Thành Phố Tam Kỳ,655929,Xã Tam Ngọc,13,Thành Phố Đà Nẵng,2061,Phường Hương Trà
57,Tỉnh Quảng Nam,569,Thành Phố Tam Kỳ,721465,Xã Tam Phú,13,Thành Phố Đà Nẵng,1805,Phường Quảng Phú
57,Tỉnh Quảng Nam,569,Thành Phố Tam Kỳ,787001,Xã Tam Thăng,13,Thành Phố Đà Nẵng,2317,Phường Bàn Thạch
57,Tỉnh Quảng Nam,569,Thành Phố Tam Kỳ,852537,Xã Tam Thanh,13,Thành Phố Đà Nẵng,1805,Phường Quảng Phú
57,Tỉnh Quảng Nam,825,Thị Xã Điện Bàn,66361,Phường Điện Nam Trung,13,Thành Phố Đà Nẵng,11021,Phường Điện Bàn Đông
57,Tỉnh Quảng Nam,825,Thị Xã Điện Bàn,131897,Phường Điện Nam Bắc,13,Thành Phố Đà Nẵng,11021,Phường Điện Bàn Đông
57,Tỉnh Quảng Nam,825,Thị Xã Điện Bàn,197433,Xã Điện Hòa,13,Thành Phố Đà Nẵng,11533,Phường Điện Bàn Bắc
57,Tỉnh Quảng Nam,825,Thị Xã Điện Bàn,262969,Phường Điện An,13,Thành Phố Đà Nẵng,11277,Phường An Thắng
57,Tỉnh Quảng Nam,825,Thị Xã Điện Bàn,328505,Phường Điện Dương,13,Thành Phố Đà Nẵng,11021,Phường Điện Bàn Đông
57,Tỉnh Quảng Nam,825,Thị Xã Điện Bàn,394041,Phường Vĩnh Điện,13,Thành Phố Đà Nẵng,10765,Phường Điện Bàn
57,Tỉnh Quảng Nam,825,Thị Xã Điện Bàn,459577,Xã Điện Phước,13,Thành Phố Đà Nẵng,11789,Xã Điện Bàn Tây
57,Tỉnh Quảng Nam,825,Thị Xã Điện Bàn,525113,Phường Điện Ngọc,13,Thành Phố Đà Nẵng,11021,Phường Điện Bàn Đông
57,Tỉnh Quảng Nam,825,Thị Xã Điện Bàn,590649,Xã Điện Phong,13,Thành Phố Đà Nẵng,12045,Xã Gò Nổi
57,Tỉnh Quảng Nam,825,Thị Xã Điện Bàn,656185,Xã Điện Hồng,13,Thành Phố Đà Nẵng,11789,Xã Điện Bàn Tây
57,Tỉnh Quảng Nam,825,Thị Xã Điện Bàn,721721,Phường Điện Minh,13,Thành Phố Đà Nẵng,10765,Phường Điện Bàn
57,Tỉnh Quảng Nam,825,Thị Xã Điện Bàn,787257,Phường Điện Nam Đông,13,Thành Phố Đà Nẵng,11021,Phường Điện Bàn Đông
57,Tỉnh Quảng Nam,825,Thị Xã Điện Bàn,852793,Phường Điện Phương,13,Thành Phố Đà Nẵng,10765,Phường Điện Bàn
57,Tỉnh Quảng Nam,825,Thị Xã Điện Bàn,918329,Xã Điện Quang,13,Thành Phố Đà Nẵng,12045,Xã Gò Nổi
57,Tỉnh Quảng Nam,825,Thị Xã Điện Bàn,983865,Phường Điện Thắng Bắc,13,Thành Phố Đà Nẵng,11533,Phường Điện Bàn Bắc
57,Tỉnh Quảng Nam,825,Thị Xã Điện Bàn,1049401,Phường Điện Thắng Nam,13,Thành Phố Đà Nẵng,11277,Phường An Thắng
57,Tỉnh Quảng Nam,825,Thị Xã Điện Bàn,1114937,Phường Điện Thắng Trung,13,Thành Phố Đà Nẵng,11277,Phường An Thắng
57,Tỉnh Quảng Nam,825,Thị Xã Điện Bàn,1180473,Xã Điện Thọ,13,Thành Phố Đà Nẵng,11789,Xã Điện Bàn Tây
57,Tỉnh Quảng Nam,825,Thị Xã Điện Bàn,1246009,Xã Điện Tiến,13,Thành Phố Đà Nẵng,11533,Phường Điện Bàn Bắc
57,Tỉnh Quảng Nam,825,Thị Xã Điện Bàn,1311545,Xã Điện Trung,13,Thành Phố Đà Nẵng,12045,Xã Gò Nổi
57,Tỉnh Quảng Nam,1081,Huyện Bắc Trà My,66617,Xã Trà Ka,13,Thành Phố Đà Nẵng,4621,Xã Trà Giáp
57,Tỉnh Quảng Nam,1081,Huyện Bắc Trà My,132153,Xã Trà Đốc,13,Thành Phố Đà Nẵng,5133,Xã Trà Đốc
57,Tỉnh Quảng Nam,1081,Huyện Bắc Trà My,197689,Xã Trà Giáp,13,Thành Phố Đà Nẵng,4621,Xã Trà Giáp
57,Tỉnh Quảng Nam,1081,Huyện Bắc Trà My,263225,Thị Trấn Trà My,13,Thành Phố Đà Nẵng,5389,Xã Trà My
57,Tỉnh Quảng Nam,1081,Huyện Bắc Trà My,328761,Xã Trà Bui,13,Thành Phố Đà Nẵng,5133,Xã Trà Đốc
57,Tỉnh Quảng Nam,1081,Huyện Bắc Trà My,394297,Xã Trà Đông,13,Thành Phố Đà Nẵng,4365,Xã Trà Liên
57,Tỉnh Quảng Nam,1081,Huyện Bắc Trà My,459833,Xã Trà Dương,13,Thành Phố Đà Nẵng,5389,Xã Trà My
57,Tỉnh Quảng Nam,1081,Huyện Bắc Trà My,525369,Xã Trà Giác,13,Thành Phố Đà Nẵng,4877,Xã Trà Tân
57,Tỉnh Quảng Nam,1081,Huyện Bắc Trà My,590905,Xã Trà Giang,13,Thành Phố Đà Nẵng,5389,Xã Trà My
57,Tỉnh Quảng Nam,1081,Huyện Bắc Trà My,656441,Xã Trà Kót,13,Thành Phố Đà Nẵng,4365,Xã Trà Liên
57,Tỉnh Quảng Nam,1081,Huyện Bắc Trà My,721977,Xã Trà Nú,13,Thành Phố Đà Nẵng,4365,Xã Trà Liên
57,Tỉnh Quảng Nam,1081,Huyện Bắc Trà My,787513,Xã Trà Sơn,13,Thành Phố Đà Nẵng,5389,Xã Trà My
57,Tỉnh Quảng Nam,1081,Huyện Bắc Trà My,853049,Xã Trà Tân,13,Thành Phố Đà Nẵng,4877,Xã Trà Tân
57,Tỉnh Quảng Nam,1337,Huyện Duy Xuyên,66873,Thị Trấn Nam Phước,13,Thành Phố Đà Nẵng,9997,Xã Nam Phước
57,Tỉnh Quảng Nam,1337,Huyện Duy Xuyên,132409,Xã Duy Châu,13,Thành Phố Đà Nẵng,10509,Xã Thu Bồn
57,Tỉnh Quảng Nam,1337,Huyện Duy Xuyên,197945,Xã Duy Hải,13,Thành Phố Đà Nẵng,9741,Xã Duy Nghĩa
57,Tỉnh Quảng Nam,1337,Huyện Duy Xuyên,263481,Xã Duy Hòa,13,Thành Phố Đà Nẵng,10509,Xã Thu Bồn
57,Tỉnh Quảng Nam,1337,Huyện Duy Xuyên,329017,Xã Duy Nghĩa,13,Thành Phố Đà Nẵng,9741,Xã Duy Nghĩa
57,Tỉnh Quảng Nam,1337,Huyện Duy Xuyên,394553,Xã Duy Phú,13,Thành Phố Đà Nẵng,10509,Xã Thu Bồn
57,Tỉnh Quảng Nam,1337,Huyện Duy Xuyên,460089,Xã Duy Phước,13,Thành Phố Đà Nẵng,9997,Xã Nam Phước
57,Tỉnh Quảng Nam,1337,Huyện Duy Xuyên,525625,Xã Duy Sơn,13,Thành Phố Đà Nẵng,10253,Xã Duy Xuyên
57,Tỉnh Quảng Nam,1337,Huyện Duy Xuyên,591161,Xã Duy Tân,13,Thành Phố Đà Nẵng,10509,Xã Thu Bồn
57,Tỉnh Quảng Nam,1337,Huyện Duy Xuyên,656697,Xã Duy Thành,13,Thành Phố Đà Nẵng,9741,Xã Duy Nghĩa
57,Tỉnh Quảng Nam,1337,Huyện Duy Xuyên,787769,Xã Duy Trinh,13,Thành Phố Đà Nẵng,10253,Xã Duy Xuyên
57,Tỉnh Quảng Nam,1337,Huyện Duy Xuyên,853305,Xã Duy Trung,13,Thành Phố Đà Nẵng,10253,Xã Duy Xuyên
57,Tỉnh Quảng Nam,1337,Huyện Duy Xuyên,918841,Xã Duy Vinh,13,Thành Phố Đà Nẵng,9997,Xã Nam Phước
57,Tỉnh Quảng Nam,1593,Huyện Hiệp Đức,67129,Xã Phước Gia,13,Thành Phố Đà Nẵng,17933,Xã Phước Trà
57,Tỉnh Quảng Nam,1593,Huyện Hiệp Đức,132665,Xã Bình Lâm,13,Thành Phố Đà Nẵng,17677,Xã Việt An
57,Tỉnh Quảng Nam,1593,Huyện Hiệp Đức,198201,Xã Bình Sơn,13,Thành Phố Đà Nẵng,17677,Xã Việt An
57,Tỉnh Quảng Nam,1593,Huyện Hiệp Đức,329273,Xã Phước Trà,13,Thành Phố Đà Nẵng,17933,Xã Phước Trà
57,Tỉnh Quảng Nam,1593,Huyện Hiệp Đức,394809,Xã Quế Tân,13,Thành Phố Đà Nẵng,17421,Xã Hiệp Đức
57,Tỉnh Quảng Nam,1593,Huyện Hiệp Đức,460345,Xã Quế Lưu,13,Thành Phố Đà Nẵng,17421,Xã Hiệp Đức
57,Tỉnh Quảng Nam,1593,Huyện Hiệp Đức,525881,Xã Quế Thọ,13,Thành Phố Đà Nẵng,17677,Xã Việt An
57,Tỉnh Quảng Nam,1593,Huyện Hiệp Đức,591417,Xã Sông Trà,13,Thành Phố Đà Nẵng,17933,Xã Phước Trà
57,Tỉnh Quảng Nam,1593,Huyện Hiệp Đức,656953,Xã Thăng Phước,13,Thành Phố Đà Nẵng,17677,Xã Việt An
57,Tỉnh Quảng Nam,1593,Huyện Hiệp Đức,722489,Thị Trấn Tân Bình,13,Thành Phố Đà Nẵng,17421,Xã Hiệp Đức
57,Tỉnh Quảng Nam,1849,Huyện Đại Lộc,67385,Xã Đại Cường,13,Thành Phố Đà Nẵng,13837,Xã Vu Gia
57,Tỉnh Quảng Nam,1849,Huyện Đại Lộc,132921,Xã Đại Đồng,13,Thành Phố Đà Nẵng,13325,Xã Hà Nha
57,Tỉnh Quảng Nam,1849,Huyện Đại Lộc,198457,Thị Trấn Ái Nghĩa,13,Thành Phố Đà Nẵng,13069,Xã Đại Lộc
57,Tỉnh Quảng Nam,1849,Huyện Đại Lộc,263993,Xã Đại An,13,Thành Phố Đà Nẵng,13069,Xã Đại Lộc
57,Tỉnh Quảng Nam,1849,Huyện Đại Lộc,329529,Xã Đại Chánh,13,Thành Phố Đà Nẵng,14093,Xã Phú Thuận
57,Tỉnh Quảng Nam,1849,Huyện Đại Lộc,395065,Xã Đại Hiệp,13,Thành Phố Đà Nẵng,13069,Xã Đại Lộc
57,Tỉnh Quảng Nam,1849,Huyện Đại Lộc,460601,Xã Đại Hòa,13,Thành Phố Đà Nẵng,13069,Xã Đại Lộc
57,Tỉnh Quảng Nam,1849,Huyện Đại Lộc,526137,Xã Đại Hồng,13,Thành Phố Đà Nẵng,13325,Xã Hà Nha
57,Tỉnh Quảng Nam,1849,Huyện Đại Lộc,591673,Xã Đại Hưng,13,Thành Phố Đà Nẵng,13581,Xã Thượng Đức
57,Tỉnh Quảng Nam,1849,Huyện Đại Lộc,657209,Xã Đại Lãnh,13,Thành Phố Đà Nẵng,13581,Xã Thượng Đức
57,Tỉnh Quảng Nam,1849,Huyện Đại Lộc,722745,Xã Đại Minh,13,Thành Phố Đà Nẵng,13837,Xã Vu Gia
57,Tỉnh Quảng Nam,1849,Huyện Đại Lộc,788281,Xã Đại Nghĩa,13,Thành Phố Đà Nẵng,13069,Xã Đại Lộc
57,Tỉnh Quảng Nam,1849,Huyện Đại Lộc,853817,Xã Đại Phong,13,Thành Phố Đà Nẵng,13837,Xã Vu Gia
57,Tỉnh Quảng Nam,1849,Huyện Đại Lộc,919353,Xã Đại Quang,13,Thành Phố Đà Nẵng,13325,Xã Hà Nha
57,Tỉnh Quảng Nam,1849,Huyện Đại Lộc,984889,Xã Đại Sơn,13,Thành Phố Đà Nẵng,13581,Xã Thượng Đức
57,Tỉnh Quảng Nam,1849,Huyện Đại Lộc,1050425,Xã Đại Tân,13,Thành Phố Đà Nẵng,14093,Xã Phú Thuận
57,Tỉnh Quảng Nam,1849,Huyện Đại Lộc,1115961,Xã Đại Thắng,13,Thành Phố Đà Nẵng,14093,Xã Phú Thuận
57,Tỉnh Quảng Nam,1849,Huyện Đại Lộc,1181497,Xã Đại Thạnh,13,Thành Phố Đà Nẵng,14093,Xã Phú Thuận
57,Tỉnh Quảng Nam,2105,Huyện Nam Giang,67641,Xã Laêê,13,Thành Phố Đà Nẵng,15373,Xã La Êê
57,Tỉnh Quảng Nam,2105,Huyện Nam Giang,133177,Thị Trấn Thạnh Mỹ,13,Thành Phố Đà Nẵng,1037,Xã Thạnh Mỹ
57,Tỉnh Quảng Nam,2105,Huyện Nam Giang,198713,Xã Cà Dy,13,Thành Phố Đà Nẵng,14349,Xã Bến Giằng
57,Tỉnh Quảng Nam,2105,Huyện Nam Giang,264249,Xã Chà Vàl,13,Thành Phố Đà Nẵng,14605,Xã Nam Giang
57,Tỉnh Quảng Nam,2105,Huyện Nam Giang,329785,Xã Đắc Pring,13,Thành Phố Đà Nẵng,14861,Xã Đắc Pring
57,Tỉnh Quảng Nam,2105,Huyện Nam Giang,395321,Xã La Dêê,13,Thành Phố Đà Nẵng,15117,Xã La Dêê
57,Tỉnh Quảng Nam,2105,Huyện Nam Giang,460857,Xã Tà Bhinh,13,Thành Phố Đà Nẵng,14349,Xã Bến Giằng
57,Tỉnh Quảng Nam,2105,Huyện Nam Giang,526393,Xã Zuôich,13,Thành Phố Đà Nẵng,14605,Xã Nam Giang
57,Tỉnh Quảng Nam,2105,Huyện Nam Giang,591929,Xã Đắc Tôi,13,Thành Phố Đà Nẵng,15117,Xã La Dêê
57,Tỉnh Quảng Nam,2105,Huyện Nam Giang,657465,Xã Tà Pơơ,13,Thành Phố Đà Nẵng,14349,Xã Bến Giằng
57,Tỉnh Quảng Nam,2105,Huyện Nam Giang,723001,Xã Chơ Chun,13,Thành Phố Đà Nẵng,15373,Xã La Êê
57,Tỉnh Quảng Nam,2105,Huyện Nam Giang,788537,Xã Đắc Pre,13,Thành Phố Đà Nẵng,14861,Xã Đắc Pring
57,Tỉnh Quảng Nam,2361,Huyện Nam Trà My,67897,Xã Trà Vân,13,Thành Phố Đà Nẵng,6157,Xã Trà Vân
57,Tỉnh Quảng Nam,2361,Huyện Nam Trà My,133433,Xã Trà Leng,13,Thành Phố Đà Nẵng,6669,Xã Trà Leng
57,Tỉnh Quảng Nam,2361,Huyện Nam Trà My,198969,Xã Trà Don,13,Thành Phố Đà Nẵng,5645,Xã Nam Trà My
57,Tỉnh Quảng Nam,2361,Huyện Nam Trà My,264505,Xã Trà Linh,13,Thành Phố Đà Nẵng,6413,Xã Trà Linh
57,Tỉnh Quảng Nam,2361,Huyện Nam Trà My,330041,Xã Trà Mai,13,Thành Phố Đà Nẵng,5645,Xã Nam Trà My
57,Tỉnh Quảng Nam,2361,Huyện Nam Trà My,395577,Xã Trà Nam,13,Thành Phố Đà Nẵng,6413,Xã Trà Linh
57,Tỉnh Quảng Nam,2361,Huyện Nam Trà My,461113,Xã Trà Tập,13,Thành Phố Đà Nẵng,5901,Xã Trà Tập
57,Tỉnh Quảng Nam,2361,Huyện Nam Trà My,526649,Xã Trà Dơn,13,Thành Phố Đà Nẵng,6669,Xã Trà Leng
57,Tỉnh Quảng Nam,2361,Huyện Nam Trà My,592185,Xã Trà Vinh,13,Thành Phố Đà Nẵng,6157,Xã Trà Vân
57,Tỉnh Quảng Nam,2361,Huyện Nam Trà My,657721,Xã Trà Cang,13,Thành Phố Đà Nẵng,5901,Xã Trà Tập
57,Tỉnh Quảng Nam,2617,Huyện Đông Giang,68153,Xã Ka Dăng,13,Thành Phố Đà Nẵng,16397,Xã Bến Hiên
57,Tỉnh Quảng Nam,2617,Huyện Đông Giang,133689,Xã A Rooi,13,Thành Phố Đà Nẵng,16141,Xã Đông Giang
57,Tỉnh Quảng Nam,2617,Huyện Đông Giang,199225,Xã Jơ Ngây,13,Thành Phố Đà Nẵng,15885,Xã Sông Kôn
57,Tỉnh Quảng Nam,2617,Huyện Đông Giang,264761,Xã Sông Kôn,13,Thành Phố Đà Nẵng,15885,Xã Sông Kôn
57,Tỉnh Quảng Nam,2617,Huyện Đông Giang,330297,Xã Tà Lu,13,Thành Phố Đà Nẵng,16141,Xã Đông Giang
57,Tỉnh Quảng Nam,2617,Huyện Đông Giang,395833,Xã Tư,13,Thành Phố Đà Nẵng,15629,Xã Sông Vàng
57,Tỉnh Quảng Nam,2617,Huyện Đông Giang,461369,Xã Za Hung,13,Thành Phố Đà Nẵng,16141,Xã Đông Giang
57,Tỉnh Quảng Nam,2617,Huyện Đông Giang,526905,Xã A Ting,13,Thành Phố Đà Nẵng,15885,Xã Sông Kôn
57,Tỉnh Quảng Nam,2617,Huyện Đông Giang,592441,Xã Ba,13,Thành Phố Đà Nẵng,15629,Xã Sông Vàng
57,Tỉnh Quảng Nam,2617,Huyện Đông Giang,657977,Thị Trấn P Rao,13,Thành Phố Đà Nẵng,16141,Xã Đông Giang
57,Tỉnh Quảng Nam,2617,Huyện Đông Giang,723513,Xã Mà Cooi,13,Thành Phố Đà Nẵng,16397,Xã Bến Hiên
57,Tỉnh Quảng Nam,3129,Huyện Núi Thành,68665,Xã Tam Giang,13,Thành Phố Đà Nẵng,525,Xã Núi Thành
57,Tỉnh Quảng Nam,3129,Huyện Núi Thành,134201,Xã Tam Sơn,13,Thành Phố Đà Nẵng,23565,Xã Đức Phú
57,Tỉnh Quảng Nam,3129,Huyện Núi Thành,199737,Xã Tam Thạnh,13,Thành Phố Đà Nẵng,23565,Xã Đức Phú
57,Tỉnh Quảng Nam,3129,Huyện Núi Thành,265273,Xã Tam Tiến,13,Thành Phố Đà Nẵng,23821,Xã Tam Xuân
57,Tỉnh Quảng Nam,3129,Huyện Núi Thành,330809,Xã Tam Xuân 2,13,Thành Phố Đà Nẵng,23821,Xã Tam Xuân
57,Tỉnh Quảng Nam,3129,Huyện Núi Thành,396345,Xã Tam Trà,13,Thành Phố Đà Nẵng,23053,Xã Tam Mỹ
57,Tỉnh Quảng Nam,3129,Huyện Núi Thành,461881,Xã Tam Anh Nam,13,Thành Phố Đà Nẵng,23309,Xã Tam Anh
57,Tỉnh Quảng Nam,3129,Huyện Núi Thành,527417,Xã Tam Hải,13,Thành Phố Đà Nẵng,269,Xã Tam Hải
57,Tỉnh Quảng Nam,3129,Huyện Núi Thành,592953,Thị Trấn Núi Thành,13,Thành Phố Đà Nẵng,525,Xã Núi Thành
57,Tỉnh Quảng Nam,3129,Huyện Núi Thành,658489,Xã Tam Anh Bắc,13,Thành Phố Đà Nẵng,23309,Xã Tam Anh
57,Tỉnh Quảng Nam,3129,Huyện Núi Thành,724025,Xã Tam Hiệp,13,Thành Phố Đà Nẵng,525,Xã Núi Thành
57,Tỉnh Quảng Nam,3129,Huyện Núi Thành,789561,Xã Tam Hòa,13,Thành Phố Đà Nẵng,23309,Xã Tam Anh
57,Tỉnh Quảng Nam,3129,Huyện Núi Thành,855097,Xã Tam Mỹ Đông,13,Thành Phố Đà Nẵng,23053,Xã Tam Mỹ
57,Tỉnh Quảng Nam,3129,Huyện Núi Thành,920633,Xã Tam Mỹ Tây,13,Thành Phố Đà Nẵng,23053,Xã Tam Mỹ
57,Tỉnh Quảng Nam,3129,Huyện Núi Thành,986169,Xã Tam Nghĩa,13,Thành Phố Đà Nẵng,525,Xã Núi Thành
57,Tỉnh Quảng Nam,3129,Huyện Núi Thành,1051705,Xã Tam Quang,13,Thành Phố Đà Nẵng,525,Xã Núi Thành
57,Tỉnh Quảng Nam,3129,Huyện Núi Thành,1117241,Xã Tam Xuân 1,13,Thành Phố Đà Nẵng,23821,Xã Tam Xuân
57,Tỉnh Quảng Nam,3385,Huyện Phước Sơn,68921,Xã Phước Lộc,13,Thành Phố Đà Nẵng,18957,Xã Phước Thành
57,Tỉnh Quảng Nam,3385,Huyện Phước Sơn,134457,Xã Phước Thành,13,Thành Phố Đà Nẵng,18957,Xã Phước Thành
57,Tỉnh Quảng Nam,3385,Huyện Phước Sơn,199993,Xã Phước Chánh,13,Thành Phố Đà Nẵng,18701,Xã Phước Chánh
57,Tỉnh Quảng Nam,3385,Huyện Phước Sơn,265529,Xã Phước Xuân,13,Thành Phố Đà Nẵng,18189,Xã Khâm Đức
57,Tỉnh Quảng Nam,3385,Huyện Phước Sơn,331065,Xã Phước Đức,13,Thành Phố Đà Nẵng,18445,Xã Phước Năng
57,Tỉnh Quảng Nam,3385,Huyện Phước Sơn,396601,Xã Phước Hiệp,13,Thành Phố Đà Nẵng,19213,Xã Phước Hiệp
57,Tỉnh Quảng Nam,3385,Huyện Phước Sơn,462137,Xã Phước Mỹ,13,Thành Phố Đà Nẵng,18445,Xã Phước Năng
57,Tỉnh Quảng Nam,3385,Huyện Phước Sơn,527673,Xã Phước Năng,13,Thành Phố Đà Nẵng,18445,Xã Phước Năng
57,Tỉnh Quảng Nam,3385,Huyện Phước Sơn,593209,Thị Trấn Khâm Đức,13,Thành Phố Đà Nẵng,18189,Xã Khâm Đức
57,Tỉnh Quảng Nam,3385,Huyện Phước Sơn,658745,Xã Phước Công,13,Thành Phố Đà Nẵng,18701,Xã Phước Chánh
57,Tỉnh Quảng Nam,3385,Huyện Phước Sơn,724281,Xã Phước Hòa,13,Thành Phố Đà Nẵng,19213,Xã Phước Hiệp
57,Tỉnh Quảng Nam,3385,Huyện Phước Sơn,789817,Xã Phước Kim,13,Thành Phố Đà Nẵng,18957,Xã Phước Thành
57,Tỉnh Quảng Nam,3641,Huyện Phú Ninh,69177,Xã Tam Lộc,13,Thành Phố Đà Nẵng,2573,Xã Tây Hồ
57,Tỉnh Quảng Nam,3641,Huyện Phú Ninh,134713,Xã Tam Phước,13,Thành Phố Đà Nẵng,2573,Xã Tây Hồ
57,Tỉnh Quảng Nam,3641,Huyện Phú Ninh,200249,Xã Tam Thái,13,Thành Phố Đà Nẵng,2829,Xã Chiên Đàn
57,Tỉnh Quảng Nam,3641,Huyện Phú Ninh,265785,Xã Tam Thành,13,Thành Phố Đà Nẵng,2573,Xã Tây Hồ
57,Tỉnh Quảng Nam,3641,Huyện Phú Ninh,331321,Thị Trấn Phú Thịnh,13,Thành Phố Đà Nẵng,2829,Xã Chiên Đàn
57,Tỉnh Quảng Nam,3641,Huyện Phú Ninh,396857,Xã Tam An,13,Thành Phố Đà Nẵng,2573,Xã Tây Hồ
57,Tỉnh Quảng Nam,3641,Huyện Phú Ninh,462393,Xã Tam Đại,13,Thành Phố Đà Nẵng,3085,Xã Phú Ninh
57,Tỉnh Quảng Nam,3641,Huyện Phú Ninh,527929,Xã Tam Dân,13,Thành Phố Đà Nẵng,3085,Xã Phú Ninh
57,Tỉnh Quảng Nam,3641,Huyện Phú Ninh,593465,Xã Tam Đàn,13,Thành Phố Đà Nẵng,2829,Xã Chiên Đàn
57,Tỉnh Quảng Nam,3641,Huyện Phú Ninh,659001,Xã Tam Lãnh,13,Thành Phố Đà Nẵng,3085,Xã Phú Ninh
57,Tỉnh Quảng Nam,3897,Huyện Quế Sơn,69433,Xã Quế Long,13,Thành Phố Đà Nẵng,8717,Xã Quế Sơn
57,Tỉnh Quảng Nam,3897,Huyện Quế Sơn,134969,Xã Quế Minh,13,Thành Phố Đà Nẵng,8717,Xã Quế Sơn
57,Tỉnh Quảng Nam,3897,Huyện Quế Sơn,200505,Thị Trấn Đông Phú,13,Thành Phố Đà Nẵng,8717,Xã Quế Sơn
57,Tỉnh Quảng Nam,3897,Huyện Quế Sơn,266041,Xã Quế Xuân 1,13,Thành Phố Đà Nẵng,8973,Xã Xuân Phú
57,Tỉnh Quảng Nam,3897,Huyện Quế Sơn,331577,Thị Trấn Hương An,13,Thành Phố Đà Nẵng,8973,Xã Xuân Phú
57,Tỉnh Quảng Nam,3897,Huyện Quế Sơn,397113,Xã Quế An,13,Thành Phố Đà Nẵng,8717,Xã Quế Sơn
57,Tỉnh Quảng Nam,3897,Huyện Quế Sơn,462649,Xã Quế Châu,13,Thành Phố Đà Nẵng,8461,Xã Quế Sơn Trung
57,Tỉnh Quảng Nam,3897,Huyện Quế Sơn,528185,Xã Quế Hiệp,13,Thành Phố Đà Nẵng,8461,Xã Quế Sơn Trung
57,Tỉnh Quảng Nam,3897,Huyện Quế Sơn,593721,Xã Quế Phong,13,Thành Phố Đà Nẵng,8717,Xã Quế Sơn
57,Tỉnh Quảng Nam,3897,Huyện Quế Sơn,659257,Xã Quế Phú,13,Thành Phố Đà Nẵng,8973,Xã Xuân Phú
57,Tỉnh Quảng Nam,3897,Huyện Quế Sơn,724793,Xã Quế Thuận,13,Thành Phố Đà Nẵng,8461,Xã Quế Sơn Trung
57,Tỉnh Quảng Nam,3897,Huyện Quế Sơn,790329,Xã Quế Xuân 2,13,Thành Phố Đà Nẵng,8973,Xã Xuân Phú
57,Tỉnh Quảng Nam,3897,Huyện Quế Sơn,855865,Xã Quế Mỹ,13,Thành Phố Đà Nẵng,8461,Xã Quế Sơn Trung
57,Tỉnh Quảng Nam,3897,Huyện Quế Sơn,921401,Xã Phước Ninh,13,Thành Phố Đà Nẵng,9485,Xã Quế Phước
57,Tỉnh Quảng Nam,3897,Huyện Quế Sơn,986937,Xã Quế Lâm,13,Thành Phố Đà Nẵng,9485,Xã Quế Phước
57,Tỉnh Quảng Nam,3897,Huyện Quế Sơn,1052473,Xã Quế Lộc,13,Thành Phố Đà Nẵng,9229,Xã Nông Sơn
57,Tỉnh Quảng Nam,3897,Huyện Quế Sơn,1118009,Thị Trấn Trung Phước,13,Thành Phố Đà Nẵng,9229,Xã Nông Sơn
57,Tỉnh Quảng Nam,3897,Huyện Quế Sơn,1183545,Xã Ninh Phước,13,Thành Phố Đà Nẵng,9485,Xã Quế Phước
57,Tỉnh Quảng Nam,4153,Huyện Tây Giang,69689,Xã A Xan,13,Thành Phố Đà Nẵng,17165,Xã Hùng Sơn
57,Tỉnh Quảng Nam,4153,Huyện Tây Giang,135225,Xã Ch'ơm,13,Thành Phố Đà Nẵng,17165,Xã Hùng Sơn
57,Tỉnh Quảng Nam,4153,Huyện Tây Giang,200761,Xã Dang,13,Thành Phố Đà Nẵng,16909,Xã Tây Giang
57,Tỉnh Quảng Nam,4153,Huyện Tây Giang,266297,Xã Ga Ri,13,Thành Phố Đà Nẵng,17165,Xã Hùng Sơn
57,Tỉnh Quảng Nam,4153,Huyện Tây Giang,331833,Xã Tr'Hy,13,Thành Phố Đà Nẵng,17165,Xã Hùng Sơn
57,Tỉnh Quảng Nam,4153,Huyện Tây Giang,397369,Xã A Nông,13,Thành Phố Đà Nẵng,16909,Xã Tây Giang
57,Tỉnh Quảng Nam,4153,Huyện Tây Giang,462905,Xã Lăng,13,Thành Phố Đà Nẵng,16909,Xã Tây Giang
57,Tỉnh Quảng Nam,4153,Huyện Tây Giang,528441,Xã A Tiêng,13,Thành Phố Đà Nẵng,16909,Xã Tây Giang
57,Tỉnh Quảng Nam,4153,Huyện Tây Giang,593977,Xã A Vương,13,Thành Phố Đà Nẵng,16653,Xã Avương
57,Tỉnh Quảng Nam,4153,Huyện Tây Giang,659513,Xã Bha Lê,13,Thành Phố Đà Nẵng,16653,Xã Avương
57,Tỉnh Quảng Nam,4409,Huyện Thăng Bình,69945,Thị Trấn Hà Lam,13,Thành Phố Đà Nẵng,6925,Xã Thăng Bình
57,Tỉnh Quảng Nam,4409,Huyện Thăng Bình,135481,Xã Bình An,13,Thành Phố Đà Nẵng,7693,Xã Thăng Điền
57,Tỉnh Quảng Nam,4409,Huyện Thăng Bình,266553,Xã Bình Đào,13,Thành Phố Đà Nẵng,7181,Xã Thăng An
57,Tỉnh Quảng Nam,4409,Huyện Thăng Bình,397625,Xã Bình Định,13,Thành Phố Đà Nẵng,8205,Xã Đồng Dương
57,Tỉnh Quảng Nam,4409,Huyện Thăng Bình,463161,Xã Bình Dương,13,Thành Phố Đà Nẵng,7181,Xã Thăng An
57,Tỉnh Quảng Nam,4409,Huyện Thăng Bình,528697,Xã Bình Minh,13,Thành Phố Đà Nẵng,7181,Xã Thăng An
57,Tỉnh Quảng Nam,4409,Huyện Thăng Bình,594233,Xã Bình Nam,13,Thành Phố Đà Nẵng,7437,Xã Thăng Trường
57,Tỉnh Quảng Nam,4409,Huyện Thăng Bình,659769,Xã Bình Giang,13,Thành Phố Đà Nẵng,7181,Xã Thăng An
57,Tỉnh Quảng Nam,4409,Huyện Thăng Bình,725305,Xã Bình Hải,13,Thành Phố Đà Nẵng,7437,Xã Thăng Trường
57,Tỉnh Quảng Nam,4409,Huyện Thăng Bình,790841,Xã Bình Lãnh,13,Thành Phố Đà Nẵng,8205,Xã Đồng Dương
57,Tỉnh Quảng Nam,4409,Huyện Thăng Bình,856377,Xã Bình Nguyên,13,Thành Phố Đà Nẵng,6925,Xã Thăng Bình
57,Tỉnh Quảng Nam,4409,Huyện Thăng Bình,921913,Xã Bình Phú,13,Thành Phố Đà Nẵng,7949,Xã Thăng Phú
57,Tỉnh Quảng Nam,4409,Huyện Thăng Bình,987449,Xã Bình Phục,13,Thành Phố Đà Nẵng,6925,Xã Thăng Bình
57,Tỉnh Quảng Nam,4409,Huyện Thăng Bình,1052985,Xã Bình Quế,13,Thành Phố Đà Nẵng,7949,Xã Thăng Phú
57,Tỉnh Quảng Nam,4409,Huyện Thăng Bình,1118521,Xã Bình Quý,13,Thành Phố Đà Nẵng,6925,Xã Thăng Bình
57,Tỉnh Quảng Nam,4409,Huyện Thăng Bình,1184057,Xã Bình Sa,13,Thành Phố Đà Nẵng,7437,Xã Thăng Trường
57,Tỉnh Quảng Nam,4409,Huyện Thăng Bình,1249593,Xã Bình Trị,13,Thành Phố Đà Nẵng,8205,Xã Đồng Dương
57,Tỉnh Quảng Nam,4409,Huyện Thăng Bình,1315129,Xã Bình Triều,13,Thành Phố Đà Nẵng,7181,Xã Thăng An
57,Tỉnh Quảng Nam,4409,Huyện Thăng Bình,1380665,Xã Bình Trung,13,Thành Phố Đà Nẵng,7693,Xã Thăng Điền
57,Tỉnh Quảng Nam,4409,Huyện Thăng Bình,1446201,Xã Bình Tú,13,Thành Phố Đà Nẵng,7693,Xã Thăng Điền
57,Tỉnh Quảng Nam,4665,Huyện Tiên Phước,70201,Thị Trấn Tiên Kỳ,13,Thành Phố Đà Nẵng,3597,Xã Tiên Phước
57,Tỉnh Quảng Nam,4665,Huyện Tiên Phước,135737,Xã Tiên An,13,Thành Phố Đà Nẵng,3853,Xã Thạnh Bình
57,Tỉnh Quảng Nam,4665,Huyện Tiên Phước,266809,Xã Tiên Cảnh,13,Thành Phố Đà Nẵng,3853,Xã Thạnh Bình
57,Tỉnh Quảng Nam,4665,Huyện Tiên Phước,332345,Xã Tiên Châu,13,Thành Phố Đà Nẵng,4109,Xã Sơn Cẩm Hà
57,Tỉnh Quảng Nam,4665,Huyện Tiên Phước,397881,Xã Tiên Hà,13,Thành Phố Đà Nẵng,4109,Xã Sơn Cẩm Hà
57,Tỉnh Quảng Nam,4665,Huyện Tiên Phước,463417,Xã Tiên Hiệp,13,Thành Phố Đà Nẵng,3341,Xã Lãnh Ngọc
57,Tỉnh Quảng Nam,4665,Huyện Tiên Phước,528953,Xã Tiên Lãnh,13,Thành Phố Đà Nẵng,3341,Xã Lãnh Ngọc
57,Tỉnh Quảng Nam,4665,Huyện Tiên Phước,594489,Xã Tiên Lập,13,Thành Phố Đà Nẵng,3853,Xã Thạnh Bình
57,Tỉnh Quảng Nam,4665,Huyện Tiên Phước,660025,Xã Tiên Lộc,13,Thành Phố Đà Nẵng,3853,Xã Thạnh Bình
57,Tỉnh Quảng Nam,4665,Huyện Tiên Phước,725561,Xã Tiên Mỹ,13,Thành Phố Đà Nẵng,3597,Xã Tiên Phước
57,Tỉnh Quảng Nam,4665,Huyện Tiên Phước,791097,Xã Tiên Ngọc,13,Thành Phố Đà Nẵng,3341,Xã Lãnh Ngọc
57,Tỉnh Quảng Nam,4665,Huyện Tiên Phước,856633,Xã Tiên Phong,13,Thành Phố Đà Nẵng,3597,Xã Tiên Phước
57,Tỉnh Quảng Nam,4665,Huyện Tiên Phước,922169,Xã Tiên Sơn,13,Thành Phố Đà Nẵng,4109,Xã Sơn Cẩm Hà
57,Tỉnh Quảng Nam,4665,Huyện Tiên Phước,987705,Xã Tiên Thọ,13,Thành Phố Đà Nẵng,3597,Xã Tiên Phước
58,Tỉnh Quảng Ngãi,314,Thành Phố Quảng Ngãi,65850,Xã Tịnh Hòa,36,Tỉnh Quảng Ngãi,2596,Xã Đông Sơn
58,Tỉnh Quảng Ngãi,314,Thành Phố Quảng Ngãi,131386,Xã Tịnh Khê,36,Tỉnh Quảng Ngãi,3108,Xã Tịnh Khê
58,Tỉnh Quảng Ngãi,314,Thành Phố Quảng Ngãi,196922,Xã Tịnh Kỳ,36,Tỉnh Quảng Ngãi,3108,Xã Tịnh Khê
58,Tỉnh Quảng Ngãi,314,Thành Phố Quảng Ngãi,262458,Xã Tịnh Long,36,Tỉnh Quảng Ngãi,3108,Xã Tịnh Khê
58,Tỉnh Quảng Ngãi,314,Thành Phố Quảng Ngãi,327994,Xã Tịnh Thiện,36,Tỉnh Quảng Ngãi,3108,Xã Tịnh Khê
58,Tỉnh Quảng Ngãi,314,Thành Phố Quảng Ngãi,393530,Phường Trương Quang Trọng,36,Tỉnh Quảng Ngãi,3364,Phường Trương Quang Trọng
58,Tỉnh Quảng Ngãi,314,Thành Phố Quảng Ngãi,459066,Xã Tịnh An,36,Tỉnh Quảng Ngãi,3364,Phường Trương Quang Trọng
58,Tỉnh Quảng Ngãi,314,Thành Phố Quảng Ngãi,524602,Xã Tịnh Ấn Đông,36,Tỉnh Quảng Ngãi,3364,Phường Trương Quang Trọng
58,Tỉnh Quảng Ngãi,314,Thành Phố Quảng Ngãi,590138,Xã Tịnh Ấn Tây,36,Tỉnh Quảng Ngãi,3364,Phường Trương Quang Trọng
58,Tỉnh Quảng Ngãi,314,Thành Phố Quảng Ngãi,655674,Xã Tịnh Châu,36,Tỉnh Quảng Ngãi,3108,Xã Tịnh Khê
58,Tỉnh Quảng Ngãi,314,Thành Phố Quảng Ngãi,721210,Phường Quảng Phú,36,Tỉnh Quảng Ngãi,4132,Phường Nghĩa Lộ
58,Tỉnh Quảng Ngãi,314,Thành Phố Quảng Ngãi,786746,Phường Trần Hưng Đạo,36,Tỉnh Quảng Ngãi,3876,Phường Cẩm Thành
58,Tỉnh Quảng Ngãi,314,Thành Phố Quảng Ngãi,852282,Phường Chánh Lộ,36,Tỉnh Quảng Ngãi,3876,Phường Cẩm Thành
58,Tỉnh Quảng Ngãi,314,Thành Phố Quảng Ngãi,917818,Phường Lê Hồng Phong,36,Tỉnh Quảng Ngãi,4132,Phường Nghĩa Lộ
58,Tỉnh Quảng Ngãi,314,Thành Phố Quảng Ngãi,983354,Phường Nghĩa Chánh,36,Tỉnh Quảng Ngãi,3876,Phường Cẩm Thành
58,Tỉnh Quảng Ngãi,314,Thành Phố Quảng Ngãi,1048890,Xã Nghĩa Dõng,36,Tỉnh Quảng Ngãi,3620,Xã An Phú
58,Tỉnh Quảng Ngãi,314,Thành Phố Quảng Ngãi,1114426,Xã Nghĩa Dũng,36,Tỉnh Quảng Ngãi,3620,Xã An Phú
58,Tỉnh Quảng Ngãi,314,Thành Phố Quảng Ngãi,1179962,Xã An Phú,36,Tỉnh Quảng Ngãi,3620,Xã An Phú
58,Tỉnh Quảng Ngãi,314,Thành Phố Quảng Ngãi,1245498,Phường Trần Phú,36,Tỉnh Quảng Ngãi,4132,Phường Nghĩa Lộ
58,Tỉnh Quảng Ngãi,314,Thành Phố Quảng Ngãi,1311034,Phường Nguyễn Nghiêm,36,Tỉnh Quảng Ngãi,3876,Phường Cẩm Thành
58,Tỉnh Quảng Ngãi,314,Thành Phố Quảng Ngãi,1442106,Xã Nghĩa Hà,36,Tỉnh Quảng Ngãi,3620,Xã An Phú
58,Tỉnh Quảng Ngãi,314,Thành Phố Quảng Ngãi,1507642,Phường Nghĩa Lộ,36,Tỉnh Quảng Ngãi,4132,Phường Nghĩa Lộ
58,Tỉnh Quảng Ngãi,570,Huyện Ba Tơ,66106,Xã Ba Giang,36,Tỉnh Quảng Ngãi,14372,Xã Ba Dinh
58,Tỉnh Quảng Ngãi,570,Huyện Ba Tơ,131642,Xã Ba Lế,36,Tỉnh Quảng Ngãi,14116,Xã Ba Tô
58,Tỉnh Quảng Ngãi,570,Huyện Ba Tơ,197178,Xã Ba Nam,36,Tỉnh Quảng Ngãi,14116,Xã Ba Tô
58,Tỉnh Quảng Ngãi,570,Huyện Ba Tơ,262714,Xã Ba Thành,36,Tỉnh Quảng Ngãi,15140,Xã Ba Động
58,Tỉnh Quảng Ngãi,570,Huyện Ba Tơ,328250,Xã Ba Tiêu,36,Tỉnh Quảng Ngãi,13860,Xã Ba Vì
58,Tỉnh Quảng Ngãi,570,Huyện Ba Tơ,393786,Xã Ba Cung,36,Tỉnh Quảng Ngãi,14628,Xã Ba Tơ
58,Tỉnh Quảng Ngãi,570,Huyện Ba Tơ,459322,Xã Ba Điền,36,Tỉnh Quảng Ngãi,14884,Xã Ba Vinh
58,Tỉnh Quảng Ngãi,570,Huyện Ba Tơ,524858,Xã Ba Dinh,36,Tỉnh Quảng Ngãi,14372,Xã Ba Dinh
58,Tỉnh Quảng Ngãi,570,Huyện Ba Tơ,590394,Xã Ba Động,36,Tỉnh Quảng Ngãi,15140,Xã Ba Động
58,Tỉnh Quảng Ngãi,570,Huyện Ba Tơ,655930,Xã Ba Khâm,36,Tỉnh Quảng Ngãi,15396,Xã Đặng Thùy Trâm
58,Tỉnh Quảng Ngãi,570,Huyện Ba Tơ,721466,Xã Ba Liên,36,Tỉnh Quảng Ngãi,15140,Xã Ba Động
58,Tỉnh Quảng Ngãi,570,Huyện Ba Tơ,787002,Xã Ba Ngạc,36,Tỉnh Quảng Ngãi,13860,Xã Ba Vì
58,Tỉnh Quảng Ngãi,570,Huyện Ba Tơ,852538,Xã Ba Tô,36,Tỉnh Quảng Ngãi,14116,Xã Ba Tô
58,Tỉnh Quảng Ngãi,570,Huyện Ba Tơ,918074,Xã Ba Trang,36,Tỉnh Quảng Ngãi,15396,Xã Đặng Thùy Trâm
58,Tỉnh Quảng Ngãi,570,Huyện Ba Tơ,983610,Xã Ba Vì,36,Tỉnh Quảng Ngãi,13860,Xã Ba Vì
58,Tỉnh Quảng Ngãi,570,Huyện Ba Tơ,1049146,Xã Ba Vinh,36,Tỉnh Quảng Ngãi,14884,Xã Ba Vinh
58,Tỉnh Quảng Ngãi,570,Huyện Ba Tơ,1114682,Xã Ba Xa,36,Tỉnh Quảng Ngãi,548,Xã Ba Xa
58,Tỉnh Quảng Ngãi,570,Huyện Ba Tơ,1180218,Thị Trấn Ba Tơ,36,Tỉnh Quảng Ngãi,14628,Xã Ba Tơ
58,Tỉnh Quảng Ngãi,570,Huyện Ba Tơ,1245754,Xã Ba Bích,36,Tỉnh Quảng Ngãi,14628,Xã Ba Tơ
58,Tỉnh Quảng Ngãi,826,Huyện Bình Sơn,66362,Thị Trấn Châu Ổ,36,Tỉnh Quảng Ngãi,15652,Xã Bình Sơn
58,Tỉnh Quảng Ngãi,826,Huyện Bình Sơn,131898,Xã Bình An,36,Tỉnh Quảng Ngãi,5668,Xã Bình Minh
58,Tỉnh Quảng Ngãi,826,Huyện Bình Sơn,197434,Xã Bình Chánh,36,Tỉnh Quảng Ngãi,15652,Xã Bình Sơn
58,Tỉnh Quảng Ngãi,826,Huyện Bình Sơn,262970,Xã Bình Châu,36,Tỉnh Quảng Ngãi,2596,Xã Đông Sơn
58,Tỉnh Quảng Ngãi,826,Huyện Bình Sơn,328506,Xã Bình Chương,36,Tỉnh Quảng Ngãi,5924,Xã Bình Chương
58,Tỉnh Quảng Ngãi,826,Huyện Bình Sơn,394042,Xã Bình Hiệp,36,Tỉnh Quảng Ngãi,2596,Xã Đông Sơn
58,Tỉnh Quảng Ngãi,826,Huyện Bình Sơn,459578,Xã Bình Hòa,36,Tỉnh Quảng Ngãi,1060,Xã Vạn Tường
58,Tỉnh Quảng Ngãi,826,Huyện Bình Sơn,525114,Xã Bình Đông,36,Tỉnh Quảng Ngãi,1060,Xã Vạn Tường
58,Tỉnh Quảng Ngãi,826,Huyện Bình Sơn,590650,Xã Bình Dương,36,Tỉnh Quảng Ngãi,15652,Xã Bình Sơn
58,Tỉnh Quảng Ngãi,826,Huyện Bình Sơn,656186,Xã Bình Hải,36,Tỉnh Quảng Ngãi,1060,Xã Vạn Tường
58,Tỉnh Quảng Ngãi,826,Huyện Bình Sơn,721722,Xã Bình Thạnh,36,Tỉnh Quảng Ngãi,15652,Xã Bình Sơn
58,Tỉnh Quảng Ngãi,826,Huyện Bình Sơn,787258,Xã Bình Thuận,36,Tỉnh Quảng Ngãi,1060,Xã Vạn Tường
58,Tỉnh Quảng Ngãi,826,Huyện Bình Sơn,852794,Xã Bình Trị,36,Tỉnh Quảng Ngãi,1060,Xã Vạn Tường
58,Tỉnh Quảng Ngãi,826,Huyện Bình Sơn,918330,Xã Bình Trung,36,Tỉnh Quảng Ngãi,15652,Xã Bình Sơn
58,Tỉnh Quảng Ngãi,826,Huyện Bình Sơn,983866,Xã Bình Khương,36,Tỉnh Quảng Ngãi,5668,Xã Bình Minh
58,Tỉnh Quảng Ngãi,826,Huyện Bình Sơn,1049402,Xã Bình Long,36,Tỉnh Quảng Ngãi,15652,Xã Bình Sơn
58,Tỉnh Quảng Ngãi,826,Huyện Bình Sơn,1114938,Xã Bình Minh,36,Tỉnh Quảng Ngãi,5668,Xã Bình Minh
58,Tỉnh Quảng Ngãi,826,Huyện Bình Sơn,1180474,Xã Bình Mỹ,36,Tỉnh Quảng Ngãi,5924,Xã Bình Chương
58,Tỉnh Quảng Ngãi,826,Huyện Bình Sơn,1246010,Xã Bình Nguyên,36,Tỉnh Quảng Ngãi,15652,Xã Bình Sơn
58,Tỉnh Quảng Ngãi,826,Huyện Bình Sơn,1311546,Xã Bình Phước,36,Tỉnh Quảng Ngãi,1060,Xã Vạn Tường
58,Tỉnh Quảng Ngãi,826,Huyện Bình Sơn,1377082,Xã Bình Tân Phú,36,Tỉnh Quảng Ngãi,2596,Xã Đông Sơn
58,Tỉnh Quảng Ngãi,826,Huyện Bình Sơn,1442618,Xã Bình Thanh,36,Tỉnh Quảng Ngãi,2596,Xã Đông Sơn
58,Tỉnh Quảng Ngãi,1082,Huyện Minh Long,66618,Xã Long Hiệp,36,Tỉnh Quảng Ngãi,13348,Xã Minh Long
58,Tỉnh Quảng Ngãi,1082,Huyện Minh Long,132154,Xã Long Mai,36,Tỉnh Quảng Ngãi,13604,Xã Sơn Mai
58,Tỉnh Quảng Ngãi,1082,Huyện Minh Long,197690,Xã Long Môn,36,Tỉnh Quảng Ngãi,13348,Xã Minh Long
58,Tỉnh Quảng Ngãi,1082,Huyện Minh Long,263226,Xã Long Sơn,36,Tỉnh Quảng Ngãi,13604,Xã Sơn Mai
58,Tỉnh Quảng Ngãi,1082,Huyện Minh Long,328762,Xã Thanh An,36,Tỉnh Quảng Ngãi,13348,Xã Minh Long
58,Tỉnh Quảng Ngãi,1338,Huyện Mộ Đức,66874,Thị Trấn Mộ Đức,36,Tỉnh Quảng Ngãi,9764,Xã Mộ Đức
58,Tỉnh Quảng Ngãi,1338,Huyện Mộ Đức,132410,Xã Đức Chánh,36,Tỉnh Quảng Ngãi,9508,Xã Mỏ Cày
58,Tỉnh Quảng Ngãi,1338,Huyện Mộ Đức,197946,Xã Đức Hiệp,36,Tỉnh Quảng Ngãi,9252,Xã Long Phụng
58,Tỉnh Quảng Ngãi,1338,Huyện Mộ Đức,263482,Xã Đức Hòa,36,Tỉnh Quảng Ngãi,9764,Xã Mộ Đức
58,Tỉnh Quảng Ngãi,1338,Huyện Mộ Đức,329018,Xã Đức Lân,36,Tỉnh Quảng Ngãi,10020,Xã Lân Phong
58,Tỉnh Quảng Ngãi,1338,Huyện Mộ Đức,394554,Xã Thắng Lợi,36,Tỉnh Quảng Ngãi,9252,Xã Long Phụng
58,Tỉnh Quảng Ngãi,1338,Huyện Mộ Đức,460090,Xã Đức Minh,36,Tỉnh Quảng Ngãi,9508,Xã Mỏ Cày
58,Tỉnh Quảng Ngãi,1338,Huyện Mộ Đức,525626,Xã Đức Nhuận,36,Tỉnh Quảng Ngãi,9252,Xã Long Phụng
58,Tỉnh Quảng Ngãi,1338,Huyện Mộ Đức,591162,Xã Đức Phong,36,Tỉnh Quảng Ngãi,10020,Xã Lân Phong
58,Tỉnh Quảng Ngãi,1338,Huyện Mộ Đức,656698,Xã Đức Phú,36,Tỉnh Quảng Ngãi,9764,Xã Mộ Đức
58,Tỉnh Quảng Ngãi,1338,Huyện Mộ Đức,722234,Xã Đức Tân,36,Tỉnh Quảng Ngãi,9764,Xã Mộ Đức
58,Tỉnh Quảng Ngãi,1338,Huyện Mộ Đức,853306,Xã Đức Thạnh,36,Tỉnh Quảng Ngãi,9508,Xã Mỏ Cày
58,Tỉnh Quảng Ngãi,1594,Huyện Lý Sơn,,,36,Tỉnh Quảng Ngãi,2852,Đặc Khu Lý Sơn
58,Tỉnh Quảng Ngãi,1850,Huyện Nghĩa Hành,67386,Xã Hành Thiện,36,Tỉnh Quảng Ngãi,8740,Xã Thiện Tín
58,Tỉnh Quảng Ngãi,1850,Huyện Nghĩa Hành,132922,Xã Hành Thịnh,36,Tỉnh Quảng Ngãi,8484,Xã Đình Cương
58,Tỉnh Quảng Ngãi,1850,Huyện Nghĩa Hành,198458,Thị Trấn Chợ Chùa,36,Tỉnh Quảng Ngãi,8228,Xã Nghĩa Hành
58,Tỉnh Quảng Ngãi,1850,Huyện Nghĩa Hành,263994,Xã Hành Nhân,36,Tỉnh Quảng Ngãi,8996,Xã Phước Giang
58,Tỉnh Quảng Ngãi,1850,Huyện Nghĩa Hành,329530,Xã Hành Phước,36,Tỉnh Quảng Ngãi,8484,Xã Đình Cương
58,Tỉnh Quảng Ngãi,1850,Huyện Nghĩa Hành,395066,Xã Hành Thuận,36,Tỉnh Quảng Ngãi,8228,Xã Nghĩa Hành
58,Tỉnh Quảng Ngãi,1850,Huyện Nghĩa Hành,460602,Xã Hành Đức,36,Tỉnh Quảng Ngãi,8484,Xã Đình Cương
58,Tỉnh Quảng Ngãi,1850,Huyện Nghĩa Hành,526138,Xã Hành Dũng,36,Tỉnh Quảng Ngãi,8996,Xã Phước Giang
58,Tỉnh Quảng Ngãi,1850,Huyện Nghĩa Hành,591674,Xã Hành Minh,36,Tỉnh Quảng Ngãi,8996,Xã Phước Giang
58,Tỉnh Quảng Ngãi,1850,Huyện Nghĩa Hành,657210,Xã Hành Tín Đông,36,Tỉnh Quảng Ngãi,8740,Xã Thiện Tín
58,Tỉnh Quảng Ngãi,1850,Huyện Nghĩa Hành,722746,Xã Hành Tín Tây,36,Tỉnh Quảng Ngãi,8740,Xã Thiện Tín
58,Tỉnh Quảng Ngãi,1850,Huyện Nghĩa Hành,788282,Xã Hành Trung,36,Tỉnh Quảng Ngãi,8228,Xã Nghĩa Hành
58,Tỉnh Quảng Ngãi,2106,Thị Xã Đức Phổ,67642,Phường Phổ Vinh,36,Tỉnh Quảng Ngãi,4900,Phường Đức Phổ
58,Tỉnh Quảng Ngãi,2106,Thị Xã Đức Phổ,133178,Phường Phổ Hòa,36,Tỉnh Quảng Ngãi,4900,Phường Đức Phổ
58,Tỉnh Quảng Ngãi,2106,Thị Xã Đức Phổ,198714,Phường Nguyễn Nghiêm,36,Tỉnh Quảng Ngãi,4900,Phường Đức Phổ
58,Tỉnh Quảng Ngãi,2106,Thị Xã Đức Phổ,264250,Xã Phổ An,36,Tỉnh Quảng Ngãi,4388,Phường Trà Câu
58,Tỉnh Quảng Ngãi,2106,Thị Xã Đức Phổ,329786,Xã Phổ Châu,36,Tỉnh Quảng Ngãi,5412,Phường Sa Huỳnh
58,Tỉnh Quảng Ngãi,2106,Thị Xã Đức Phổ,395322,Xã Phổ Cường,36,Tỉnh Quảng Ngãi,5156,Xã Khánh Cường
58,Tỉnh Quảng Ngãi,2106,Thị Xã Đức Phổ,460858,Xã Phổ Khánh,36,Tỉnh Quảng Ngãi,5156,Xã Khánh Cường
58,Tỉnh Quảng Ngãi,2106,Thị Xã Đức Phổ,526394,Phường Phổ Minh,36,Tỉnh Quảng Ngãi,4900,Phường Đức Phổ
58,Tỉnh Quảng Ngãi,2106,Thị Xã Đức Phổ,591930,Xã Phổ Nhơn,36,Tỉnh Quảng Ngãi,4644,Xã Nguyễn Nghiêm
58,Tỉnh Quảng Ngãi,2106,Thị Xã Đức Phổ,657466,Phường Phổ Ninh,36,Tỉnh Quảng Ngãi,4900,Phường Đức Phổ
58,Tỉnh Quảng Ngãi,2106,Thị Xã Đức Phổ,723002,Xã Phổ Phong,36,Tỉnh Quảng Ngãi,4644,Xã Nguyễn Nghiêm
58,Tỉnh Quảng Ngãi,2106,Thị Xã Đức Phổ,788538,Phường Phổ Quang,36,Tỉnh Quảng Ngãi,4388,Phường Trà Câu
58,Tỉnh Quảng Ngãi,2106,Thị Xã Đức Phổ,854074,Phường Phổ Thạnh,36,Tỉnh Quảng Ngãi,5412,Phường Sa Huỳnh
58,Tỉnh Quảng Ngãi,2106,Thị Xã Đức Phổ,919610,Xã Phổ Thuận,36,Tỉnh Quảng Ngãi,4388,Phường Trà Câu
58,Tỉnh Quảng Ngãi,2106,Thị Xã Đức Phổ,985146,Phường Phổ Văn,36,Tỉnh Quảng Ngãi,4388,Phường Trà Câu
58,Tỉnh Quảng Ngãi,2362,Huyện Sơn Hà,67898,Xã Sơn Thủy,36,Tỉnh Quảng Ngãi,12068,Xã Sơn Thủy
58,Tỉnh Quảng Ngãi,2362,Huyện Sơn Hà,133434,Xã Sơn Trung,36,Tỉnh Quảng Ngãi,12068,Xã Sơn Thủy
58,Tỉnh Quảng Ngãi,2362,Huyện Sơn Hà,198970,Thị Trấn Di Lăng,36,Tỉnh Quảng Ngãi,11812,Xã Sơn Hà
58,Tỉnh Quảng Ngãi,2362,Huyện Sơn Hà,264506,Xã Sơn Ba,36,Tỉnh Quảng Ngãi,12324,Xã Sơn Kỳ
58,Tỉnh Quảng Ngãi,2362,Huyện Sơn Hà,330042,Xã Sơn Bao,36,Tỉnh Quảng Ngãi,11812,Xã Sơn Hà
58,Tỉnh Quảng Ngãi,2362,Huyện Sơn Hà,395578,Xã Sơn Cao,36,Tỉnh Quảng Ngãi,11556,Xã Sơn Linh
58,Tỉnh Quảng Ngãi,2362,Huyện Sơn Hà,461114,Xã Sơn Giang,36,Tỉnh Quảng Ngãi,11556,Xã Sơn Linh
58,Tỉnh Quảng Ngãi,2362,Huyện Sơn Hà,526650,Xã Sơn Hạ,36,Tỉnh Quảng Ngãi,11300,Xã Sơn Hạ
58,Tỉnh Quảng Ngãi,2362,Huyện Sơn Hà,592186,Xã Sơn Hải,36,Tỉnh Quảng Ngãi,12068,Xã Sơn Thủy
58,Tỉnh Quảng Ngãi,2362,Huyện Sơn Hà,657722,Xã Sơn Kỳ,36,Tỉnh Quảng Ngãi,12324,Xã Sơn Kỳ
58,Tỉnh Quảng Ngãi,2362,Huyện Sơn Hà,723258,Xã Sơn Linh,36,Tỉnh Quảng Ngãi,11556,Xã Sơn Linh
58,Tỉnh Quảng Ngãi,2362,Huyện Sơn Hà,788794,Xã Sơn Nham,36,Tỉnh Quảng Ngãi,11300,Xã Sơn Hạ
58,Tỉnh Quảng Ngãi,2362,Huyện Sơn Hà,854330,Xã Sơn Thành,36,Tỉnh Quảng Ngãi,11300,Xã Sơn Hạ
58,Tỉnh Quảng Ngãi,2362,Huyện Sơn Hà,919866,Xã Sơn Thượng,36,Tỉnh Quảng Ngãi,11812,Xã Sơn Hà
58,Tỉnh Quảng Ngãi,2618,Huyện Sơn Tây,68154,Xã Sơn Liên,36,Tỉnh Quảng Ngãi,12836,Xã Sơn Tây Thượng
58,Tỉnh Quảng Ngãi,2618,Huyện Sơn Tây,133690,Xã Sơn Tinh,36,Tỉnh Quảng Ngãi,13092,Xã Sơn Tây Hạ
58,Tỉnh Quảng Ngãi,2618,Huyện Sơn Tây,199226,Xã Sơn Dung,36,Tỉnh Quảng Ngãi,12580,Xã Sơn Tây
58,Tỉnh Quảng Ngãi,2618,Huyện Sơn Tây,264762,Xã Sơn Lập,36,Tỉnh Quảng Ngãi,13092,Xã Sơn Tây Hạ
58,Tỉnh Quảng Ngãi,2618,Huyện Sơn Tây,330298,Xã Sơn Màu,36,Tỉnh Quảng Ngãi,13092,Xã Sơn Tây Hạ
58,Tỉnh Quảng Ngãi,2618,Huyện Sơn Tây,395834,Xã Sơn Mùa,36,Tỉnh Quảng Ngãi,12836,Xã Sơn Tây Thượng
58,Tỉnh Quảng Ngãi,2618,Huyện Sơn Tây,461370,Xã Sơn Tân,36,Tỉnh Quảng Ngãi,12580,Xã Sơn Tây
58,Tỉnh Quảng Ngãi,2618,Huyện Sơn Tây,526906,Xã Sơn Bua,36,Tỉnh Quảng Ngãi,12836,Xã Sơn Tây Thượng
58,Tỉnh Quảng Ngãi,2618,Huyện Sơn Tây,592442,Xã Sơn Long,36,Tỉnh Quảng Ngãi,12580,Xã Sơn Tây
58,Tỉnh Quảng Ngãi,2874,Huyện Sơn Tịnh,68410,Xã Tịnh Minh,36,Tỉnh Quảng Ngãi,6180,Xã Trường Giang
58,Tỉnh Quảng Ngãi,2874,Huyện Sơn Tịnh,133946,Xã Tịnh Hiệp,36,Tỉnh Quảng Ngãi,6436,Xã Ba Gia
58,Tỉnh Quảng Ngãi,2874,Huyện Sơn Tịnh,199482,Xã Tịnh Phong,36,Tỉnh Quảng Ngãi,6948,Xã Thọ Phong
58,Tỉnh Quảng Ngãi,2874,Huyện Sơn Tịnh,265018,Xã Tịnh Sơn,36,Tỉnh Quảng Ngãi,6692,Xã Sơn Tịnh
58,Tỉnh Quảng Ngãi,2874,Huyện Sơn Tịnh,330554,Xã Tịnh Thọ,36,Tỉnh Quảng Ngãi,6948,Xã Thọ Phong
58,Tỉnh Quảng Ngãi,2874,Huyện Sơn Tịnh,396090,Xã Tịnh Trà,36,Tỉnh Quảng Ngãi,6436,Xã Ba Gia
58,Tỉnh Quảng Ngãi,2874,Huyện Sơn Tịnh,461626,Xã Tịnh Bắc,36,Tỉnh Quảng Ngãi,6436,Xã Ba Gia
58,Tỉnh Quảng Ngãi,2874,Huyện Sơn Tịnh,527162,Xã Tịnh Bình,36,Tỉnh Quảng Ngãi,6692,Xã Sơn Tịnh
58,Tỉnh Quảng Ngãi,2874,Huyện Sơn Tịnh,592698,Xã Tịnh Đông,36,Tỉnh Quảng Ngãi,6180,Xã Trường Giang
58,Tỉnh Quảng Ngãi,2874,Huyện Sơn Tịnh,658234,Xã Tịnh Giang,36,Tỉnh Quảng Ngãi,6180,Xã Trường Giang
58,Tỉnh Quảng Ngãi,2874,Huyện Sơn Tịnh,723770,Thị Trấn Tịnh Hà,36,Tỉnh Quảng Ngãi,6692,Xã Sơn Tịnh
58,Tỉnh Quảng Ngãi,3386,Huyện Tư Nghĩa,134458,Xã Nghĩa Sơn,36,Tỉnh Quảng Ngãi,7972,Xã Trà Giang
58,Tỉnh Quảng Ngãi,3386,Huyện Tư Nghĩa,199994,Xã Nghĩa Thắng,36,Tỉnh Quảng Ngãi,7972,Xã Trà Giang
58,Tỉnh Quảng Ngãi,3386,Huyện Tư Nghĩa,265530,Xã Nghĩa Thuận,36,Tỉnh Quảng Ngãi,7716,Xã Nghĩa Giang
58,Tỉnh Quảng Ngãi,3386,Huyện Tư Nghĩa,331066,Xã Nghĩa Thương,36,Tỉnh Quảng Ngãi,7204,Xã Tư Nghĩa
58,Tỉnh Quảng Ngãi,3386,Huyện Tư Nghĩa,396602,Xã Nghĩa Trung,36,Tỉnh Quảng Ngãi,7204,Xã Tư Nghĩa
58,Tỉnh Quảng Ngãi,3386,Huyện Tư Nghĩa,462138,Thị Trấn La Hà,36,Tỉnh Quảng Ngãi,7204,Xã Tư Nghĩa
58,Tỉnh Quảng Ngãi,3386,Huyện Tư Nghĩa,527674,Thị Trấn Sông Vệ,36,Tỉnh Quảng Ngãi,7460,Xã Vệ Giang
58,Tỉnh Quảng Ngãi,3386,Huyện Tư Nghĩa,593210,Xã Nghĩa Hiệp,36,Tỉnh Quảng Ngãi,7460,Xã Vệ Giang
58,Tỉnh Quảng Ngãi,3386,Huyện Tư Nghĩa,658746,Xã Nghĩa Hòa,36,Tỉnh Quảng Ngãi,7204,Xã Tư Nghĩa
58,Tỉnh Quảng Ngãi,3386,Huyện Tư Nghĩa,724282,Xã Nghĩa Kỳ,36,Tỉnh Quảng Ngãi,7716,Xã Nghĩa Giang
58,Tỉnh Quảng Ngãi,3386,Huyện Tư Nghĩa,789818,Xã Nghĩa Lâm,36,Tỉnh Quảng Ngãi,7972,Xã Trà Giang
58,Tỉnh Quảng Ngãi,3386,Huyện Tư Nghĩa,855354,Xã Nghĩa Phương,36,Tỉnh Quảng Ngãi,7460,Xã Vệ Giang
58,Tỉnh Quảng Ngãi,3386,Huyện Tư Nghĩa,920890,Xã Nghĩa Điền,36,Tỉnh Quảng Ngãi,7716,Xã Nghĩa Giang
58,Tỉnh Quảng Ngãi,3642,Huyện Trà Bồng,69178,Xã Trà Phong,36,Tỉnh Quảng Ngãi,10788,Xã Tây Trà
58,Tỉnh Quảng Ngãi,3642,Huyện Trà Bồng,134714,Xã Trà Thanh,36,Tỉnh Quảng Ngãi,11044,Xã Thanh Bồng
58,Tỉnh Quảng Ngãi,3642,Huyện Trà Bồng,200250,Xã Trà Xinh,36,Tỉnh Quảng Ngãi,10788,Xã Tây Trà
58,Tỉnh Quảng Ngãi,3642,Huyện Trà Bồng,265786,Thị Trấn Trà Xuân,36,Tỉnh Quảng Ngãi,10276,Xã Trà Bồng
58,Tỉnh Quảng Ngãi,3642,Huyện Trà Bồng,331322,Xã Trà Bình,36,Tỉnh Quảng Ngãi,10532,Xã Đông Trà Bồng
58,Tỉnh Quảng Ngãi,3642,Huyện Trà Bồng,396858,Xã Trà Bùi,36,Tỉnh Quảng Ngãi,804,Xã Cà Đam
58,Tỉnh Quảng Ngãi,3642,Huyện Trà Bồng,462394,Xã Trà Giang,36,Tỉnh Quảng Ngãi,10532,Xã Đông Trà Bồng
58,Tỉnh Quảng Ngãi,3642,Huyện Trà Bồng,527930,Xã Trà Phú,36,Tỉnh Quảng Ngãi,10532,Xã Đông Trà Bồng
58,Tỉnh Quảng Ngãi,3642,Huyện Trà Bồng,593466,Xã Trà Hiệp,36,Tỉnh Quảng Ngãi,11044,Xã Thanh Bồng
58,Tỉnh Quảng Ngãi,3642,Huyện Trà Bồng,659002,Xã Trà Lâm,36,Tỉnh Quảng Ngãi,11044,Xã Thanh Bồng
58,Tỉnh Quảng Ngãi,3642,Huyện Trà Bồng,724538,Xã Trà Sơn,36,Tỉnh Quảng Ngãi,10276,Xã Trà Bồng
58,Tỉnh Quảng Ngãi,3642,Huyện Trà Bồng,790074,Xã Trà Tân,36,Tỉnh Quảng Ngãi,804,Xã Cà Đam
58,Tỉnh Quảng Ngãi,3642,Huyện Trà Bồng,855610,Xã Trà Thủy,36,Tỉnh Quảng Ngãi,10276,Xã Trà Bồng
58,Tỉnh Quảng Ngãi,3642,Huyện Trà Bồng,921146,Xã Sơn Trà,36,Tỉnh Quảng Ngãi,10788,Xã Tây Trà
58,Tỉnh Quảng Ngãi,3642,Huyện Trà Bồng,986682,Xã Hương Trà,36,Tỉnh Quảng Ngãi,2340,Xã Tây Trà Bồng
58,Tỉnh Quảng Ngãi,3642,Huyện Trà Bồng,1052218,Xã Trà Tây,36,Tỉnh Quảng Ngãi,2340,Xã Tây Trà Bồng
59,Tỉnh Quảng Ninh,315,Thành Phố Hạ Long,131387,Phường Việt Hưng,37,Tỉnh Quảng Ninh,4645,Phường Việt Hưng
59,Tỉnh Quảng Ninh,315,Thành Phố Hạ Long,196923,Phường Hoành Bồ,37,Tỉnh Quảng Ninh,805,Phường Hoành Bồ
59,Tỉnh Quảng Ninh,315,Thành Phố Hạ Long,262459,Xã Bằng Cả,37,Tỉnh Quảng Ninh,8229,Xã Quảng La
59,Tỉnh Quảng Ninh,315,Thành Phố Hạ Long,327995,Xã Dân Chủ,37,Tỉnh Quảng Ninh,8229,Xã Quảng La
59,Tỉnh Quảng Ninh,315,Thành Phố Hạ Long,393531,Xã Đồng Lâm,37,Tỉnh Quảng Ninh,1061,Xã Thống Nhất
59,Tỉnh Quảng Ninh,315,Thành Phố Hạ Long,459067,Xã Đồng Sơn,37,Tỉnh Quảng Ninh,9253,Xã Lương Minh
59,Tỉnh Quảng Ninh,315,Thành Phố Hạ Long,524603,Xã Hòa Bình,37,Tỉnh Quảng Ninh,1061,Xã Thống Nhất
59,Tỉnh Quảng Ninh,315,Thành Phố Hạ Long,590139,Xã Kỳ Thượng,37,Tỉnh Quảng Ninh,9509,Xã Kỳ Thượng
59,Tỉnh Quảng Ninh,315,Thành Phố Hạ Long,655675,Xã Lê Lợi,37,Tỉnh Quảng Ninh,805,Phường Hoành Bồ
59,Tỉnh Quảng Ninh,315,Thành Phố Hạ Long,721211,Xã Quảng La,37,Tỉnh Quảng Ninh,8229,Xã Quảng La
59,Tỉnh Quảng Ninh,315,Thành Phố Hạ Long,786747,Xã Sơn Dương,37,Tỉnh Quảng Ninh,805,Phường Hoành Bồ
59,Tỉnh Quảng Ninh,315,Thành Phố Hạ Long,852283,Xã Vũ Oai,37,Tỉnh Quảng Ninh,1061,Xã Thống Nhất
59,Tỉnh Quảng Ninh,315,Thành Phố Hạ Long,917819,Xã Tân Dân,37,Tỉnh Quảng Ninh,8229,Xã Quảng La
59,Tỉnh Quảng Ninh,315,Thành Phố Hạ Long,983355,Xã Thống Nhất,37,Tỉnh Quảng Ninh,1061,Xã Thống Nhất
59,Tỉnh Quảng Ninh,315,Thành Phố Hạ Long,1048891,Phường Bạch Đằng,37,Tỉnh Quảng Ninh,7717,Phường Hồng Gai
59,Tỉnh Quảng Ninh,315,Thành Phố Hạ Long,1114427,Phường Bãi Cháy,37,Tỉnh Quảng Ninh,6949,Phường Bãi Cháy
59,Tỉnh Quảng Ninh,315,Thành Phố Hạ Long,1179963,Phường Cao Thắng,37,Tỉnh Quảng Ninh,7205,Phường Hà Lầm
59,Tỉnh Quảng Ninh,315,Thành Phố Hạ Long,1245499,Phường Cao Xanh,37,Tỉnh Quảng Ninh,7461,Phường Cao Xanh
59,Tỉnh Quảng Ninh,315,Thành Phố Hạ Long,1311035,Phường Đại Yên,37,Tỉnh Quảng Ninh,2853,Phường Tuần Châu
59,Tỉnh Quảng Ninh,315,Thành Phố Hạ Long,1376571,Phường Giếng Đáy,37,Tỉnh Quảng Ninh,4645,Phường Việt Hưng
59,Tỉnh Quảng Ninh,315,Thành Phố Hạ Long,1442107,Phường Hà Phong,37,Tỉnh Quảng Ninh,3109,Phường Hà Tu
59,Tỉnh Quảng Ninh,315,Thành Phố Hạ Long,1507643,Phường Hà Trung,37,Tỉnh Quảng Ninh,7205,Phường Hà Lầm
59,Tỉnh Quảng Ninh,315,Thành Phố Hạ Long,1573179,Phường Hà Khánh,37,Tỉnh Quảng Ninh,7461,Phường Cao Xanh
59,Tỉnh Quảng Ninh,315,Thành Phố Hạ Long,1638715,Phường Hà Khẩu,37,Tỉnh Quảng Ninh,2853,Phường Tuần Châu
59,Tỉnh Quảng Ninh,315,Thành Phố Hạ Long,1638715,Phường Hà Khẩu,37,Tỉnh Quảng Ninh,4645,Phường Việt Hưng
59,Tỉnh Quảng Ninh,315,Thành Phố Hạ Long,1704251,Phường Hà Lầm,37,Tỉnh Quảng Ninh,7205,Phường Hà Lầm
59,Tỉnh Quảng Ninh,315,Thành Phố Hạ Long,1769787,Phường Hà Tu,37,Tỉnh Quảng Ninh,3109,Phường Hà Tu
59,Tỉnh Quảng Ninh,315,Thành Phố Hạ Long,1835323,Phường Hồng Gai,37,Tỉnh Quảng Ninh,7717,Phường Hồng Gai
59,Tỉnh Quảng Ninh,315,Thành Phố Hạ Long,1900859,Phường Hồng Hà,37,Tỉnh Quảng Ninh,7973,Phường Hạ Long
59,Tỉnh Quảng Ninh,315,Thành Phố Hạ Long,1966395,Phường Hồng Hải,37,Tỉnh Quảng Ninh,7973,Phường Hạ Long
59,Tỉnh Quảng Ninh,315,Thành Phố Hạ Long,2031931,Phường Hùng Thắng,37,Tỉnh Quảng Ninh,6949,Phường Bãi Cháy
59,Tỉnh Quảng Ninh,315,Thành Phố Hạ Long,2097467,Phường Trần Hưng Đạo,37,Tỉnh Quảng Ninh,7717,Phường Hồng Gai
59,Tỉnh Quảng Ninh,315,Thành Phố Hạ Long,2163003,Phường Tuần Châu,37,Tỉnh Quảng Ninh,2853,Phường Tuần Châu
59,Tỉnh Quảng Ninh,571,Thành Phố Móng Cái,66107,Phường Ninh Dương,37,Tỉnh Quảng Ninh,11557,Phường Móng Cái 2
59,Tỉnh Quảng Ninh,571,Thành Phố Móng Cái,131643,Phường Bình Ngọc,37,Tỉnh Quảng Ninh,11301,Phường Móng Cái 1
59,Tỉnh Quảng Ninh,571,Thành Phố Móng Cái,197179,Phường Hải Hòa,37,Tỉnh Quảng Ninh,11301,Phường Móng Cái 1
59,Tỉnh Quảng Ninh,571,Thành Phố Móng Cái,262715,Phường Hải Yên,37,Tỉnh Quảng Ninh,11813,Phường Móng Cái 3
59,Tỉnh Quảng Ninh,571,Thành Phố Móng Cái,393787,Phường Ka Long,37,Tỉnh Quảng Ninh,11557,Phường Móng Cái 2
59,Tỉnh Quảng Ninh,571,Thành Phố Móng Cái,459323,Phường Trà Cổ,37,Tỉnh Quảng Ninh,11301,Phường Móng Cái 1
59,Tỉnh Quảng Ninh,571,Thành Phố Móng Cái,524859,Phường Trần Phú,37,Tỉnh Quảng Ninh,11301,Phường Móng Cái 1
59,Tỉnh Quảng Ninh,571,Thành Phố Móng Cái,590395,Xã Bắc Sơn,37,Tỉnh Quảng Ninh,10789,Xã Hải Sơn
59,Tỉnh Quảng Ninh,571,Thành Phố Móng Cái,655931,Xã Hải Đông,37,Tỉnh Quảng Ninh,11813,Phường Móng Cái 3
59,Tỉnh Quảng Ninh,571,Thành Phố Móng Cái,721467,Xã Hải Sơn,37,Tỉnh Quảng Ninh,10789,Xã Hải Sơn
59,Tỉnh Quảng Ninh,571,Thành Phố Móng Cái,787003,Xã Hải Tiến,37,Tỉnh Quảng Ninh,11045,Xã Hải Ninh
59,Tỉnh Quảng Ninh,571,Thành Phố Móng Cái,852539,Xã Hải Xuân,37,Tỉnh Quảng Ninh,11301,Phường Móng Cái 1
59,Tỉnh Quảng Ninh,571,Thành Phố Móng Cái,918075,Xã Quảng Nghĩa,37,Tỉnh Quảng Ninh,11045,Xã Hải Ninh
59,Tỉnh Quảng Ninh,571,Thành Phố Móng Cái,983611,Xã Vạn Ninh,37,Tỉnh Quảng Ninh,11557,Phường Móng Cái 2
59,Tỉnh Quảng Ninh,571,Thành Phố Móng Cái,1049147,Xã Vĩnh Thực,37,Tỉnh Quảng Ninh,3621,Xã Vĩnh Thực
59,Tỉnh Quảng Ninh,571,Thành Phố Móng Cái,1114683,Xã Vĩnh Trung,37,Tỉnh Quảng Ninh,3621,Xã Vĩnh Thực
59,Tỉnh Quảng Ninh,827,Thành Phố Cẩm Phả,66363,Xã Hải Hòa,37,Tỉnh Quảng Ninh,1573,Xã Hải Lạng
59,Tỉnh Quảng Ninh,827,Thành Phố Cẩm Phả,66363,Xã Hải Hòa,37,Tỉnh Quảng Ninh,1829,Xã Hải Hòa
59,Tỉnh Quảng Ninh,827,Thành Phố Cẩm Phả,131899,Phường Cẩm Bình,37,Tỉnh Quảng Ninh,8741,Phường Cẩm Phả
59,Tỉnh Quảng Ninh,827,Thành Phố Cẩm Phả,197435,Phường Cẩm Đông,37,Tỉnh Quảng Ninh,8741,Phường Cẩm Phả
59,Tỉnh Quảng Ninh,827,Thành Phố Cẩm Phả,262971,Phường Cẩm Phú,37,Tỉnh Quảng Ninh,8997,Phường Cửa Ông
59,Tỉnh Quảng Ninh,827,Thành Phố Cẩm Phả,328507,Phường Cẩm Sơn,37,Tỉnh Quảng Ninh,8997,Phường Cửa Ông
59,Tỉnh Quảng Ninh,827,Thành Phố Cẩm Phả,394043,Phường Cẩm Tây,37,Tỉnh Quảng Ninh,8741,Phường Cẩm Phả
59,Tỉnh Quảng Ninh,827,Thành Phố Cẩm Phả,459579,Phường Cẩm Thạch,37,Tỉnh Quảng Ninh,2597,Phường Quang Hanh
59,Tỉnh Quảng Ninh,827,Thành Phố Cẩm Phả,525115,Phường Cẩm Thành,37,Tỉnh Quảng Ninh,8741,Phường Cẩm Phả
59,Tỉnh Quảng Ninh,827,Thành Phố Cẩm Phả,590651,Phường Cẩm Thủy,37,Tỉnh Quảng Ninh,2597,Phường Quang Hanh
59,Tỉnh Quảng Ninh,827,Thành Phố Cẩm Phả,656187,Phường Cẩm Trung,37,Tỉnh Quảng Ninh,8741,Phường Cẩm Phả
59,Tỉnh Quảng Ninh,827,Thành Phố Cẩm Phả,721723,Phường Cửa Ông,37,Tỉnh Quảng Ninh,8997,Phường Cửa Ông
59,Tỉnh Quảng Ninh,827,Thành Phố Cẩm Phả,787259,Phường Mông Dương,37,Tỉnh Quảng Ninh,8485,Phường Mông Dương
59,Tỉnh Quảng Ninh,827,Thành Phố Cẩm Phả,852795,Phường Quang Hanh,37,Tỉnh Quảng Ninh,2597,Phường Quang Hanh
59,Tỉnh Quảng Ninh,827,Thành Phố Cẩm Phả,918331,Xã Dương Huy,37,Tỉnh Quảng Ninh,8485,Phường Mông Dương
59,Tỉnh Quảng Ninh,827,Thành Phố Cẩm Phả,983867,Phường Cẩm Thịnh,37,Tỉnh Quảng Ninh,8997,Phường Cửa Ông
59,Tỉnh Quảng Ninh,1083,Thành Phố Uông Bí,66619,Phường Thanh Sơn,37,Tỉnh Quảng Ninh,13093,Phường Uông Bí
59,Tỉnh Quảng Ninh,1083,Thành Phố Uông Bí,132155,Phường Trưng Vương,37,Tỉnh Quảng Ninh,293,Phường Vàng Danh
59,Tỉnh Quảng Ninh,1083,Thành Phố Uông Bí,132155,Phường Trưng Vương,37,Tỉnh Quảng Ninh,13093,Phường Uông Bí
59,Tỉnh Quảng Ninh,1083,Thành Phố Uông Bí,197691,Phường Yên Thanh,37,Tỉnh Quảng Ninh,13093,Phường Uông Bí
59,Tỉnh Quảng Ninh,1083,Thành Phố Uông Bí,263227,Phường Vàng Danh,37,Tỉnh Quảng Ninh,293,Phường Vàng Danh
59,Tỉnh Quảng Ninh,1083,Thành Phố Uông Bí,328763,Phường Phương Đông,37,Tỉnh Quảng Ninh,5669,Phường Yên Tử
59,Tỉnh Quảng Ninh,1083,Thành Phố Uông Bí,394299,Phường Bắc Sơn,37,Tỉnh Quảng Ninh,293,Phường Vàng Danh
59,Tỉnh Quảng Ninh,1083,Thành Phố Uông Bí,459835,Phường Nam Khê,37,Tỉnh Quảng Ninh,293,Phường Vàng Danh
59,Tỉnh Quảng Ninh,1083,Thành Phố Uông Bí,525371,Phường Quang Trung,37,Tỉnh Quảng Ninh,13093,Phường Uông Bí
59,Tỉnh Quảng Ninh,1083,Thành Phố Uông Bí,590907,Phường Phương Nam,37,Tỉnh Quảng Ninh,5669,Phường Yên Tử
59,Tỉnh Quảng Ninh,1083,Thành Phố Uông Bí,656443,Xã Thượng Yên Công,37,Tỉnh Quảng Ninh,5669,Phường Yên Tử
59,Tỉnh Quảng Ninh,1339,Thị Xã Quảng Yên,66875,Xã Cẩm La,37,Tỉnh Quảng Ninh,6693,Phường Phong Cốc
59,Tỉnh Quảng Ninh,1339,Thị Xã Quảng Yên,132411,Phường Cộng Hòa,37,Tỉnh Quảng Ninh,6181,Phường Hiệp Hòa
59,Tỉnh Quảng Ninh,1339,Thị Xã Quảng Yên,197947,Phường Quảng Yên,37,Tỉnh Quảng Ninh,6437,Phường Quảng Yên
59,Tỉnh Quảng Ninh,1339,Thị Xã Quảng Yên,263483,Xã Hiệp Hòa,37,Tỉnh Quảng Ninh,6181,Phường Hiệp Hòa
59,Tỉnh Quảng Ninh,1339,Thị Xã Quảng Yên,329019,Xã Sông Khoai,37,Tỉnh Quảng Ninh,6181,Phường Hiệp Hòa
59,Tỉnh Quảng Ninh,1339,Thị Xã Quảng Yên,394555,Phường Đông Mai,37,Tỉnh Quảng Ninh,5925,Phường Đông Mai
59,Tỉnh Quảng Ninh,1339,Thị Xã Quảng Yên,460091,Phường Hà An,37,Tỉnh Quảng Ninh,2085,Phường Hà An
59,Tỉnh Quảng Ninh,1339,Thị Xã Quảng Yên,525627,Phường Tân An,37,Tỉnh Quảng Ninh,2085,Phường Hà An
59,Tỉnh Quảng Ninh,1339,Thị Xã Quảng Yên,591163,Xã Tiền An,37,Tỉnh Quảng Ninh,6437,Phường Quảng Yên
59,Tỉnh Quảng Ninh,1339,Thị Xã Quảng Yên,656699,Xã Hoàng Tân,37,Tỉnh Quảng Ninh,2085,Phường Hà An
59,Tỉnh Quảng Ninh,1339,Thị Xã Quảng Yên,722235,Xã Liên Hòa,37,Tỉnh Quảng Ninh,2341,Phường Liên Hòa
59,Tỉnh Quảng Ninh,1339,Thị Xã Quảng Yên,787771,Phường Minh Thành,37,Tỉnh Quảng Ninh,5925,Phường Đông Mai
59,Tỉnh Quảng Ninh,1339,Thị Xã Quảng Yên,853307,Phường Nam Hòa,37,Tỉnh Quảng Ninh,6693,Phường Phong Cốc
59,Tỉnh Quảng Ninh,1339,Thị Xã Quảng Yên,918843,Phường Phong Hải,37,Tỉnh Quảng Ninh,2341,Phường Liên Hòa
59,Tỉnh Quảng Ninh,1339,Thị Xã Quảng Yên,984379,Phường Yên Giang,37,Tỉnh Quảng Ninh,6437,Phường Quảng Yên
59,Tỉnh Quảng Ninh,1339,Thị Xã Quảng Yên,1049915,Phường Yên Hải,37,Tỉnh Quảng Ninh,6693,Phường Phong Cốc
59,Tỉnh Quảng Ninh,1339,Thị Xã Quảng Yên,1115451,Xã Tiền Phong,37,Tỉnh Quảng Ninh,2341,Phường Liên Hòa
59,Tỉnh Quảng Ninh,1339,Thị Xã Quảng Yên,1180987,Phường Phong Cốc,37,Tỉnh Quảng Ninh,6693,Phường Phong Cốc
59,Tỉnh Quảng Ninh,1339,Thị Xã Quảng Yên,1246523,Xã Liên Vị,37,Tỉnh Quảng Ninh,2341,Phường Liên Hòa
59,Tỉnh Quảng Ninh,1595,Thành Phố Đông Triều,67131,Phường Kim Sơn,37,Tỉnh Quảng Ninh,5157,Phường Mạo Khê
59,Tỉnh Quảng Ninh,1595,Thành Phố Đông Triều,132667,Xã Nguyễn Huệ,37,Tỉnh Quảng Ninh,12837,Phường Đông Triều
59,Tỉnh Quảng Ninh,1595,Thành Phố Đông Triều,263739,Phường Thủy An,37,Tỉnh Quảng Ninh,12837,Phường Đông Triều
59,Tỉnh Quảng Ninh,1595,Thành Phố Đông Triều,329275,Phường Tràng An,37,Tỉnh Quảng Ninh,4901,Phường Bình Khê
59,Tỉnh Quảng Ninh,1595,Thành Phố Đông Triều,394811,Xã Tràng Lương,37,Tỉnh Quảng Ninh,4901,Phường Bình Khê
59,Tỉnh Quảng Ninh,1595,Thành Phố Đông Triều,460347,Phường Xuân Sơn,37,Tỉnh Quảng Ninh,5157,Phường Mạo Khê
59,Tỉnh Quảng Ninh,1595,Thành Phố Đông Triều,525883,Phường Yên Đức,37,Tỉnh Quảng Ninh,5413,Phường Hoàng Quế
59,Tỉnh Quảng Ninh,1595,Thành Phố Đông Triều,591419,Phường Yên Thọ,37,Tỉnh Quảng Ninh,5157,Phường Mạo Khê
59,Tỉnh Quảng Ninh,1595,Thành Phố Đông Triều,722491,Phường Mạo Khê,37,Tỉnh Quảng Ninh,5157,Phường Mạo Khê
59,Tỉnh Quảng Ninh,1595,Thành Phố Đông Triều,788027,Xã An Sinh,37,Tỉnh Quảng Ninh,3365,Phường An Sinh
59,Tỉnh Quảng Ninh,1595,Thành Phố Đông Triều,853563,Phường Bình Dương,37,Tỉnh Quảng Ninh,3365,Phường An Sinh
59,Tỉnh Quảng Ninh,1595,Thành Phố Đông Triều,919099,Phường Bình Khê,37,Tỉnh Quảng Ninh,4901,Phường Bình Khê
59,Tỉnh Quảng Ninh,1595,Thành Phố Đông Triều,984635,Phường Đức Chính,37,Tỉnh Quảng Ninh,3365,Phường An Sinh
59,Tỉnh Quảng Ninh,1595,Thành Phố Đông Triều,984635,Phường Đức Chính,37,Tỉnh Quảng Ninh,12837,Phường Đông Triều
59,Tỉnh Quảng Ninh,1595,Thành Phố Đông Triều,1050171,Phường Hoàng Quế,37,Tỉnh Quảng Ninh,5413,Phường Hoàng Quế
59,Tỉnh Quảng Ninh,1595,Thành Phố Đông Triều,1115707,Phường Hồng Phong,37,Tỉnh Quảng Ninh,12837,Phường Đông Triều
59,Tỉnh Quảng Ninh,1595,Thành Phố Đông Triều,1181243,Xã Hồng Thái Đông,37,Tỉnh Quảng Ninh,5413,Phường Hoàng Quế
59,Tỉnh Quảng Ninh,1595,Thành Phố Đông Triều,1246779,Xã Hồng Thái Tây,37,Tỉnh Quảng Ninh,5413,Phường Hoàng Quế
59,Tỉnh Quảng Ninh,1595,Thành Phố Đông Triều,1312315,Phường Hưng Đạo,37,Tỉnh Quảng Ninh,12837,Phường Đông Triều
59,Tỉnh Quảng Ninh,1595,Thành Phố Đông Triều,1377851,Xã Việt Dân,37,Tỉnh Quảng Ninh,3365,Phường An Sinh
59,Tỉnh Quảng Ninh,1851,Huyện Ba Chẽ,132923,Thị Trấn Ba Chẽ,37,Tỉnh Quảng Ninh,13605,Xã Ba Chẽ
59,Tỉnh Quảng Ninh,1851,Huyện Ba Chẽ,198459,Xã Đạp Thanh,37,Tỉnh Quảng Ninh,9509,Xã Kỳ Thượng
59,Tỉnh Quảng Ninh,1851,Huyện Ba Chẽ,263995,Xã Đồn Đạc,37,Tỉnh Quảng Ninh,13605,Xã Ba Chẽ
59,Tỉnh Quảng Ninh,1851,Huyện Ba Chẽ,329531,Xã Lương Minh,37,Tỉnh Quảng Ninh,9253,Xã Lương Minh
59,Tỉnh Quảng Ninh,1851,Huyện Ba Chẽ,395067,Xã Nam Sơn,37,Tỉnh Quảng Ninh,13605,Xã Ba Chẽ
59,Tỉnh Quảng Ninh,1851,Huyện Ba Chẽ,460603,Xã Thanh Sơn,37,Tỉnh Quảng Ninh,13605,Xã Ba Chẽ
59,Tỉnh Quảng Ninh,1851,Huyện Ba Chẽ,526139,Xã Thanh Lâm,37,Tỉnh Quảng Ninh,9509,Xã Kỳ Thượng
59,Tỉnh Quảng Ninh,2107,Huyện Bình Liêu,67643,Xã Húc Động,37,Tỉnh Quảng Ninh,13861,Xã Bình Liêu
59,Tỉnh Quảng Ninh,2107,Huyện Bình Liêu,133179,Thị Trấn Bình Liêu,37,Tỉnh Quảng Ninh,13861,Xã Bình Liêu
59,Tỉnh Quảng Ninh,2107,Huyện Bình Liêu,198715,Xã Hoành Mô,37,Tỉnh Quảng Ninh,10277,Xã Hoành Mô
59,Tỉnh Quảng Ninh,2107,Huyện Bình Liêu,264251,Xã Đồng Tâm,37,Tỉnh Quảng Ninh,10533,Xã Lục Hồn
59,Tỉnh Quảng Ninh,2107,Huyện Bình Liêu,329787,Xã Đồng Văn,37,Tỉnh Quảng Ninh,10277,Xã Hoành Mô
59,Tỉnh Quảng Ninh,2107,Huyện Bình Liêu,395323,Xã Lục Hồn,37,Tỉnh Quảng Ninh,10533,Xã Lục Hồn
59,Tỉnh Quảng Ninh,2107,Huyện Bình Liêu,460859,Xã Vô Ngại,37,Tỉnh Quảng Ninh,13861,Xã Bình Liêu
59,Tỉnh Quảng Ninh,2363,Huyện Hải Hà,67899,Xã Đường Hoa,37,Tỉnh Quảng Ninh,549,Xã Đường Hoa
59,Tỉnh Quảng Ninh,2363,Huyện Hải Hà,133435,Xã Quảng Chính,37,Tỉnh Quảng Ninh,3877,Xã Quảng Hà
59,Tỉnh Quảng Ninh,2363,Huyện Hải Hà,198971,Xã Quảng Đức,37,Tỉnh Quảng Ninh,10021,Xã Quảng Đức
59,Tỉnh Quảng Ninh,2363,Huyện Hải Hà,264507,Xã Quảng Long,37,Tỉnh Quảng Ninh,549,Xã Đường Hoa
59,Tỉnh Quảng Ninh,2363,Huyện Hải Hà,264507,Xã Quảng Long,37,Tỉnh Quảng Ninh,3877,Xã Quảng Hà
59,Tỉnh Quảng Ninh,2363,Huyện Hải Hà,330043,Xã Quảng Phong,37,Tỉnh Quảng Ninh,3877,Xã Quảng Hà
59,Tỉnh Quảng Ninh,2363,Huyện Hải Hà,395579,Xã Quảng Sơn,37,Tỉnh Quảng Ninh,549,Xã Đường Hoa
59,Tỉnh Quảng Ninh,2363,Huyện Hải Hà,461115,Xã Quảng Thành,37,Tỉnh Quảng Ninh,10021,Xã Quảng Đức
59,Tỉnh Quảng Ninh,2363,Huyện Hải Hà,526651,Xã Quảng Thịnh,37,Tỉnh Quảng Ninh,10021,Xã Quảng Đức
59,Tỉnh Quảng Ninh,2363,Huyện Hải Hà,592187,Xã Quảng Minh,37,Tỉnh Quảng Ninh,3877,Xã Quảng Hà
59,Tỉnh Quảng Ninh,2363,Huyện Hải Hà,657723,Thị Trấn Quảng Hà,37,Tỉnh Quảng Ninh,3877,Xã Quảng Hà
59,Tỉnh Quảng Ninh,2363,Huyện Hải Hà,723259,Xã Cái Chiên,37,Tỉnh Quảng Ninh,4133,Xã Cái Chiên
59,Tỉnh Quảng Ninh,2875,Huyện Đầm Hà,68411,Thị Trấn Đầm Hà,37,Tỉnh Quảng Ninh,12069,Xã Đầm Hà
59,Tỉnh Quảng Ninh,2875,Huyện Đầm Hà,133947,Xã Dực Yên,37,Tỉnh Quảng Ninh,9765,Xã Quảng Tân
59,Tỉnh Quảng Ninh,2875,Huyện Đầm Hà,199483,Xã Đại Bình,37,Tỉnh Quảng Ninh,12069,Xã Đầm Hà
59,Tỉnh Quảng Ninh,2875,Huyện Đầm Hà,265019,Xã Đầm Hà,37,Tỉnh Quảng Ninh,12069,Xã Đầm Hà
59,Tỉnh Quảng Ninh,2875,Huyện Đầm Hà,330555,Xã Quảng An,37,Tỉnh Quảng Ninh,9765,Xã Quảng Tân
59,Tỉnh Quảng Ninh,2875,Huyện Đầm Hà,396091,Xã Quảng Lâm,37,Tỉnh Quảng Ninh,9765,Xã Quảng Tân
59,Tỉnh Quảng Ninh,2875,Huyện Đầm Hà,461627,Xã Quảng Tân,37,Tỉnh Quảng Ninh,9765,Xã Quảng Tân
59,Tỉnh Quảng Ninh,2875,Huyện Đầm Hà,527163,Xã Tân Bình,37,Tỉnh Quảng Ninh,12069,Xã Đầm Hà
59,Tỉnh Quảng Ninh,2875,Huyện Đầm Hà,592699,Xã Tân Lập,37,Tỉnh Quảng Ninh,12069,Xã Đầm Hà
59,Tỉnh Quảng Ninh,3131,Huyện Cô Tô,68667,Thị Trấn Cô Tô,37,Tỉnh Quảng Ninh,12581,Đặc Khu Cô Tô
59,Tỉnh Quảng Ninh,3131,Huyện Cô Tô,134203,Xã Đồng Tiến,37,Tỉnh Quảng Ninh,12581,Đặc Khu Cô Tô
59,Tỉnh Quảng Ninh,3131,Huyện Cô Tô,199739,Xã Thanh Lân,37,Tỉnh Quảng Ninh,12581,Đặc Khu Cô Tô
59,Tỉnh Quảng Ninh,3387,Huyện Tiên Yên,68923,Xã Đại Dực,37,Tỉnh Quảng Ninh,1317,Xã Đông Ngũ
59,Tỉnh Quảng Ninh,3387,Huyện Tiên Yên,68923,Xã Đại Dực,37,Tỉnh Quảng Ninh,13349,Xã Tiên Yên
59,Tỉnh Quảng Ninh,3387,Huyện Tiên Yên,134459,Xã Đông Hải,37,Tỉnh Quảng Ninh,1317,Xã Đông Ngũ
59,Tỉnh Quảng Ninh,3387,Huyện Tiên Yên,199995,Xã Đông Ngũ,37,Tỉnh Quảng Ninh,1317,Xã Đông Ngũ
59,Tỉnh Quảng Ninh,3387,Huyện Tiên Yên,265531,Xã Đồng Rui,37,Tỉnh Quảng Ninh,1573,Xã Hải Lạng
59,Tỉnh Quảng Ninh,3387,Huyện Tiên Yên,331067,Xã Hải Lạng,37,Tỉnh Quảng Ninh,1573,Xã Hải Lạng
59,Tỉnh Quảng Ninh,3387,Huyện Tiên Yên,396603,Xã Phong Dụ,37,Tỉnh Quảng Ninh,13349,Xã Tiên Yên
59,Tỉnh Quảng Ninh,3387,Huyện Tiên Yên,462139,Xã Tiên Lãng,37,Tỉnh Quảng Ninh,13349,Xã Tiên Yên
59,Tỉnh Quảng Ninh,3387,Huyện Tiên Yên,527675,Xã Yên Than,37,Tỉnh Quảng Ninh,4389,Xã Điền Xá
59,Tỉnh Quảng Ninh,3387,Huyện Tiên Yên,527675,Xã Yên Than,37,Tỉnh Quảng Ninh,13349,Xã Tiên Yên
59,Tỉnh Quảng Ninh,3387,Huyện Tiên Yên,593211,Thị Trấn Tiên Yên,37,Tỉnh Quảng Ninh,13349,Xã Tiên Yên
59,Tỉnh Quảng Ninh,3387,Huyện Tiên Yên,658747,Xã Điền Xá,37,Tỉnh Quảng Ninh,4389,Xã Điền Xá
59,Tỉnh Quảng Ninh,3387,Huyện Tiên Yên,724283,Xã Hà Lâu,37,Tỉnh Quảng Ninh,4389,Xã Điền Xá
59,Tỉnh Quảng Ninh,3643,Huyện Vân Đồn,69179,Thị Trấn Cái Rồng,37,Tỉnh Quảng Ninh,12325,Đặc Khu Vân Đồn
59,Tỉnh Quảng Ninh,3643,Huyện Vân Đồn,134715,Xã Bình Dân,37,Tỉnh Quảng Ninh,12325,Đặc Khu Vân Đồn
59,Tỉnh Quảng Ninh,3643,Huyện Vân Đồn,200251,Xã Đài Xuyên,37,Tỉnh Quảng Ninh,12325,Đặc Khu Vân Đồn
59,Tỉnh Quảng Ninh,3643,Huyện Vân Đồn,265787,Xã Đoàn Kết,37,Tỉnh Quảng Ninh,12325,Đặc Khu Vân Đồn
59,Tỉnh Quảng Ninh,3643,Huyện Vân Đồn,331323,Xã Đông Xá,37,Tỉnh Quảng Ninh,12325,Đặc Khu Vân Đồn
59,Tỉnh Quảng Ninh,3643,Huyện Vân Đồn,396859,Xã Hạ Long,37,Tỉnh Quảng Ninh,12325,Đặc Khu Vân Đồn
59,Tỉnh Quảng Ninh,3643,Huyện Vân Đồn,462395,Xã Quan Lạn,37,Tỉnh Quảng Ninh,12325,Đặc Khu Vân Đồn
59,Tỉnh Quảng Ninh,3643,Huyện Vân Đồn,527931,Xã Vạn Yên,37,Tỉnh Quảng Ninh,12325,Đặc Khu Vân Đồn
59,Tỉnh Quảng Ninh,3643,Huyện Vân Đồn,593467,Xã Bản Sen,37,Tỉnh Quảng Ninh,12325,Đặc Khu Vân Đồn
59,Tỉnh Quảng Ninh,3643,Huyện Vân Đồn,659003,Xã Thắng Lợi,37,Tỉnh Quảng Ninh,12325,Đặc Khu Vân Đồn
59,Tỉnh Quảng Ninh,3643,Huyện Vân Đồn,724539,Xã Minh Châu,37,Tỉnh Quảng Ninh,12325,Đặc Khu Vân Đồn
59,Tỉnh Quảng Ninh,3643,Huyện Vân Đồn,790075,Xã Ngọc Vừng,37,Tỉnh Quảng Ninh,12325,Đặc Khu Vân Đồn
60,Tỉnh Quảng Trị,316,Thành Phố Đông Hà,65852,Phường Đông Lễ,38,Tỉnh Quảng Trị,17190,Phường Nam Đông Hà
60,Tỉnh Quảng Trị,316,Thành Phố Đông Hà,131388,Phường Đông Lương,38,Tỉnh Quảng Trị,17190,Phường Nam Đông Hà
60,Tỉnh Quảng Trị,316,Thành Phố Đông Hà,196924,Phường 1,38,Tỉnh Quảng Trị,16934,Phường Đông Hà
60,Tỉnh Quảng Trị,316,Thành Phố Đông Hà,262460,Phường 2,38,Tỉnh Quảng Trị,17190,Phường Nam Đông Hà
60,Tỉnh Quảng Trị,316,Thành Phố Đông Hà,327996,Phường 3,38,Tỉnh Quảng Trị,16934,Phường Đông Hà
60,Tỉnh Quảng Trị,316,Thành Phố Đông Hà,393532,Phường 4,38,Tỉnh Quảng Trị,16934,Phường Đông Hà
60,Tỉnh Quảng Trị,316,Thành Phố Đông Hà,459068,Phường 5,38,Tỉnh Quảng Trị,17190,Phường Nam Đông Hà
60,Tỉnh Quảng Trị,316,Thành Phố Đông Hà,524604,Phường Đông Giang,38,Tỉnh Quảng Trị,16934,Phường Đông Hà
60,Tỉnh Quảng Trị,316,Thành Phố Đông Hà,590140,Phường Đông Thanh,38,Tỉnh Quảng Trị,16934,Phường Đông Hà
60,Tỉnh Quảng Trị,572,Thị Xã Quảng Trị,66108,Xã Hải Lệ,38,Tỉnh Quảng Trị,18726,Phường Quảng Trị
60,Tỉnh Quảng Trị,572,Thị Xã Quảng Trị,131644,Phường 2,38,Tỉnh Quảng Trị,18726,Phường Quảng Trị
60,Tỉnh Quảng Trị,572,Thị Xã Quảng Trị,197180,Phường 3,38,Tỉnh Quảng Trị,18726,Phường Quảng Trị
60,Tỉnh Quảng Trị,572,Thị Xã Quảng Trị,262716,Phường An Đôn,38,Tỉnh Quảng Trị,18726,Phường Quảng Trị
60,Tỉnh Quảng Trị,572,Thị Xã Quảng Trị,328252,Phường 1,38,Tỉnh Quảng Trị,18726,Phường Quảng Trị
60,Tỉnh Quảng Trị,828,Huyện Cam Lộ,66364,Xã Cam Thành,38,Tỉnh Quảng Trị,13350,Xã Cam Lộ
60,Tỉnh Quảng Trị,828,Huyện Cam Lộ,131900,Thị Trấn Cam Lộ,38,Tỉnh Quảng Trị,13350,Xã Cam Lộ
60,Tỉnh Quảng Trị,828,Huyện Cam Lộ,197436,Xã Cam Chính,38,Tỉnh Quảng Trị,13350,Xã Cam Lộ
60,Tỉnh Quảng Trị,828,Huyện Cam Lộ,262972,Xã Cam Hiếu,38,Tỉnh Quảng Trị,13606,Xã Hiếu Giang
60,Tỉnh Quảng Trị,828,Huyện Cam Lộ,328508,Xã Cam Nghĩa,38,Tỉnh Quảng Trị,13350,Xã Cam Lộ
60,Tỉnh Quảng Trị,828,Huyện Cam Lộ,394044,Xã Cam Thủy,38,Tỉnh Quảng Trị,13606,Xã Hiếu Giang
60,Tỉnh Quảng Trị,828,Huyện Cam Lộ,459580,Xã Cam Tuyền,38,Tỉnh Quảng Trị,13606,Xã Hiếu Giang
60,Tỉnh Quảng Trị,828,Huyện Cam Lộ,525116,Xã Thanh An,38,Tỉnh Quảng Trị,13606,Xã Hiếu Giang
60,Tỉnh Quảng Trị,1084,Huyện Gio Linh,132156,Xã Linh Trường,38,Tỉnh Quảng Trị,12326,Xã Cồn Tiên
60,Tỉnh Quảng Trị,1084,Huyện Gio Linh,197692,Xã Trung Giang,38,Tỉnh Quảng Trị,13094,Xã Bến Hải
60,Tỉnh Quảng Trị,1084,Huyện Gio Linh,263228,Xã Trung Hải,38,Tỉnh Quảng Trị,13094,Xã Bến Hải
60,Tỉnh Quảng Trị,1084,Huyện Gio Linh,328764,Xã Trung Sơn,38,Tỉnh Quảng Trị,13094,Xã Bến Hải
60,Tỉnh Quảng Trị,1084,Huyện Gio Linh,459836,Xã Gio Hải,38,Tỉnh Quảng Trị,12582,Xã Cửa Việt
60,Tỉnh Quảng Trị,1084,Huyện Gio Linh,525372,Xã Gio Mai,38,Tỉnh Quảng Trị,12582,Xã Cửa Việt
60,Tỉnh Quảng Trị,1084,Huyện Gio Linh,590908,Xã Gio Mỹ,38,Tỉnh Quảng Trị,12838,Xã Gio Linh
60,Tỉnh Quảng Trị,1084,Huyện Gio Linh,656444,Xã Gio Quang,38,Tỉnh Quảng Trị,12838,Xã Gio Linh
60,Tỉnh Quảng Trị,1084,Huyện Gio Linh,721980,Xã Gio Sơn,38,Tỉnh Quảng Trị,12326,Xã Cồn Tiên
60,Tỉnh Quảng Trị,1084,Huyện Gio Linh,853052,Xã Hải Thái,38,Tỉnh Quảng Trị,12326,Xã Cồn Tiên
60,Tỉnh Quảng Trị,1084,Huyện Gio Linh,918588,Thị Trấn Cửa Việt,38,Tỉnh Quảng Trị,12582,Xã Cửa Việt
60,Tỉnh Quảng Trị,1084,Huyện Gio Linh,984124,Xã Gio An,38,Tỉnh Quảng Trị,12326,Xã Cồn Tiên
60,Tỉnh Quảng Trị,1084,Huyện Gio Linh,1049660,Thị Trấn Gio Linh,38,Tỉnh Quảng Trị,12838,Xã Gio Linh
60,Tỉnh Quảng Trị,1084,Huyện Gio Linh,1115196,Xã Phong Bình,38,Tỉnh Quảng Trị,12838,Xã Gio Linh
60,Tỉnh Quảng Trị,1340,Huyện Hải Lăng,132412,Xã Hải Khê,38,Tỉnh Quảng Trị,19238,Xã Mỹ Thủy
60,Tỉnh Quảng Trị,1340,Huyện Hải Lăng,197948,Xã Hải Lâm,38,Tỉnh Quảng Trị,19494,Xã Hải Lăng
60,Tỉnh Quảng Trị,1340,Huyện Hải Lăng,263484,Thị Trấn Diên Sanh,38,Tỉnh Quảng Trị,18982,Xã Diên Sanh
60,Tỉnh Quảng Trị,1340,Huyện Hải Lăng,329020,Xã Hải An,38,Tỉnh Quảng Trị,19238,Xã Mỹ Thủy
60,Tỉnh Quảng Trị,1340,Huyện Hải Lăng,394556,Xã Hải Bình,38,Tỉnh Quảng Trị,20006,Xã Vĩnh Định
60,Tỉnh Quảng Trị,1340,Huyện Hải Lăng,460092,Xã Hải Dương,38,Tỉnh Quảng Trị,19238,Xã Mỹ Thủy
60,Tỉnh Quảng Trị,1340,Huyện Hải Lăng,525628,Xã Hải Phú,38,Tỉnh Quảng Trị,19494,Xã Hải Lăng
60,Tỉnh Quảng Trị,1340,Huyện Hải Lăng,591164,Xã Hải Chánh,38,Tỉnh Quảng Trị,19750,Xã Nam Hải Lăng
60,Tỉnh Quảng Trị,1340,Huyện Hải Lăng,656700,Xã Hải Hưng,38,Tỉnh Quảng Trị,20006,Xã Vĩnh Định
60,Tỉnh Quảng Trị,1340,Huyện Hải Lăng,722236,Xã Hải Quy,38,Tỉnh Quảng Trị,20006,Xã Vĩnh Định
60,Tỉnh Quảng Trị,1340,Huyện Hải Lăng,787772,Xã Hải Sơn,38,Tỉnh Quảng Trị,19750,Xã Nam Hải Lăng
60,Tỉnh Quảng Trị,1340,Huyện Hải Lăng,853308,Xã Hải Phong,38,Tỉnh Quảng Trị,19750,Xã Nam Hải Lăng
60,Tỉnh Quảng Trị,1340,Huyện Hải Lăng,918844,Xã Hải Định,38,Tỉnh Quảng Trị,18982,Xã Diên Sanh
60,Tỉnh Quảng Trị,1340,Huyện Hải Lăng,984380,Xã Hải Thượng,38,Tỉnh Quảng Trị,19494,Xã Hải Lăng
60,Tỉnh Quảng Trị,1340,Huyện Hải Lăng,1049916,Xã Hải Trường,38,Tỉnh Quảng Trị,18982,Xã Diên Sanh
60,Tỉnh Quảng Trị,1596,Huyện Hướng Hóa,67132,Thị Trấn Lao Bảo,38,Tỉnh Quảng Trị,16166,Xã Lao Bảo
60,Tỉnh Quảng Trị,1596,Huyện Hướng Hóa,132668,Xã Hướng Sơn,38,Tỉnh Quảng Trị,15398,Xã Hướng Phùng
60,Tỉnh Quảng Trị,1596,Huyện Hướng Hóa,198204,Xã Hướng Tân,38,Tỉnh Quảng Trị,15654,Xã Khe Sanh
60,Tỉnh Quảng Trị,1596,Huyện Hướng Hóa,263740,Thị Trấn Khe Sanh,38,Tỉnh Quảng Trị,15654,Xã Khe Sanh
60,Tỉnh Quảng Trị,1596,Huyện Hướng Hóa,329276,Xã Hướng Việt,38,Tỉnh Quảng Trị,15142,Xã Hướng Lập
60,Tỉnh Quảng Trị,1596,Huyện Hướng Hóa,394812,Xã Tân Hợp,38,Tỉnh Quảng Trị,15654,Xã Khe Sanh
60,Tỉnh Quảng Trị,1596,Huyện Hướng Hóa,460348,Xã Húc,38,Tỉnh Quảng Trị,15654,Xã Khe Sanh
60,Tỉnh Quảng Trị,1596,Huyện Hướng Hóa,525884,Xã Hướng Lập,38,Tỉnh Quảng Trị,15142,Xã Hướng Lập
60,Tỉnh Quảng Trị,1596,Huyện Hướng Hóa,591420,Xã Hướng Linh,38,Tỉnh Quảng Trị,15398,Xã Hướng Phùng
60,Tỉnh Quảng Trị,1596,Huyện Hướng Hóa,656956,Xã Hướng Phùng,38,Tỉnh Quảng Trị,15398,Xã Hướng Phùng
60,Tỉnh Quảng Trị,1596,Huyện Hướng Hóa,722492,Xã Tân Lập,38,Tỉnh Quảng Trị,15910,Xã Tân Lập
60,Tỉnh Quảng Trị,1596,Huyện Hướng Hóa,788028,Xã Tân Liên,38,Tỉnh Quảng Trị,15910,Xã Tân Lập
60,Tỉnh Quảng Trị,1596,Huyện Hướng Hóa,853564,Xã Tân Long,38,Tỉnh Quảng Trị,16166,Xã Lao Bảo
60,Tỉnh Quảng Trị,1596,Huyện Hướng Hóa,919100,Xã Tân Thành,38,Tỉnh Quảng Trị,16166,Xã Lao Bảo
60,Tỉnh Quảng Trị,1596,Huyện Hướng Hóa,984636,Xã Thanh,38,Tỉnh Quảng Trị,16422,Xã Lìa
60,Tỉnh Quảng Trị,1596,Huyện Hướng Hóa,1050172,Xã Thuận,38,Tỉnh Quảng Trị,16422,Xã Lìa
60,Tỉnh Quảng Trị,1596,Huyện Hướng Hóa,1115708,Xã A Dơi,38,Tỉnh Quảng Trị,16678,Xã A Dơi
60,Tỉnh Quảng Trị,1596,Huyện Hướng Hóa,1181244,Xã Lìa,38,Tỉnh Quảng Trị,16422,Xã Lìa
60,Tỉnh Quảng Trị,1596,Huyện Hướng Hóa,1246780,Xã Ba Tầng,38,Tỉnh Quảng Trị,16678,Xã A Dơi
60,Tỉnh Quảng Trị,1596,Huyện Hướng Hóa,1312316,Xã Hướng Lộc,38,Tỉnh Quảng Trị,15910,Xã Tân Lập
60,Tỉnh Quảng Trị,1596,Huyện Hướng Hóa,1377852,Xã Xy,38,Tỉnh Quảng Trị,16678,Xã A Dơi
60,Tỉnh Quảng Trị,1852,Huyện Đa Krông,67388,Xã A Vao,38,Tỉnh Quảng Trị,14118,Xã Tà Rụt
60,Tỉnh Quảng Trị,1852,Huyện Đa Krông,132924,Xã A Ngo,38,Tỉnh Quảng Trị,13862,Xã La Lay
60,Tỉnh Quảng Trị,1852,Huyện Đa Krông,198460,Xã Đa Krông,38,Tỉnh Quảng Trị,14374,Xã Đakrông
60,Tỉnh Quảng Trị,1852,Huyện Đa Krông,263996,Xã Ba Nang,38,Tỉnh Quảng Trị,14374,Xã Đakrông
60,Tỉnh Quảng Trị,1852,Huyện Đa Krông,329532,Xã Ba Lòng,38,Tỉnh Quảng Trị,14630,Xã Ba Lòng
60,Tỉnh Quảng Trị,1852,Huyện Đa Krông,395068,Xã A Bung,38,Tỉnh Quảng Trị,13862,Xã La Lay
60,Tỉnh Quảng Trị,1852,Huyện Đa Krông,460604,Thị Trấn Krông KLang,38,Tỉnh Quảng Trị,14886,Xã Hướng Hiệp
60,Tỉnh Quảng Trị,1852,Huyện Đa Krông,526140,Xã Tà Long,38,Tỉnh Quảng Trị,14374,Xã Đakrông
60,Tỉnh Quảng Trị,1852,Huyện Đa Krông,591676,Xã Mò Ó,38,Tỉnh Quảng Trị,14886,Xã Hướng Hiệp
60,Tỉnh Quảng Trị,1852,Huyện Đa Krông,657212,Xã Triệu Nguyên,38,Tỉnh Quảng Trị,14630,Xã Ba Lòng
60,Tỉnh Quảng Trị,1852,Huyện Đa Krông,722748,Xã Hướng Hiệp,38,Tỉnh Quảng Trị,14886,Xã Hướng Hiệp
60,Tỉnh Quảng Trị,1852,Huyện Đa Krông,788284,Xã Húc Nghì,38,Tỉnh Quảng Trị,14118,Xã Tà Rụt
60,Tỉnh Quảng Trị,1852,Huyện Đa Krông,853820,Xã Tà Rụt,38,Tỉnh Quảng Trị,14118,Xã Tà Rụt
60,Tỉnh Quảng Trị,2108,Huyện Cồn Cỏ,,,38,Tỉnh Quảng Trị,550,Đặc Khu Cồn Cỏ
60,Tỉnh Quảng Trị,2364,Huyện Triệu Phong,67900,Thị Trấn Ái Tử,38,Tỉnh Quảng Trị,17446,Xã Triệu Phong
60,Tỉnh Quảng Trị,2364,Huyện Triệu Phong,133436,Xã Triệu Ái,38,Tỉnh Quảng Trị,17702,Xã Ái Tử
60,Tỉnh Quảng Trị,2364,Huyện Triệu Phong,198972,Xã Triệu Tân,38,Tỉnh Quảng Trị,18470,Xã Nam Cửa Việt
60,Tỉnh Quảng Trị,2364,Huyện Triệu Phong,264508,Xã Triệu Đại,38,Tỉnh Quảng Trị,17958,Xã Triệu Bình
60,Tỉnh Quảng Trị,2364,Huyện Triệu Phong,330044,Xã Triệu Độ,38,Tỉnh Quảng Trị,17958,Xã Triệu Bình
60,Tỉnh Quảng Trị,2364,Huyện Triệu Phong,395580,Xã Triệu Trạch,38,Tỉnh Quảng Trị,18470,Xã Nam Cửa Việt
60,Tỉnh Quảng Trị,2364,Huyện Triệu Phong,461116,Xã Triệu Trung,38,Tỉnh Quảng Trị,18214,Xã Triệu Cơ
60,Tỉnh Quảng Trị,2364,Huyện Triệu Phong,592188,Xã Triệu Hòa,38,Tỉnh Quảng Trị,17958,Xã Triệu Bình
60,Tỉnh Quảng Trị,2364,Huyện Triệu Phong,657724,Xã Triệu Cơ,38,Tỉnh Quảng Trị,18214,Xã Triệu Cơ
60,Tỉnh Quảng Trị,2364,Huyện Triệu Phong,723260,Xã Triệu Long,38,Tỉnh Quảng Trị,17702,Xã Ái Tử
60,Tỉnh Quảng Trị,2364,Huyện Triệu Phong,788796,Xã Triệu Phước,38,Tỉnh Quảng Trị,18470,Xã Nam Cửa Việt
60,Tỉnh Quảng Trị,2364,Huyện Triệu Phong,919868,Xã Triệu Tài,38,Tỉnh Quảng Trị,18214,Xã Triệu Cơ
60,Tỉnh Quảng Trị,2364,Huyện Triệu Phong,985404,Xã Triệu Thành,38,Tỉnh Quảng Trị,17446,Xã Triệu Phong
60,Tỉnh Quảng Trị,2364,Huyện Triệu Phong,1050940,Xã Triệu Thuận,38,Tỉnh Quảng Trị,17958,Xã Triệu Bình
60,Tỉnh Quảng Trị,2364,Huyện Triệu Phong,1116476,Xã Triệu Thượng,38,Tỉnh Quảng Trị,17446,Xã Triệu Phong
60,Tỉnh Quảng Trị,2364,Huyện Triệu Phong,1182012,Xã Triệu Giang,38,Tỉnh Quảng Trị,17702,Xã Ái Tử
60,Tỉnh Quảng Trị,2620,Huyện Vĩnh Linh,68156,Xã Vĩnh Giang,38,Tỉnh Quảng Trị,11302,Xã Cửa Tùng
60,Tỉnh Quảng Trị,2620,Huyện Vĩnh Linh,133692,Xã Vĩnh Hà,38,Tỉnh Quảng Trị,12070,Xã Bến Quan
60,Tỉnh Quảng Trị,2620,Huyện Vĩnh Linh,199228,Xã Vĩnh Hòa,38,Tỉnh Quảng Trị,11558,Xã Vĩnh Hoàng
60,Tỉnh Quảng Trị,2620,Huyện Vĩnh Linh,264764,Xã Vĩnh Khê,38,Tỉnh Quảng Trị,12070,Xã Bến Quan
60,Tỉnh Quảng Trị,2620,Huyện Vĩnh Linh,330300,Xã Vĩnh Long,38,Tỉnh Quảng Trị,11046,Xã Vĩnh Linh
60,Tỉnh Quảng Trị,2620,Huyện Vĩnh Linh,395836,Thị Trấn Bến Quan,38,Tỉnh Quảng Trị,12070,Xã Bến Quan
60,Tỉnh Quảng Trị,2620,Huyện Vĩnh Linh,461372,Thị Trấn Cửa Tùng,38,Tỉnh Quảng Trị,11302,Xã Cửa Tùng
60,Tỉnh Quảng Trị,2620,Huyện Vĩnh Linh,526908,Thị Trấn Hồ Xá,38,Tỉnh Quảng Trị,11046,Xã Vĩnh Linh
60,Tỉnh Quảng Trị,2620,Huyện Vĩnh Linh,592444,Xã Vĩnh Lâm,38,Tỉnh Quảng Trị,11814,Xã Vĩnh Thủy
60,Tỉnh Quảng Trị,2620,Huyện Vĩnh Linh,657980,Xã Vĩnh Sơn,38,Tỉnh Quảng Trị,11814,Xã Vĩnh Thủy
60,Tỉnh Quảng Trị,2620,Huyện Vĩnh Linh,723516,Xã Kim Thạch,38,Tỉnh Quảng Trị,11302,Xã Cửa Tùng
60,Tỉnh Quảng Trị,2620,Huyện Vĩnh Linh,789052,Xã Vĩnh Thái,38,Tỉnh Quảng Trị,11558,Xã Vĩnh Hoàng
60,Tỉnh Quảng Trị,2620,Huyện Vĩnh Linh,854588,Xã Hiền Thành,38,Tỉnh Quảng Trị,11302,Xã Cửa Tùng
60,Tỉnh Quảng Trị,2620,Huyện Vĩnh Linh,920124,Xã Vĩnh Thủy,38,Tỉnh Quảng Trị,11814,Xã Vĩnh Thủy
60,Tỉnh Quảng Trị,2620,Huyện Vĩnh Linh,985660,Xã Trung Nam,38,Tỉnh Quảng Trị,11558,Xã Vĩnh Hoàng
60,Tỉnh Quảng Trị,2620,Huyện Vĩnh Linh,1051196,Xã Vĩnh Tú,38,Tỉnh Quảng Trị,11558,Xã Vĩnh Hoàng
60,Tỉnh Quảng Trị,2620,Huyện Vĩnh Linh,1116732,Xã Vĩnh Ô,38,Tỉnh Quảng Trị,12070,Xã Bến Quan
60,Tỉnh Quảng Trị,2620,Huyện Vĩnh Linh,1182268,Xã Vĩnh Chấp,38,Tỉnh Quảng Trị,11046,Xã Vĩnh Linh
61,Tỉnh Sóc Trăng,317,Thành Phố Sóc Trăng,65853,Phường 1,15,Thành Phố Cần Thơ,23567,Phường Phú Lợi
61,Tỉnh Sóc Trăng,317,Thành Phố Sóc Trăng,131389,Phường 10,15,Thành Phố Cần Thơ,24079,Phường Mỹ Xuyên
61,Tỉnh Sóc Trăng,317,Thành Phố Sóc Trăng,196925,Phường 2,15,Thành Phố Cần Thơ,23567,Phường Phú Lợi
61,Tỉnh Sóc Trăng,317,Thành Phố Sóc Trăng,262461,Phường 3,15,Thành Phố Cần Thơ,23567,Phường Phú Lợi
61,Tỉnh Sóc Trăng,317,Thành Phố Sóc Trăng,327997,Phường 4,15,Thành Phố Cần Thơ,23567,Phường Phú Lợi
61,Tỉnh Sóc Trăng,317,Thành Phố Sóc Trăng,393533,Phường 5,15,Thành Phố Cần Thơ,23823,Phường Sóc Trăng
61,Tỉnh Sóc Trăng,317,Thành Phố Sóc Trăng,459069,Phường 6,15,Thành Phố Cần Thơ,23823,Phường Sóc Trăng
61,Tỉnh Sóc Trăng,317,Thành Phố Sóc Trăng,524605,Phường 7,15,Thành Phố Cần Thơ,23823,Phường Sóc Trăng
61,Tỉnh Sóc Trăng,317,Thành Phố Sóc Trăng,590141,Phường 8,15,Thành Phố Cần Thơ,23823,Phường Sóc Trăng
61,Tỉnh Sóc Trăng,573,Thị Xã Vĩnh Châu,66109,Xã Vĩnh Tân,15,Thành Phố Cần Thơ,18447,Phường Vĩnh Phước
61,Tỉnh Sóc Trăng,573,Thị Xã Vĩnh Châu,131645,Xã Lai Hòa,15,Thành Phố Cần Thơ,527,Xã Lai Hòa
61,Tỉnh Sóc Trăng,573,Thị Xã Vĩnh Châu,197181,Phường 2,15,Thành Phố Cần Thơ,18703,Phường Vĩnh Châu
61,Tỉnh Sóc Trăng,573,Thị Xã Vĩnh Châu,262717,Xã Vĩnh Hải,15,Thành Phố Cần Thơ,783,Xã Vĩnh Hải
61,Tỉnh Sóc Trăng,573,Thị Xã Vĩnh Châu,328253,Xã Vĩnh Hiệp,15,Thành Phố Cần Thơ,18959,Phường Khánh Hòa
61,Tỉnh Sóc Trăng,573,Thị Xã Vĩnh Châu,393789,Phường Vĩnh Phước,15,Thành Phố Cần Thơ,18447,Phường Vĩnh Phước
61,Tỉnh Sóc Trăng,573,Thị Xã Vĩnh Châu,459325,Phường 1,15,Thành Phố Cần Thơ,18703,Phường Vĩnh Châu
61,Tỉnh Sóc Trăng,573,Thị Xã Vĩnh Châu,524861,Xã Hòa Đông,15,Thành Phố Cần Thơ,18959,Phường Khánh Hòa
61,Tỉnh Sóc Trăng,573,Thị Xã Vĩnh Châu,590397,Phường Khánh Hòa,15,Thành Phố Cần Thơ,18959,Phường Khánh Hòa
61,Tỉnh Sóc Trăng,573,Thị Xã Vĩnh Châu,655933,Xã Lạc Hòa,15,Thành Phố Cần Thơ,18703,Phường Vĩnh Châu
61,Tỉnh Sóc Trăng,829,Thị Xã Ngã Năm,66365,Xã Vĩnh Quới,15,Thành Phố Cần Thơ,19215,Phường Ngã Năm
61,Tỉnh Sóc Trăng,829,Thị Xã Ngã Năm,131901,Xã Long Bình,15,Thành Phố Cần Thơ,19727,Xã Tân Long
61,Tỉnh Sóc Trăng,829,Thị Xã Ngã Năm,197437,Phường 2,15,Thành Phố Cần Thơ,19215,Phường Ngã Năm
61,Tỉnh Sóc Trăng,829,Thị Xã Ngã Năm,262973,Xã Mỹ Bình,15,Thành Phố Cần Thơ,19471,Phường Mỹ Quới
61,Tỉnh Sóc Trăng,829,Thị Xã Ngã Năm,328509,Phường 1,15,Thành Phố Cần Thơ,19215,Phường Ngã Năm
61,Tỉnh Sóc Trăng,829,Thị Xã Ngã Năm,394045,Xã Mỹ Quới,15,Thành Phố Cần Thơ,19471,Phường Mỹ Quới
61,Tỉnh Sóc Trăng,829,Thị Xã Ngã Năm,459581,Xã Tân Long,15,Thành Phố Cần Thơ,19727,Xã Tân Long
61,Tỉnh Sóc Trăng,829,Thị Xã Ngã Năm,525117,Phường 3,15,Thành Phố Cần Thơ,19471,Phường Mỹ Quới
61,Tỉnh Sóc Trăng,1085,Huyện Cù Lao Dung,66621,Xã An Thạnh Nam,15,Thành Phố Cần Thơ,22287,Xã Cù Lao Dung
61,Tỉnh Sóc Trăng,1085,Huyện Cù Lao Dung,132157,Xã An Thạnh Đông,15,Thành Phố Cần Thơ,22031,Xã An Thạnh
61,Tỉnh Sóc Trăng,1085,Huyện Cù Lao Dung,197693,Xã Đại Ân 1,15,Thành Phố Cần Thơ,22287,Xã Cù Lao Dung
61,Tỉnh Sóc Trăng,1085,Huyện Cù Lao Dung,263229,Xã An Thạnh Tây,15,Thành Phố Cần Thơ,22031,Xã An Thạnh
61,Tỉnh Sóc Trăng,1085,Huyện Cù Lao Dung,328765,Thị Trấn Cù Lao Dung,15,Thành Phố Cần Thơ,22031,Xã An Thạnh
61,Tỉnh Sóc Trăng,1085,Huyện Cù Lao Dung,394301,Xã An Thạnh 1,15,Thành Phố Cần Thơ,22031,Xã An Thạnh
61,Tỉnh Sóc Trăng,1085,Huyện Cù Lao Dung,459837,Xã An Thạnh 2,15,Thành Phố Cần Thơ,22287,Xã Cù Lao Dung
61,Tỉnh Sóc Trăng,1085,Huyện Cù Lao Dung,525373,Xã An Thạnh 3,15,Thành Phố Cần Thơ,22287,Xã Cù Lao Dung
61,Tỉnh Sóc Trăng,1341,Huyện Kế Sách,66877,Xã Phong Nẫm,15,Thành Phố Cần Thơ,271,Xã Phong Nẫm
61,Tỉnh Sóc Trăng,1341,Huyện Kế Sách,132413,Xã Xuân Hòa,15,Thành Phố Cần Thơ,25615,Xã An Lạc Thôn
61,Tỉnh Sóc Trăng,1341,Huyện Kế Sách,197949,Xã Đại Hải,15,Thành Phố Cần Thơ,26383,Xã Đại Hải
61,Tỉnh Sóc Trăng,1341,Huyện Kế Sách,263485,Xã An Mỹ,15,Thành Phố Cần Thơ,23311,Xã Nhơn Mỹ
61,Tỉnh Sóc Trăng,1341,Huyện Kế Sách,329021,Thị Trấn Kế Sách,15,Thành Phố Cần Thơ,25871,Xã Kế Sách
61,Tỉnh Sóc Trăng,1341,Huyện Kế Sách,394557,Xã An Lạc Tây,15,Thành Phố Cần Thơ,26127,Xã Thới An Hội
61,Tỉnh Sóc Trăng,1341,Huyện Kế Sách,460093,Thị Trấn An Lạc Thôn,15,Thành Phố Cần Thơ,25615,Xã An Lạc Thôn
61,Tỉnh Sóc Trăng,1341,Huyện Kế Sách,525629,Xã Ba Trinh,15,Thành Phố Cần Thơ,26383,Xã Đại Hải
61,Tỉnh Sóc Trăng,1341,Huyện Kế Sách,591165,Xã Nhơn Mỹ,15,Thành Phố Cần Thơ,23311,Xã Nhơn Mỹ
61,Tỉnh Sóc Trăng,1341,Huyện Kế Sách,656701,Xã Thới An Hội,15,Thành Phố Cần Thơ,26127,Xã Thới An Hội
61,Tỉnh Sóc Trăng,1341,Huyện Kế Sách,722237,Xã Kế Thành,15,Thành Phố Cần Thơ,25871,Xã Kế Sách
61,Tỉnh Sóc Trăng,1341,Huyện Kế Sách,787773,Xã Trinh Phú,15,Thành Phố Cần Thơ,25615,Xã An Lạc Thôn
61,Tỉnh Sóc Trăng,1341,Huyện Kế Sách,853309,Xã Kế An,15,Thành Phố Cần Thơ,25871,Xã Kế Sách
61,Tỉnh Sóc Trăng,1597,Huyện Long Phú,67133,Thị Trấn Long Phú,15,Thành Phố Cần Thơ,23055,Xã Long Phú
61,Tỉnh Sóc Trăng,1597,Huyện Long Phú,132669,Xã Châu Khánh,15,Thành Phố Cần Thơ,22799,Xã Tân Thạnh
61,Tỉnh Sóc Trăng,1597,Huyện Long Phú,198205,Thị Trấn Đại Ngãi,15,Thành Phố Cần Thơ,22543,Xã Đại Ngãi
61,Tỉnh Sóc Trăng,1597,Huyện Long Phú,263741,Xã Hậu Thạnh,15,Thành Phố Cần Thơ,25359,Xã Trường Khánh
61,Tỉnh Sóc Trăng,1597,Huyện Long Phú,329277,Xã Long Đức,15,Thành Phố Cần Thơ,22543,Xã Đại Ngãi
61,Tỉnh Sóc Trăng,1597,Huyện Long Phú,394813,Xã Phú Hữu,15,Thành Phố Cần Thơ,25359,Xã Trường Khánh
61,Tỉnh Sóc Trăng,1597,Huyện Long Phú,460349,Xã Song Phụng,15,Thành Phố Cần Thơ,23311,Xã Nhơn Mỹ
61,Tỉnh Sóc Trăng,1597,Huyện Long Phú,525885,Xã Tân Hưng,15,Thành Phố Cần Thơ,22799,Xã Tân Thạnh
61,Tỉnh Sóc Trăng,1597,Huyện Long Phú,591421,Xã Tân Thạnh,15,Thành Phố Cần Thơ,22799,Xã Tân Thạnh
61,Tỉnh Sóc Trăng,1597,Huyện Long Phú,656957,Xã Trường Khánh,15,Thành Phố Cần Thơ,25359,Xã Trường Khánh
61,Tỉnh Sóc Trăng,1597,Huyện Long Phú,722493,Xã Long Phú,15,Thành Phố Cần Thơ,23055,Xã Long Phú
61,Tỉnh Sóc Trăng,1853,Huyện Mỹ Tú,67389,Thị Trấn Huỳnh Hữu Nghĩa,15,Thành Phố Cần Thơ,17679,Xã Mỹ Tú
61,Tỉnh Sóc Trăng,1853,Huyện Mỹ Tú,132925,Xã Hưng Phú,15,Thành Phố Cần Thơ,17935,Xã Long Hưng
61,Tỉnh Sóc Trăng,1853,Huyện Mỹ Tú,198461,Xã Long Hưng,15,Thành Phố Cần Thơ,17935,Xã Long Hưng
61,Tỉnh Sóc Trăng,1853,Huyện Mỹ Tú,263997,Xã Mỹ Hương,15,Thành Phố Cần Thơ,18191,Xã Mỹ Hương
61,Tỉnh Sóc Trăng,1853,Huyện Mỹ Tú,329533,Xã Mỹ Phước,15,Thành Phố Cần Thơ,1039,Xã Mỹ Phước
61,Tỉnh Sóc Trăng,1853,Huyện Mỹ Tú,395069,Xã Mỹ Thuận,15,Thành Phố Cần Thơ,17679,Xã Mỹ Tú
61,Tỉnh Sóc Trăng,1853,Huyện Mỹ Tú,460605,Xã Mỹ Tú,15,Thành Phố Cần Thơ,17679,Xã Mỹ Tú
61,Tỉnh Sóc Trăng,1853,Huyện Mỹ Tú,526141,Xã Phú Mỹ,15,Thành Phố Cần Thơ,18191,Xã Mỹ Hương
61,Tỉnh Sóc Trăng,1853,Huyện Mỹ Tú,591677,Xã Thuận Hưng,15,Thành Phố Cần Thơ,18191,Xã Mỹ Hương
61,Tỉnh Sóc Trăng,2109,Huyện Mỹ Xuyên,67645,Xã Đại Tâm,15,Thành Phố Cần Thơ,24079,Phường Mỹ Xuyên
61,Tỉnh Sóc Trăng,2109,Huyện Mỹ Xuyên,133181,Xã Tham Đôn,15,Thành Phố Cần Thơ,25103,Xã Ngọc Tố
61,Tỉnh Sóc Trăng,2109,Huyện Mỹ Xuyên,198717,Thị Trấn Mỹ Xuyên,15,Thành Phố Cần Thơ,24079,Phường Mỹ Xuyên
61,Tỉnh Sóc Trăng,2109,Huyện Mỹ Xuyên,264253,Xã Gia Hòa 1,15,Thành Phố Cần Thơ,24847,Xã Nhu Gia
61,Tỉnh Sóc Trăng,2109,Huyện Mỹ Xuyên,329789,Xã Gia Hòa 2,15,Thành Phố Cần Thơ,24591,Xã Gia Hòa
61,Tỉnh Sóc Trăng,2109,Huyện Mỹ Xuyên,395325,Xã Hòa Tú 1,15,Thành Phố Cần Thơ,24335,Xã Hòa Tú
61,Tỉnh Sóc Trăng,2109,Huyện Mỹ Xuyên,460861,Xã Hòa Tú 2,15,Thành Phố Cần Thơ,24335,Xã Hòa Tú
61,Tỉnh Sóc Trăng,2109,Huyện Mỹ Xuyên,526397,Xã Ngọc Đông,15,Thành Phố Cần Thơ,25103,Xã Ngọc Tố
61,Tỉnh Sóc Trăng,2109,Huyện Mỹ Xuyên,591933,Xã Ngọc Tố,15,Thành Phố Cần Thơ,25103,Xã Ngọc Tố
61,Tỉnh Sóc Trăng,2109,Huyện Mỹ Xuyên,657469,Xã Thạnh Phú,15,Thành Phố Cần Thơ,24847,Xã Nhu Gia
61,Tỉnh Sóc Trăng,2109,Huyện Mỹ Xuyên,723005,Xã Thạnh Quới,15,Thành Phố Cần Thơ,24591,Xã Gia Hòa
61,Tỉnh Sóc Trăng,2365,Huyện Thạnh Trị,67901,Xã Tuân Tức,15,Thành Phố Cần Thơ,20495,Xã Lâm Tân
61,Tỉnh Sóc Trăng,2365,Huyện Thạnh Trị,133437,Xã Lâm Kiết,15,Thành Phố Cần Thơ,20495,Xã Lâm Tân
61,Tỉnh Sóc Trăng,2365,Huyện Thạnh Trị,198973,Xã Lâm Tân,15,Thành Phố Cần Thơ,20495,Xã Lâm Tân
61,Tỉnh Sóc Trăng,2365,Huyện Thạnh Trị,264509,Xã Thạnh Tân,15,Thành Phố Cần Thơ,19727,Xã Tân Long
61,Tỉnh Sóc Trăng,2365,Huyện Thạnh Trị,330045,Xã Thạnh Trị,15,Thành Phố Cần Thơ,19983,Xã Phú Lộc
61,Tỉnh Sóc Trăng,2365,Huyện Thạnh Trị,395581,Thị Trấn Hưng Lợi,15,Thành Phố Cần Thơ,19983,Xã Phú Lộc
61,Tỉnh Sóc Trăng,2365,Huyện Thạnh Trị,461117,Thị Trấn Phú Lộc,15,Thành Phố Cần Thơ,19983,Xã Phú Lộc
61,Tỉnh Sóc Trăng,2365,Huyện Thạnh Trị,526653,Xã Châu Hưng,15,Thành Phố Cần Thơ,20239,Xã Vĩnh Lợi
61,Tỉnh Sóc Trăng,2365,Huyện Thạnh Trị,592189,Xã Vĩnh Lợi,15,Thành Phố Cần Thơ,20239,Xã Vĩnh Lợi
61,Tỉnh Sóc Trăng,2365,Huyện Thạnh Trị,657725,Xã Vĩnh Thành,15,Thành Phố Cần Thơ,20239,Xã Vĩnh Lợi
61,Tỉnh Sóc Trăng,2621,Huyện Trần Đề,68157,Xã Tài Văn,15,Thành Phố Cần Thơ,21007,Xã Tài Văn
61,Tỉnh Sóc Trăng,2621,Huyện Trần Đề,133693,Xã Thạnh Thới An,15,Thành Phố Cần Thơ,20751,Xã Thạnh Thới An
61,Tỉnh Sóc Trăng,2621,Huyện Trần Đề,199229,Xã Thạnh Thới Thuận,15,Thành Phố Cần Thơ,20751,Xã Thạnh Thới An
61,Tỉnh Sóc Trăng,2621,Huyện Trần Đề,264765,Xã Trung Bình,15,Thành Phố Cần Thơ,21775,Xã Trần Đề
61,Tỉnh Sóc Trăng,2621,Huyện Trần Đề,330301,Xã Viên An,15,Thành Phố Cần Thơ,21007,Xã Tài Văn
61,Tỉnh Sóc Trăng,2621,Huyện Trần Đề,395837,Xã Viên Bình,15,Thành Phố Cần Thơ,21263,Xã Liêu Tú
61,Tỉnh Sóc Trăng,2621,Huyện Trần Đề,461373,Xã Đại Ân 2,15,Thành Phố Cần Thơ,21775,Xã Trần Đề
61,Tỉnh Sóc Trăng,2621,Huyện Trần Đề,526909,Thị Trấn Lịch Hội Thượng,15,Thành Phố Cần Thơ,21519,Xã Lịch Hội Thượng
61,Tỉnh Sóc Trăng,2621,Huyện Trần Đề,592445,Thị Trấn Trần Đề,15,Thành Phố Cần Thơ,21775,Xã Trần Đề
61,Tỉnh Sóc Trăng,2621,Huyện Trần Đề,657981,Xã Lịch Hội Thượng,15,Thành Phố Cần Thơ,21519,Xã Lịch Hội Thượng
61,Tỉnh Sóc Trăng,2621,Huyện Trần Đề,723517,Xã Liêu Tú,15,Thành Phố Cần Thơ,21263,Xã Liêu Tú
61,Tỉnh Sóc Trăng,2877,Huyện Châu Thành,68413,Thị Trấn Châu Thành,15,Thành Phố Cần Thơ,16655,Xã Phú Tâm
61,Tỉnh Sóc Trăng,2877,Huyện Châu Thành,133949,Xã An Hiệp,15,Thành Phố Cần Thơ,16911,Xã An Ninh
61,Tỉnh Sóc Trăng,2877,Huyện Châu Thành,199485,Xã An Ninh,15,Thành Phố Cần Thơ,16911,Xã An Ninh
61,Tỉnh Sóc Trăng,2877,Huyện Châu Thành,265021,Xã Thiện Mỹ,15,Thành Phố Cần Thơ,17423,Xã Hồ Đắc Kiện
61,Tỉnh Sóc Trăng,2877,Huyện Châu Thành,330557,Xã Hồ Đắc Kiện,15,Thành Phố Cần Thơ,17423,Xã Hồ Đắc Kiện
61,Tỉnh Sóc Trăng,2877,Huyện Châu Thành,396093,Xã Phú Tâm,15,Thành Phố Cần Thơ,16655,Xã Phú Tâm
61,Tỉnh Sóc Trăng,2877,Huyện Châu Thành,461629,Xã Phú Tân,15,Thành Phố Cần Thơ,17167,Xã Thuận Hòa
61,Tỉnh Sóc Trăng,2877,Huyện Châu Thành,527165,Xã Thuận Hòa,15,Thành Phố Cần Thơ,17167,Xã Thuận Hòa
62,Tỉnh Sơn La,318,Thành Phố Sơn La,65854,Phường Quyết Tâm,39,Tỉnh Sơn La,2343,Phường Tô Hiệu
62,Tỉnh Sơn La,318,Thành Phố Sơn La,131390,Xã Chiềng Đen,39,Tỉnh Sơn La,2599,Phường Chiềng An
62,Tỉnh Sơn La,318,Thành Phố Sơn La,196926,Phường Chiềng An,39,Tỉnh Sơn La,2599,Phường Chiềng An
62,Tỉnh Sơn La,318,Thành Phố Sơn La,262462,Phường Chiềng Cơi,39,Tỉnh Sơn La,807,Phường Chiềng Cơi
62,Tỉnh Sơn La,318,Thành Phố Sơn La,327998,Phường Chiềng Lề,39,Tỉnh Sơn La,2343,Phường Tô Hiệu
62,Tỉnh Sơn La,318,Thành Phố Sơn La,393534,Phường Chiềng Sinh,39,Tỉnh Sơn La,2855,Phường Chiềng Sinh
62,Tỉnh Sơn La,318,Thành Phố Sơn La,459070,Phường Quyết Thắng,39,Tỉnh Sơn La,2343,Phường Tô Hiệu
62,Tỉnh Sơn La,318,Thành Phố Sơn La,524606,Phường Tô Hiệu,39,Tỉnh Sơn La,2343,Phường Tô Hiệu
62,Tỉnh Sơn La,318,Thành Phố Sơn La,590142,Xã Chiềng Cọ,39,Tỉnh Sơn La,807,Phường Chiềng Cơi
62,Tỉnh Sơn La,318,Thành Phố Sơn La,655678,Xã Chiềng Ngần,39,Tỉnh Sơn La,2855,Phường Chiềng Sinh
62,Tỉnh Sơn La,318,Thành Phố Sơn La,721214,Xã Chiềng Xôm,39,Tỉnh Sơn La,2599,Phường Chiềng An
62,Tỉnh Sơn La,318,Thành Phố Sơn La,786750,Xã Hua La,39,Tỉnh Sơn La,807,Phường Chiềng Cơi
62,Tỉnh Sơn La,574,Huyện Bắc Yên,66110,Xã Phiêng Ban,39,Tỉnh Sơn La,10023,Xã Bắc Yên
62,Tỉnh Sơn La,574,Huyện Bắc Yên,131646,Xã Mường Khoa,39,Tỉnh Sơn La,10535,Xã Tạ Khoa
62,Tỉnh Sơn La,574,Huyện Bắc Yên,197182,Thị Trấn Bắc Yên,39,Tỉnh Sơn La,10023,Xã Bắc Yên
62,Tỉnh Sơn La,574,Huyện Bắc Yên,262718,Xã Hua Nhàn,39,Tỉnh Sơn La,10535,Xã Tạ Khoa
62,Tỉnh Sơn La,574,Huyện Bắc Yên,328254,Xã Song Pe,39,Tỉnh Sơn La,10023,Xã Bắc Yên
62,Tỉnh Sơn La,574,Huyện Bắc Yên,393790,Xã Làng Chếu,39,Tỉnh Sơn La,10279,Xã Tà Xùa
62,Tỉnh Sơn La,574,Huyện Bắc Yên,459326,Xã Chiềng Sại,39,Tỉnh Sơn La,11303,Xã Chiềng Sại
62,Tỉnh Sơn La,574,Huyện Bắc Yên,524862,Xã Chim Vàn,39,Tỉnh Sơn La,11047,Xã Pắc Ngà
62,Tỉnh Sơn La,574,Huyện Bắc Yên,590398,Xã Hang Chú,39,Tỉnh Sơn La,10791,Xã Xím Vàng
62,Tỉnh Sơn La,574,Huyện Bắc Yên,655934,Xã Háng Đồng,39,Tỉnh Sơn La,10279,Xã Tà Xùa
62,Tỉnh Sơn La,574,Huyện Bắc Yên,721470,Xã Hồng Ngài,39,Tỉnh Sơn La,10023,Xã Bắc Yên
62,Tỉnh Sơn La,574,Huyện Bắc Yên,787006,Xã Pắc Ngà,39,Tỉnh Sơn La,11047,Xã Pắc Ngà
62,Tỉnh Sơn La,574,Huyện Bắc Yên,852542,Xã Phiêng Côn,39,Tỉnh Sơn La,11303,Xã Chiềng Sại
62,Tỉnh Sơn La,574,Huyện Bắc Yên,918078,Xã Tạ Khoa,39,Tỉnh Sơn La,10535,Xã Tạ Khoa
62,Tỉnh Sơn La,574,Huyện Bắc Yên,983614,Xã Tà Xùa,39,Tỉnh Sơn La,10279,Xã Tà Xùa
62,Tỉnh Sơn La,574,Huyện Bắc Yên,1049150,Xã Xím Vàng,39,Tỉnh Sơn La,10791,Xã Xím Vàng
62,Tỉnh Sơn La,830,Huyện Mai Sơn,66366,Thị Trấn Hát Lót,39,Tỉnh Sơn La,14631,Xã Mai Sơn
62,Tỉnh Sơn La,830,Huyện Mai Sơn,131902,Xã Chiềng Ban,39,Tỉnh Sơn La,14375,Xã Chiềng Mai
62,Tỉnh Sơn La,830,Huyện Mai Sơn,197438,Xã Chiềng Chăn,39,Tỉnh Sơn La,16167,Xã Chiềng Sung
62,Tỉnh Sơn La,830,Huyện Mai Sơn,262974,Xã Chiềng Chung,39,Tỉnh Sơn La,15655,Xã Mường Chanh
62,Tỉnh Sơn La,830,Huyện Mai Sơn,328510,Xã Chiềng Kheo,39,Tỉnh Sơn La,14375,Xã Chiềng Mai
62,Tỉnh Sơn La,830,Huyện Mai Sơn,394046,Xã Chiềng Lương,39,Tỉnh Sơn La,14887,Xã Phiêng Pằn
62,Tỉnh Sơn La,830,Huyện Mai Sơn,459582,Xã Cò Nòi,39,Tỉnh Sơn La,14631,Xã Mai Sơn
62,Tỉnh Sơn La,830,Huyện Mai Sơn,525118,Xã Chiềng Mung,39,Tỉnh Sơn La,15143,Xã Chiềng Mung
62,Tỉnh Sơn La,830,Huyện Mai Sơn,590654,Xã Chiềng Nơi,39,Tỉnh Sơn La,15399,Xã Phiêng Cằm
62,Tỉnh Sơn La,830,Huyện Mai Sơn,656190,Xã Chiềng Sung,39,Tỉnh Sơn La,16167,Xã Chiềng Sung
62,Tỉnh Sơn La,830,Huyện Mai Sơn,721726,Xã Hát Lót,39,Tỉnh Sơn La,14631,Xã Mai Sơn
62,Tỉnh Sơn La,830,Huyện Mai Sơn,787262,Xã Mường Bằng,39,Tỉnh Sơn La,15143,Xã Chiềng Mung
62,Tỉnh Sơn La,830,Huyện Mai Sơn,852798,Xã Mường Bon,39,Tỉnh Sơn La,15143,Xã Chiềng Mung
62,Tỉnh Sơn La,830,Huyện Mai Sơn,918334,Xã Nà Pó,39,Tỉnh Sơn La,15911,Xã Tà Hộc
62,Tỉnh Sơn La,830,Huyện Mai Sơn,983870,Xã Nà Ơt,39,Tỉnh Sơn La,14887,Xã Phiêng Pằn
62,Tỉnh Sơn La,830,Huyện Mai Sơn,1049406,Xã Phiêng Cằm,39,Tỉnh Sơn La,15399,Xã Phiêng Cằm
62,Tỉnh Sơn La,830,Huyện Mai Sơn,1114942,Xã Chiềng Dong,39,Tỉnh Sơn La,14375,Xã Chiềng Mai
62,Tỉnh Sơn La,830,Huyện Mai Sơn,1180478,Xã Phiêng Pằn,39,Tỉnh Sơn La,14887,Xã Phiêng Pằn
62,Tỉnh Sơn La,830,Huyện Mai Sơn,1246014,Xã Chiềng Ve,39,Tỉnh Sơn La,14375,Xã Chiềng Mai
62,Tỉnh Sơn La,830,Huyện Mai Sơn,1311550,Xã Chiềng Mai,39,Tỉnh Sơn La,14375,Xã Chiềng Mai
62,Tỉnh Sơn La,830,Huyện Mai Sơn,1377086,Xã Mương Chanh,39,Tỉnh Sơn La,15655,Xã Mường Chanh
62,Tỉnh Sơn La,830,Huyện Mai Sơn,1442622,Xã Tà Hộc,39,Tỉnh Sơn La,15911,Xã Tà Hộc
62,Tỉnh Sơn La,1086,Thị Xã Mộc Châu,66622,Phường Mộc Sơn,39,Tỉnh Sơn La,3111,Phường Mộc Sơn
62,Tỉnh Sơn La,1086,Thị Xã Mộc Châu,132158,Xã Chiềng Hắc,39,Tỉnh Sơn La,19239,Phường Mộc Châu
62,Tỉnh Sơn La,1086,Thị Xã Mộc Châu,197694,Phường Vân Sơn,39,Tỉnh Sơn La,3367,Phường Vân Sơn
62,Tỉnh Sơn La,1086,Thị Xã Mộc Châu,197694,Phường Vân Sơn,39,Tỉnh Sơn La,3623,Phường Thảo Nguyên
62,Tỉnh Sơn La,1086,Thị Xã Mộc Châu,263230,Xã Chiềng Sơn,39,Tỉnh Sơn La,4391,Xã Chiềng Sơn
62,Tỉnh Sơn La,1086,Thị Xã Mộc Châu,328766,Xã Đông Sang,39,Tỉnh Sơn La,3111,Phường Mộc Sơn
62,Tỉnh Sơn La,1086,Thị Xã Mộc Châu,394302,Xã Chiềng Chung,39,Tỉnh Sơn La,3879,Xã Đoàn Kết
62,Tỉnh Sơn La,1086,Thị Xã Mộc Châu,459838,Xã Lóng Sập,39,Tỉnh Sơn La,4135,Xã Lóng Sập
62,Tỉnh Sơn La,1086,Thị Xã Mộc Châu,525374,Xã Mường Sang,39,Tỉnh Sơn La,4135,Xã Lóng Sập
62,Tỉnh Sơn La,1086,Thị Xã Mộc Châu,525374,Xã Mường Sang,39,Tỉnh Sơn La,19239,Phường Mộc Châu
62,Tỉnh Sơn La,1086,Thị Xã Mộc Châu,787518,Xã Tân Yên,39,Tỉnh Sơn La,1575,Xã Tân Yên
62,Tỉnh Sơn La,1086,Thị Xã Mộc Châu,918590,Xã Chiềng Khừa,39,Tỉnh Sơn La,4135,Xã Lóng Sập
62,Tỉnh Sơn La,1086,Thị Xã Mộc Châu,984126,Xã Đoàn Kết,39,Tỉnh Sơn La,3879,Xã Đoàn Kết
62,Tỉnh Sơn La,1086,Thị Xã Mộc Châu,1049662,Phường Mộc Lỵ,39,Tỉnh Sơn La,19239,Phường Mộc Châu
62,Tỉnh Sơn La,1086,Thị Xã Mộc Châu,1115198,Phường Thảo Nguyên,39,Tỉnh Sơn La,3367,Phường Vân Sơn
62,Tỉnh Sơn La,1086,Thị Xã Mộc Châu,1115198,Phường Thảo Nguyên,39,Tỉnh Sơn La,3623,Phường Thảo Nguyên
62,Tỉnh Sơn La,1086,Thị Xã Mộc Châu,1180734,Phường Bình Minh,39,Tỉnh Sơn La,3367,Phường Vân Sơn
62,Tỉnh Sơn La,1086,Thị Xã Mộc Châu,1246270,Phường Cờ Đỏ,39,Tỉnh Sơn La,3623,Phường Thảo Nguyên
62,Tỉnh Sơn La,1342,Huyện Mường La,66878,Xã Mường Bú,39,Tỉnh Sơn La,9511,Xã Mường Bú
62,Tỉnh Sơn La,1342,Huyện Mường La,132414,Thị Trấn Ít Ong,39,Tỉnh Sơn La,8999,Xã Mường La
62,Tỉnh Sơn La,1342,Huyện Mường La,197950,Xã Chiềng San,39,Tỉnh Sơn La,8999,Xã Mường La
62,Tỉnh Sơn La,1342,Huyện Mường La,263486,Xã Tạ Bú,39,Tỉnh Sơn La,9511,Xã Mường Bú
62,Tỉnh Sơn La,1342,Huyện Mường La,329022,Xã Chiềng Ân,39,Tỉnh Sơn La,9767,Xã Chiềng Hoa
62,Tỉnh Sơn La,1342,Huyện Mường La,394558,Xã Chiềng Công,39,Tỉnh Sơn La,9767,Xã Chiềng Hoa
62,Tỉnh Sơn La,1342,Huyện Mường La,460094,Xã Chiềng Muôn,39,Tỉnh Sơn La,8999,Xã Mường La
62,Tỉnh Sơn La,1342,Huyện Mường La,525630,Xã Hua Trai,39,Tỉnh Sơn La,9255,Xã Chiềng Lao
62,Tỉnh Sơn La,1342,Huyện Mường La,591166,Xã Mường Chùm,39,Tỉnh Sơn La,9511,Xã Mường Bú
62,Tỉnh Sơn La,1342,Huyện Mường La,656702,Xã Mường Trai,39,Tỉnh Sơn La,8999,Xã Mường La
62,Tỉnh Sơn La,1342,Huyện Mường La,722238,Xã Nậm Giôn,39,Tỉnh Sơn La,9255,Xã Chiềng Lao
62,Tỉnh Sơn La,1342,Huyện Mường La,787774,Xã Ngọc Chiến,39,Tỉnh Sơn La,1831,Xã Ngọc Chiến
62,Tỉnh Sơn La,1342,Huyện Mường La,853310,Xã Pi Toong,39,Tỉnh Sơn La,8999,Xã Mường La
62,Tỉnh Sơn La,1342,Huyện Mường La,918846,Xã Chiềng Hoa,39,Tỉnh Sơn La,9767,Xã Chiềng Hoa
62,Tỉnh Sơn La,1342,Huyện Mường La,984382,Xã Chiềng Lao,39,Tỉnh Sơn La,9255,Xã Chiềng Lao
62,Tỉnh Sơn La,1342,Huyện Mường La,1049918,Xã Nậm Păm,39,Tỉnh Sơn La,8999,Xã Mường La
62,Tỉnh Sơn La,1598,Huyện Phù Yên,67134,Xã Tường Hạ,39,Tỉnh Sơn La,12071,Xã Tường Hạ
62,Tỉnh Sơn La,1598,Huyện Phù Yên,132670,Thị Trấn Quang Huy,39,Tỉnh Sơn La,11559,Xã Phù Yên
62,Tỉnh Sơn La,1598,Huyện Phù Yên,198206,Xã Gia Phù,39,Tỉnh Sơn La,11815,Xã Gia Phù
62,Tỉnh Sơn La,1598,Huyện Phù Yên,329278,Xã Huy Hạ,39,Tỉnh Sơn La,11559,Xã Phù Yên
62,Tỉnh Sơn La,1598,Huyện Phù Yên,394814,Xã Huy Tân,39,Tỉnh Sơn La,11559,Xã Phù Yên
62,Tỉnh Sơn La,1598,Huyện Phù Yên,460350,Xã Huy Thượng,39,Tỉnh Sơn La,11559,Xã Phù Yên
62,Tỉnh Sơn La,1598,Huyện Phù Yên,525886,Xã Huy Tường,39,Tỉnh Sơn La,11559,Xã Phù Yên
62,Tỉnh Sơn La,1598,Huyện Phù Yên,591422,Xã Mường Bang,39,Tỉnh Sơn La,12583,Xã Mường Bang
62,Tỉnh Sơn La,1598,Huyện Phù Yên,656958,Xã Mường Cơi,39,Tỉnh Sơn La,12327,Xã Mường Cơi
62,Tỉnh Sơn La,1598,Huyện Phù Yên,722494,Xã Mường Do,39,Tỉnh Sơn La,12583,Xã Mường Bang
62,Tỉnh Sơn La,1598,Huyện Phù Yên,788030,Xã Suối Tọ,39,Tỉnh Sơn La,11559,Xã Phù Yên
62,Tỉnh Sơn La,1598,Huyện Phù Yên,919102,Xã Tân Lang,39,Tỉnh Sơn La,12327,Xã Mường Cơi
62,Tỉnh Sơn La,1598,Huyện Phù Yên,984638,Xã Tường Phong,39,Tỉnh Sơn La,12071,Xã Tường Hạ
62,Tỉnh Sơn La,1598,Huyện Phù Yên,1050174,Xã Tường Phù,39,Tỉnh Sơn La,11815,Xã Gia Phù
62,Tỉnh Sơn La,1598,Huyện Phù Yên,1115710,Xã Tường Thượng,39,Tỉnh Sơn La,12071,Xã Tường Hạ
62,Tỉnh Sơn La,1598,Huyện Phù Yên,1181246,Xã Tường Tiến,39,Tỉnh Sơn La,12071,Xã Tường Hạ
62,Tỉnh Sơn La,1598,Huyện Phù Yên,1246782,Xã Bắc Phong,39,Tỉnh Sơn La,12839,Xã Tân Phong
62,Tỉnh Sơn La,1598,Huyện Phù Yên,1312318,Xã Đá Đỏ,39,Tỉnh Sơn La,13095,Xã Kim Bon
62,Tỉnh Sơn La,1598,Huyện Phù Yên,1377854,Xã Kim Bon,39,Tỉnh Sơn La,13095,Xã Kim Bon
62,Tỉnh Sơn La,1598,Huyện Phù Yên,1443390,Xã Mường Lang,39,Tỉnh Sơn La,12583,Xã Mường Bang
62,Tỉnh Sơn La,1598,Huyện Phù Yên,1508926,Xã Mường Thải,39,Tỉnh Sơn La,12327,Xã Mường Cơi
62,Tỉnh Sơn La,1598,Huyện Phù Yên,1574462,Xã Nam Phong,39,Tỉnh Sơn La,12839,Xã Tân Phong
62,Tỉnh Sơn La,1598,Huyện Phù Yên,1639998,Xã Sập Xa,39,Tỉnh Sơn La,11815,Xã Gia Phù
62,Tỉnh Sơn La,1598,Huyện Phù Yên,1705534,Xã Suối Bau,39,Tỉnh Sơn La,11815,Xã Gia Phù
62,Tỉnh Sơn La,1598,Huyện Phù Yên,1771070,Xã Tân Phong,39,Tỉnh Sơn La,12839,Xã Tân Phong
62,Tỉnh Sơn La,1854,Huyện Quỳnh Nhai,67390,Xã Cà Nàng,39,Tỉnh Sơn La,5927,Xã Mường Chiên
62,Tỉnh Sơn La,1854,Huyện Quỳnh Nhai,132926,Xã Chiềng Khay,39,Tỉnh Sơn La,5927,Xã Mường Chiên
62,Tỉnh Sơn La,1854,Huyện Quỳnh Nhai,198462,Xã Chiềng Khoang,39,Tỉnh Sơn La,5671,Xã Quỳnh Nhai
62,Tỉnh Sơn La,1854,Huyện Quỳnh Nhai,263998,Xã Chiềng Ơn,39,Tỉnh Sơn La,5671,Xã Quỳnh Nhai
62,Tỉnh Sơn La,1854,Huyện Quỳnh Nhai,329534,Thị Trấn Mường Giàng,39,Tỉnh Sơn La,5671,Xã Quỳnh Nhai
62,Tỉnh Sơn La,1854,Huyện Quỳnh Nhai,395070,Xã Mường Giôn,39,Tỉnh Sơn La,6183,Xã Mường Giôn
62,Tỉnh Sơn La,1854,Huyện Quỳnh Nhai,460606,Xã Chiềng Bằng,39,Tỉnh Sơn La,5671,Xã Quỳnh Nhai
62,Tỉnh Sơn La,1854,Huyện Quỳnh Nhai,526142,Xã Mường Chiên,39,Tỉnh Sơn La,5927,Xã Mường Chiên
62,Tỉnh Sơn La,1854,Huyện Quỳnh Nhai,591678,Xã Mường Sại,39,Tỉnh Sơn La,6439,Xã Mường Sại
62,Tỉnh Sơn La,1854,Huyện Quỳnh Nhai,657214,Xã Nậm Ét,39,Tỉnh Sơn La,6439,Xã Mường Sại
62,Tỉnh Sơn La,1854,Huyện Quỳnh Nhai,722750,Xã Pá Ma Pha Khinh,39,Tỉnh Sơn La,6183,Xã Mường Giôn
62,Tỉnh Sơn La,2110,Huyện Sông Mã,67646,Xã Nà Nghịu,39,Tỉnh Sơn La,17959,Xã Sông Mã
62,Tỉnh Sơn La,2110,Huyện Sông Mã,133182,Thị Trấn Sông Mã,39,Tỉnh Sơn La,17959,Xã Sông Mã
62,Tỉnh Sơn La,2110,Huyện Sông Mã,198718,Xã Chiềng Cang,39,Tỉnh Sơn La,16935,Xã Mường Hung
62,Tỉnh Sơn La,2110,Huyện Sông Mã,264254,Xã Chiềng En,39,Tỉnh Sơn La,16423,Xã Bó Sinh
62,Tỉnh Sơn La,2110,Huyện Sông Mã,329790,Xã Chiềng Khoong,39,Tỉnh Sơn La,17191,Xã Chiềng Khoong
62,Tỉnh Sơn La,2110,Huyện Sông Mã,395326,Xã Chiềng Khương,39,Tỉnh Sơn La,16679,Xã Chiềng Khương
62,Tỉnh Sơn La,2110,Huyện Sông Mã,460862,Xã Chiềng Sơ,39,Tỉnh Sơn La,18471,Xã Chiềng Sơ
62,Tỉnh Sơn La,2110,Huyện Sông Mã,526398,Xã Đứa Mòn,39,Tỉnh Sơn La,17447,Xã Mường Lầm
62,Tỉnh Sơn La,2110,Huyện Sông Mã,591934,Xã Huổi Một,39,Tỉnh Sơn La,18215,Xã Huổi Một
62,Tỉnh Sơn La,2110,Huyện Sông Mã,657470,Xã Mường Hung,39,Tỉnh Sơn La,16935,Xã Mường Hung
62,Tỉnh Sơn La,2110,Huyện Sông Mã,723006,Xã Mường Lầm,39,Tỉnh Sơn La,17447,Xã Mường Lầm
62,Tỉnh Sơn La,2110,Huyện Sông Mã,788542,Xã Mường Sai,39,Tỉnh Sơn La,16679,Xã Chiềng Khương
62,Tỉnh Sơn La,2110,Huyện Sông Mã,854078,Xã Yên Hưng,39,Tỉnh Sơn La,18471,Xã Chiềng Sơ
62,Tỉnh Sơn La,2110,Huyện Sông Mã,919614,Xã Bó Sinh,39,Tỉnh Sơn La,16423,Xã Bó Sinh
62,Tỉnh Sơn La,2110,Huyện Sông Mã,985150,Xã Mường Cai,39,Tỉnh Sơn La,17191,Xã Chiềng Khoong
62,Tỉnh Sơn La,2110,Huyện Sông Mã,1050686,Xã Chiềng Phung,39,Tỉnh Sơn La,17703,Xã Nậm Ty
62,Tỉnh Sơn La,2110,Huyện Sông Mã,1116222,Xã Nậm Mằn,39,Tỉnh Sơn La,18215,Xã Huổi Một
62,Tỉnh Sơn La,2110,Huyện Sông Mã,1181758,Xã Nậm Ty,39,Tỉnh Sơn La,17703,Xã Nậm Ty
62,Tỉnh Sơn La,2110,Huyện Sông Mã,1247294,Xã Pú Pẩu,39,Tỉnh Sơn La,16423,Xã Bó Sinh
62,Tỉnh Sơn La,2366,Huyện Sốp Cộp,67902,Xã Dồm Cang,39,Tỉnh Sơn La,18983,Xã Púng Bánh
62,Tỉnh Sơn La,2366,Huyện Sốp Cộp,133438,Xã Mường Lạn,39,Tỉnh Sơn La,1319,Xã Mường Lạn
62,Tỉnh Sơn La,2366,Huyện Sốp Cộp,198974,Xã Mường Và,39,Tỉnh Sơn La,18727,Xã Sốp Cộp
62,Tỉnh Sơn La,2366,Huyện Sốp Cộp,264510,Xã Nậm Lạnh,39,Tỉnh Sơn La,18727,Xã Sốp Cộp
62,Tỉnh Sơn La,2366,Huyện Sốp Cộp,330046,Xã Sốp Cộp,39,Tỉnh Sơn La,18727,Xã Sốp Cộp
62,Tỉnh Sơn La,2366,Huyện Sốp Cộp,395582,Xã Mường Lèo,39,Tỉnh Sơn La,2087,Xã Mường Lèo
62,Tỉnh Sơn La,2366,Huyện Sốp Cộp,461118,Xã Púng Bánh,39,Tỉnh Sơn La,18983,Xã Púng Bánh
62,Tỉnh Sơn La,2366,Huyện Sốp Cộp,526654,Xã Sam Kha,39,Tỉnh Sơn La,18983,Xã Púng Bánh
62,Tỉnh Sơn La,2622,Huyện Thuận Châu,68158,Xã Bon Phặng,39,Tỉnh Sơn La,7463,Xã Muổi Nọi
62,Tỉnh Sơn La,2622,Huyện Thuận Châu,133694,Xã É Tòng,39,Tỉnh Sơn La,8743,Xã Long Hẹ
62,Tỉnh Sơn La,2622,Huyện Thuận Châu,199230,Xã Liệp Tè,39,Tỉnh Sơn La,7719,Xã Mường Khiêng
62,Tỉnh Sơn La,2622,Huyện Thuận Châu,264766,Xã Long Hẹ,39,Tỉnh Sơn La,8743,Xã Long Hẹ
62,Tỉnh Sơn La,2622,Huyện Thuận Châu,330302,Xã Mường Bám,39,Tỉnh Sơn La,295,Xã Mường Bám
62,Tỉnh Sơn La,2622,Huyện Thuận Châu,395838,Xã Pá Lông,39,Tỉnh Sơn La,7975,Xã Co Mạ
62,Tỉnh Sơn La,2622,Huyện Thuận Châu,461374,Xã Chiềng Pha,39,Tỉnh Sơn La,8231,Xã Bình Thuận
62,Tỉnh Sơn La,2622,Huyện Thuận Châu,526910,Xã Co Mạ,39,Tỉnh Sơn La,7975,Xã Co Mạ
62,Tỉnh Sơn La,2622,Huyện Thuận Châu,592446,Xã Co Tòng,39,Tỉnh Sơn La,7975,Xã Co Mạ
62,Tỉnh Sơn La,2622,Huyện Thuận Châu,657982,Xã Muổi Nọi,39,Tỉnh Sơn La,7463,Xã Muổi Nọi
62,Tỉnh Sơn La,2622,Huyện Thuận Châu,723518,Xã Tông Lạnh,39,Tỉnh Sơn La,6695,Xã Thuận Châu
62,Tỉnh Sơn La,2622,Huyện Thuận Châu,789054,Xã Mường É,39,Tỉnh Sơn La,8487,Xã Mường É
62,Tỉnh Sơn La,2622,Huyện Thuận Châu,854590,Xã Púng Tra,39,Tỉnh Sơn La,7207,Xã Nậm Lầu
62,Tỉnh Sơn La,2622,Huyện Thuận Châu,920126,Xã Thôm Mòn,39,Tỉnh Sơn La,6695,Xã Thuận Châu
62,Tỉnh Sơn La,2622,Huyện Thuận Châu,985662,Xã Tông Cọ,39,Tỉnh Sơn La,6951,Xã Chiềng La
62,Tỉnh Sơn La,2622,Huyện Thuận Châu,1051198,Xã Nậm Lầu,39,Tỉnh Sơn La,7207,Xã Nậm Lầu
62,Tỉnh Sơn La,2622,Huyện Thuận Châu,1116734,Xã Noong Lay,39,Tỉnh Sơn La,6951,Xã Chiềng La
62,Tỉnh Sơn La,2622,Huyện Thuận Châu,1182270,Xã Phổng Lái,39,Tỉnh Sơn La,8231,Xã Bình Thuận
62,Tỉnh Sơn La,2622,Huyện Thuận Châu,1313342,Thị Trấn Thuận Châu,39,Tỉnh Sơn La,6695,Xã Thuận Châu
62,Tỉnh Sơn La,2622,Huyện Thuận Châu,1378878,Xã Bản Lầm,39,Tỉnh Sơn La,7463,Xã Muổi Nọi
62,Tỉnh Sơn La,2622,Huyện Thuận Châu,1444414,Xã Bó Mười,39,Tỉnh Sơn La,7719,Xã Mường Khiêng
62,Tỉnh Sơn La,2622,Huyện Thuận Châu,1509950,Xã Chiềng Bôm,39,Tỉnh Sơn La,7207,Xã Nậm Lầu
62,Tỉnh Sơn La,2622,Huyện Thuận Châu,1575486,Xã Chiềng Ngàm,39,Tỉnh Sơn La,6951,Xã Chiềng La
62,Tỉnh Sơn La,2622,Huyện Thuận Châu,1641022,Xã Chiềng La,39,Tỉnh Sơn La,6951,Xã Chiềng La
62,Tỉnh Sơn La,2622,Huyện Thuận Châu,1706558,Xã Chiềng Pấc,39,Tỉnh Sơn La,6695,Xã Thuận Châu
62,Tỉnh Sơn La,2622,Huyện Thuận Châu,1772094,Xã Mường Khiêng,39,Tỉnh Sơn La,7719,Xã Mường Khiêng
62,Tỉnh Sơn La,2622,Huyện Thuận Châu,1837630,Xã Phổng Ly,39,Tỉnh Sơn La,6695,Xã Thuận Châu
62,Tỉnh Sơn La,2622,Huyện Thuận Châu,1903166,Xã Phổng Lập,39,Tỉnh Sơn La,8487,Xã Mường É
62,Tỉnh Sơn La,2878,Huyện Yên Châu,68414,Xã Chiềng Tương,39,Tỉnh Sơn La,13863,Xã Lóng Phiêng
62,Tỉnh Sơn La,2878,Huyện Yên Châu,133950,Xã Chiềng Khoi,39,Tỉnh Sơn La,13351,Xã Yên Châu
62,Tỉnh Sơn La,2878,Huyện Yên Châu,199486,Thị Trấn Yên Châu,39,Tỉnh Sơn La,13351,Xã Yên Châu
62,Tỉnh Sơn La,2878,Huyện Yên Châu,265022,Xã Chiềng Đông,39,Tỉnh Sơn La,13351,Xã Yên Châu
62,Tỉnh Sơn La,2878,Huyện Yên Châu,330558,Xã Chiềng Hặc,39,Tỉnh Sơn La,13607,Xã Chiềng Hặc
62,Tỉnh Sơn La,2878,Huyện Yên Châu,396094,Xã Chiềng On,39,Tỉnh Sơn La,14119,Xã Yên Sơn
62,Tỉnh Sơn La,2878,Huyện Yên Châu,461630,Xã Chiềng Pằn,39,Tỉnh Sơn La,13351,Xã Yên Châu
62,Tỉnh Sơn La,2878,Huyện Yên Châu,527166,Xã Chiềng Sàng,39,Tỉnh Sơn La,13351,Xã Yên Châu
62,Tỉnh Sơn La,2878,Huyện Yên Châu,592702,Xã Lóng Phiêng,39,Tỉnh Sơn La,13863,Xã Lóng Phiêng
62,Tỉnh Sơn La,2878,Huyện Yên Châu,658238,Xã Mường Lựm,39,Tỉnh Sơn La,13607,Xã Chiềng Hặc
62,Tỉnh Sơn La,2878,Huyện Yên Châu,723774,Xã Phiêng Khoài,39,Tỉnh Sơn La,551,Xã Phiêng Khoài
62,Tỉnh Sơn La,2878,Huyện Yên Châu,789310,Xã Tú Nang,39,Tỉnh Sơn La,13607,Xã Chiềng Hặc
62,Tỉnh Sơn La,2878,Huyện Yên Châu,920382,Xã Yên Sơn,39,Tỉnh Sơn La,14119,Xã Yên Sơn
62,Tỉnh Sơn La,2878,Huyện Yên Châu,985918,Xã Sập Vạt,39,Tỉnh Sơn La,13351,Xã Yên Châu
62,Tỉnh Sơn La,3134,Huyện Vân Hồ,68670,Xã Vân Hồ,39,Tỉnh Sơn La,4647,Xã Vân Hồ
62,Tỉnh Sơn La,3134,Huyện Vân Hồ,134206,Xã Chiềng Khoa,39,Tỉnh Sơn La,5159,Xã Tô Múa
62,Tỉnh Sơn La,3134,Huyện Vân Hồ,199742,Xã Lóng Luông,39,Tỉnh Sơn La,4647,Xã Vân Hồ
62,Tỉnh Sơn La,3134,Huyện Vân Hồ,265278,Xã Song Khủa,39,Tỉnh Sơn La,4903,Xã Song Khủa
62,Tỉnh Sơn La,3134,Huyện Vân Hồ,330814,Xã Chiềng Yên,39,Tỉnh Sơn La,4647,Xã Vân Hồ
62,Tỉnh Sơn La,3134,Huyện Vân Hồ,396350,Xã Liên Hòa,39,Tỉnh Sơn La,4903,Xã Song Khủa
62,Tỉnh Sơn La,3134,Huyện Vân Hồ,461886,Xã Mường Men,39,Tỉnh Sơn La,4647,Xã Vân Hồ
62,Tỉnh Sơn La,3134,Huyện Vân Hồ,527422,Xã Mường Tè,39,Tỉnh Sơn La,4903,Xã Song Khủa
62,Tỉnh Sơn La,3134,Huyện Vân Hồ,592958,Xã Quang Minh,39,Tỉnh Sơn La,4903,Xã Song Khủa
62,Tỉnh Sơn La,3134,Huyện Vân Hồ,658494,Xã Suối Bàng,39,Tỉnh Sơn La,5159,Xã Tô Múa
62,Tỉnh Sơn La,3134,Huyện Vân Hồ,724030,Xã Tô Múa,39,Tỉnh Sơn La,5159,Xã Tô Múa
62,Tỉnh Sơn La,3134,Huyện Vân Hồ,789566,Xã Xuân Nha,39,Tỉnh Sơn La,5415,Xã Xuân Nha
62,Tỉnh Sơn La,3134,Huyện Vân Hồ,855102,Xã Tân Xuân,39,Tỉnh Sơn La,5415,Xã Xuân Nha
62,Tỉnh Sơn La,3134,Huyện Vân Hồ,920638,Xã Chiềng Xuân,39,Tỉnh Sơn La,4391,Xã Chiềng Sơn
63,Tỉnh Tây Ninh,319,Thành Phố Tây Ninh,65855,Phường Ninh Thạnh,40,Tỉnh Tây Ninh,552,Phường Ninh Thạnh
63,Tỉnh Tây Ninh,319,Thành Phố Tây Ninh,131391,Xã Tân Bình,40,Tỉnh Tây Ninh,2856,Phường Bình Minh
63,Tỉnh Tây Ninh,319,Thành Phố Tây Ninh,196927,Xã Thạnh Tân,40,Tỉnh Tây Ninh,2856,Phường Bình Minh
63,Tỉnh Tây Ninh,319,Thành Phố Tây Ninh,262463,Phường 1,40,Tỉnh Tây Ninh,2600,Phường Tân Ninh
63,Tỉnh Tây Ninh,319,Thành Phố Tây Ninh,327999,Phường 2,40,Tỉnh Tây Ninh,2600,Phường Tân Ninh
63,Tỉnh Tây Ninh,319,Thành Phố Tây Ninh,393535,Phường 3,40,Tỉnh Tây Ninh,2600,Phường Tân Ninh
63,Tỉnh Tây Ninh,319,Thành Phố Tây Ninh,459071,Phường 4,40,Tỉnh Tây Ninh,2600,Phường Tân Ninh
63,Tỉnh Tây Ninh,319,Thành Phố Tây Ninh,524607,Phường Hiệp Ninh,40,Tỉnh Tây Ninh,2600,Phường Tân Ninh
63,Tỉnh Tây Ninh,319,Thành Phố Tây Ninh,590143,Xã Bình Minh,40,Tỉnh Tây Ninh,2856,Phường Bình Minh
63,Tỉnh Tây Ninh,319,Thành Phố Tây Ninh,655679,Phường Ninh Sơn,40,Tỉnh Tây Ninh,2856,Phường Bình Minh
63,Tỉnh Tây Ninh,575,Huyện Bến Cầu,66111,Xã Lợi Thuận,40,Tỉnh Tây Ninh,12328,Xã Bến Cầu
63,Tỉnh Tây Ninh,575,Huyện Bến Cầu,131647,Thị Trấn Bến Cầu,40,Tỉnh Tây Ninh,12328,Xã Bến Cầu
63,Tỉnh Tây Ninh,575,Huyện Bến Cầu,197183,Xã An Thạnh,40,Tỉnh Tây Ninh,12328,Xã Bến Cầu
63,Tỉnh Tây Ninh,575,Huyện Bến Cầu,262719,Xã Long Chữ,40,Tỉnh Tây Ninh,11816,Xã Long Chữ
63,Tỉnh Tây Ninh,575,Huyện Bến Cầu,328255,Xã Long Giang,40,Tỉnh Tây Ninh,12072,Xã Long Thuận
63,Tỉnh Tây Ninh,575,Huyện Bến Cầu,393791,Xã Long Khánh,40,Tỉnh Tây Ninh,12072,Xã Long Thuận
63,Tỉnh Tây Ninh,575,Huyện Bến Cầu,459327,Xã Long Phước,40,Tỉnh Tây Ninh,11816,Xã Long Chữ
63,Tỉnh Tây Ninh,575,Huyện Bến Cầu,524863,Xã Long Thuận,40,Tỉnh Tây Ninh,12072,Xã Long Thuận
63,Tỉnh Tây Ninh,575,Huyện Bến Cầu,590399,Xã Tiên Thuận,40,Tỉnh Tây Ninh,12328,Xã Bến Cầu
63,Tỉnh Tây Ninh,831,Huyện Châu Thành,66367,Xã An Cơ,40,Tỉnh Tây Ninh,11560,Xã Hảo Đước
63,Tỉnh Tây Ninh,831,Huyện Châu Thành,131903,Thị Trấn Châu Thành,40,Tỉnh Tây Ninh,3112,Xã Châu Thành
63,Tỉnh Tây Ninh,831,Huyện Châu Thành,197439,Xã An Bình,40,Tỉnh Tây Ninh,3112,Xã Châu Thành
63,Tỉnh Tây Ninh,831,Huyện Châu Thành,262975,Xã Biên Giới,40,Tỉnh Tây Ninh,11048,Xã Hòa Hội
63,Tỉnh Tây Ninh,831,Huyện Châu Thành,328511,Xã Đồng Khởi,40,Tỉnh Tây Ninh,3112,Xã Châu Thành
63,Tỉnh Tây Ninh,831,Huyện Châu Thành,394047,Xã Hảo Đước,40,Tỉnh Tây Ninh,11560,Xã Hảo Đước
63,Tỉnh Tây Ninh,831,Huyện Châu Thành,459583,Xã Hòa Hội,40,Tỉnh Tây Ninh,11048,Xã Hòa Hội
63,Tỉnh Tây Ninh,831,Huyện Châu Thành,525119,Xã Hòa Thạnh,40,Tỉnh Tây Ninh,11048,Xã Hòa Hội
63,Tỉnh Tây Ninh,831,Huyện Châu Thành,590655,Xã Long Vĩnh,40,Tỉnh Tây Ninh,11816,Xã Long Chữ
63,Tỉnh Tây Ninh,831,Huyện Châu Thành,656191,Xã Ninh Điền,40,Tỉnh Tây Ninh,11304,Xã Ninh Điền
63,Tỉnh Tây Ninh,831,Huyện Châu Thành,721727,Xã Phước Vinh,40,Tỉnh Tây Ninh,10792,Xã Phước Vinh
63,Tỉnh Tây Ninh,831,Huyện Châu Thành,787263,Xã Thái Bình,40,Tỉnh Tây Ninh,3112,Xã Châu Thành
63,Tỉnh Tây Ninh,831,Huyện Châu Thành,852799,Xã Thanh Điền,40,Tỉnh Tây Ninh,6952,Phường Thanh Điền
63,Tỉnh Tây Ninh,831,Huyện Châu Thành,918335,Xã Thành Long,40,Tỉnh Tây Ninh,11304,Xã Ninh Điền
63,Tỉnh Tây Ninh,831,Huyện Châu Thành,983871,Xã Trí Bình,40,Tỉnh Tây Ninh,11560,Xã Hảo Đước
63,Tỉnh Tây Ninh,1087,Huyện Dương Minh Châu,66623,Thị Trấn Dương Minh Châu,40,Tỉnh Tây Ninh,296,Xã Dương Minh Châu
63,Tỉnh Tây Ninh,1087,Huyện Dương Minh Châu,132159,Xã Bàu Năng,40,Tỉnh Tây Ninh,552,Phường Ninh Thạnh
63,Tỉnh Tây Ninh,1087,Huyện Dương Minh Châu,197695,Xã Bến Củi,40,Tỉnh Tây Ninh,1064,Xã Lộc Ninh
63,Tỉnh Tây Ninh,1087,Huyện Dương Minh Châu,263231,Xã Cầu Khởi,40,Tỉnh Tây Ninh,808,Xã Cầu Khởi
63,Tỉnh Tây Ninh,1087,Huyện Dương Minh Châu,328767,Xã Chà Là,40,Tỉnh Tây Ninh,552,Phường Ninh Thạnh
63,Tỉnh Tây Ninh,1087,Huyện Dương Minh Châu,328767,Xã Chà Là,40,Tỉnh Tây Ninh,808,Xã Cầu Khởi
63,Tỉnh Tây Ninh,1087,Huyện Dương Minh Châu,394303,Xã Lộc Ninh,40,Tỉnh Tây Ninh,1064,Xã Lộc Ninh
63,Tỉnh Tây Ninh,1087,Huyện Dương Minh Châu,459839,Xã Phan,40,Tỉnh Tây Ninh,296,Xã Dương Minh Châu
63,Tỉnh Tây Ninh,1087,Huyện Dương Minh Châu,525375,Xã Phước Minh,40,Tỉnh Tây Ninh,296,Xã Dương Minh Châu
63,Tỉnh Tây Ninh,1087,Huyện Dương Minh Châu,525375,Xã Phước Minh,40,Tỉnh Tây Ninh,1064,Xã Lộc Ninh
63,Tỉnh Tây Ninh,1087,Huyện Dương Minh Châu,590911,Xã Phước Ninh,40,Tỉnh Tây Ninh,808,Xã Cầu Khởi
63,Tỉnh Tây Ninh,1087,Huyện Dương Minh Châu,656447,Xã Suối Đá,40,Tỉnh Tây Ninh,296,Xã Dương Minh Châu
63,Tỉnh Tây Ninh,1087,Huyện Dương Minh Châu,721983,Xã Truông Mít,40,Tỉnh Tây Ninh,9256,Xã Truông Mít
63,Tỉnh Tây Ninh,1343,Huyện Gò Dầu,66879,Thị Trấn Gò Dầu,40,Tỉnh Tây Ninh,7720,Phường Gò Dầu
63,Tỉnh Tây Ninh,1343,Huyện Gò Dầu,132415,Xã Bàu Đồn,40,Tỉnh Tây Ninh,9256,Xã Truông Mít
63,Tỉnh Tây Ninh,1343,Huyện Gò Dầu,197951,Xã Hiệp Thạnh,40,Tỉnh Tây Ninh,9000,Xã Phước Thạnh
63,Tỉnh Tây Ninh,1343,Huyện Gò Dầu,263487,Xã Phước Đông,40,Tỉnh Tây Ninh,7976,Phường Gia Lộc
63,Tỉnh Tây Ninh,1343,Huyện Gò Dầu,329023,Xã Phước Thạnh,40,Tỉnh Tây Ninh,9000,Xã Phước Thạnh
63,Tỉnh Tây Ninh,1343,Huyện Gò Dầu,394559,Xã Phước Trạch,40,Tỉnh Tây Ninh,9000,Xã Phước Thạnh
63,Tỉnh Tây Ninh,1343,Huyện Gò Dầu,460095,Xã Thạnh Đức,40,Tỉnh Tây Ninh,8744,Xã Thạnh Đức
63,Tỉnh Tây Ninh,1343,Huyện Gò Dầu,525631,Xã Thanh Phước,40,Tỉnh Tây Ninh,7720,Phường Gò Dầu
63,Tỉnh Tây Ninh,1343,Huyện Gò Dầu,591167,Xã Cẩm Giang,40,Tỉnh Tây Ninh,8744,Xã Thạnh Đức
63,Tỉnh Tây Ninh,1599,Thị Xã Hòa Thành,67135,Phường Long Hoa,40,Tỉnh Tây Ninh,6440,Phường Long Hoa
63,Tỉnh Tây Ninh,1599,Thị Xã Hòa Thành,132671,Phường Hiệp Tân,40,Tỉnh Tây Ninh,6952,Phường Thanh Điền
63,Tỉnh Tây Ninh,1599,Thị Xã Hòa Thành,198207,Phường Long Thành Bắc,40,Tỉnh Tây Ninh,6440,Phường Long Hoa
63,Tỉnh Tây Ninh,1599,Thị Xã Hòa Thành,263743,Xã Long Thành Nam,40,Tỉnh Tây Ninh,6696,Phường Hòa Thành
63,Tỉnh Tây Ninh,1599,Thị Xã Hòa Thành,329279,Xã Trường Hòa,40,Tỉnh Tây Ninh,6440,Phường Long Hoa
63,Tỉnh Tây Ninh,1599,Thị Xã Hòa Thành,394815,Xã Trường Tây,40,Tỉnh Tây Ninh,6440,Phường Long Hoa
63,Tỉnh Tây Ninh,1599,Thị Xã Hòa Thành,460351,Phường Long Thành Trung,40,Tỉnh Tây Ninh,6696,Phường Hòa Thành
63,Tỉnh Tây Ninh,1599,Thị Xã Hòa Thành,525887,Xã Trường Đông,40,Tỉnh Tây Ninh,6440,Phường Long Hoa
63,Tỉnh Tây Ninh,1855,Huyện Tân Biên,67391,Xã Thạnh Bình,40,Tỉnh Tây Ninh,1320,Xã Thạnh Bình
63,Tỉnh Tây Ninh,1855,Huyện Tân Biên,132927,Xã Trà Vong,40,Tỉnh Tây Ninh,1576,Xã Trà Vong
63,Tỉnh Tây Ninh,1855,Huyện Tân Biên,198463,Xã Hòa Hiệp,40,Tỉnh Tây Ninh,10792,Xã Phước Vinh
63,Tỉnh Tây Ninh,1855,Huyện Tân Biên,263999,Xã Mỏ Công,40,Tỉnh Tây Ninh,1576,Xã Trà Vong
63,Tỉnh Tây Ninh,1855,Huyện Tân Biên,329535,Xã Tân Bình,40,Tỉnh Tây Ninh,10536,Xã Tân Biên
63,Tỉnh Tây Ninh,1855,Huyện Tân Biên,395071,Xã Tân Lập,40,Tỉnh Tây Ninh,10280,Xã Tân Lập
63,Tỉnh Tây Ninh,1855,Huyện Tân Biên,460607,Xã Tân Phong,40,Tỉnh Tây Ninh,1320,Xã Thạnh Bình
63,Tỉnh Tây Ninh,1855,Huyện Tân Biên,526143,Xã Thạnh Bắc,40,Tỉnh Tây Ninh,10280,Xã Tân Lập
63,Tỉnh Tây Ninh,1855,Huyện Tân Biên,591679,Xã Thạnh Tây,40,Tỉnh Tây Ninh,10536,Xã Tân Biên
63,Tỉnh Tây Ninh,1855,Huyện Tân Biên,657215,Thị Trấn Tân Biên,40,Tỉnh Tây Ninh,10536,Xã Tân Biên
63,Tỉnh Tây Ninh,2111,Huyện Tân Châu,67647,Xã Thạnh Đông,40,Tỉnh Tây Ninh,1832,Xã Tân Châu
63,Tỉnh Tây Ninh,2111,Huyện Tân Châu,133183,Thị Trấn Tân Châu,40,Tỉnh Tây Ninh,1832,Xã Tân Châu
63,Tỉnh Tây Ninh,2111,Huyện Tân Châu,198719,Xã Suối Dây,40,Tỉnh Tây Ninh,2088,Xã Tân Thành
63,Tỉnh Tây Ninh,2111,Huyện Tân Châu,264255,Xã Suối Ngô,40,Tỉnh Tây Ninh,10024,Xã Tân Hòa
63,Tỉnh Tây Ninh,2111,Huyện Tân Châu,329791,Xã Tân Đông,40,Tỉnh Tây Ninh,9512,Xã Tân Đông
63,Tỉnh Tây Ninh,2111,Huyện Tân Châu,395327,Xã Tân Hà,40,Tỉnh Tây Ninh,9512,Xã Tân Đông
63,Tỉnh Tây Ninh,2111,Huyện Tân Châu,460863,Xã Tân Hiệp,40,Tỉnh Tây Ninh,9768,Xã Tân Hội
63,Tỉnh Tây Ninh,2111,Huyện Tân Châu,526399,Xã Tân Hòa,40,Tỉnh Tây Ninh,10024,Xã Tân Hòa
63,Tỉnh Tây Ninh,2111,Huyện Tân Châu,591935,Xã Tân Hội,40,Tỉnh Tây Ninh,9768,Xã Tân Hội
63,Tỉnh Tây Ninh,2111,Huyện Tân Châu,657471,Xã Tân Hưng,40,Tỉnh Tây Ninh,2344,Xã Tân Phú
63,Tỉnh Tây Ninh,2111,Huyện Tân Châu,723007,Xã Tân Phú,40,Tỉnh Tây Ninh,1832,Xã Tân Châu
63,Tỉnh Tây Ninh,2111,Huyện Tân Châu,723007,Xã Tân Phú,40,Tỉnh Tây Ninh,2344,Xã Tân Phú
63,Tỉnh Tây Ninh,2111,Huyện Tân Châu,788543,Xã Tân Thành,40,Tỉnh Tây Ninh,2088,Xã Tân Thành
63,Tỉnh Tây Ninh,2367,Thị Xã Trảng Bàng,67903,Phường Trảng Bàng,40,Tỉnh Tây Ninh,7208,Phường Trảng Bàng
63,Tỉnh Tây Ninh,2367,Thị Xã Trảng Bàng,133439,Phường An Tịnh,40,Tỉnh Tây Ninh,7464,Phường An Tịnh
63,Tỉnh Tây Ninh,2367,Thị Xã Trảng Bàng,198975,Phường Gia Bình,40,Tỉnh Tây Ninh,7720,Phường Gò Dầu
63,Tỉnh Tây Ninh,2367,Thị Xã Trảng Bàng,264511,Phường Gia Lộc,40,Tỉnh Tây Ninh,7976,Phường Gia Lộc
63,Tỉnh Tây Ninh,2367,Thị Xã Trảng Bàng,330047,Xã Hưng Thuận,40,Tỉnh Tây Ninh,8232,Xã Hưng Thuận
63,Tỉnh Tây Ninh,2367,Thị Xã Trảng Bàng,395583,Xã Đôn Thuận,40,Tỉnh Tây Ninh,8232,Xã Hưng Thuận
63,Tỉnh Tây Ninh,2367,Thị Xã Trảng Bàng,461119,Phường Lộc Hưng,40,Tỉnh Tây Ninh,7464,Phường An Tịnh
63,Tỉnh Tây Ninh,2367,Thị Xã Trảng Bàng,526655,Xã Phước Chỉ,40,Tỉnh Tây Ninh,8488,Xã Phước Chỉ
63,Tỉnh Tây Ninh,2367,Thị Xã Trảng Bàng,592191,Xã Phước Bình,40,Tỉnh Tây Ninh,8488,Xã Phước Chỉ
63,Tỉnh Tây Ninh,2367,Thị Xã Trảng Bàng,657727,Phường An Hòa,40,Tỉnh Tây Ninh,7208,Phường Trảng Bàng
64,Tỉnh Thái Bình,320,Thành Phố Thái Bình,65856,Xã Tân Bình,27,Tỉnh Hưng Yên,10523,Phường Thái Bình
64,Tỉnh Thái Bình,320,Thành Phố Thái Bình,131392,Xã Vũ Chính,27,Tỉnh Hưng Yên,10779,Phường Trần Lãm
64,Tỉnh Thái Bình,320,Thành Phố Thái Bình,196928,Phường Kỳ Bá,27,Tỉnh Hưng Yên,10779,Phường Trần Lãm
64,Tỉnh Thái Bình,320,Thành Phố Thái Bình,262464,Phường Lê Hồng Phong,27,Tỉnh Hưng Yên,10523,Phường Thái Bình
64,Tỉnh Thái Bình,320,Thành Phố Thái Bình,328000,Phường Bồ Xuyên,27,Tỉnh Hưng Yên,10523,Phường Thái Bình
64,Tỉnh Thái Bình,320,Thành Phố Thái Bình,393536,Phường Đề Thám,27,Tỉnh Hưng Yên,11035,Phường Trần Hưng Đạo
64,Tỉnh Thái Bình,320,Thành Phố Thái Bình,459072,Phường Hoàng Diệu,27,Tỉnh Hưng Yên,11291,Phường Trà Lý
64,Tỉnh Thái Bình,320,Thành Phố Thái Bình,524608,Phường Phú Khánh,27,Tỉnh Hưng Yên,11547,Phường Vũ Phúc
64,Tỉnh Thái Bình,320,Thành Phố Thái Bình,590144,Phường Quang Trung,27,Tỉnh Hưng Yên,11035,Phường Trần Hưng Đạo
64,Tỉnh Thái Bình,320,Thành Phố Thái Bình,655680,Phường Tiền Phong,27,Tỉnh Hưng Yên,10523,Phường Thái Bình
64,Tỉnh Thái Bình,320,Thành Phố Thái Bình,721216,Phường Trần Hưng Đạo,27,Tỉnh Hưng Yên,11035,Phường Trần Hưng Đạo
64,Tỉnh Thái Bình,320,Thành Phố Thái Bình,786752,Phường Trần Lãm,27,Tỉnh Hưng Yên,10779,Phường Trần Lãm
64,Tỉnh Thái Bình,320,Thành Phố Thái Bình,852288,Xã Đông Hòa,27,Tỉnh Hưng Yên,11291,Phường Trà Lý
64,Tỉnh Thái Bình,320,Thành Phố Thái Bình,917824,Xã Đông Mỹ,27,Tỉnh Hưng Yên,11291,Phường Trà Lý
64,Tỉnh Thái Bình,320,Thành Phố Thái Bình,983360,Xã Đông Thọ,27,Tỉnh Hưng Yên,11291,Phường Trà Lý
64,Tỉnh Thái Bình,320,Thành Phố Thái Bình,1048896,Xã Phú Xuân,27,Tỉnh Hưng Yên,11035,Phường Trần Hưng Đạo
64,Tỉnh Thái Bình,320,Thành Phố Thái Bình,1114432,Xã Vũ Phúc,27,Tỉnh Hưng Yên,11547,Phường Vũ Phúc
64,Tỉnh Thái Bình,320,Thành Phố Thái Bình,1179968,Xã Vũ Lạc,27,Tỉnh Hưng Yên,10779,Phường Trần Lãm
64,Tỉnh Thái Bình,320,Thành Phố Thái Bình,1245504,Xã Vũ Đông,27,Tỉnh Hưng Yên,10779,Phường Trần Lãm
64,Tỉnh Thái Bình,576,Huyện Hưng Hà,66112,Thị Trấn Hưng Hà,27,Tỉnh Hưng Yên,16923,Xã Hưng Hà
64,Tỉnh Thái Bình,576,Huyện Hưng Hà,131648,Xã Minh Hòa,27,Tỉnh Hưng Yên,17691,Xã Hồng Minh
64,Tỉnh Thái Bình,576,Huyện Hưng Hà,197184,Xã Minh Khai,27,Tỉnh Hưng Yên,16923,Xã Hưng Hà
64,Tỉnh Thái Bình,576,Huyện Hưng Hà,262720,Xã Minh Tân,27,Tỉnh Hưng Yên,17435,Xã Lê Quý Đôn
64,Tỉnh Thái Bình,576,Huyện Hưng Hà,328256,Xã Phúc Khánh,27,Tỉnh Hưng Yên,17179,Xã Tiên La
64,Tỉnh Thái Bình,576,Huyện Hưng Hà,393792,Xã Tân Hòa,27,Tỉnh Hưng Yên,18459,Xã Ngự Thiên
64,Tỉnh Thái Bình,576,Huyện Hưng Hà,459328,Xã Văn Lang,27,Tỉnh Hưng Yên,16923,Xã Hưng Hà
64,Tỉnh Thái Bình,576,Huyện Hưng Hà,524864,Xã Tiến Đức,27,Tỉnh Hưng Yên,18715,Xã Long Hưng
64,Tỉnh Thái Bình,576,Huyện Hưng Hà,590400,Xã Tân Lễ,27,Tỉnh Hưng Yên,18715,Xã Long Hưng
64,Tỉnh Thái Bình,576,Huyện Hưng Hà,655936,Xã Tân Tiến,27,Tỉnh Hưng Yên,17179,Xã Tiên La
64,Tỉnh Thái Bình,576,Huyện Hưng Hà,721472,Xã Tây Đô,27,Tỉnh Hưng Yên,17947,Xã Thần Khê
64,Tỉnh Thái Bình,576,Huyện Hưng Hà,787008,Xã Thái Hưng,27,Tỉnh Hưng Yên,18715,Xã Long Hưng
64,Tỉnh Thái Bình,576,Huyện Hưng Hà,852544,Xã Thái Phương,27,Tỉnh Hưng Yên,17179,Xã Tiên La
64,Tỉnh Thái Bình,576,Huyện Hưng Hà,918080,Xã Thống Nhất,27,Tỉnh Hưng Yên,16923,Xã Hưng Hà
64,Tỉnh Thái Bình,576,Huyện Hưng Hà,983616,Xã Chí Hòa,27,Tỉnh Hưng Yên,17691,Xã Hồng Minh
64,Tỉnh Thái Bình,576,Huyện Hưng Hà,1049152,Xã Chi Lăng,27,Tỉnh Hưng Yên,17947,Xã Thần Khê
64,Tỉnh Thái Bình,576,Huyện Hưng Hà,1114688,Thị Trấn Hưng Nhân,27,Tỉnh Hưng Yên,18715,Xã Long Hưng
64,Tỉnh Thái Bình,576,Huyện Hưng Hà,1180224,Xã Canh Tân,27,Tỉnh Hưng Yên,18459,Xã Ngự Thiên
64,Tỉnh Thái Bình,576,Huyện Hưng Hà,1311296,Xã Cộng Hòa,27,Tỉnh Hưng Yên,18459,Xã Ngự Thiên
64,Tỉnh Thái Bình,576,Huyện Hưng Hà,1376832,Xã Độc Lập,27,Tỉnh Hưng Yên,17435,Xã Lê Quý Đôn
64,Tỉnh Thái Bình,576,Huyện Hưng Hà,1507904,Xã Đoan Hùng,27,Tỉnh Hưng Yên,17179,Xã Tiên La
64,Tỉnh Thái Bình,576,Huyện Hưng Hà,1573440,Xã Đông Đô,27,Tỉnh Hưng Yên,17947,Xã Thần Khê
64,Tỉnh Thái Bình,576,Huyện Hưng Hà,1638976,Xã Duyên Hải,27,Tỉnh Hưng Yên,18203,Xã Diên Hà
64,Tỉnh Thái Bình,576,Huyện Hưng Hà,1704512,Xã Hòa Bình,27,Tỉnh Hưng Yên,16923,Xã Hưng Hà
64,Tỉnh Thái Bình,576,Huyện Hưng Hà,1770048,Xã Hòa Tiến,27,Tỉnh Hưng Yên,18459,Xã Ngự Thiên
64,Tỉnh Thái Bình,576,Huyện Hưng Hà,1835584,Xã Hồng An,27,Tỉnh Hưng Yên,17435,Xã Lê Quý Đôn
64,Tỉnh Thái Bình,576,Huyện Hưng Hà,1901120,Xã Hồng Lĩnh,27,Tỉnh Hưng Yên,16923,Xã Hưng Hà
64,Tỉnh Thái Bình,576,Huyện Hưng Hà,1966656,Xã Hồng Minh,27,Tỉnh Hưng Yên,17691,Xã Hồng Minh
64,Tỉnh Thái Bình,576,Huyện Hưng Hà,2032192,Xã Quang Trung,27,Tỉnh Hưng Yên,18203,Xã Diên Hà
64,Tỉnh Thái Bình,576,Huyện Hưng Hà,2097728,Xã Kim Chung,27,Tỉnh Hưng Yên,16923,Xã Hưng Hà
64,Tỉnh Thái Bình,576,Huyện Hưng Hà,2163264,Xã Liên Hiệp,27,Tỉnh Hưng Yên,18715,Xã Long Hưng
64,Tỉnh Thái Bình,576,Huyện Hưng Hà,2228800,Xã Bắc Sơn,27,Tỉnh Hưng Yên,17947,Xã Thần Khê
64,Tỉnh Thái Bình,576,Huyện Hưng Hà,2294336,Xã Văn Cẩm,27,Tỉnh Hưng Yên,18203,Xã Diên Hà
64,Tỉnh Thái Bình,832,Huyện Kiến Xương,66368,Thị Trấn Kiến Xương,27,Tỉnh Hưng Yên,18971,Xã Kiến Xương
64,Tỉnh Thái Bình,832,Huyện Kiến Xương,131904,Xã An Bình,27,Tỉnh Hưng Yên,20763,Xã Bình Nguyên
64,Tỉnh Thái Bình,832,Huyện Kiến Xương,197440,Xã Bình Định,27,Tỉnh Hưng Yên,20251,Xã Bình Định
64,Tỉnh Thái Bình,832,Huyện Kiến Xương,262976,Xã Quang Trung,27,Tỉnh Hưng Yên,18971,Xã Kiến Xương
64,Tỉnh Thái Bình,832,Huyện Kiến Xương,328512,Xã Quốc Tuấn,27,Tỉnh Hưng Yên,21019,Xã Trà Giang
64,Tỉnh Thái Bình,832,Huyện Kiến Xương,459584,Xã Vũ An,27,Tỉnh Hưng Yên,19739,Xã Vũ Quý
64,Tỉnh Thái Bình,832,Huyện Kiến Xương,525120,Xã Trà Giang,27,Tỉnh Hưng Yên,21019,Xã Trà Giang
64,Tỉnh Thái Bình,832,Huyện Kiến Xương,590656,Xã Thanh Tân,27,Tỉnh Hưng Yên,20763,Xã Bình Nguyên
64,Tỉnh Thái Bình,832,Huyện Kiến Xương,721728,Xã Bình Minh,27,Tỉnh Hưng Yên,18971,Xã Kiến Xương
64,Tỉnh Thái Bình,832,Huyện Kiến Xương,787264,Xã Bình Nguyên,27,Tỉnh Hưng Yên,20763,Xã Bình Nguyên
64,Tỉnh Thái Bình,832,Huyện Kiến Xương,852800,Xã Bình Thanh,27,Tỉnh Hưng Yên,19995,Xã Bình Thanh
64,Tỉnh Thái Bình,832,Huyện Kiến Xương,983872,Xã Hòa Bình,27,Tỉnh Hưng Yên,19483,Xã Quang Lịch
64,Tỉnh Thái Bình,832,Huyện Kiến Xương,1049408,Xã Hồng Thái,27,Tỉnh Hưng Yên,21019,Xã Trà Giang
64,Tỉnh Thái Bình,832,Huyện Kiến Xương,1114944,Xã Hồng Tiến,27,Tỉnh Hưng Yên,20251,Xã Bình Định
64,Tỉnh Thái Bình,832,Huyện Kiến Xương,1180480,Xã Lê Lợi,27,Tỉnh Hưng Yên,19227,Xã Lê Lợi
64,Tỉnh Thái Bình,832,Huyện Kiến Xương,1246016,Xã Minh Tân,27,Tỉnh Hưng Yên,19995,Xã Bình Thanh
64,Tỉnh Thái Bình,832,Huyện Kiến Xương,1311552,Xã Nam Bình,27,Tỉnh Hưng Yên,20251,Xã Bình Định
64,Tỉnh Thái Bình,832,Huyện Kiến Xương,1377088,Xã Thống Nhất,27,Tỉnh Hưng Yên,19227,Xã Lê Lợi
64,Tỉnh Thái Bình,832,Huyện Kiến Xương,1442624,Xã Quang Bình,27,Tỉnh Hưng Yên,18971,Xã Kiến Xương
64,Tỉnh Thái Bình,832,Huyện Kiến Xương,1508160,Xã Minh Quang,27,Tỉnh Hưng Yên,19995,Xã Bình Thanh
64,Tỉnh Thái Bình,832,Huyện Kiến Xương,1573696,Xã Quang Lịch,27,Tỉnh Hưng Yên,19483,Xã Quang Lịch
64,Tỉnh Thái Bình,832,Huyện Kiến Xương,1639232,Xã Quang Minh,27,Tỉnh Hưng Yên,18971,Xã Kiến Xương
64,Tỉnh Thái Bình,832,Huyện Kiến Xương,1704768,Xã Vũ Trung,27,Tỉnh Hưng Yên,19739,Xã Vũ Quý
64,Tỉnh Thái Bình,832,Huyện Kiến Xương,1835840,Xã Tây Sơn,27,Tỉnh Hưng Yên,10779,Phường Trần Lãm
64,Tỉnh Thái Bình,832,Huyện Kiến Xương,1901376,Xã Vũ Quí,27,Tỉnh Hưng Yên,19739,Xã Vũ Quý
64,Tỉnh Thái Bình,832,Huyện Kiến Xương,1966912,Xã Vũ Ninh,27,Tỉnh Hưng Yên,19739,Xã Vũ Quý
64,Tỉnh Thái Bình,832,Huyện Kiến Xương,2032448,Xã Vũ Lễ,27,Tỉnh Hưng Yên,19483,Xã Quang Lịch
64,Tỉnh Thái Bình,832,Huyện Kiến Xương,2097984,Xã Hồng Vũ,27,Tỉnh Hưng Yên,20507,Xã Hồng Vũ
64,Tỉnh Thái Bình,832,Huyện Kiến Xương,2163520,Xã Vũ Công,27,Tỉnh Hưng Yên,20507,Xã Hồng Vũ
64,Tỉnh Thái Bình,1088,Huyện Đông Hưng,66624,Xã Hồng Việt,27,Tỉnh Hưng Yên,16667,Xã Tiên Hưng
64,Tỉnh Thái Bình,1088,Huyện Đông Hưng,132160,Xã Phong Dương Tiến,27,Tỉnh Hưng Yên,25883,Xã Đông Tiên Hưng
64,Tỉnh Thái Bình,1088,Huyện Đông Hưng,263232,Xã Liên An Đô,27,Tỉnh Hưng Yên,25627,Xã Bắc Tiên Hưng
64,Tỉnh Thái Bình,1088,Huyện Đông Hưng,328768,Xã Lô Giang,27,Tỉnh Hưng Yên,25627,Xã Bắc Tiên Hưng
64,Tỉnh Thái Bình,1088,Huyện Đông Hưng,394304,Xã Mê Linh,27,Tỉnh Hưng Yên,25627,Xã Bắc Tiên Hưng
64,Tỉnh Thái Bình,1088,Huyện Đông Hưng,459840,Xã Hồng Giang,27,Tỉnh Hưng Yên,16411,Xã Nam Tiên Hưng
64,Tỉnh Thái Bình,1088,Huyện Đông Hưng,525376,Xã Minh Phú,27,Tỉnh Hưng Yên,16411,Xã Nam Tiên Hưng
64,Tỉnh Thái Bình,1088,Huyện Đông Hưng,590912,Xã Phú Châu,27,Tỉnh Hưng Yên,25883,Xã Đông Tiên Hưng
64,Tỉnh Thái Bình,1088,Huyện Đông Hưng,656448,Xã Phú Lương,27,Tỉnh Hưng Yên,25627,Xã Bắc Tiên Hưng
64,Tỉnh Thái Bình,1088,Huyện Đông Hưng,721984,Xã Thăng Long,27,Tỉnh Hưng Yên,16667,Xã Tiên Hưng
64,Tỉnh Thái Bình,1088,Huyện Đông Hưng,787520,Xã Trọng Quan,27,Tỉnh Hưng Yên,16411,Xã Nam Tiên Hưng
64,Tỉnh Thái Bình,1088,Huyện Đông Hưng,853056,Xã Minh Tân,27,Tỉnh Hưng Yên,16667,Xã Tiên Hưng
64,Tỉnh Thái Bình,1088,Huyện Đông Hưng,918592,Xã Nguyên Xá,27,Tỉnh Hưng Yên,25371,Xã Đông Hưng
64,Tỉnh Thái Bình,1088,Huyện Đông Hưng,984128,Thị Trấn Đông Hưng,27,Tỉnh Hưng Yên,25371,Xã Đông Hưng
64,Tỉnh Thái Bình,1088,Huyện Đông Hưng,1115200,Xã Hồng Bạch,27,Tỉnh Hưng Yên,16667,Xã Tiên Hưng
64,Tỉnh Thái Bình,1088,Huyện Đông Hưng,1311808,Xã Đông Á,27,Tỉnh Hưng Yên,16155,Xã Đông Quan
64,Tỉnh Thái Bình,1088,Huyện Đông Hưng,1377344,Xã Đông Các,27,Tỉnh Hưng Yên,25371,Xã Đông Hưng
64,Tỉnh Thái Bình,1088,Huyện Đông Hưng,1442880,Xã Đông Cường,27,Tỉnh Hưng Yên,26651,Xã Bắc Đông Hưng
64,Tỉnh Thái Bình,1088,Huyện Đông Hưng,1573952,Xã Đông Dương,27,Tỉnh Hưng Yên,11291,Phường Trà Lý
64,Tỉnh Thái Bình,1088,Huyện Đông Hưng,1639488,Xã Hà Giang,27,Tỉnh Hưng Yên,26395,Xã Bắc Đông Quan
64,Tỉnh Thái Bình,1088,Huyện Đông Hưng,1705024,Xã Đông Hoàng,27,Tỉnh Hưng Yên,26139,Xã Nam Đông Hưng
64,Tỉnh Thái Bình,1088,Huyện Đông Hưng,1770560,Xã Đông Hợp,27,Tỉnh Hưng Yên,25371,Xã Đông Hưng
64,Tỉnh Thái Bình,1088,Huyện Đông Hưng,1836096,Xã Đông Kinh,27,Tỉnh Hưng Yên,26395,Xã Bắc Đông Quan
64,Tỉnh Thái Bình,1088,Huyện Đông Hưng,1901632,Xã Đông La,27,Tỉnh Hưng Yên,25371,Xã Đông Hưng
64,Tỉnh Thái Bình,1088,Huyện Đông Hưng,1967168,Xã Đông Quan,27,Tỉnh Hưng Yên,16155,Xã Đông Quan
64,Tỉnh Thái Bình,1088,Huyện Đông Hưng,2032704,Xã Đông Phương,27,Tỉnh Hưng Yên,26651,Xã Bắc Đông Hưng
64,Tỉnh Thái Bình,1088,Huyện Đông Hưng,2098240,Xã Xuân Quang Động,27,Tỉnh Hưng Yên,26139,Xã Nam Đông Hưng
64,Tỉnh Thái Bình,1088,Huyện Đông Hưng,2163776,Xã Đông Sơn,27,Tỉnh Hưng Yên,25371,Xã Đông Hưng
64,Tỉnh Thái Bình,1088,Huyện Đông Hưng,2229312,Xã Đông Tân,27,Tỉnh Hưng Yên,16155,Xã Đông Quan
64,Tỉnh Thái Bình,1088,Huyện Đông Hưng,2294848,Xã Đông Vinh,27,Tỉnh Hưng Yên,26395,Xã Bắc Đông Quan
64,Tỉnh Thái Bình,1088,Huyện Đông Hưng,2360384,Xã Liên Hoa,27,Tỉnh Hưng Yên,16411,Xã Nam Tiên Hưng
64,Tỉnh Thái Bình,1088,Huyện Đông Hưng,2425920,Xã Đông Xá,27,Tỉnh Hưng Yên,26651,Xã Bắc Đông Hưng
64,Tỉnh Thái Bình,1344,Huyện Quỳnh Phụ,66880,Xã Quỳnh Hoa,27,Tỉnh Hưng Yên,23323,Xã Minh Thọ
64,Tỉnh Thái Bình,1344,Huyện Quỳnh Phụ,132416,Xã Quỳnh Thọ,27,Tỉnh Hưng Yên,23323,Xã Minh Thọ
64,Tỉnh Thái Bình,1344,Huyện Quỳnh Phụ,197952,Xã Châu Sơn,27,Tỉnh Hưng Yên,23579,Xã Nguyễn Du
64,Tỉnh Thái Bình,1344,Huyện Quỳnh Phụ,263488,Xã Quỳnh Nguyên,27,Tỉnh Hưng Yên,23579,Xã Nguyễn Du
64,Tỉnh Thái Bình,1344,Huyện Quỳnh Phụ,329024,Xã Quỳnh Ngọc,27,Tỉnh Hưng Yên,24091,Xã Ngọc Lâm
64,Tỉnh Thái Bình,1344,Huyện Quỳnh Phụ,394560,Xã Quỳnh Mỹ,27,Tỉnh Hưng Yên,23067,Xã Quỳnh Phụ
64,Tỉnh Thái Bình,1344,Huyện Quỳnh Phụ,460096,Xã Quỳnh Minh,27,Tỉnh Hưng Yên,23323,Xã Minh Thọ
64,Tỉnh Thái Bình,1344,Huyện Quỳnh Phụ,525632,Xã Quỳnh Lâm,27,Tỉnh Hưng Yên,24091,Xã Ngọc Lâm
64,Tỉnh Thái Bình,1344,Huyện Quỳnh Phụ,656704,Xã Trang Bảo Xá,27,Tỉnh Hưng Yên,23835,Xã Quỳnh An
64,Tỉnh Thái Bình,1344,Huyện Quỳnh Phụ,722240,Xã Quỳnh Hưng,27,Tỉnh Hưng Yên,23067,Xã Quỳnh Phụ
64,Tỉnh Thái Bình,1344,Huyện Quỳnh Phụ,787776,Xã Quỳnh Khê,27,Tỉnh Hưng Yên,23579,Xã Nguyễn Du
64,Tỉnh Thái Bình,1344,Huyện Quỳnh Phụ,853312,Xã Quỳnh Hồng,27,Tỉnh Hưng Yên,23067,Xã Quỳnh Phụ
64,Tỉnh Thái Bình,1344,Huyện Quỳnh Phụ,918848,Xã Quỳnh Hội,27,Tỉnh Hưng Yên,23067,Xã Quỳnh Phụ
64,Tỉnh Thái Bình,1344,Huyện Quỳnh Phụ,984384,Xã Quỳnh Hoàng,27,Tỉnh Hưng Yên,24091,Xã Ngọc Lâm
64,Tỉnh Thái Bình,1344,Huyện Quỳnh Phụ,1049920,Xã Quỳnh Hải,27,Tỉnh Hưng Yên,23067,Xã Quỳnh Phụ
64,Tỉnh Thái Bình,1344,Huyện Quỳnh Phụ,1115456,Xã Quỳnh Giao,27,Tỉnh Hưng Yên,23323,Xã Minh Thọ
64,Tỉnh Thái Bình,1344,Huyện Quỳnh Phụ,1246528,Xã An Khê,27,Tỉnh Hưng Yên,24603,Xã A Sào
64,Tỉnh Thái Bình,1344,Huyện Quỳnh Phụ,1312064,Thị Trấn An Bài,27,Tỉnh Hưng Yên,24859,Xã Phụ Dực
64,Tỉnh Thái Bình,1344,Huyện Quỳnh Phụ,1377600,Thị Trấn Quỳnh Côi,27,Tỉnh Hưng Yên,23067,Xã Quỳnh Phụ
64,Tỉnh Thái Bình,1344,Huyện Quỳnh Phụ,1443136,Xã An Ấp,27,Tỉnh Hưng Yên,24347,Xã Đồng Bằng
64,Tỉnh Thái Bình,1344,Huyện Quỳnh Phụ,1508672,Xã An Cầu,27,Tỉnh Hưng Yên,24347,Xã Đồng Bằng
64,Tỉnh Thái Bình,1344,Huyện Quỳnh Phụ,1574208,Xã An Đồng,27,Tỉnh Hưng Yên,24603,Xã A Sào
64,Tỉnh Thái Bình,1344,Huyện Quỳnh Phụ,1639744,Xã An Dục,27,Tỉnh Hưng Yên,25115,Xã Tân Tiến
64,Tỉnh Thái Bình,1344,Huyện Quỳnh Phụ,1705280,Xã An Hiệp,27,Tỉnh Hưng Yên,24603,Xã A Sào
64,Tỉnh Thái Bình,1344,Huyện Quỳnh Phụ,1770816,Xã An Lễ,27,Tỉnh Hưng Yên,24347,Xã Đồng Bằng
64,Tỉnh Thái Bình,1344,Huyện Quỳnh Phụ,1836352,Xã An Mỹ,27,Tỉnh Hưng Yên,24859,Xã Phụ Dực
64,Tỉnh Thái Bình,1344,Huyện Quỳnh Phụ,1901888,Xã An Ninh,27,Tỉnh Hưng Yên,24859,Xã Phụ Dực
64,Tỉnh Thái Bình,1344,Huyện Quỳnh Phụ,1967424,Xã An Quí,27,Tỉnh Hưng Yên,24347,Xã Đồng Bằng
64,Tỉnh Thái Bình,1344,Huyện Quỳnh Phụ,2032960,Xã An Thái,27,Tỉnh Hưng Yên,24603,Xã A Sào
64,Tỉnh Thái Bình,1344,Huyện Quỳnh Phụ,2098496,Xã An Thanh,27,Tỉnh Hưng Yên,24859,Xã Phụ Dực
64,Tỉnh Thái Bình,1344,Huyện Quỳnh Phụ,2164032,Xã An Vũ,27,Tỉnh Hưng Yên,24859,Xã Phụ Dực
64,Tỉnh Thái Bình,1344,Huyện Quỳnh Phụ,2229568,Xã Đông Hải,27,Tỉnh Hưng Yên,23835,Xã Quỳnh An
64,Tỉnh Thái Bình,1344,Huyện Quỳnh Phụ,2295104,Xã An Tràng,27,Tỉnh Hưng Yên,25115,Xã Tân Tiến
64,Tỉnh Thái Bình,1344,Huyện Quỳnh Phụ,2360640,Xã An Vinh,27,Tỉnh Hưng Yên,23835,Xã Quỳnh An
64,Tỉnh Thái Bình,1344,Huyện Quỳnh Phụ,2426176,Xã Đồng Tiến,27,Tỉnh Hưng Yên,25115,Xã Tân Tiến
64,Tỉnh Thái Bình,1600,Huyện Thái Thụy,67136,Xã Thụy Phong,27,Tỉnh Hưng Yên,12827,Xã Nam Thụy Anh
64,Tỉnh Thái Bình,1600,Huyện Thái Thụy,132672,Xã Thụy Quỳnh,27,Tỉnh Hưng Yên,12315,Xã Bắc Thụy Anh
64,Tỉnh Thái Bình,1600,Huyện Thái Thụy,198208,Xã Thụy Sơn,27,Tỉnh Hưng Yên,12571,Xã Thụy Anh
64,Tỉnh Thái Bình,1600,Huyện Thái Thụy,263744,Xã Thụy Thanh,27,Tỉnh Hưng Yên,12827,Xã Nam Thụy Anh
64,Tỉnh Thái Bình,1600,Huyện Thái Thụy,329280,Xã Thụy Trình,27,Tỉnh Hưng Yên,11803,Xã Thái Thụy
64,Tỉnh Thái Bình,1600,Huyện Thái Thụy,394816,Xã Thụy Trường,27,Tỉnh Hưng Yên,12059,Xã Đông Thụy Anh
64,Tỉnh Thái Bình,1600,Huyện Thái Thụy,460352,Xã An Tân,27,Tỉnh Hưng Yên,12059,Xã Đông Thụy Anh
64,Tỉnh Thái Bình,1600,Huyện Thái Thụy,525888,Xã Thụy Bình,27,Tỉnh Hưng Yên,11803,Xã Thái Thụy
64,Tỉnh Thái Bình,1600,Huyện Thái Thụy,591424,Xã Thụy Duyên,27,Tỉnh Hưng Yên,12827,Xã Nam Thụy Anh
64,Tỉnh Thái Bình,1600,Huyện Thái Thụy,656960,Xã Thụy Hải,27,Tỉnh Hưng Yên,11803,Xã Thái Thụy
64,Tỉnh Thái Bình,1600,Huyện Thái Thụy,722496,Xã Thụy Hưng,27,Tỉnh Hưng Yên,12571,Xã Thụy Anh
64,Tỉnh Thái Bình,1600,Huyện Thái Thụy,788032,Xã Thụy Liên,27,Tỉnh Hưng Yên,11803,Xã Thái Thụy
64,Tỉnh Thái Bình,1600,Huyện Thái Thụy,853568,Xã Thụy Ninh,27,Tỉnh Hưng Yên,14107,Xã Tây Thụy Anh
64,Tỉnh Thái Bình,1600,Huyện Thái Thụy,919104,Xã Thụy Dân,27,Tỉnh Hưng Yên,14107,Xã Tây Thụy Anh
64,Tỉnh Thái Bình,1600,Huyện Thái Thụy,984640,Xã Thái Thượng,27,Tỉnh Hưng Yên,13339,Xã Thái Ninh
64,Tỉnh Thái Bình,1600,Huyện Thái Thụy,1050176,Xã Thái Xuyên,27,Tỉnh Hưng Yên,539,Xã Đông Thái Ninh
64,Tỉnh Thái Bình,1600,Huyện Thái Thụy,1115712,Xã Hồng Dũng,27,Tỉnh Hưng Yên,12059,Xã Đông Thụy Anh
64,Tỉnh Thái Bình,1600,Huyện Thái Thụy,1181248,Xã Dương Phúc,27,Tỉnh Hưng Yên,12571,Xã Thụy Anh
64,Tỉnh Thái Bình,1600,Huyện Thái Thụy,1246784,Xã Thái Thọ,27,Tỉnh Hưng Yên,13595,Xã Nam Thái Ninh
64,Tỉnh Thái Bình,1600,Huyện Thái Thụy,1312320,Xã Thái Thịnh,27,Tỉnh Hưng Yên,13595,Xã Nam Thái Ninh
64,Tỉnh Thái Bình,1600,Huyện Thái Thụy,1377856,Xã Thụy Chính,27,Tỉnh Hưng Yên,14107,Xã Tây Thụy Anh
64,Tỉnh Thái Bình,1600,Huyện Thái Thụy,1443392,Xã Thụy Xuân,27,Tỉnh Hưng Yên,12059,Xã Đông Thụy Anh
64,Tỉnh Thái Bình,1600,Huyện Thái Thụy,1508928,Xã Thụy Việt,27,Tỉnh Hưng Yên,12315,Xã Bắc Thụy Anh
64,Tỉnh Thái Bình,1600,Huyện Thái Thụy,1574464,Xã Thụy Văn,27,Tỉnh Hưng Yên,12315,Xã Bắc Thụy Anh
64,Tỉnh Thái Bình,1600,Huyện Thái Thụy,1640000,Xã Thuần Thành,27,Tỉnh Hưng Yên,13595,Xã Nam Thái Ninh
64,Tỉnh Thái Bình,1600,Huyện Thái Thụy,1705536,Xã Tân Học,27,Tỉnh Hưng Yên,539,Xã Đông Thái Ninh
64,Tỉnh Thái Bình,1600,Huyện Thái Thụy,1771072,Xã Sơn Hà,27,Tỉnh Hưng Yên,13851,Xã Tây Thái Ninh
64,Tỉnh Thái Bình,1600,Huyện Thái Thụy,1836608,Xã Thái Phúc,27,Tỉnh Hưng Yên,13083,Xã Bắc Thái Ninh
64,Tỉnh Thái Bình,1600,Huyện Thái Thụy,1902144,Xã Thái Nguyên,27,Tỉnh Hưng Yên,13339,Xã Thái Ninh
64,Tỉnh Thái Bình,1600,Huyện Thái Thụy,1967680,Xã Thái Hưng,27,Tỉnh Hưng Yên,13339,Xã Thái Ninh
64,Tỉnh Thái Bình,1600,Huyện Thái Thụy,2033216,Xã Hòa An,27,Tỉnh Hưng Yên,13339,Xã Thái Ninh
64,Tỉnh Thái Bình,1600,Huyện Thái Thụy,2098752,Xã Thái Đô,27,Tỉnh Hưng Yên,539,Xã Đông Thái Ninh
64,Tỉnh Thái Bình,1600,Huyện Thái Thụy,2164288,Xã Thái Giang,27,Tỉnh Hưng Yên,13851,Xã Tây Thái Ninh
64,Tỉnh Thái Bình,1600,Huyện Thái Thụy,2229824,Xã Dương Hồng Thủy,27,Tỉnh Hưng Yên,13083,Xã Bắc Thái Ninh
64,Tỉnh Thái Bình,1600,Huyện Thái Thụy,2295360,Thị Trấn Diêm Điền,27,Tỉnh Hưng Yên,11803,Xã Thái Thụy
64,Tỉnh Thái Bình,1600,Huyện Thái Thụy,2360896,Xã Mỹ Lộc,27,Tỉnh Hưng Yên,539,Xã Đông Thái Ninh
64,Tỉnh Thái Bình,1856,Huyện Tiền Hải,67392,Xã Vân Trường,27,Tỉnh Hưng Yên,14619,Xã Tây Tiền Hải
64,Tỉnh Thái Bình,1856,Huyện Tiền Hải,132928,Xã Đông Cơ,27,Tỉnh Hưng Yên,15131,Xã Đồng Châu
64,Tỉnh Thái Bình,1856,Huyện Tiền Hải,198464,Xã Đông Hoàng,27,Tỉnh Hưng Yên,15131,Xã Đồng Châu
64,Tỉnh Thái Bình,1856,Huyện Tiền Hải,264000,Xã Phương Công,27,Tỉnh Hưng Yên,14619,Xã Tây Tiền Hải
64,Tỉnh Thái Bình,1856,Huyện Tiền Hải,329536,Xã Bắc Hải,27,Tỉnh Hưng Yên,14619,Xã Tây Tiền Hải
64,Tỉnh Thái Bình,1856,Huyện Tiền Hải,395072,Xã Đông Lâm,27,Tỉnh Hưng Yên,15131,Xã Đồng Châu
64,Tỉnh Thái Bình,1856,Huyện Tiền Hải,460608,Xã Đông Long,27,Tỉnh Hưng Yên,15387,Xã Đông Tiền Hải
64,Tỉnh Thái Bình,1856,Huyện Tiền Hải,526144,Xã Đông Minh,27,Tỉnh Hưng Yên,15131,Xã Đồng Châu
64,Tỉnh Thái Bình,1856,Huyện Tiền Hải,722752,Xã Đông Trà,27,Tỉnh Hưng Yên,15387,Xã Đông Tiền Hải
64,Tỉnh Thái Bình,1856,Huyện Tiền Hải,788288,Xã Đông Quang,27,Tỉnh Hưng Yên,15387,Xã Đông Tiền Hải
64,Tỉnh Thái Bình,1856,Huyện Tiền Hải,853824,Xã Đông Xuyên,27,Tỉnh Hưng Yên,15387,Xã Đông Tiền Hải
64,Tỉnh Thái Bình,1856,Huyện Tiền Hải,919360,Xã Nam Chính,27,Tỉnh Hưng Yên,15643,Xã Nam Cường
64,Tỉnh Thái Bình,1856,Huyện Tiền Hải,984896,Xã Nam Cường,27,Tỉnh Hưng Yên,15643,Xã Nam Cường
64,Tỉnh Thái Bình,1856,Huyện Tiền Hải,1050432,Xã Nam Hà,27,Tỉnh Hưng Yên,22811,Xã Nam Tiền Hải
64,Tỉnh Thái Bình,1856,Huyện Tiền Hải,1115968,Xã Nam Hải,27,Tỉnh Hưng Yên,22811,Xã Nam Tiền Hải
64,Tỉnh Thái Bình,1856,Huyện Tiền Hải,1181504,Xã Nam Hồng,27,Tỉnh Hưng Yên,22811,Xã Nam Tiền Hải
64,Tỉnh Thái Bình,1856,Huyện Tiền Hải,1247040,Xã Nam Hưng,27,Tỉnh Hưng Yên,15899,Xã Hưng Phú
64,Tỉnh Thái Bình,1856,Huyện Tiền Hải,1312576,Xã Nam Phú,27,Tỉnh Hưng Yên,15899,Xã Hưng Phú
64,Tỉnh Thái Bình,1856,Huyện Tiền Hải,1378112,Xã Nam Tiến,27,Tỉnh Hưng Yên,15643,Xã Nam Cường
64,Tỉnh Thái Bình,1856,Huyện Tiền Hải,1509184,Xã Nam Thịnh,27,Tỉnh Hưng Yên,15643,Xã Nam Cường
64,Tỉnh Thái Bình,1856,Huyện Tiền Hải,1574720,Xã Nam Trung,27,Tỉnh Hưng Yên,15899,Xã Hưng Phú
64,Tỉnh Thái Bình,1856,Huyện Tiền Hải,1640256,Xã Ái Quốc,27,Tỉnh Hưng Yên,14875,Xã Ái Quốc
64,Tỉnh Thái Bình,1856,Huyện Tiền Hải,1705792,Xã Tây Giang,27,Tỉnh Hưng Yên,14875,Xã Ái Quốc
64,Tỉnh Thái Bình,1856,Huyện Tiền Hải,1836864,Xã Tây Ninh,27,Tỉnh Hưng Yên,14363,Xã Tiền Hải
64,Tỉnh Thái Bình,1856,Huyện Tiền Hải,1902400,Xã Tây Lương,27,Tỉnh Hưng Yên,14363,Xã Tiền Hải
64,Tỉnh Thái Bình,1856,Huyện Tiền Hải,1967936,Thị Trấn Tiền Hải,27,Tỉnh Hưng Yên,14363,Xã Tiền Hải
64,Tỉnh Thái Bình,1856,Huyện Tiền Hải,2033472,Xã An Ninh,27,Tỉnh Hưng Yên,14363,Xã Tiền Hải
64,Tỉnh Thái Bình,1856,Huyện Tiền Hải,2099008,Xã Vũ Lăng,27,Tỉnh Hưng Yên,14363,Xã Tiền Hải
64,Tỉnh Thái Bình,2112,Huyện Vũ Thư,67648,Xã Bách Thuận,27,Tỉnh Hưng Yên,21787,Xã Tân Thuận
64,Tỉnh Thái Bình,2112,Huyện Vũ Thư,133184,Xã Hồng Lý,27,Tỉnh Hưng Yên,22555,Xã Vạn Xuân
64,Tỉnh Thái Bình,2112,Huyện Vũ Thư,198720,Xã Hồng Phong,27,Tỉnh Hưng Yên,22299,Xã Vũ Tiên
64,Tỉnh Thái Bình,2112,Huyện Vũ Thư,264256,Xã Tân Phong,27,Tỉnh Hưng Yên,10523,Phường Thái Bình
64,Tỉnh Thái Bình,2112,Huyện Vũ Thư,329792,Xã Tân Lập,27,Tỉnh Hưng Yên,21787,Xã Tân Thuận
64,Tỉnh Thái Bình,2112,Huyện Vũ Thư,395328,Xã Tân Hòa,27,Tỉnh Hưng Yên,10523,Phường Thái Bình
64,Tỉnh Thái Bình,2112,Huyện Vũ Thư,460864,Xã Tam Quang,27,Tỉnh Hưng Yên,21275,Xã Vũ Thư
64,Tỉnh Thái Bình,2112,Huyện Vũ Thư,526400,Xã Song Lãng,27,Tỉnh Hưng Yên,21531,Xã Thư Trì
64,Tỉnh Thái Bình,2112,Huyện Vũ Thư,591936,Xã Song An,27,Tỉnh Hưng Yên,11547,Phường Vũ Phúc
64,Tỉnh Thái Bình,2112,Huyện Vũ Thư,657472,Xã Việt Thuận,27,Tỉnh Hưng Yên,22043,Xã Thư Vũ
64,Tỉnh Thái Bình,2112,Huyện Vũ Thư,723008,Xã Trung An,27,Tỉnh Hưng Yên,11547,Phường Vũ Phúc
64,Tỉnh Thái Bình,2112,Huyện Vũ Thư,788544,Thị Trấn Vũ Thư,27,Tỉnh Hưng Yên,21275,Xã Vũ Thư
64,Tỉnh Thái Bình,2112,Huyện Vũ Thư,854080,Xã Đồng Thanh,27,Tỉnh Hưng Yên,22555,Xã Vạn Xuân
64,Tỉnh Thái Bình,2112,Huyện Vũ Thư,919616,Xã Dũng Nghĩa,27,Tỉnh Hưng Yên,21275,Xã Vũ Thư
64,Tỉnh Thái Bình,2112,Huyện Vũ Thư,985152,Xã Duy Nhất,27,Tỉnh Hưng Yên,22299,Xã Vũ Tiên
64,Tỉnh Thái Bình,2112,Huyện Vũ Thư,1050688,Xã Hiệp Hòa,27,Tỉnh Hưng Yên,21531,Xã Thư Trì
64,Tỉnh Thái Bình,2112,Huyện Vũ Thư,1116224,Xã Hòa Bình,27,Tỉnh Hưng Yên,21275,Xã Vũ Thư
64,Tỉnh Thái Bình,2112,Huyện Vũ Thư,1181760,Xã Minh Khai,27,Tỉnh Hưng Yên,21275,Xã Vũ Thư
64,Tỉnh Thái Bình,2112,Huyện Vũ Thư,1247296,Xã Minh Lãng,27,Tỉnh Hưng Yên,21531,Xã Thư Trì
64,Tỉnh Thái Bình,2112,Huyện Vũ Thư,1312832,Xã Minh Quang,27,Tỉnh Hưng Yên,21275,Xã Vũ Thư
64,Tỉnh Thái Bình,2112,Huyện Vũ Thư,1378368,Xã Nguyên Xá,27,Tỉnh Hưng Yên,11547,Phường Vũ Phúc
64,Tỉnh Thái Bình,2112,Huyện Vũ Thư,1443904,Xã Phúc Thành,27,Tỉnh Hưng Yên,10523,Phường Thái Bình
64,Tỉnh Thái Bình,2112,Huyện Vũ Thư,1509440,Xã Xuân Hòa,27,Tỉnh Hưng Yên,22555,Xã Vạn Xuân
64,Tỉnh Thái Bình,2112,Huyện Vũ Thư,1574976,Xã Vũ Vinh,27,Tỉnh Hưng Yên,22043,Xã Thư Vũ
64,Tỉnh Thái Bình,2112,Huyện Vũ Thư,1640512,Xã Vũ Vân,27,Tỉnh Hưng Yên,22043,Xã Thư Vũ
64,Tỉnh Thái Bình,2112,Huyện Vũ Thư,1706048,Xã Vũ Tiến,27,Tỉnh Hưng Yên,22299,Xã Vũ Tiên
64,Tỉnh Thái Bình,2112,Huyện Vũ Thư,1771584,Xã Tự Tân,27,Tỉnh Hưng Yên,21787,Xã Tân Thuận
64,Tỉnh Thái Bình,2112,Huyện Vũ Thư,1837120,Xã Vũ Hội,27,Tỉnh Hưng Yên,22043,Xã Thư Vũ
64,Tỉnh Thái Bình,2112,Huyện Vũ Thư,1902656,Xã Vũ Đoài,27,Tỉnh Hưng Yên,22299,Xã Vũ Tiên
64,Tỉnh Thái Bình,2112,Huyện Vũ Thư,1968192,Xã Việt Hùng,27,Tỉnh Hưng Yên,22555,Xã Vạn Xuân
65,Tỉnh Thái Nguyên,321,Thành Phố Thái Nguyên,65857,Phường Tân Lập,41,Tỉnh Thái Nguyên,1833,Phường Tích Lương
65,Tỉnh Thái Nguyên,321,Thành Phố Thái Nguyên,131393,Phường Tân Long,41,Tỉnh Thái Nguyên,10793,Phường Quan Triều
65,Tỉnh Thái Nguyên,321,Thành Phố Thái Nguyên,196929,Phường Tân Thành,41,Tỉnh Thái Nguyên,1833,Phường Tích Lương
65,Tỉnh Thái Nguyên,321,Thành Phố Thái Nguyên,262465,Phường Tân Thịnh,41,Tỉnh Thái Nguyên,1577,Phường Phan Đình Phùng
65,Tỉnh Thái Nguyên,321,Thành Phố Thái Nguyên,328001,Phường Thịnh Đán,41,Tỉnh Thái Nguyên,10537,Phường Quyết Thắng
65,Tỉnh Thái Nguyên,321,Thành Phố Thái Nguyên,393537,Phường Trung Thành,41,Tỉnh Thái Nguyên,1833,Phường Tích Lương
65,Tỉnh Thái Nguyên,321,Thành Phố Thái Nguyên,459073,Phường Trưng Vương,41,Tỉnh Thái Nguyên,1577,Phường Phan Đình Phùng
65,Tỉnh Thái Nguyên,321,Thành Phố Thái Nguyên,524609,Phường Túc Duyên,41,Tỉnh Thái Nguyên,1577,Phường Phan Đình Phùng
65,Tỉnh Thái Nguyên,321,Thành Phố Thái Nguyên,590145,Xã Cao Ngạn,41,Tỉnh Thái Nguyên,2089,Phường Linh Sơn
65,Tỉnh Thái Nguyên,321,Thành Phố Thái Nguyên,655681,Xã Phúc Hà,41,Tỉnh Thái Nguyên,10537,Phường Quyết Thắng
65,Tỉnh Thái Nguyên,321,Thành Phố Thái Nguyên,721217,Xã Phúc Trìu,41,Tỉnh Thái Nguyên,11305,Xã Đại Phúc
65,Tỉnh Thái Nguyên,321,Thành Phố Thái Nguyên,786753,Xã Phúc Xuân,41,Tỉnh Thái Nguyên,11305,Xã Đại Phúc
65,Tỉnh Thái Nguyên,321,Thành Phố Thái Nguyên,852289,Xã Quyết Thắng,41,Tỉnh Thái Nguyên,10537,Phường Quyết Thắng
65,Tỉnh Thái Nguyên,321,Thành Phố Thái Nguyên,917825,Xã Tân Cương,41,Tỉnh Thái Nguyên,11049,Xã Tân Cương
65,Tỉnh Thái Nguyên,321,Thành Phố Thái Nguyên,983361,Xã Thịnh Đức,41,Tỉnh Thái Nguyên,11049,Xã Tân Cương
65,Tỉnh Thái Nguyên,321,Thành Phố Thái Nguyên,1048897,Phường Cam Giá,41,Tỉnh Thái Nguyên,1321,Phường Gia Sàng
65,Tỉnh Thái Nguyên,321,Thành Phố Thái Nguyên,1114433,Phường Đồng Quang,41,Tỉnh Thái Nguyên,1577,Phường Phan Đình Phùng
65,Tỉnh Thái Nguyên,321,Thành Phố Thái Nguyên,1179969,Phường Gia Sàng,41,Tỉnh Thái Nguyên,1321,Phường Gia Sàng
65,Tỉnh Thái Nguyên,321,Thành Phố Thái Nguyên,1245505,Phường Hoàng Văn Thụ,41,Tỉnh Thái Nguyên,1577,Phường Phan Đình Phùng
65,Tỉnh Thái Nguyên,321,Thành Phố Thái Nguyên,1311041,Phường Hương Sơn,41,Tỉnh Thái Nguyên,1321,Phường Gia Sàng
65,Tỉnh Thái Nguyên,321,Thành Phố Thái Nguyên,1376577,Phường Phan Đình Phùng,41,Tỉnh Thái Nguyên,1577,Phường Phan Đình Phùng
65,Tỉnh Thái Nguyên,321,Thành Phố Thái Nguyên,1442113,Phường Phú Xá,41,Tỉnh Thái Nguyên,1833,Phường Tích Lương
65,Tỉnh Thái Nguyên,321,Thành Phố Thái Nguyên,1507649,Phường Quán Triều,41,Tỉnh Thái Nguyên,10793,Phường Quan Triều
65,Tỉnh Thái Nguyên,321,Thành Phố Thái Nguyên,1573185,Phường Quang Trung,41,Tỉnh Thái Nguyên,1577,Phường Phan Đình Phùng
65,Tỉnh Thái Nguyên,321,Thành Phố Thái Nguyên,1638721,Phường Quang Vinh,41,Tỉnh Thái Nguyên,10793,Phường Quan Triều
65,Tỉnh Thái Nguyên,321,Thành Phố Thái Nguyên,1704257,Phường Tích Lương,41,Tỉnh Thái Nguyên,1833,Phường Tích Lương
65,Tỉnh Thái Nguyên,321,Thành Phố Thái Nguyên,1769793,Xã Sơn Cẩm,41,Tỉnh Thái Nguyên,10793,Phường Quan Triều
65,Tỉnh Thái Nguyên,321,Thành Phố Thái Nguyên,1835329,Phường Đồng Bẩm,41,Tỉnh Thái Nguyên,2089,Phường Linh Sơn
65,Tỉnh Thái Nguyên,321,Thành Phố Thái Nguyên,1900865,Phường Chùa Hang,41,Tỉnh Thái Nguyên,2089,Phường Linh Sơn
65,Tỉnh Thái Nguyên,321,Thành Phố Thái Nguyên,1966401,Xã Huống Thượng,41,Tỉnh Thái Nguyên,2089,Phường Linh Sơn
65,Tỉnh Thái Nguyên,321,Thành Phố Thái Nguyên,2031937,Xã Linh Sơn,41,Tỉnh Thái Nguyên,2089,Phường Linh Sơn
65,Tỉnh Thái Nguyên,321,Thành Phố Thái Nguyên,2097473,Xã Đồng Liên,41,Tỉnh Thái Nguyên,1321,Phường Gia Sàng
65,Tỉnh Thái Nguyên,577,Thành Phố Sông Công,66113,Xã Tân Quang,41,Tỉnh Thái Nguyên,5673,Phường Bách Quang
65,Tỉnh Thái Nguyên,577,Thành Phố Sông Công,131649,Phường Lương Sơn,41,Tỉnh Thái Nguyên,5673,Phường Bách Quang
65,Tỉnh Thái Nguyên,577,Thành Phố Sông Công,197185,Phường Bách Quang,41,Tỉnh Thái Nguyên,5673,Phường Bách Quang
65,Tỉnh Thái Nguyên,577,Thành Phố Sông Công,262721,Phường Cải Đan,41,Tỉnh Thái Nguyên,5161,Phường Sông Công
65,Tỉnh Thái Nguyên,577,Thành Phố Sông Công,328257,Phường Mỏ Chè,41,Tỉnh Thái Nguyên,5417,Phường Bá Xuyên
65,Tỉnh Thái Nguyên,577,Thành Phố Sông Công,393793,Phường Phố Cò,41,Tỉnh Thái Nguyên,5161,Phường Sông Công
65,Tỉnh Thái Nguyên,577,Thành Phố Sông Công,459329,Phường Thắng Lợi,41,Tỉnh Thái Nguyên,5161,Phường Sông Công
65,Tỉnh Thái Nguyên,577,Thành Phố Sông Công,524865,Xã Bá Xuyên,41,Tỉnh Thái Nguyên,5417,Phường Bá Xuyên
65,Tỉnh Thái Nguyên,577,Thành Phố Sông Công,590401,Xã Bình Sơn,41,Tỉnh Thái Nguyên,11049,Xã Tân Cương
65,Tỉnh Thái Nguyên,577,Thành Phố Sông Công,655937,Phường Châu Sơn,41,Tỉnh Thái Nguyên,5417,Phường Bá Xuyên
65,Tỉnh Thái Nguyên,833,Thành Phố Phổ Yên,66369,Phường Tân Phú,41,Tỉnh Thái Nguyên,14377,Phường Trung Thành
65,Tỉnh Thái Nguyên,833,Thành Phố Phổ Yên,131905,Phường Tân Hương,41,Tỉnh Thái Nguyên,14121,Phường Vạn Xuân
65,Tỉnh Thái Nguyên,833,Thành Phố Phổ Yên,197441,Xã Vạn Phái,41,Tỉnh Thái Nguyên,2601,Xã Thành Công
65,Tỉnh Thái Nguyên,833,Thành Phố Phổ Yên,262977,Phường Trung Thành,41,Tỉnh Thái Nguyên,14377,Phường Trung Thành
65,Tỉnh Thái Nguyên,833,Thành Phố Phổ Yên,328513,Phường Tiên Phong,41,Tỉnh Thái Nguyên,14121,Phường Vạn Xuân
65,Tỉnh Thái Nguyên,833,Thành Phố Phổ Yên,394049,Xã Thành Công,41,Tỉnh Thái Nguyên,2601,Xã Thành Công
65,Tỉnh Thái Nguyên,833,Thành Phố Phổ Yên,459585,Phường Thuận Thành,41,Tỉnh Thái Nguyên,14377,Phường Trung Thành
65,Tỉnh Thái Nguyên,833,Thành Phố Phổ Yên,525121,Phường Đồng Tiến,41,Tỉnh Thái Nguyên,14121,Phường Vạn Xuân
65,Tỉnh Thái Nguyên,833,Thành Phố Phổ Yên,590657,Phường Hồng Tiến,41,Tỉnh Thái Nguyên,13865,Phường Phổ Yên
65,Tỉnh Thái Nguyên,833,Thành Phố Phổ Yên,656193,Xã Minh Đức,41,Tỉnh Thái Nguyên,2345,Phường Phúc Thuận
65,Tỉnh Thái Nguyên,833,Thành Phố Phổ Yên,721729,Phường Nam Tiến,41,Tỉnh Thái Nguyên,14121,Phường Vạn Xuân
65,Tỉnh Thái Nguyên,833,Thành Phố Phổ Yên,787265,Xã Phúc Tân,41,Tỉnh Thái Nguyên,11305,Xã Đại Phúc
65,Tỉnh Thái Nguyên,833,Thành Phố Phổ Yên,852801,Xã Phúc Thuận,41,Tỉnh Thái Nguyên,2345,Phường Phúc Thuận
65,Tỉnh Thái Nguyên,833,Thành Phố Phổ Yên,918337,Phường Ba Hàng,41,Tỉnh Thái Nguyên,13865,Phường Phổ Yên
65,Tỉnh Thái Nguyên,833,Thành Phố Phổ Yên,983873,Phường Bắc Sơn,41,Tỉnh Thái Nguyên,2345,Phường Phúc Thuận
65,Tỉnh Thái Nguyên,833,Thành Phố Phổ Yên,1049409,Phường Bãi Bông,41,Tỉnh Thái Nguyên,13865,Phường Phổ Yên
65,Tỉnh Thái Nguyên,833,Thành Phố Phổ Yên,1114945,Phường Đắc Sơn,41,Tỉnh Thái Nguyên,13865,Phường Phổ Yên
65,Tỉnh Thái Nguyên,833,Thành Phố Phổ Yên,1180481,Phường Đông Cao,41,Tỉnh Thái Nguyên,14377,Phường Trung Thành
65,Tỉnh Thái Nguyên,1089,Huyện Đại Từ,132161,Xã Phúc Lương,41,Tỉnh Thái Nguyên,11817,Xã Đức Lương
65,Tỉnh Thái Nguyên,1089,Huyện Đại Từ,263233,Xã Tân Linh,41,Tỉnh Thái Nguyên,12585,Xã Phú Lạc
65,Tỉnh Thái Nguyên,1089,Huyện Đại Từ,394305,Xã Phú Cường,41,Tỉnh Thái Nguyên,12073,Xã Phú Thịnh
65,Tỉnh Thái Nguyên,1089,Huyện Đại Từ,394305,Xã Phú Cường,41,Tỉnh Thái Nguyên,13609,Xã Phú Xuyên
65,Tỉnh Thái Nguyên,1089,Huyện Đại Từ,459841,Xã Phú Lạc,41,Tỉnh Thái Nguyên,12585,Xã Phú Lạc
65,Tỉnh Thái Nguyên,1089,Huyện Đại Từ,525377,Xã Phú Thịnh,41,Tỉnh Thái Nguyên,12073,Xã Phú Thịnh
65,Tỉnh Thái Nguyên,1089,Huyện Đại Từ,590913,Xã Phú Xuyên,41,Tỉnh Thái Nguyên,13609,Xã Phú Xuyên
65,Tỉnh Thái Nguyên,1089,Huyện Đại Từ,656449,Xã Phục Linh,41,Tỉnh Thái Nguyên,12585,Xã Phú Lạc
65,Tỉnh Thái Nguyên,1089,Huyện Đại Từ,721985,Xã Tân Thái,41,Tỉnh Thái Nguyên,11305,Xã Đại Phúc
65,Tỉnh Thái Nguyên,1089,Huyện Đại Từ,787521,Xã Tiên Hội,41,Tỉnh Thái Nguyên,12329,Xã La Bằng
65,Tỉnh Thái Nguyên,1089,Huyện Đại Từ,853057,Xã Văn Yên,41,Tỉnh Thái Nguyên,13353,Xã Vạn Phú
65,Tỉnh Thái Nguyên,1089,Huyện Đại Từ,918593,Xã Yên Lãng,41,Tỉnh Thái Nguyên,13609,Xã Phú Xuyên
65,Tỉnh Thái Nguyên,1089,Huyện Đại Từ,984129,Thị Trấn Hùng Sơn,41,Tỉnh Thái Nguyên,11305,Xã Đại Phúc
65,Tỉnh Thái Nguyên,1089,Huyện Đại Từ,1049665,Thị Trấn Quân Chu,41,Tỉnh Thái Nguyên,13097,Xã Quân Chu
65,Tỉnh Thái Nguyên,1089,Huyện Đại Từ,1115201,Xã An Khánh,41,Tỉnh Thái Nguyên,12841,Xã An Khánh
65,Tỉnh Thái Nguyên,1089,Huyện Đại Từ,1180737,Xã Hoàng Nông,41,Tỉnh Thái Nguyên,12329,Xã La Bằng
65,Tỉnh Thái Nguyên,1089,Huyện Đại Từ,1246273,Xã Bản Ngoại,41,Tỉnh Thái Nguyên,12073,Xã Phú Thịnh
65,Tỉnh Thái Nguyên,1089,Huyện Đại Từ,1311809,Xã Bình Thuận,41,Tỉnh Thái Nguyên,11561,Xã Đại Từ
65,Tỉnh Thái Nguyên,1089,Huyện Đại Từ,1377345,Xã Cát Nê,41,Tỉnh Thái Nguyên,13097,Xã Quân Chu
65,Tỉnh Thái Nguyên,1089,Huyện Đại Từ,1442881,Xã Cù Vân,41,Tỉnh Thái Nguyên,12841,Xã An Khánh
65,Tỉnh Thái Nguyên,1089,Huyện Đại Từ,1508417,Xã Đức Lương,41,Tỉnh Thái Nguyên,11817,Xã Đức Lương
65,Tỉnh Thái Nguyên,1089,Huyện Đại Từ,1573953,Xã Hà Thượng,41,Tỉnh Thái Nguyên,12841,Xã An Khánh
65,Tỉnh Thái Nguyên,1089,Huyện Đại Từ,1639489,Xã Khôi Kỳ,41,Tỉnh Thái Nguyên,11561,Xã Đại Từ
65,Tỉnh Thái Nguyên,1089,Huyện Đại Từ,1705025,Xã Vạn Phú,41,Tỉnh Thái Nguyên,13353,Xã Vạn Phú
65,Tỉnh Thái Nguyên,1089,Huyện Đại Từ,1770561,Xã La Bằng,41,Tỉnh Thái Nguyên,12329,Xã La Bằng
65,Tỉnh Thái Nguyên,1089,Huyện Đại Từ,1836097,Xã Minh Tiến,41,Tỉnh Thái Nguyên,11817,Xã Đức Lương
65,Tỉnh Thái Nguyên,1089,Huyện Đại Từ,1901633,Xã Mỹ Yên,41,Tỉnh Thái Nguyên,11561,Xã Đại Từ
65,Tỉnh Thái Nguyên,1089,Huyện Đại Từ,1967169,Xã Lục Ba,41,Tỉnh Thái Nguyên,11561,Xã Đại Từ
65,Tỉnh Thái Nguyên,1345,Huyện Đồng Hỷ,66881,Xã Tân Long,41,Tỉnh Thái Nguyên,3881,Xã Quang Sơn
65,Tỉnh Thái Nguyên,1345,Huyện Đồng Hỷ,197953,Xã Văn Lăng,41,Tỉnh Thái Nguyên,4905,Xã Văn Lăng
65,Tỉnh Thái Nguyên,1345,Huyện Đồng Hỷ,263489,Xã Văn Hán,41,Tỉnh Thái Nguyên,4649,Xã Văn Hán
65,Tỉnh Thái Nguyên,1345,Huyện Đồng Hỷ,329025,Thị Trấn Sông Cầu,41,Tỉnh Thái Nguyên,3625,Xã Đồng Hỷ
65,Tỉnh Thái Nguyên,1345,Huyện Đồng Hỷ,394561,Thị Trấn Trại Cau,41,Tỉnh Thái Nguyên,4137,Xã Trại Cau
65,Tỉnh Thái Nguyên,1345,Huyện Đồng Hỷ,460097,Xã Cây Thị,41,Tỉnh Thái Nguyên,4393,Xã Nam Hòa
65,Tỉnh Thái Nguyên,1345,Huyện Đồng Hỷ,525633,Xã Hòa Bình,41,Tỉnh Thái Nguyên,4905,Xã Văn Lăng
65,Tỉnh Thái Nguyên,1345,Huyện Đồng Hỷ,591169,Thị Trấn Hóa Thượng,41,Tỉnh Thái Nguyên,3625,Xã Đồng Hỷ
65,Tỉnh Thái Nguyên,1345,Huyện Đồng Hỷ,656705,Xã Hóa Trung,41,Tỉnh Thái Nguyên,3625,Xã Đồng Hỷ
65,Tỉnh Thái Nguyên,1345,Huyện Đồng Hỷ,722241,Xã Hợp Tiến,41,Tỉnh Thái Nguyên,4137,Xã Trại Cau
65,Tỉnh Thái Nguyên,1345,Huyện Đồng Hỷ,787777,Xã Khe Mo,41,Tỉnh Thái Nguyên,4649,Xã Văn Hán
65,Tỉnh Thái Nguyên,1345,Huyện Đồng Hỷ,853313,Xã Minh Lập,41,Tỉnh Thái Nguyên,3625,Xã Đồng Hỷ
65,Tỉnh Thái Nguyên,1345,Huyện Đồng Hỷ,918849,Xã Nam Hòa,41,Tỉnh Thái Nguyên,4393,Xã Nam Hòa
65,Tỉnh Thái Nguyên,1345,Huyện Đồng Hỷ,984385,Xã Quang Sơn,41,Tỉnh Thái Nguyên,3881,Xã Quang Sơn
65,Tỉnh Thái Nguyên,1601,Huyện Định Hóa,67137,Xã Tân Dương,41,Tỉnh Thái Nguyên,7721,Xã Phượng Tiến
65,Tỉnh Thái Nguyên,1601,Huyện Định Hóa,132673,Xã Tân Thịnh,41,Tỉnh Thái Nguyên,7721,Xã Phượng Tiến
65,Tỉnh Thái Nguyên,1601,Huyện Định Hóa,198209,Xã Sơn Phú,41,Tỉnh Thái Nguyên,8233,Xã Bình Thành
65,Tỉnh Thái Nguyên,1601,Huyện Định Hóa,263745,Xã Quy Kỳ,41,Tỉnh Thái Nguyên,8489,Xã Kim Phượng
65,Tỉnh Thái Nguyên,1601,Huyện Định Hóa,329281,Xã Trung Lương,41,Tỉnh Thái Nguyên,7209,Xã Bình Yên
65,Tỉnh Thái Nguyên,1601,Huyện Định Hóa,394817,Xã Trung Hội,41,Tỉnh Thái Nguyên,7465,Xã Trung Hội
65,Tỉnh Thái Nguyên,1601,Huyện Định Hóa,460353,Xã Thanh Định,41,Tỉnh Thái Nguyên,7209,Xã Bình Yên
65,Tỉnh Thái Nguyên,1601,Huyện Định Hóa,525889,Thị Trấn Chợ Chu,41,Tỉnh Thái Nguyên,6953,Xã Định Hóa
65,Tỉnh Thái Nguyên,1601,Huyện Định Hóa,656961,Xã Bảo Linh,41,Tỉnh Thái Nguyên,6953,Xã Định Hóa
65,Tỉnh Thái Nguyên,1601,Huyện Định Hóa,722497,Xã Bình Thành,41,Tỉnh Thái Nguyên,8233,Xã Bình Thành
65,Tỉnh Thái Nguyên,1601,Huyện Định Hóa,788033,Xã Bình Yên,41,Tỉnh Thái Nguyên,7209,Xã Bình Yên
65,Tỉnh Thái Nguyên,1601,Huyện Định Hóa,853569,Xã Bộc Nhiêu,41,Tỉnh Thái Nguyên,7465,Xã Trung Hội
65,Tỉnh Thái Nguyên,1601,Huyện Định Hóa,919105,Xã Định Biên,41,Tỉnh Thái Nguyên,7209,Xã Bình Yên
65,Tỉnh Thái Nguyên,1601,Huyện Định Hóa,984641,Xã Đồng Thịnh,41,Tỉnh Thái Nguyên,6953,Xã Định Hóa
65,Tỉnh Thái Nguyên,1601,Huyện Định Hóa,1050177,Xã Kim Phượng,41,Tỉnh Thái Nguyên,8489,Xã Kim Phượng
65,Tỉnh Thái Nguyên,1601,Huyện Định Hóa,1115713,Xã Lam Vỹ,41,Tỉnh Thái Nguyên,8745,Xã Lam Vỹ
65,Tỉnh Thái Nguyên,1601,Huyện Định Hóa,1181249,Xã Linh Thông,41,Tỉnh Thái Nguyên,8745,Xã Lam Vỹ
65,Tỉnh Thái Nguyên,1601,Huyện Định Hóa,1246785,Xã Phú Đình,41,Tỉnh Thái Nguyên,7977,Xã Phú Đình
65,Tỉnh Thái Nguyên,1601,Huyện Định Hóa,1312321,Xã Phú Tiến,41,Tỉnh Thái Nguyên,7465,Xã Trung Hội
65,Tỉnh Thái Nguyên,1601,Huyện Định Hóa,1377857,Xã Phúc Chu,41,Tỉnh Thái Nguyên,6953,Xã Định Hóa
65,Tỉnh Thái Nguyên,1601,Huyện Định Hóa,1443393,Xã Phượng Tiến,41,Tỉnh Thái Nguyên,7721,Xã Phượng Tiến
65,Tỉnh Thái Nguyên,1601,Huyện Định Hóa,1508929,Xã Điềm Mặc,41,Tỉnh Thái Nguyên,7977,Xã Phú Đình
65,Tỉnh Thái Nguyên,1857,Huyện Phú Bình,67393,Xã Tân Thành,41,Tỉnh Thái Nguyên,2857,Xã Tân Thành
65,Tỉnh Thái Nguyên,1857,Huyện Phú Bình,132929,Xã Tân Kim,41,Tỉnh Thái Nguyên,2857,Xã Tân Thành
65,Tỉnh Thái Nguyên,1857,Huyện Phú Bình,198465,Xã Tân Khánh,41,Tỉnh Thái Nguyên,3369,Xã Tân Khánh
65,Tỉnh Thái Nguyên,1857,Huyện Phú Bình,264001,Xã Tân Hòa,41,Tỉnh Thái Nguyên,2857,Xã Tân Thành
65,Tỉnh Thái Nguyên,1857,Huyện Phú Bình,329537,Xã Tân Đức,41,Tỉnh Thái Nguyên,3113,Xã Kha Sơn
65,Tỉnh Thái Nguyên,1857,Huyện Phú Bình,395073,Xã Úc Kỳ,41,Tỉnh Thái Nguyên,809,Xã Phú Bình
65,Tỉnh Thái Nguyên,1857,Huyện Phú Bình,460609,Xã Thanh Ninh,41,Tỉnh Thái Nguyên,3113,Xã Kha Sơn
65,Tỉnh Thái Nguyên,1857,Huyện Phú Bình,526145,Xã Thượng Đình,41,Tỉnh Thái Nguyên,1065,Xã Điềm Thụy
65,Tỉnh Thái Nguyên,1857,Huyện Phú Bình,591681,Xã Bàn Đạt,41,Tỉnh Thái Nguyên,3369,Xã Tân Khánh
65,Tỉnh Thái Nguyên,1857,Huyện Phú Bình,657217,Thị Trấn Hương Sơn,41,Tỉnh Thái Nguyên,809,Xã Phú Bình
65,Tỉnh Thái Nguyên,1857,Huyện Phú Bình,722753,Xã Bảo Lý,41,Tỉnh Thái Nguyên,809,Xã Phú Bình
65,Tỉnh Thái Nguyên,1857,Huyện Phú Bình,788289,Xã Đào Xá,41,Tỉnh Thái Nguyên,3369,Xã Tân Khánh
65,Tỉnh Thái Nguyên,1857,Huyện Phú Bình,853825,Xã Điềm Thụy,41,Tỉnh Thái Nguyên,1065,Xã Điềm Thụy
65,Tỉnh Thái Nguyên,1857,Huyện Phú Bình,919361,Xã Dương Thành,41,Tỉnh Thái Nguyên,3113,Xã Kha Sơn
65,Tỉnh Thái Nguyên,1857,Huyện Phú Bình,984897,Xã Hà Châu,41,Tỉnh Thái Nguyên,1065,Xã Điềm Thụy
65,Tỉnh Thái Nguyên,1857,Huyện Phú Bình,1050433,Xã Kha Sơn,41,Tỉnh Thái Nguyên,3113,Xã Kha Sơn
65,Tỉnh Thái Nguyên,1857,Huyện Phú Bình,1115969,Xã Lương Phú,41,Tỉnh Thái Nguyên,3113,Xã Kha Sơn
65,Tỉnh Thái Nguyên,1857,Huyện Phú Bình,1181505,Xã Nga My,41,Tỉnh Thái Nguyên,1065,Xã Điềm Thụy
65,Tỉnh Thái Nguyên,1857,Huyện Phú Bình,1247041,Xã Nhã Lộng,41,Tỉnh Thái Nguyên,809,Xã Phú Bình
65,Tỉnh Thái Nguyên,1857,Huyện Phú Bình,1312577,Xã Xuân Phương,41,Tỉnh Thái Nguyên,809,Xã Phú Bình
65,Tỉnh Thái Nguyên,2113,Huyện Phú Lương,67649,Xã Vô Tranh,41,Tỉnh Thái Nguyên,6185,Xã Vô Tranh
65,Tỉnh Thái Nguyên,2113,Huyện Phú Lương,133185,Xã Tức Tranh,41,Tỉnh Thái Nguyên,6185,Xã Vô Tranh
65,Tỉnh Thái Nguyên,2113,Huyện Phú Lương,198721,Thị Trấn Đu,41,Tỉnh Thái Nguyên,5929,Xã Phú Lương
65,Tỉnh Thái Nguyên,2113,Huyện Phú Lương,264257,Thị Trấn Giang Tiên,41,Tỉnh Thái Nguyên,5929,Xã Phú Lương
65,Tỉnh Thái Nguyên,2113,Huyện Phú Lương,329793,Xã Cổ Lũng,41,Tỉnh Thái Nguyên,6185,Xã Vô Tranh
65,Tỉnh Thái Nguyên,2113,Huyện Phú Lương,395329,Xã Động Đạt,41,Tỉnh Thái Nguyên,5929,Xã Phú Lương
65,Tỉnh Thái Nguyên,2113,Huyện Phú Lương,460865,Xã Hợp Thành,41,Tỉnh Thái Nguyên,6697,Xã Hợp Thành
65,Tỉnh Thái Nguyên,2113,Huyện Phú Lương,526401,Xã Ôn Lương,41,Tỉnh Thái Nguyên,6697,Xã Hợp Thành
65,Tỉnh Thái Nguyên,2113,Huyện Phú Lương,657473,Xã Phú Đô,41,Tỉnh Thái Nguyên,6185,Xã Vô Tranh
65,Tỉnh Thái Nguyên,2113,Huyện Phú Lương,723009,Xã Phủ Lý,41,Tỉnh Thái Nguyên,6697,Xã Hợp Thành
65,Tỉnh Thái Nguyên,2113,Huyện Phú Lương,788545,Xã Yên Ninh,41,Tỉnh Thái Nguyên,6441,Xã Yên Trạch
65,Tỉnh Thái Nguyên,2113,Huyện Phú Lương,854081,Xã Yên Lạc,41,Tỉnh Thái Nguyên,5929,Xã Phú Lương
65,Tỉnh Thái Nguyên,2113,Huyện Phú Lương,919617,Xã Yên Đổ,41,Tỉnh Thái Nguyên,6441,Xã Yên Trạch
65,Tỉnh Thái Nguyên,2113,Huyện Phú Lương,985153,Xã Yên Trạch,41,Tỉnh Thái Nguyên,6441,Xã Yên Trạch
65,Tỉnh Thái Nguyên,2369,Huyện Võ Nhai,67905,Xã Sảng Mộc,41,Tỉnh Thái Nguyên,553,Xã Sảng Mộc
65,Tỉnh Thái Nguyên,2369,Huyện Võ Nhai,133441,Xã Vũ Chấn,41,Tỉnh Thái Nguyên,9513,Xã Nghinh Tường
65,Tỉnh Thái Nguyên,2369,Huyện Võ Nhai,198977,Xã Tràng Xá,41,Tỉnh Thái Nguyên,10281,Xã Tràng Xá
65,Tỉnh Thái Nguyên,2369,Huyện Võ Nhai,264513,Xã Thượng Nung,41,Tỉnh Thái Nguyên,9769,Xã Thần Sa
65,Tỉnh Thái Nguyên,2369,Huyện Võ Nhai,330049,Xã Thần Xa,41,Tỉnh Thái Nguyên,9769,Xã Thần Sa
65,Tỉnh Thái Nguyên,2369,Huyện Võ Nhai,395585,Thị Trấn Đình Cả,41,Tỉnh Thái Nguyên,9001,Xã Võ Nhai
65,Tỉnh Thái Nguyên,2369,Huyện Võ Nhai,461121,Xã Bình Long,41,Tỉnh Thái Nguyên,9257,Xã Dân Tiến
65,Tỉnh Thái Nguyên,2369,Huyện Võ Nhai,526657,Xã Cúc Đường,41,Tỉnh Thái Nguyên,10025,Xã La Hiên
65,Tỉnh Thái Nguyên,2369,Huyện Võ Nhai,592193,Xã Dân Tiến,41,Tỉnh Thái Nguyên,9257,Xã Dân Tiến
65,Tỉnh Thái Nguyên,2369,Huyện Võ Nhai,657729,Xã La Hiên,41,Tỉnh Thái Nguyên,10025,Xã La Hiên
65,Tỉnh Thái Nguyên,2369,Huyện Võ Nhai,723265,Xã Lâu Thượng,41,Tỉnh Thái Nguyên,9001,Xã Võ Nhai
65,Tỉnh Thái Nguyên,2369,Huyện Võ Nhai,788801,Xã Liên Minh,41,Tỉnh Thái Nguyên,10281,Xã Tràng Xá
65,Tỉnh Thái Nguyên,2369,Huyện Võ Nhai,854337,Xã Nghinh Tường,41,Tỉnh Thái Nguyên,9513,Xã Nghinh Tường
65,Tỉnh Thái Nguyên,2369,Huyện Võ Nhai,919873,Xã Phú Thượng,41,Tỉnh Thái Nguyên,9001,Xã Võ Nhai
65,Tỉnh Thái Nguyên,2369,Huyện Võ Nhai,985409,Xã Phương Giao,41,Tỉnh Thái Nguyên,9257,Xã Dân Tiến
66,Tỉnh Thanh Hóa,322,Thành Phố Thanh Hóa,65858,Phường Quảng Phú,42,Tỉnh Thanh Hóa,9770,Phường Quảng Phú
66,Tỉnh Thanh Hóa,322,Thành Phố Thanh Hóa,131394,Phường Quảng Tâm,42,Tỉnh Thanh Hóa,9770,Phường Quảng Phú
66,Tỉnh Thanh Hóa,322,Thành Phố Thanh Hóa,196930,Phường Quảng Thịnh,42,Tỉnh Thanh Hóa,9770,Phường Quảng Phú
66,Tỉnh Thanh Hóa,322,Thành Phố Thanh Hóa,262466,Phường Hoằng Quang,42,Tỉnh Thanh Hóa,10538,Phường Nguyệt Viên
66,Tỉnh Thanh Hóa,322,Thành Phố Thanh Hóa,328002,Phường Quảng Cát,42,Tỉnh Thanh Hóa,9770,Phường Quảng Phú
66,Tỉnh Thanh Hóa,322,Thành Phố Thanh Hóa,393538,Phường Quảng Đông,42,Tỉnh Thanh Hóa,9770,Phường Quảng Phú
66,Tỉnh Thanh Hóa,322,Thành Phố Thanh Hóa,459074,Phường Thiệu Dương,42,Tỉnh Thanh Hóa,8746,Phường Hàm Rồng
66,Tỉnh Thanh Hóa,322,Thành Phố Thanh Hóa,524610,Xã Thiệu Vân,42,Tỉnh Thanh Hóa,10282,Phường Đông Tiến
66,Tỉnh Thanh Hóa,322,Thành Phố Thanh Hóa,590146,Phường Quảng Thành,42,Tỉnh Thanh Hóa,9770,Phường Quảng Phú
66,Tỉnh Thanh Hóa,322,Thành Phố Thanh Hóa,655682,Phường Đông Thọ,42,Tỉnh Thanh Hóa,8746,Phường Hàm Rồng
66,Tỉnh Thanh Hóa,322,Thành Phố Thanh Hóa,655682,Phường Đông Thọ,42,Tỉnh Thanh Hóa,41514,Phường Hạc Thành
66,Tỉnh Thanh Hóa,322,Thành Phố Thanh Hóa,721218,Phường Đông Vệ,42,Tỉnh Thanh Hóa,41514,Phường Hạc Thành
66,Tỉnh Thanh Hóa,322,Thành Phố Thanh Hóa,786754,Phường Hàm Rồng,42,Tỉnh Thanh Hóa,8746,Phường Hàm Rồng
66,Tỉnh Thanh Hóa,322,Thành Phố Thanh Hóa,852290,Phường Lam Sơn,42,Tỉnh Thanh Hóa,41514,Phường Hạc Thành
66,Tỉnh Thanh Hóa,322,Thành Phố Thanh Hóa,917826,Phường Nam Ngạn,42,Tỉnh Thanh Hóa,8746,Phường Hàm Rồng
66,Tỉnh Thanh Hóa,322,Thành Phố Thanh Hóa,983362,Phường Ba Đình,42,Tỉnh Thanh Hóa,41514,Phường Hạc Thành
66,Tỉnh Thanh Hóa,322,Thành Phố Thanh Hóa,1048898,Phường Điện Biên,42,Tỉnh Thanh Hóa,41514,Phường Hạc Thành
66,Tỉnh Thanh Hóa,322,Thành Phố Thanh Hóa,1114434,Phường Đông Sơn,42,Tỉnh Thanh Hóa,41514,Phường Hạc Thành
66,Tỉnh Thanh Hóa,322,Thành Phố Thanh Hóa,1179970,Phường Ngọc Trạo,42,Tỉnh Thanh Hóa,41514,Phường Hạc Thành
66,Tỉnh Thanh Hóa,322,Thành Phố Thanh Hóa,1245506,Phường Phú Sơn,42,Tỉnh Thanh Hóa,41514,Phường Hạc Thành
66,Tỉnh Thanh Hóa,322,Thành Phố Thanh Hóa,1376578,Phường Trường Thi,42,Tỉnh Thanh Hóa,41514,Phường Hạc Thành
66,Tỉnh Thanh Hóa,322,Thành Phố Thanh Hóa,1442114,Phường Đông Cương,42,Tỉnh Thanh Hóa,8746,Phường Hàm Rồng
66,Tỉnh Thanh Hóa,322,Thành Phố Thanh Hóa,1507650,Phường Đông Hải,42,Tỉnh Thanh Hóa,41514,Phường Hạc Thành
66,Tỉnh Thanh Hóa,322,Thành Phố Thanh Hóa,1573186,Phường Đông Hương,42,Tỉnh Thanh Hóa,41514,Phường Hạc Thành
66,Tỉnh Thanh Hóa,322,Thành Phố Thanh Hóa,1638722,Phường Quảng Hưng,42,Tỉnh Thanh Hóa,9770,Phường Quảng Phú
66,Tỉnh Thanh Hóa,322,Thành Phố Thanh Hóa,1704258,Phường Quảng Thắng,42,Tỉnh Thanh Hóa,9514,Phường Đông Quang
66,Tỉnh Thanh Hóa,322,Thành Phố Thanh Hóa,1769794,Phường Đông Lĩnh,42,Tỉnh Thanh Hóa,10282,Phường Đông Tiến
66,Tỉnh Thanh Hóa,322,Thành Phố Thanh Hóa,1835330,Phường Đông Tân,42,Tỉnh Thanh Hóa,10026,Phường Đông Sơn
66,Tỉnh Thanh Hóa,322,Thành Phố Thanh Hóa,1900866,Xã Đông Vinh,42,Tỉnh Thanh Hóa,9514,Phường Đông Quang
66,Tỉnh Thanh Hóa,322,Thành Phố Thanh Hóa,1966402,Phường Hoằng Đại,42,Tỉnh Thanh Hóa,10538,Phường Nguyệt Viên
66,Tỉnh Thanh Hóa,322,Thành Phố Thanh Hóa,2031938,Phường Tào Xuyên,42,Tỉnh Thanh Hóa,10538,Phường Nguyệt Viên
66,Tỉnh Thanh Hóa,322,Thành Phố Thanh Hóa,2097474,Phường Thiệu Khánh,42,Tỉnh Thanh Hóa,10282,Phường Đông Tiến
66,Tỉnh Thanh Hóa,322,Thành Phố Thanh Hóa,2163010,Phường An Hưng,42,Tỉnh Thanh Hóa,9514,Phường Đông Quang
66,Tỉnh Thanh Hóa,322,Thành Phố Thanh Hóa,2228546,Phường Long Anh,42,Tỉnh Thanh Hóa,10538,Phường Nguyệt Viên
66,Tỉnh Thanh Hóa,322,Thành Phố Thanh Hóa,2294082,Xã Đông Khê,42,Tỉnh Thanh Hóa,10026,Phường Đông Sơn
66,Tỉnh Thanh Hóa,322,Thành Phố Thanh Hóa,2359618,Xã Đông Ninh,42,Tỉnh Thanh Hóa,10026,Phường Đông Sơn
66,Tỉnh Thanh Hóa,322,Thành Phố Thanh Hóa,2425154,Xã Đông Phú,42,Tỉnh Thanh Hóa,9514,Phường Đông Quang
66,Tỉnh Thanh Hóa,322,Thành Phố Thanh Hóa,2490690,Phường Rừng Thông,42,Tỉnh Thanh Hóa,10026,Phường Đông Sơn
66,Tỉnh Thanh Hóa,322,Thành Phố Thanh Hóa,2556226,Xã Đông Hòa,42,Tỉnh Thanh Hóa,10026,Phường Đông Sơn
66,Tỉnh Thanh Hóa,322,Thành Phố Thanh Hóa,2621762,Xã Đông Hoàng,42,Tỉnh Thanh Hóa,10026,Phường Đông Sơn
66,Tỉnh Thanh Hóa,322,Thành Phố Thanh Hóa,2687298,Xã Đông Minh,42,Tỉnh Thanh Hóa,10026,Phường Đông Sơn
66,Tỉnh Thanh Hóa,322,Thành Phố Thanh Hóa,2752834,Xã Đông Nam,42,Tỉnh Thanh Hóa,9514,Phường Đông Quang
66,Tỉnh Thanh Hóa,322,Thành Phố Thanh Hóa,2818370,Xã Đông Quang,42,Tỉnh Thanh Hóa,9514,Phường Đông Quang
66,Tỉnh Thanh Hóa,322,Thành Phố Thanh Hóa,2883906,Xã Đông Thanh,42,Tỉnh Thanh Hóa,10282,Phường Đông Tiến
66,Tỉnh Thanh Hóa,322,Thành Phố Thanh Hóa,2949442,Phường Đông Thịnh,42,Tỉnh Thanh Hóa,10026,Phường Đông Sơn
66,Tỉnh Thanh Hóa,322,Thành Phố Thanh Hóa,3014978,Xã Đông Tiến,42,Tỉnh Thanh Hóa,10282,Phường Đông Tiến
66,Tỉnh Thanh Hóa,322,Thành Phố Thanh Hóa,3080514,Xã Đông Văn,42,Tỉnh Thanh Hóa,9514,Phường Đông Quang
66,Tỉnh Thanh Hóa,322,Thành Phố Thanh Hóa,3146050,Xã Đông Yên,42,Tỉnh Thanh Hóa,9514,Phường Đông Quang
66,Tỉnh Thanh Hóa,578,Thị Xã Bỉm Sơn,66114,Phường Ba Đình,42,Tỉnh Thanh Hóa,11306,Phường Bỉm Sơn
66,Tỉnh Thanh Hóa,578,Thị Xã Bỉm Sơn,131650,Phường Bắc Sơn,42,Tỉnh Thanh Hóa,11562,Phường Quang Trung
66,Tỉnh Thanh Hóa,578,Thị Xã Bỉm Sơn,197186,Phường Đông Sơn,42,Tỉnh Thanh Hóa,11306,Phường Bỉm Sơn
66,Tỉnh Thanh Hóa,578,Thị Xã Bỉm Sơn,262722,Phường Lam Sơn,42,Tỉnh Thanh Hóa,11306,Phường Bỉm Sơn
66,Tỉnh Thanh Hóa,578,Thị Xã Bỉm Sơn,328258,Phường Ngọc Trạo,42,Tỉnh Thanh Hóa,11562,Phường Quang Trung
66,Tỉnh Thanh Hóa,578,Thị Xã Bỉm Sơn,393794,Phường Phú Sơn,42,Tỉnh Thanh Hóa,11562,Phường Quang Trung
66,Tỉnh Thanh Hóa,578,Thị Xã Bỉm Sơn,459330,Xã Quang Trung,42,Tỉnh Thanh Hóa,11562,Phường Quang Trung
66,Tỉnh Thanh Hóa,834,Thành Phố Sầm Sơn,66370,Phường Quảng Vinh,42,Tỉnh Thanh Hóa,11050,Phường Nam Sầm Sơn
66,Tỉnh Thanh Hóa,834,Thành Phố Sầm Sơn,131906,Phường Quảng Thọ,42,Tỉnh Thanh Hóa,10794,Phường Sầm Sơn
66,Tỉnh Thanh Hóa,834,Thành Phố Sầm Sơn,197442,Phường Quảng Châu,42,Tỉnh Thanh Hóa,10794,Phường Sầm Sơn
66,Tỉnh Thanh Hóa,834,Thành Phố Sầm Sơn,262978,Xã Đại Hùng,42,Tỉnh Thanh Hóa,11050,Phường Nam Sầm Sơn
66,Tỉnh Thanh Hóa,834,Thành Phố Sầm Sơn,328514,Xã Quảng Minh,42,Tỉnh Thanh Hóa,11050,Phường Nam Sầm Sơn
66,Tỉnh Thanh Hóa,834,Thành Phố Sầm Sơn,394050,Phường Quảng Tiến,42,Tỉnh Thanh Hóa,10794,Phường Sầm Sơn
66,Tỉnh Thanh Hóa,834,Thành Phố Sầm Sơn,459586,Phường Trung Sơn,42,Tỉnh Thanh Hóa,10794,Phường Sầm Sơn
66,Tỉnh Thanh Hóa,834,Thành Phố Sầm Sơn,525122,Phường Trường Sơn,42,Tỉnh Thanh Hóa,10794,Phường Sầm Sơn
66,Tỉnh Thanh Hóa,834,Thành Phố Sầm Sơn,590658,Phường Quảng Cư,42,Tỉnh Thanh Hóa,10794,Phường Sầm Sơn
66,Tỉnh Thanh Hóa,834,Thành Phố Sầm Sơn,656194,Phường Bắc Sơn,42,Tỉnh Thanh Hóa,10794,Phường Sầm Sơn
66,Tỉnh Thanh Hóa,1090,Huyện Bá Thước,66626,Xã Thiết Ống,42,Tỉnh Thanh Hóa,32554,Xã Thiết Ống
66,Tỉnh Thanh Hóa,1090,Huyện Bá Thước,132162,Xã Thiết Kế,42,Tỉnh Thanh Hóa,32554,Xã Thiết Ống
66,Tỉnh Thanh Hóa,1090,Huyện Bá Thước,197698,Xã Thành Sơn,42,Tỉnh Thanh Hóa,34090,Xã Pù Luông
66,Tỉnh Thanh Hóa,1090,Huyện Bá Thước,263234,Xã Thành Lâm,42,Tỉnh Thanh Hóa,34090,Xã Pù Luông
66,Tỉnh Thanh Hóa,1090,Huyện Bá Thước,328770,Thị Trấn Cành Nàng,42,Tỉnh Thanh Hóa,32298,Xã Bá Thước
66,Tỉnh Thanh Hóa,1090,Huyện Bá Thước,394306,Xã Ái Thượng,42,Tỉnh Thanh Hóa,33322,Xã Điền Lư
66,Tỉnh Thanh Hóa,1090,Huyện Bá Thước,459842,Xã Ban Công,42,Tỉnh Thanh Hóa,32298,Xã Bá Thước
66,Tỉnh Thanh Hóa,1090,Huyện Bá Thước,525378,Xã Cổ Lũng,42,Tỉnh Thanh Hóa,33834,Xã Cổ Lũng
66,Tỉnh Thanh Hóa,1090,Huyện Bá Thước,590914,Xã Điền Hạ,42,Tỉnh Thanh Hóa,33066,Xã Điền Quang
66,Tỉnh Thanh Hóa,1090,Huyện Bá Thước,656450,Xã Điền Lư,42,Tỉnh Thanh Hóa,33322,Xã Điền Lư
66,Tỉnh Thanh Hóa,1090,Huyện Bá Thước,721986,Xã Lương Trung,42,Tỉnh Thanh Hóa,33578,Xã Quý Lương
66,Tỉnh Thanh Hóa,1090,Huyện Bá Thước,787522,Xã Điền Quang,42,Tỉnh Thanh Hóa,33066,Xã Điền Quang
66,Tỉnh Thanh Hóa,1090,Huyện Bá Thước,853058,Xã Điền Trung,42,Tỉnh Thanh Hóa,33322,Xã Điền Lư
66,Tỉnh Thanh Hóa,1090,Huyện Bá Thước,918594,Xã Hạ Trung,42,Tỉnh Thanh Hóa,32298,Xã Bá Thước
66,Tỉnh Thanh Hóa,1090,Huyện Bá Thước,984130,Xã Kỳ Tân,42,Tỉnh Thanh Hóa,32810,Xã Văn Nho
66,Tỉnh Thanh Hóa,1090,Huyện Bá Thước,1049666,Xã Lũng Cao,42,Tỉnh Thanh Hóa,33834,Xã Cổ Lũng
66,Tỉnh Thanh Hóa,1090,Huyện Bá Thước,1115202,Xã Lũng Niêm,42,Tỉnh Thanh Hóa,34090,Xã Pù Luông
66,Tỉnh Thanh Hóa,1090,Huyện Bá Thước,1180738,Xã Lương Ngoại,42,Tỉnh Thanh Hóa,33578,Xã Quý Lương
66,Tỉnh Thanh Hóa,1090,Huyện Bá Thước,1246274,Xã Lương Nội,42,Tỉnh Thanh Hóa,33578,Xã Quý Lương
66,Tỉnh Thanh Hóa,1090,Huyện Bá Thước,1311810,Xã Văn Nho,42,Tỉnh Thanh Hóa,32810,Xã Văn Nho
66,Tỉnh Thanh Hóa,1090,Huyện Bá Thước,1377346,Xã Điền Thượng,42,Tỉnh Thanh Hóa,33066,Xã Điền Quang
66,Tỉnh Thanh Hóa,1346,Huyện Cẩm Thủy,66882,Xã Cẩm Vân,42,Tỉnh Thanh Hóa,36650,Xã Cẩm Vân
66,Tỉnh Thanh Hóa,1346,Huyện Cẩm Thủy,132418,Xã Cẩm Ngọc,42,Tỉnh Thanh Hóa,36138,Xã Cẩm Thủy
66,Tỉnh Thanh Hóa,1346,Huyện Cẩm Thủy,197954,Xã Cẩm Giang,42,Tỉnh Thanh Hóa,36394,Xã Cẩm Tú
66,Tỉnh Thanh Hóa,1346,Huyện Cẩm Thủy,263490,Xã Cẩm Bình,42,Tỉnh Thanh Hóa,35882,Xã Cẩm Thạch
66,Tỉnh Thanh Hóa,1346,Huyện Cẩm Thủy,329026,Xã Cẩm Châu,42,Tỉnh Thanh Hóa,36650,Xã Cẩm Vân
66,Tỉnh Thanh Hóa,1346,Huyện Cẩm Thủy,394562,Xã Cẩm Liên,42,Tỉnh Thanh Hóa,35882,Xã Cẩm Thạch
66,Tỉnh Thanh Hóa,1346,Huyện Cẩm Thủy,460098,Xã Cẩm Long,42,Tỉnh Thanh Hóa,36906,Xã Cẩm Tân
66,Tỉnh Thanh Hóa,1346,Huyện Cẩm Thủy,525634,Xã Cẩm Lương,42,Tỉnh Thanh Hóa,36394,Xã Cẩm Tú
66,Tỉnh Thanh Hóa,1346,Huyện Cẩm Thủy,591170,Xã Cẩm Tú,42,Tỉnh Thanh Hóa,36394,Xã Cẩm Tú
66,Tỉnh Thanh Hóa,1346,Huyện Cẩm Thủy,656706,Xã Cẩm Phú,42,Tỉnh Thanh Hóa,36906,Xã Cẩm Tân
66,Tỉnh Thanh Hóa,1346,Huyện Cẩm Thủy,722242,Xã Cẩm Quý,42,Tỉnh Thanh Hóa,36394,Xã Cẩm Tú
66,Tỉnh Thanh Hóa,1346,Huyện Cẩm Thủy,787778,Thị Trấn Phong Sơn,42,Tỉnh Thanh Hóa,36138,Xã Cẩm Thủy
66,Tỉnh Thanh Hóa,1346,Huyện Cẩm Thủy,853314,Xã Cẩm Tâm,42,Tỉnh Thanh Hóa,36650,Xã Cẩm Vân
66,Tỉnh Thanh Hóa,1346,Huyện Cẩm Thủy,918850,Xã Cẩm Tân,42,Tỉnh Thanh Hóa,36906,Xã Cẩm Tân
66,Tỉnh Thanh Hóa,1346,Huyện Cẩm Thủy,984386,Xã Cẩm Thạch,42,Tỉnh Thanh Hóa,35882,Xã Cẩm Thạch
66,Tỉnh Thanh Hóa,1346,Huyện Cẩm Thủy,1049922,Xã Cẩm Thành,42,Tỉnh Thanh Hóa,35882,Xã Cẩm Thạch
66,Tỉnh Thanh Hóa,1346,Huyện Cẩm Thủy,1115458,Xã Cẩm Yên,42,Tỉnh Thanh Hóa,36650,Xã Cẩm Vân
66,Tỉnh Thanh Hóa,1602,Huyện Hậu Lộc,67138,Xã Ngư Lộc,42,Tỉnh Thanh Hóa,9258,Xã Vạn Lộc
66,Tỉnh Thanh Hóa,1602,Huyện Hậu Lộc,132674,Xã Triệu Lộc,42,Tỉnh Thanh Hóa,14890,Xã Triệu Lộc
66,Tỉnh Thanh Hóa,1602,Huyện Hậu Lộc,198210,Xã Tiến Lộc,42,Tỉnh Thanh Hóa,14890,Xã Triệu Lộc
66,Tỉnh Thanh Hóa,1602,Huyện Hậu Lộc,263746,Xã Thành Lộc,42,Tỉnh Thanh Hóa,15146,Xã Đông Thành
66,Tỉnh Thanh Hóa,1602,Huyện Hậu Lộc,329282,Xã Thuần Lộc,42,Tỉnh Thanh Hóa,15402,Xã Hậu Lộc
66,Tỉnh Thanh Hóa,1602,Huyện Hậu Lộc,394818,Xã Liên Lộc,42,Tỉnh Thanh Hóa,15658,Xã Hoa Lộc
66,Tỉnh Thanh Hóa,1602,Huyện Hậu Lộc,460354,Xã Lộc Sơn,42,Tỉnh Thanh Hóa,15402,Xã Hậu Lộc
66,Tỉnh Thanh Hóa,1602,Huyện Hậu Lộc,525890,Xã Đồng Lộc,42,Tỉnh Thanh Hóa,15146,Xã Đông Thành
66,Tỉnh Thanh Hóa,1602,Huyện Hậu Lộc,591426,Thị Trấn Hậu Lộc,42,Tỉnh Thanh Hóa,15402,Xã Hậu Lộc
66,Tỉnh Thanh Hóa,1602,Huyện Hậu Lộc,656962,Xã Cầu Lộc,42,Tỉnh Thanh Hóa,15146,Xã Đông Thành
66,Tỉnh Thanh Hóa,1602,Huyện Hậu Lộc,722498,Xã Đa Lộc,42,Tỉnh Thanh Hóa,9258,Xã Vạn Lộc
66,Tỉnh Thanh Hóa,1602,Huyện Hậu Lộc,788034,Xã Đại Lộc,42,Tỉnh Thanh Hóa,14890,Xã Triệu Lộc
66,Tỉnh Thanh Hóa,1602,Huyện Hậu Lộc,853570,Xã Hải Lộc,42,Tỉnh Thanh Hóa,9258,Xã Vạn Lộc
66,Tỉnh Thanh Hóa,1602,Huyện Hậu Lộc,919106,Xã Hoa Lộc,42,Tỉnh Thanh Hóa,15658,Xã Hoa Lộc
66,Tỉnh Thanh Hóa,1602,Huyện Hậu Lộc,984642,Xã Hòa Lộc,42,Tỉnh Thanh Hóa,15658,Xã Hoa Lộc
66,Tỉnh Thanh Hóa,1602,Huyện Hậu Lộc,1050178,Xã Hưng Lộc,42,Tỉnh Thanh Hóa,9258,Xã Vạn Lộc
66,Tỉnh Thanh Hóa,1602,Huyện Hậu Lộc,1115714,Xã Minh Lộc,42,Tỉnh Thanh Hóa,9258,Xã Vạn Lộc
66,Tỉnh Thanh Hóa,1602,Huyện Hậu Lộc,1181250,Xã Mỹ Lộc,42,Tỉnh Thanh Hóa,15402,Xã Hậu Lộc
66,Tỉnh Thanh Hóa,1602,Huyện Hậu Lộc,1246786,Xã Phú Lộc,42,Tỉnh Thanh Hóa,15658,Xã Hoa Lộc
66,Tỉnh Thanh Hóa,1602,Huyện Hậu Lộc,1312322,Xã Quang Lộc,42,Tỉnh Thanh Hóa,15658,Xã Hoa Lộc
66,Tỉnh Thanh Hóa,1602,Huyện Hậu Lộc,1377858,Xã Xuân Lộc,42,Tỉnh Thanh Hóa,15658,Xã Hoa Lộc
66,Tỉnh Thanh Hóa,1602,Huyện Hậu Lộc,1508930,Xã Tuy Lộc,42,Tỉnh Thanh Hóa,15146,Xã Đông Thành
66,Tỉnh Thanh Hóa,1858,Huyện Hà Trung,67394,Xã Hà Bình,42,Tỉnh Thanh Hóa,9002,Xã Hoạt Giang
66,Tỉnh Thanh Hóa,1858,Huyện Hà Trung,67394,Xã Hà Bình,42,Tỉnh Thanh Hóa,41770,Xã Hà Trung
66,Tỉnh Thanh Hóa,1858,Huyện Hà Trung,132930,Xã Hà Châu,42,Tỉnh Thanh Hóa,14634,Xã Lĩnh Toại
66,Tỉnh Thanh Hóa,1858,Huyện Hà Trung,198466,Thị Trấn Hà Trung,42,Tỉnh Thanh Hóa,41770,Xã Hà Trung
66,Tỉnh Thanh Hóa,1858,Huyện Hà Trung,264002,Xã Hà Bắc,42,Tỉnh Thanh Hóa,14378,Xã Hà Long
66,Tỉnh Thanh Hóa,1858,Huyện Hà Trung,329538,Xã Hà Đông,42,Tỉnh Thanh Hóa,41770,Xã Hà Trung
66,Tỉnh Thanh Hóa,1858,Huyện Hà Trung,395074,Xã Hà Giang,42,Tỉnh Thanh Hóa,14378,Xã Hà Long
66,Tỉnh Thanh Hóa,1858,Huyện Hà Trung,460610,Xã Hà Hải,42,Tỉnh Thanh Hóa,14634,Xã Lĩnh Toại
66,Tỉnh Thanh Hóa,1858,Huyện Hà Trung,591682,Thị Trấn Hà Lĩnh,42,Tỉnh Thanh Hóa,14122,Xã Tống Sơn
66,Tỉnh Thanh Hóa,1858,Huyện Hà Trung,657218,Thị Trấn Hà Long,42,Tỉnh Thanh Hóa,14378,Xã Hà Long
66,Tỉnh Thanh Hóa,1858,Huyện Hà Trung,722754,Xã Hà Ngọc,42,Tỉnh Thanh Hóa,41770,Xã Hà Trung
66,Tỉnh Thanh Hóa,1858,Huyện Hà Trung,788290,Xã Yến Sơn,42,Tỉnh Thanh Hóa,41770,Xã Hà Trung
66,Tỉnh Thanh Hóa,1858,Huyện Hà Trung,853826,Xã Lĩnh Toại,42,Tỉnh Thanh Hóa,14634,Xã Lĩnh Toại
66,Tỉnh Thanh Hóa,1858,Huyện Hà Trung,919362,Xã Hà Sơn,42,Tỉnh Thanh Hóa,14122,Xã Tống Sơn
66,Tỉnh Thanh Hóa,1858,Huyện Hà Trung,984898,Xã Hà Tân,42,Tỉnh Thanh Hóa,14122,Xã Tống Sơn
66,Tỉnh Thanh Hóa,1858,Huyện Hà Trung,1050434,Xã Thái Lai,42,Tỉnh Thanh Hóa,14634,Xã Lĩnh Toại
66,Tỉnh Thanh Hóa,1858,Huyện Hà Trung,1115970,Xã Hà Tiến,42,Tỉnh Thanh Hóa,14122,Xã Tống Sơn
66,Tỉnh Thanh Hóa,1858,Huyện Hà Trung,1181506,Xã Hoạt Giang,42,Tỉnh Thanh Hóa,9002,Xã Hoạt Giang
66,Tỉnh Thanh Hóa,1858,Huyện Hà Trung,1247042,Xã Hà Vinh,42,Tỉnh Thanh Hóa,11306,Phường Bỉm Sơn
66,Tỉnh Thanh Hóa,1858,Huyện Hà Trung,1312578,Xã Yên Dương,42,Tỉnh Thanh Hóa,9002,Xã Hoạt Giang
66,Tỉnh Thanh Hóa,2114,Huyện Hoằng Hóa,67650,Xã Hoằng Xuân,42,Tỉnh Thanh Hóa,19242,Xã Hoằng Giang
66,Tỉnh Thanh Hóa,2114,Huyện Hoằng Hóa,133186,Xã Hoằng Thanh,42,Tỉnh Thanh Hóa,17962,Xã Hoằng Thanh
66,Tỉnh Thanh Hóa,2114,Huyện Hoằng Hóa,198722,Xã Hoằng Thành,42,Tỉnh Thanh Hóa,18218,Xã Hoằng Lộc
66,Tỉnh Thanh Hóa,2114,Huyện Hoằng Hóa,264258,Xã Hoằng Thịnh,42,Tỉnh Thanh Hóa,18218,Xã Hoằng Lộc
66,Tỉnh Thanh Hóa,2114,Huyện Hoằng Hóa,329794,Xã Hoằng Tiến,42,Tỉnh Thanh Hóa,17706,Xã Hoằng Tiến
66,Tỉnh Thanh Hóa,2114,Huyện Hoằng Hóa,395330,Xã Hoằng Trạch,42,Tỉnh Thanh Hóa,18218,Xã Hoằng Lộc
66,Tỉnh Thanh Hóa,2114,Huyện Hoằng Hóa,460866,Xã Hoằng Trinh,42,Tỉnh Thanh Hóa,18730,Xã Hoằng Sơn
66,Tỉnh Thanh Hóa,2114,Huyện Hoằng Hóa,526402,Xã Hoằng Trung,42,Tỉnh Thanh Hóa,18986,Xã Hoằng Phú
66,Tỉnh Thanh Hóa,2114,Huyện Hoằng Hóa,591938,Xã Hoằng Trường,42,Tỉnh Thanh Hóa,17706,Xã Hoằng Tiến
66,Tỉnh Thanh Hóa,2114,Huyện Hoằng Hóa,657474,Xã Hoằng Yến,42,Tỉnh Thanh Hóa,17706,Xã Hoằng Tiến
66,Tỉnh Thanh Hóa,2114,Huyện Hoằng Hóa,723010,Xã Hoằng Hợp,42,Tỉnh Thanh Hóa,19242,Xã Hoằng Giang
66,Tỉnh Thanh Hóa,2114,Huyện Hoằng Hóa,788546,Xã Hoằng Kim,42,Tỉnh Thanh Hóa,18986,Xã Hoằng Phú
66,Tỉnh Thanh Hóa,2114,Huyện Hoằng Hóa,854082,Xã Hoằng Lộc,42,Tỉnh Thanh Hóa,18218,Xã Hoằng Lộc
66,Tỉnh Thanh Hóa,2114,Huyện Hoằng Hóa,919618,Xã Hoằng Quỳ,42,Tỉnh Thanh Hóa,19242,Xã Hoằng Giang
66,Tỉnh Thanh Hóa,2114,Huyện Hoằng Hóa,985154,Xã Hoằng Lưu,42,Tỉnh Thanh Hóa,18474,Xã Hoằng Châu
66,Tỉnh Thanh Hóa,2114,Huyện Hoằng Hóa,1050690,Xã Hoằng Ngọc,42,Tỉnh Thanh Hóa,17962,Xã Hoằng Thanh
66,Tỉnh Thanh Hóa,2114,Huyện Hoằng Hóa,1116226,Xã Hoằng Phong,42,Tỉnh Thanh Hóa,18474,Xã Hoằng Châu
66,Tỉnh Thanh Hóa,2114,Huyện Hoằng Hóa,1181762,Xã Hoằng Phú,42,Tỉnh Thanh Hóa,18986,Xã Hoằng Phú
66,Tỉnh Thanh Hóa,2114,Huyện Hoằng Hóa,1247298,Xã Hoằng Phụ,42,Tỉnh Thanh Hóa,17962,Xã Hoằng Thanh
66,Tỉnh Thanh Hóa,2114,Huyện Hoằng Hóa,1378370,Xã Hoằng Quý,42,Tỉnh Thanh Hóa,18986,Xã Hoằng Phú
66,Tỉnh Thanh Hóa,2114,Huyện Hoằng Hóa,1443906,Xã Hoằng Sơn,42,Tỉnh Thanh Hóa,18730,Xã Hoằng Sơn
66,Tỉnh Thanh Hóa,2114,Huyện Hoằng Hóa,1509442,Xã Hoằng Cát,42,Tỉnh Thanh Hóa,18730,Xã Hoằng Sơn
66,Tỉnh Thanh Hóa,2114,Huyện Hoằng Hóa,1574978,Xã Hoằng Châu,42,Tỉnh Thanh Hóa,18474,Xã Hoằng Châu
66,Tỉnh Thanh Hóa,2114,Huyện Hoằng Hóa,1640514,Thị Trấn Bút Sơn,42,Tỉnh Thanh Hóa,17450,Xã Hoằng Hóa
66,Tỉnh Thanh Hóa,2114,Huyện Hoằng Hóa,1706050,Xã Hoằng Đạo,42,Tỉnh Thanh Hóa,17450,Xã Hoằng Hóa
66,Tỉnh Thanh Hóa,2114,Huyện Hoằng Hóa,1771586,Xã Hoằng Đạt,42,Tỉnh Thanh Hóa,17450,Xã Hoằng Hóa
66,Tỉnh Thanh Hóa,2114,Huyện Hoằng Hóa,1837122,Xã Hoằng Đông,42,Tỉnh Thanh Hóa,17962,Xã Hoằng Thanh
66,Tỉnh Thanh Hóa,2114,Huyện Hoằng Hóa,1902658,Xã Hoằng Đồng,42,Tỉnh Thanh Hóa,17450,Xã Hoằng Hóa
66,Tỉnh Thanh Hóa,2114,Huyện Hoằng Hóa,1968194,Xã Hoằng Đức,42,Tỉnh Thanh Hóa,17450,Xã Hoằng Hóa
66,Tỉnh Thanh Hóa,2114,Huyện Hoằng Hóa,2033730,Xã Hoằng Giang,42,Tỉnh Thanh Hóa,19242,Xã Hoằng Giang
66,Tỉnh Thanh Hóa,2114,Huyện Hoằng Hóa,2099266,Xã Hoằng Hà,42,Tỉnh Thanh Hóa,17450,Xã Hoằng Hóa
66,Tỉnh Thanh Hóa,2114,Huyện Hoằng Hóa,2164802,Xã Hoằng Hải,42,Tỉnh Thanh Hóa,17706,Xã Hoằng Tiến
66,Tỉnh Thanh Hóa,2114,Huyện Hoằng Hóa,2230338,Xã Hoằng Tân,42,Tỉnh Thanh Hóa,18218,Xã Hoằng Lộc
66,Tỉnh Thanh Hóa,2114,Huyện Hoằng Hóa,2295874,Xã Hoằng Thái,42,Tỉnh Thanh Hóa,18218,Xã Hoằng Lộc
66,Tỉnh Thanh Hóa,2114,Huyện Hoằng Hóa,2361410,Xã Hoằng Thắng,42,Tỉnh Thanh Hóa,18474,Xã Hoằng Châu
66,Tỉnh Thanh Hóa,2114,Huyện Hoằng Hóa,2426946,Xã Hoằng Xuyên,42,Tỉnh Thanh Hóa,18730,Xã Hoằng Sơn
66,Tỉnh Thanh Hóa,2370,Huyện Lang Chánh,67906,Xã Tam Văn,42,Tỉnh Thanh Hóa,31786,Xã Văn Phú
66,Tỉnh Thanh Hóa,2370,Huyện Lang Chánh,133442,Thị Trấn Lang Chánh,42,Tỉnh Thanh Hóa,31274,Xã Linh Sơn
66,Tỉnh Thanh Hóa,2370,Huyện Lang Chánh,198978,Xã Đồng Lương,42,Tỉnh Thanh Hóa,31530,Xã Đồng Lương
66,Tỉnh Thanh Hóa,2370,Huyện Lang Chánh,264514,Xã Giao An,42,Tỉnh Thanh Hóa,32042,Xã Giao An
66,Tỉnh Thanh Hóa,2370,Huyện Lang Chánh,330050,Xã Giao Thiện,42,Tỉnh Thanh Hóa,32042,Xã Giao An
66,Tỉnh Thanh Hóa,2370,Huyện Lang Chánh,395586,Xã Lâm Phú,42,Tỉnh Thanh Hóa,31786,Xã Văn Phú
66,Tỉnh Thanh Hóa,2370,Huyện Lang Chánh,461122,Xã Tân Phúc,42,Tỉnh Thanh Hóa,31530,Xã Đồng Lương
66,Tỉnh Thanh Hóa,2370,Huyện Lang Chánh,526658,Xã Trí Nang,42,Tỉnh Thanh Hóa,31274,Xã Linh Sơn
66,Tỉnh Thanh Hóa,2370,Huyện Lang Chánh,592194,Xã Yên Khương,42,Tỉnh Thanh Hóa,5418,Xã Yên Khương
66,Tỉnh Thanh Hóa,2370,Huyện Lang Chánh,657730,Xã Yên Thắng,42,Tỉnh Thanh Hóa,5674,Xã Yên Thắng
66,Tỉnh Thanh Hóa,2626,Huyện Mường Lát,68162,Xã Trung Lý,42,Tỉnh Thanh Hóa,810,Xã Trung Lý
66,Tỉnh Thanh Hóa,2626,Huyện Mường Lát,133698,Xã Quang Chiểu,42,Tỉnh Thanh Hóa,2858,Xã Quang Chiểu
66,Tỉnh Thanh Hóa,2626,Huyện Mường Lát,199234,Xã Tam Chung,42,Tỉnh Thanh Hóa,3114,Xã Tam Chung
66,Tỉnh Thanh Hóa,2626,Huyện Mường Lát,264770,Xã Nhi Sơn,42,Tỉnh Thanh Hóa,3370,Xã Nhi Sơn
66,Tỉnh Thanh Hóa,2626,Huyện Mường Lát,330306,Xã Pù Nhi,42,Tỉnh Thanh Hóa,3626,Xã Pù Nhi
66,Tỉnh Thanh Hóa,2626,Huyện Mường Lát,395842,Xã Mường Lý,42,Tỉnh Thanh Hóa,5162,Xã Mường Lý
66,Tỉnh Thanh Hóa,2626,Huyện Mường Lát,461378,Thị Trấn Mường Lát,42,Tỉnh Thanh Hóa,5930,Xã Mường Lát
66,Tỉnh Thanh Hóa,2626,Huyện Mường Lát,526914,Xã Mường Chanh,42,Tỉnh Thanh Hóa,6186,Xã Mường Chanh
66,Tỉnh Thanh Hóa,2882,Huyện Nga Sơn,68418,Xã Nga Giáp,42,Tỉnh Thanh Hóa,16426,Xã Hồ Vương
66,Tỉnh Thanh Hóa,2882,Huyện Nga Sơn,133954,Thị Trấn Nga Sơn,42,Tỉnh Thanh Hóa,15914,Xã Nga Sơn
66,Tỉnh Thanh Hóa,2882,Huyện Nga Sơn,199490,Xã Ba Đình,42,Tỉnh Thanh Hóa,17194,Xã Ba Đình
66,Tỉnh Thanh Hóa,2882,Huyện Nga Sơn,265026,Xã Nga An,42,Tỉnh Thanh Hóa,16938,Xã Nga An
66,Tỉnh Thanh Hóa,2882,Huyện Nga Sơn,330562,Xã Nga Hiệp,42,Tỉnh Thanh Hóa,15914,Xã Nga Sơn
66,Tỉnh Thanh Hóa,2882,Huyện Nga Sơn,396098,Xã Nga Điền,42,Tỉnh Thanh Hóa,16938,Xã Nga An
66,Tỉnh Thanh Hóa,2882,Huyện Nga Sơn,461634,Xã Nga Thủy,42,Tỉnh Thanh Hóa,15914,Xã Nga Sơn
66,Tỉnh Thanh Hóa,2882,Huyện Nga Sơn,527170,Xã Nga Tiến,42,Tỉnh Thanh Hóa,16682,Xã Tân Tiến
66,Tỉnh Thanh Hóa,2882,Huyện Nga Sơn,592706,Xã Nga Tân,42,Tỉnh Thanh Hóa,16682,Xã Tân Tiến
66,Tỉnh Thanh Hóa,2882,Huyện Nga Sơn,658242,Xã Nga Thạch,42,Tỉnh Thanh Hóa,16170,Xã Nga Thắng
66,Tỉnh Thanh Hóa,2882,Huyện Nga Sơn,723778,Xã Nga Thái,42,Tỉnh Thanh Hóa,16682,Xã Tân Tiến
66,Tỉnh Thanh Hóa,2882,Huyện Nga Sơn,789314,Xã Nga Thắng,42,Tỉnh Thanh Hóa,16170,Xã Nga Thắng
66,Tỉnh Thanh Hóa,2882,Huyện Nga Sơn,854850,Xã Nga Thanh,42,Tỉnh Thanh Hóa,15914,Xã Nga Sơn
66,Tỉnh Thanh Hóa,2882,Huyện Nga Sơn,920386,Xã Nga Thành,42,Tỉnh Thanh Hóa,16426,Xã Hồ Vương
66,Tỉnh Thanh Hóa,2882,Huyện Nga Sơn,985922,Xã Nga Thiện,42,Tỉnh Thanh Hóa,17194,Xã Ba Đình
66,Tỉnh Thanh Hóa,2882,Huyện Nga Sơn,1051458,Xã Nga Vịnh,42,Tỉnh Thanh Hóa,17194,Xã Ba Đình
66,Tỉnh Thanh Hóa,2882,Huyện Nga Sơn,1116994,Xã Nga Yên,42,Tỉnh Thanh Hóa,15914,Xã Nga Sơn
66,Tỉnh Thanh Hóa,2882,Huyện Nga Sơn,1248066,Xã Nga Trường,42,Tỉnh Thanh Hóa,17194,Xã Ba Đình
66,Tỉnh Thanh Hóa,2882,Huyện Nga Sơn,1313602,Xã Nga Văn,42,Tỉnh Thanh Hóa,16170,Xã Nga Thắng
66,Tỉnh Thanh Hóa,2882,Huyện Nga Sơn,1379138,Xã Nga Hải,42,Tỉnh Thanh Hóa,16426,Xã Hồ Vương
66,Tỉnh Thanh Hóa,2882,Huyện Nga Sơn,1444674,Xã Nga Liên,42,Tỉnh Thanh Hóa,16426,Xã Hồ Vương
66,Tỉnh Thanh Hóa,2882,Huyện Nga Sơn,1510210,Xã Nga Phượng,42,Tỉnh Thanh Hóa,16170,Xã Nga Thắng
66,Tỉnh Thanh Hóa,2882,Huyện Nga Sơn,1575746,Xã Nga Phú,42,Tỉnh Thanh Hóa,16938,Xã Nga An
66,Tỉnh Thanh Hóa,3138,Huyện Ngọc Lặc,68674,Xã Vân Âm,42,Tỉnh Thanh Hóa,35370,Xã Nguyệt Ấn
66,Tỉnh Thanh Hóa,3138,Huyện Ngọc Lặc,134210,Xã Thúy Sơn,42,Tỉnh Thanh Hóa,34346,Xã Ngọc Lặc
66,Tỉnh Thanh Hóa,3138,Huyện Ngọc Lặc,199746,Xã Thạch Lập,42,Tỉnh Thanh Hóa,34602,Xã Thạch Lập
66,Tỉnh Thanh Hóa,3138,Huyện Ngọc Lặc,265282,Thị Trấn Ngọc Lặc,42,Tỉnh Thanh Hóa,34346,Xã Ngọc Lặc
66,Tỉnh Thanh Hóa,3138,Huyện Ngọc Lặc,330818,Xã Cao Ngọc,42,Tỉnh Thanh Hóa,35114,Xã Minh Sơn
66,Tỉnh Thanh Hóa,3138,Huyện Ngọc Lặc,396354,Xã Cao Thịnh,42,Tỉnh Thanh Hóa,34858,Xã Ngọc Liên
66,Tỉnh Thanh Hóa,3138,Huyện Ngọc Lặc,461890,Xã Đồng Thịnh,42,Tỉnh Thanh Hóa,34602,Xã Thạch Lập
66,Tỉnh Thanh Hóa,3138,Huyện Ngọc Lặc,527426,Xã Kiên Thọ,42,Tỉnh Thanh Hóa,35626,Xã Kiên Thọ
66,Tỉnh Thanh Hóa,3138,Huyện Ngọc Lặc,592962,Xã Lam Sơn,42,Tỉnh Thanh Hóa,35114,Xã Minh Sơn
66,Tỉnh Thanh Hóa,3138,Huyện Ngọc Lặc,658498,Xã Lộc Thịnh,42,Tỉnh Thanh Hóa,34858,Xã Ngọc Liên
66,Tỉnh Thanh Hóa,3138,Huyện Ngọc Lặc,724034,Xã Minh Sơn,42,Tỉnh Thanh Hóa,35114,Xã Minh Sơn
66,Tỉnh Thanh Hóa,3138,Huyện Ngọc Lặc,789570,Xã Minh Tiến,42,Tỉnh Thanh Hóa,35114,Xã Minh Sơn
66,Tỉnh Thanh Hóa,3138,Huyện Ngọc Lặc,855106,Xã Mỹ Tân,42,Tỉnh Thanh Hóa,34346,Xã Ngọc Lặc
66,Tỉnh Thanh Hóa,3138,Huyện Ngọc Lặc,920642,Xã Ngọc Liên,42,Tỉnh Thanh Hóa,34858,Xã Ngọc Liên
66,Tỉnh Thanh Hóa,3138,Huyện Ngọc Lặc,986178,Xã Ngọc Sơn,42,Tỉnh Thanh Hóa,34858,Xã Ngọc Liên
66,Tỉnh Thanh Hóa,3138,Huyện Ngọc Lặc,1051714,Xã Ngọc Trung,42,Tỉnh Thanh Hóa,34858,Xã Ngọc Liên
66,Tỉnh Thanh Hóa,3138,Huyện Ngọc Lặc,1117250,Xã Nguyệt Ấn,42,Tỉnh Thanh Hóa,35370,Xã Nguyệt Ấn
66,Tỉnh Thanh Hóa,3138,Huyện Ngọc Lặc,1182786,Xã Phúc Thịnh,42,Tỉnh Thanh Hóa,35626,Xã Kiên Thọ
66,Tỉnh Thanh Hóa,3138,Huyện Ngọc Lặc,1248322,Xã Phùng Giáo,42,Tỉnh Thanh Hóa,35370,Xã Nguyệt Ấn
66,Tỉnh Thanh Hóa,3138,Huyện Ngọc Lặc,1313858,Xã Phùng Minh,42,Tỉnh Thanh Hóa,35626,Xã Kiên Thọ
66,Tỉnh Thanh Hóa,3138,Huyện Ngọc Lặc,1379394,Xã Quang Trung,42,Tỉnh Thanh Hóa,34602,Xã Thạch Lập
66,Tỉnh Thanh Hóa,3394,Huyện Như Thanh,68930,Xã Phượng Nghi,42,Tỉnh Thanh Hóa,40234,Xã Xuân Du
66,Tỉnh Thanh Hóa,3394,Huyện Như Thanh,134466,Xã Thanh Kỳ,42,Tỉnh Thanh Hóa,4394,Xã Thanh Kỳ
66,Tỉnh Thanh Hóa,3394,Huyện Như Thanh,200002,Xã Thanh Tân,42,Tỉnh Thanh Hóa,4394,Xã Thanh Kỳ
66,Tỉnh Thanh Hóa,3394,Huyện Như Thanh,265538,Xã Xuân Du,42,Tỉnh Thanh Hóa,40234,Xã Xuân Du
66,Tỉnh Thanh Hóa,3394,Huyện Như Thanh,331074,Xã Xuân Khang,42,Tỉnh Thanh Hóa,42538,Xã Như Thanh
66,Tỉnh Thanh Hóa,3394,Huyện Như Thanh,396610,Xã Xuân Phúc,42,Tỉnh Thanh Hóa,4906,Xã Yên Thọ
66,Tỉnh Thanh Hóa,3394,Huyện Như Thanh,462146,Xã Xuân Thái,42,Tỉnh Thanh Hóa,4650,Xã Xuân Thái
66,Tỉnh Thanh Hóa,3394,Huyện Như Thanh,527682,Xã Yên Lạc,42,Tỉnh Thanh Hóa,4906,Xã Yên Thọ
66,Tỉnh Thanh Hóa,3394,Huyện Như Thanh,593218,Xã Yên Thọ,42,Tỉnh Thanh Hóa,4906,Xã Yên Thọ
66,Tỉnh Thanh Hóa,3394,Huyện Như Thanh,593218,Xã Yên Thọ,42,Tỉnh Thanh Hóa,42538,Xã Như Thanh
66,Tỉnh Thanh Hóa,3394,Huyện Như Thanh,658754,Thị Trấn Bến Sung,42,Tỉnh Thanh Hóa,42538,Xã Như Thanh
66,Tỉnh Thanh Hóa,3394,Huyện Như Thanh,724290,Xã Cán Khê,42,Tỉnh Thanh Hóa,40234,Xã Xuân Du
66,Tỉnh Thanh Hóa,3394,Huyện Như Thanh,789826,Xã Hải Long,42,Tỉnh Thanh Hóa,42538,Xã Như Thanh
66,Tỉnh Thanh Hóa,3394,Huyện Như Thanh,855362,Xã Mậu Lâm,42,Tỉnh Thanh Hóa,40490,Xã Mậu Lâm
66,Tỉnh Thanh Hóa,3394,Huyện Như Thanh,920898,Xã Phú Nhuận,42,Tỉnh Thanh Hóa,40490,Xã Mậu Lâm
66,Tỉnh Thanh Hóa,3650,Huyện Như Xuân,69186,Xã Thanh Phong,42,Tỉnh Thanh Hóa,39722,Xã Thanh Phong
66,Tỉnh Thanh Hóa,3650,Huyện Như Xuân,134722,Xã Xuân Hòa,42,Tỉnh Thanh Hóa,39466,Xã Xuân Bình
66,Tỉnh Thanh Hóa,3650,Huyện Như Xuân,200258,Xã Tân Bình,42,Tỉnh Thanh Hóa,38698,Xã Như Xuân
66,Tỉnh Thanh Hóa,3650,Huyện Như Xuân,265794,Xã Thanh Hòa,42,Tỉnh Thanh Hóa,39722,Xã Thanh Phong
66,Tỉnh Thanh Hóa,3650,Huyện Như Xuân,331330,Xã Thanh Lâm,42,Tỉnh Thanh Hóa,39722,Xã Thanh Phong
66,Tỉnh Thanh Hóa,3650,Huyện Như Xuân,396866,Xã Thanh Quân,42,Tỉnh Thanh Hóa,39978,Xã Thanh Quân
66,Tỉnh Thanh Hóa,3650,Huyện Như Xuân,462402,Xã Thanh Sơn,42,Tỉnh Thanh Hóa,39978,Xã Thanh Quân
66,Tỉnh Thanh Hóa,3650,Huyện Như Xuân,527938,Xã Thanh Xuân,42,Tỉnh Thanh Hóa,39978,Xã Thanh Quân
66,Tỉnh Thanh Hóa,3650,Huyện Như Xuân,593474,Xã Thượng Ninh,42,Tỉnh Thanh Hóa,38954,Xã Thượng Ninh
66,Tỉnh Thanh Hóa,3650,Huyện Như Xuân,659010,Xã Xuân Bình,42,Tỉnh Thanh Hóa,39466,Xã Xuân Bình
66,Tỉnh Thanh Hóa,3650,Huyện Như Xuân,724546,Xã Hóa Quỳ,42,Tỉnh Thanh Hóa,39210,Xã Hóa Quỳ
66,Tỉnh Thanh Hóa,3650,Huyện Như Xuân,790082,Xã Bình Lương,42,Tỉnh Thanh Hóa,39210,Xã Hóa Quỳ
66,Tỉnh Thanh Hóa,3650,Huyện Như Xuân,855618,Xã Cát Tân,42,Tỉnh Thanh Hóa,38954,Xã Thượng Ninh
66,Tỉnh Thanh Hóa,3650,Huyện Như Xuân,921154,Thị Trấn Yên Cát,42,Tỉnh Thanh Hóa,38698,Xã Như Xuân
66,Tỉnh Thanh Hóa,3650,Huyện Như Xuân,986690,Xã Bãi Trành,42,Tỉnh Thanh Hóa,39466,Xã Xuân Bình
66,Tỉnh Thanh Hóa,3650,Huyện Như Xuân,1052226,Xã Cát Vân,42,Tỉnh Thanh Hóa,38954,Xã Thượng Ninh
66,Tỉnh Thanh Hóa,3906,Huyện Nông Cống,69442,Xã Thăng Thọ,42,Tỉnh Thanh Hóa,22314,Xã Thăng Bình
66,Tỉnh Thanh Hóa,3906,Huyện Nông Cống,134978,Xã Trung Chính,42,Tỉnh Thanh Hóa,21802,Xã Trung Chính
66,Tỉnh Thanh Hóa,3906,Huyện Nông Cống,200514,Thị Trấn Nông Cống,42,Tỉnh Thanh Hóa,21290,Xã Nông Cống
66,Tỉnh Thanh Hóa,3906,Huyện Nông Cống,266050,Xã Công Chính,42,Tỉnh Thanh Hóa,3882,Xã Công Chính
66,Tỉnh Thanh Hóa,3906,Huyện Nông Cống,331586,Xã Công Liêm,42,Tỉnh Thanh Hóa,3882,Xã Công Chính
66,Tỉnh Thanh Hóa,3906,Huyện Nông Cống,397122,Xã Hoàng Giang,42,Tỉnh Thanh Hóa,21802,Xã Trung Chính
66,Tỉnh Thanh Hóa,3906,Huyện Nông Cống,462658,Xã Hoàng Sơn,42,Tỉnh Thanh Hóa,21802,Xã Trung Chính
66,Tỉnh Thanh Hóa,3906,Huyện Nông Cống,528194,Xã Minh Khôi,42,Tỉnh Thanh Hóa,21290,Xã Nông Cống
66,Tỉnh Thanh Hóa,3906,Huyện Nông Cống,593730,Xã Minh Nghĩa,42,Tỉnh Thanh Hóa,21290,Xã Nông Cống
66,Tỉnh Thanh Hóa,3906,Huyện Nông Cống,659266,Xã Tân Khang,42,Tỉnh Thanh Hóa,21802,Xã Trung Chính
66,Tỉnh Thanh Hóa,3906,Huyện Nông Cống,724802,Xã Tân Phúc,42,Tỉnh Thanh Hóa,21802,Xã Trung Chính
66,Tỉnh Thanh Hóa,3906,Huyện Nông Cống,790338,Xã Tân Thọ,42,Tỉnh Thanh Hóa,21802,Xã Trung Chính
66,Tỉnh Thanh Hóa,3906,Huyện Nông Cống,855874,Xã Tế Lợi,42,Tỉnh Thanh Hóa,21546,Xã Thắng Lợi
66,Tỉnh Thanh Hóa,3906,Huyện Nông Cống,921410,Xã Tế Nông,42,Tỉnh Thanh Hóa,21546,Xã Thắng Lợi
66,Tỉnh Thanh Hóa,3906,Huyện Nông Cống,986946,Xã Tế Thắng,42,Tỉnh Thanh Hóa,21546,Xã Thắng Lợi
66,Tỉnh Thanh Hóa,3906,Huyện Nông Cống,1052482,Xã Thăng Bình,42,Tỉnh Thanh Hóa,22314,Xã Thăng Bình
66,Tỉnh Thanh Hóa,3906,Huyện Nông Cống,1118018,Xã Thăng Long,42,Tỉnh Thanh Hóa,22314,Xã Thăng Bình
66,Tỉnh Thanh Hóa,3906,Huyện Nông Cống,1183554,Xã Trung Thành,42,Tỉnh Thanh Hóa,21546,Xã Thắng Lợi
66,Tỉnh Thanh Hóa,3906,Huyện Nông Cống,1249090,Xã Trường Giang,42,Tỉnh Thanh Hóa,22058,Xã Trường Văn
66,Tỉnh Thanh Hóa,3906,Huyện Nông Cống,1314626,Xã Trường Minh,42,Tỉnh Thanh Hóa,22058,Xã Trường Văn
66,Tỉnh Thanh Hóa,3906,Huyện Nông Cống,1380162,Xã Trường Sơn,42,Tỉnh Thanh Hóa,22058,Xã Trường Văn
66,Tỉnh Thanh Hóa,3906,Huyện Nông Cống,1445698,Xã Trường Trung,42,Tỉnh Thanh Hóa,22058,Xã Trường Văn
66,Tỉnh Thanh Hóa,3906,Huyện Nông Cống,1511234,Xã Tượng Lĩnh,42,Tỉnh Thanh Hóa,22570,Xã Tượng Lĩnh
66,Tỉnh Thanh Hóa,3906,Huyện Nông Cống,1576770,Xã Tượng Sơn,42,Tỉnh Thanh Hóa,22570,Xã Tượng Lĩnh
66,Tỉnh Thanh Hóa,3906,Huyện Nông Cống,1642306,Xã Tượng Văn,42,Tỉnh Thanh Hóa,22570,Xã Tượng Lĩnh
66,Tỉnh Thanh Hóa,3906,Huyện Nông Cống,1707842,Xã Vạn Hòa,42,Tỉnh Thanh Hóa,21290,Xã Nông Cống
66,Tỉnh Thanh Hóa,3906,Huyện Nông Cống,1773378,Xã Vạn Thắng,42,Tỉnh Thanh Hóa,21290,Xã Nông Cống
66,Tỉnh Thanh Hóa,3906,Huyện Nông Cống,1838914,Xã Vạn Thiện,42,Tỉnh Thanh Hóa,21290,Xã Nông Cống
66,Tỉnh Thanh Hóa,3906,Huyện Nông Cống,1904450,Xã Yên Mỹ,42,Tỉnh Thanh Hóa,3882,Xã Công Chính
66,Tỉnh Thanh Hóa,4418,Huyện Quan Hóa,69954,Xã Trung Thành,42,Tỉnh Thanh Hóa,30762,Xã Trung Thành
66,Tỉnh Thanh Hóa,4418,Huyện Quan Hóa,135490,Xã Phú Sơn,42,Tỉnh Thanh Hóa,30506,Xã Phú Lệ
66,Tỉnh Thanh Hóa,4418,Huyện Quan Hóa,201026,Xã Thành Sơn,42,Tỉnh Thanh Hóa,30762,Xã Trung Thành
66,Tỉnh Thanh Hóa,4418,Huyện Quan Hóa,266562,Xã Thiên Phủ,42,Tỉnh Thanh Hóa,29994,Xã Thiên Phủ
66,Tỉnh Thanh Hóa,4418,Huyện Quan Hóa,332098,Xã Trung Sơn,42,Tỉnh Thanh Hóa,1066,Xã Trung Sơn
66,Tỉnh Thanh Hóa,4418,Huyện Quan Hóa,397634,Xã Hiền Chung,42,Tỉnh Thanh Hóa,30250,Xã Hiền Kiệt
66,Tỉnh Thanh Hóa,4418,Huyện Quan Hóa,463170,Xã Hiền Kiệt,42,Tỉnh Thanh Hóa,30250,Xã Hiền Kiệt
66,Tỉnh Thanh Hóa,4418,Huyện Quan Hóa,528706,Xã Nam Động,42,Tỉnh Thanh Hóa,29994,Xã Thiên Phủ
66,Tỉnh Thanh Hóa,4418,Huyện Quan Hóa,594242,Xã Nam Tiến,42,Tỉnh Thanh Hóa,29738,Xã Nam Xuân
66,Tỉnh Thanh Hóa,4418,Huyện Quan Hóa,659778,Thị Trấn Hồi Xuân,42,Tỉnh Thanh Hóa,29482,Xã Hồi Xuân
66,Tỉnh Thanh Hóa,4418,Huyện Quan Hóa,725314,Xã Nam Xuân,42,Tỉnh Thanh Hóa,29738,Xã Nam Xuân
66,Tỉnh Thanh Hóa,4418,Huyện Quan Hóa,790850,Xã Phú Lệ,42,Tỉnh Thanh Hóa,30506,Xã Phú Lệ
66,Tỉnh Thanh Hóa,4418,Huyện Quan Hóa,856386,Xã Phú Nghiêm,42,Tỉnh Thanh Hóa,29482,Xã Hồi Xuân
66,Tỉnh Thanh Hóa,4418,Huyện Quan Hóa,921922,Xã Phú Thanh,42,Tỉnh Thanh Hóa,30506,Xã Phú Lệ
66,Tỉnh Thanh Hóa,4418,Huyện Quan Hóa,987458,Xã Phú Xuân,42,Tỉnh Thanh Hóa,4138,Xã Phú Xuân
66,Tỉnh Thanh Hóa,4674,Huyện Quan Sơn,70210,Xã Trung Xuân,42,Tỉnh Thanh Hóa,31018,Xã Trung Hạ
66,Tỉnh Thanh Hóa,4674,Huyện Quan Sơn,135746,Xã Mường Mìn,42,Tỉnh Thanh Hóa,1322,Xã Mường Mìn
66,Tỉnh Thanh Hóa,4674,Huyện Quan Sơn,201282,Xã Na Mèo,42,Tỉnh Thanh Hóa,1578,Xã Na Mèo
66,Tỉnh Thanh Hóa,4674,Huyện Quan Sơn,266818,Xã Sơn Điện,42,Tỉnh Thanh Hóa,1834,Xã Sơn Điện
66,Tỉnh Thanh Hóa,4674,Huyện Quan Sơn,332354,Xã Sơn Hà,42,Tỉnh Thanh Hóa,2346,Xã Tam Lư
66,Tỉnh Thanh Hóa,4674,Huyện Quan Sơn,397890,Thị Trấn Sơn Lư,42,Tỉnh Thanh Hóa,2346,Xã Tam Lư
66,Tỉnh Thanh Hóa,4674,Huyện Quan Sơn,397890,Thị Trấn Sơn Lư,42,Tỉnh Thanh Hóa,42282,Xã Quan Sơn
66,Tỉnh Thanh Hóa,4674,Huyện Quan Sơn,463426,Xã Sơn Thủy,42,Tỉnh Thanh Hóa,2090,Xã Sơn Thủy
66,Tỉnh Thanh Hóa,4674,Huyện Quan Sơn,528962,Xã Tam Lư,42,Tỉnh Thanh Hóa,2346,Xã Tam Lư
66,Tỉnh Thanh Hóa,4674,Huyện Quan Sơn,594498,Xã Tam Thanh,42,Tỉnh Thanh Hóa,2602,Xã Tam Thanh
66,Tỉnh Thanh Hóa,4674,Huyện Quan Sơn,660034,Xã Trung Hạ,42,Tỉnh Thanh Hóa,31018,Xã Trung Hạ
66,Tỉnh Thanh Hóa,4674,Huyện Quan Sơn,725570,Xã Trung Thượng,42,Tỉnh Thanh Hóa,42282,Xã Quan Sơn
66,Tỉnh Thanh Hóa,4674,Huyện Quan Sơn,791106,Xã Trung Tiến,42,Tỉnh Thanh Hóa,31018,Xã Trung Hạ
66,Tỉnh Thanh Hóa,4930,Huyện Quảng Xương,70466,Xã Quảng Nhân,42,Tỉnh Thanh Hóa,20266,Xã Quảng Ninh
66,Tỉnh Thanh Hóa,4930,Huyện Quảng Xương,136002,Xã Quảng Ninh,42,Tỉnh Thanh Hóa,20266,Xã Quảng Ninh
66,Tỉnh Thanh Hóa,4930,Huyện Quảng Xương,201538,Xã Quảng Phúc,42,Tỉnh Thanh Hóa,20010,Xã Quảng Ngọc
66,Tỉnh Thanh Hóa,4930,Huyện Quảng Xương,267074,Xã Quảng Trạch,42,Tỉnh Thanh Hóa,19754,Xã Quảng Yên
66,Tỉnh Thanh Hóa,4930,Huyện Quảng Xương,332610,Xã Quảng Trung,42,Tỉnh Thanh Hóa,21034,Xã Quảng Chính
66,Tỉnh Thanh Hóa,4930,Huyện Quảng Xương,398146,Xã Quảng Văn,42,Tỉnh Thanh Hóa,20010,Xã Quảng Ngọc
66,Tỉnh Thanh Hóa,4930,Huyện Quảng Xương,463682,Xã Quảng Yên,42,Tỉnh Thanh Hóa,19754,Xã Quảng Yên
66,Tỉnh Thanh Hóa,4930,Huyện Quảng Xương,529218,Xã Quảng Nham,42,Tỉnh Thanh Hóa,20778,Xã Tiên Trang
66,Tỉnh Thanh Hóa,4930,Huyện Quảng Xương,594754,Thị Trấn Tân Phong,42,Tỉnh Thanh Hóa,19498,Xã Lưu Vệ
66,Tỉnh Thanh Hóa,4930,Huyện Quảng Xương,660290,Xã Quảng Bình,42,Tỉnh Thanh Hóa,20522,Xã Quảng Bình
66,Tỉnh Thanh Hóa,4930,Huyện Quảng Xương,725826,Xã Quảng Chính,42,Tỉnh Thanh Hóa,21034,Xã Quảng Chính
66,Tỉnh Thanh Hóa,4930,Huyện Quảng Xương,791362,Xã Quảng Định,42,Tỉnh Thanh Hóa,19498,Xã Lưu Vệ
66,Tỉnh Thanh Hóa,4930,Huyện Quảng Xương,856898,Xã Quảng Đức,42,Tỉnh Thanh Hóa,19498,Xã Lưu Vệ
66,Tỉnh Thanh Hóa,4930,Huyện Quảng Xương,922434,Xã Quảng Giao,42,Tỉnh Thanh Hóa,11050,Phường Nam Sầm Sơn
66,Tỉnh Thanh Hóa,4930,Huyện Quảng Xương,987970,Xã Quảng Hải,42,Tỉnh Thanh Hóa,20266,Xã Quảng Ninh
66,Tỉnh Thanh Hóa,4930,Huyện Quảng Xương,1053506,Xã Quảng Hòa,42,Tỉnh Thanh Hóa,19754,Xã Quảng Yên
66,Tỉnh Thanh Hóa,4930,Huyện Quảng Xương,1119042,Xã Quảng Hợp,42,Tỉnh Thanh Hóa,20010,Xã Quảng Ngọc
66,Tỉnh Thanh Hóa,4930,Huyện Quảng Xương,1184578,Xã Quảng Khê,42,Tỉnh Thanh Hóa,21034,Xã Quảng Chính
66,Tỉnh Thanh Hóa,4930,Huyện Quảng Xương,1250114,Xã Quảng Lộc,42,Tỉnh Thanh Hóa,20522,Xã Quảng Bình
66,Tỉnh Thanh Hóa,4930,Huyện Quảng Xương,1315650,Xã Quảng Lưu,42,Tỉnh Thanh Hóa,20522,Xã Quảng Bình
66,Tỉnh Thanh Hóa,4930,Huyện Quảng Xương,1381186,Xã Tiên Trang,42,Tỉnh Thanh Hóa,20778,Xã Tiên Trang
66,Tỉnh Thanh Hóa,4930,Huyện Quảng Xương,1446722,Xã Quảng Long,42,Tỉnh Thanh Hóa,19754,Xã Quảng Yên
66,Tỉnh Thanh Hóa,4930,Huyện Quảng Xương,1512258,Xã Quảng Ngọc,42,Tỉnh Thanh Hóa,20010,Xã Quảng Ngọc
66,Tỉnh Thanh Hóa,4930,Huyện Quảng Xương,1577794,Xã Quảng Thái,42,Tỉnh Thanh Hóa,20522,Xã Quảng Bình
66,Tỉnh Thanh Hóa,4930,Huyện Quảng Xương,1643330,Xã Quảng Thạch,42,Tỉnh Thanh Hóa,20778,Xã Tiên Trang
66,Tỉnh Thanh Hóa,4930,Huyện Quảng Xương,1708866,Xã Quảng Trường,42,Tỉnh Thanh Hóa,21034,Xã Quảng Chính
66,Tỉnh Thanh Hóa,5186,Huyện Thạch Thành,70722,Xã Thạch Lâm,42,Tỉnh Thanh Hóa,38442,Xã Thạch Quảng
66,Tỉnh Thanh Hóa,5186,Huyện Thạch Thành,136258,Thị Trấn Kim Tân,42,Tỉnh Thanh Hóa,37162,Xã Kim Tân
66,Tỉnh Thanh Hóa,5186,Huyện Thạch Thành,201794,Thị Trấn Vân Du,42,Tỉnh Thanh Hóa,37418,Xã Vân Du
66,Tỉnh Thanh Hóa,5186,Huyện Thạch Thành,267330,Xã Ngọc Trạo,42,Tỉnh Thanh Hóa,37674,Xã Ngọc Trạo
66,Tỉnh Thanh Hóa,5186,Huyện Thạch Thành,332866,Xã Thạch Bình,42,Tỉnh Thanh Hóa,37930,Xã Thạch Bình
66,Tỉnh Thanh Hóa,5186,Huyện Thạch Thành,398402,Xã Thạch Cẩm,42,Tỉnh Thanh Hóa,37930,Xã Thạch Bình
66,Tỉnh Thanh Hóa,5186,Huyện Thạch Thành,463938,Xã Thạch Định,42,Tỉnh Thanh Hóa,37162,Xã Kim Tân
66,Tỉnh Thanh Hóa,5186,Huyện Thạch Thành,595010,Xã Thạch Long,42,Tỉnh Thanh Hóa,37930,Xã Thạch Bình
66,Tỉnh Thanh Hóa,5186,Huyện Thạch Thành,660546,Xã Thạch Quảng,42,Tỉnh Thanh Hóa,38442,Xã Thạch Quảng
66,Tỉnh Thanh Hóa,5186,Huyện Thạch Thành,726082,Xã Thạch Sơn,42,Tỉnh Thanh Hóa,37930,Xã Thạch Bình
66,Tỉnh Thanh Hóa,5186,Huyện Thạch Thành,791618,Xã Thạch Tượng,42,Tỉnh Thanh Hóa,38442,Xã Thạch Quảng
66,Tỉnh Thanh Hóa,5186,Huyện Thạch Thành,857154,Xã Thành An,42,Tỉnh Thanh Hóa,37674,Xã Ngọc Trạo
66,Tỉnh Thanh Hóa,5186,Huyện Thạch Thành,922690,Xã Thành Công,42,Tỉnh Thanh Hóa,37418,Xã Vân Du
66,Tỉnh Thanh Hóa,5186,Huyện Thạch Thành,988226,Xã Thành Hưng,42,Tỉnh Thanh Hóa,37162,Xã Kim Tân
66,Tỉnh Thanh Hóa,5186,Huyện Thạch Thành,1053762,Xã Thành Long,42,Tỉnh Thanh Hóa,37674,Xã Ngọc Trạo
66,Tỉnh Thanh Hóa,5186,Huyện Thạch Thành,1119298,Xã Thành Minh,42,Tỉnh Thanh Hóa,38186,Xã Thành Vinh
66,Tỉnh Thanh Hóa,5186,Huyện Thạch Thành,1184834,Xã Thành Mỹ,42,Tỉnh Thanh Hóa,38186,Xã Thành Vinh
66,Tỉnh Thanh Hóa,5186,Huyện Thạch Thành,1250370,Xã Thành Tâm,42,Tỉnh Thanh Hóa,37674,Xã Ngọc Trạo
66,Tỉnh Thanh Hóa,5186,Huyện Thạch Thành,1315906,Xã Thành Tân,42,Tỉnh Thanh Hóa,37418,Xã Vân Du
66,Tỉnh Thanh Hóa,5186,Huyện Thạch Thành,1381442,Xã Thành Thọ,42,Tỉnh Thanh Hóa,37162,Xã Kim Tân
66,Tỉnh Thanh Hóa,5186,Huyện Thạch Thành,1446978,Xã Thành Tiến,42,Tỉnh Thanh Hóa,37162,Xã Kim Tân
66,Tỉnh Thanh Hóa,5186,Huyện Thạch Thành,1512514,Xã Thành Trực,42,Tỉnh Thanh Hóa,37162,Xã Kim Tân
66,Tỉnh Thanh Hóa,5186,Huyện Thạch Thành,1578050,Xã Thành Vinh,42,Tỉnh Thanh Hóa,38186,Xã Thành Vinh
66,Tỉnh Thanh Hóa,5186,Huyện Thạch Thành,1643586,Xã Thành Yên,42,Tỉnh Thanh Hóa,38186,Xã Thành Vinh
66,Tỉnh Thanh Hóa,5442,Huyện Thiệu Hóa,70978,Xã Thiệu Hợp,42,Tỉnh Thanh Hóa,298,Xã Thiệu Quang
66,Tỉnh Thanh Hóa,5442,Huyện Thiệu Hóa,136514,Xã Thiệu Thịnh,42,Tỉnh Thanh Hóa,298,Xã Thiệu Quang
66,Tỉnh Thanh Hóa,5442,Huyện Thiệu Hóa,202050,Xã Thiệu Công,42,Tỉnh Thanh Hóa,42026,Xã Thiệu Hóa
66,Tỉnh Thanh Hóa,5442,Huyện Thiệu Hóa,267586,Xã Thiệu Giang,42,Tỉnh Thanh Hóa,298,Xã Thiệu Quang
66,Tỉnh Thanh Hóa,5442,Huyện Thiệu Hóa,333122,Xã Thiệu Quang,42,Tỉnh Thanh Hóa,298,Xã Thiệu Quang
66,Tỉnh Thanh Hóa,5442,Huyện Thiệu Hóa,398658,Xã Tân Châu,42,Tỉnh Thanh Hóa,10282,Phường Đông Tiến
66,Tỉnh Thanh Hóa,5442,Huyện Thiệu Hóa,464194,Thị Trấn Thiệu Hóa,42,Tỉnh Thanh Hóa,6442,Xã Thiệu Trung
66,Tỉnh Thanh Hóa,5442,Huyện Thiệu Hóa,464194,Thị Trấn Thiệu Hóa,42,Tỉnh Thanh Hóa,42026,Xã Thiệu Hóa
66,Tỉnh Thanh Hóa,5442,Huyện Thiệu Hóa,529730,Xã Thiệu Tiến,42,Tỉnh Thanh Hóa,22826,Xã Thiệu Tiến
66,Tỉnh Thanh Hóa,5442,Huyện Thiệu Hóa,595266,Xã Thiệu Chính,42,Tỉnh Thanh Hóa,23082,Xã Thiệu Toán
66,Tỉnh Thanh Hóa,5442,Huyện Thiệu Hóa,660802,Xã Thiệu Long,42,Tỉnh Thanh Hóa,8490,Xã Định Hòa
66,Tỉnh Thanh Hóa,5442,Huyện Thiệu Hóa,660802,Xã Thiệu Long,42,Tỉnh Thanh Hóa,42026,Xã Thiệu Hóa
66,Tỉnh Thanh Hóa,5442,Huyện Thiệu Hóa,726338,Xã Thiệu Lý,42,Tỉnh Thanh Hóa,6442,Xã Thiệu Trung
66,Tỉnh Thanh Hóa,5442,Huyện Thiệu Hóa,791874,Xã Thiệu Giao,42,Tỉnh Thanh Hóa,10282,Phường Đông Tiến
66,Tỉnh Thanh Hóa,5442,Huyện Thiệu Hóa,857410,Xã Thiệu Hòa,42,Tỉnh Thanh Hóa,23082,Xã Thiệu Toán
66,Tỉnh Thanh Hóa,5442,Huyện Thiệu Hóa,922946,Xã Thiệu Ngọc,42,Tỉnh Thanh Hóa,22826,Xã Thiệu Tiến
66,Tỉnh Thanh Hóa,5442,Huyện Thiệu Hóa,988482,Xã Thiệu Nguyên,42,Tỉnh Thanh Hóa,42026,Xã Thiệu Hóa
66,Tỉnh Thanh Hóa,5442,Huyện Thiệu Hóa,1119554,Xã Thiệu Phúc,42,Tỉnh Thanh Hóa,42026,Xã Thiệu Hóa
66,Tỉnh Thanh Hóa,5442,Huyện Thiệu Hóa,1185090,Thị Trấn Hậu Hiền,42,Tỉnh Thanh Hóa,23082,Xã Thiệu Toán
66,Tỉnh Thanh Hóa,5442,Huyện Thiệu Hóa,1250626,Xã Thiệu Thành,42,Tỉnh Thanh Hóa,22826,Xã Thiệu Tiến
66,Tỉnh Thanh Hóa,5442,Huyện Thiệu Hóa,1316162,Xã Thiệu Toán,42,Tỉnh Thanh Hóa,23082,Xã Thiệu Toán
66,Tỉnh Thanh Hóa,5442,Huyện Thiệu Hóa,1381698,Xã Thiệu Trung,42,Tỉnh Thanh Hóa,6442,Xã Thiệu Trung
66,Tỉnh Thanh Hóa,5442,Huyện Thiệu Hóa,1447234,Xã Thiệu Vận,42,Tỉnh Thanh Hóa,6442,Xã Thiệu Trung
66,Tỉnh Thanh Hóa,5442,Huyện Thiệu Hóa,1512770,Xã Thiệu Viên,42,Tỉnh Thanh Hóa,6442,Xã Thiệu Trung
66,Tỉnh Thanh Hóa,5442,Huyện Thiệu Hóa,1578306,Xã Thiệu Vũ,42,Tỉnh Thanh Hóa,22826,Xã Thiệu Tiến
66,Tỉnh Thanh Hóa,5442,Huyện Thiệu Hóa,1643842,Xã Thiệu Duy,42,Tỉnh Thanh Hóa,298,Xã Thiệu Quang
66,Tỉnh Thanh Hóa,5698,Huyện Thọ Xuân,71234,Xã Xuân Hưng,42,Tỉnh Thanh Hóa,25386,Xã Xuân Hòa
66,Tỉnh Thanh Hóa,5698,Huyện Thọ Xuân,136770,Xã Xuân Lai,42,Tỉnh Thanh Hóa,26666,Xã Xuân Lập
66,Tỉnh Thanh Hóa,5698,Huyện Thọ Xuân,202306,Xã Xuân Thiên,42,Tỉnh Thanh Hóa,26154,Xã Thọ Lập
66,Tỉnh Thanh Hóa,5698,Huyện Thọ Xuân,267842,Xã Xuân Tín,42,Tỉnh Thanh Hóa,26410,Xã Xuân Tín
66,Tỉnh Thanh Hóa,5698,Huyện Thọ Xuân,333378,Thị Trấn Lam Sơn,42,Tỉnh Thanh Hóa,25898,Xã Lam Sơn
66,Tỉnh Thanh Hóa,5698,Huyện Thọ Xuân,398914,Thị Trấn Sao Vàng,42,Tỉnh Thanh Hóa,25642,Xã Sao Vàng
66,Tỉnh Thanh Hóa,5698,Huyện Thọ Xuân,464450,Thị Trấn Thọ Xuân,42,Tỉnh Thanh Hóa,24874,Xã Thọ Xuân
66,Tỉnh Thanh Hóa,5698,Huyện Thọ Xuân,529986,Xã Bắc Lương,42,Tỉnh Thanh Hóa,25130,Xã Thọ Long
66,Tỉnh Thanh Hóa,5698,Huyện Thọ Xuân,595522,Xã Nam Giang,42,Tỉnh Thanh Hóa,25130,Xã Thọ Long
66,Tỉnh Thanh Hóa,5698,Huyện Thọ Xuân,661058,Xã Phú Xuân,42,Tỉnh Thanh Hóa,26410,Xã Xuân Tín
66,Tỉnh Thanh Hóa,5698,Huyện Thọ Xuân,726594,Xã Quảng Phú,42,Tỉnh Thanh Hóa,26410,Xã Xuân Tín
66,Tỉnh Thanh Hóa,5698,Huyện Thọ Xuân,792130,Xã Tây Hồ,42,Tỉnh Thanh Hóa,25130,Xã Thọ Long
66,Tỉnh Thanh Hóa,5698,Huyện Thọ Xuân,857666,Xã Thọ Diên,42,Tỉnh Thanh Hóa,25386,Xã Xuân Hòa
66,Tỉnh Thanh Hóa,5698,Huyện Thọ Xuân,923202,Xã Thọ Hải,42,Tỉnh Thanh Hóa,25386,Xã Xuân Hòa
66,Tỉnh Thanh Hóa,5698,Huyện Thọ Xuân,988738,Xã Thọ Lâm,42,Tỉnh Thanh Hóa,25642,Xã Sao Vàng
66,Tỉnh Thanh Hóa,5698,Huyện Thọ Xuân,1054274,Xã Thọ Lập,42,Tỉnh Thanh Hóa,26154,Xã Thọ Lập
66,Tỉnh Thanh Hóa,5698,Huyện Thọ Xuân,1119810,Xã Thọ Lộc,42,Tỉnh Thanh Hóa,25130,Xã Thọ Long
66,Tỉnh Thanh Hóa,5698,Huyện Thọ Xuân,1185346,Xã Xuân Hồng,42,Tỉnh Thanh Hóa,24874,Xã Thọ Xuân
66,Tỉnh Thanh Hóa,5698,Huyện Thọ Xuân,1250882,Xã Thọ Xương,42,Tỉnh Thanh Hóa,25898,Xã Lam Sơn
66,Tỉnh Thanh Hóa,5698,Huyện Thọ Xuân,1316418,Xã Xuân Bái,42,Tỉnh Thanh Hóa,25898,Xã Lam Sơn
66,Tỉnh Thanh Hóa,5698,Huyện Thọ Xuân,1381954,Xã Thuận Minh,42,Tỉnh Thanh Hóa,26154,Xã Thọ Lập
66,Tỉnh Thanh Hóa,5698,Huyện Thọ Xuân,1447490,Xã Xuân Giang,42,Tỉnh Thanh Hóa,24874,Xã Thọ Xuân
66,Tỉnh Thanh Hóa,5698,Huyện Thọ Xuân,1513026,Xã Xuân Hòa,42,Tỉnh Thanh Hóa,25386,Xã Xuân Hòa
66,Tỉnh Thanh Hóa,5698,Huyện Thọ Xuân,1578562,Xã Xuân Lập,42,Tỉnh Thanh Hóa,26666,Xã Xuân Lập
66,Tỉnh Thanh Hóa,5698,Huyện Thọ Xuân,1644098,Xã Xuân Minh,42,Tỉnh Thanh Hóa,26666,Xã Xuân Lập
66,Tỉnh Thanh Hóa,5698,Huyện Thọ Xuân,1709634,Xã Xuân Phong,42,Tỉnh Thanh Hóa,25130,Xã Thọ Long
66,Tỉnh Thanh Hóa,5698,Huyện Thọ Xuân,1775170,Xã Xuân Phú,42,Tỉnh Thanh Hóa,25642,Xã Sao Vàng
66,Tỉnh Thanh Hóa,5698,Huyện Thọ Xuân,1840706,Xã Xuân Trường,42,Tỉnh Thanh Hóa,24874,Xã Thọ Xuân
66,Tỉnh Thanh Hóa,5698,Huyện Thọ Xuân,1906242,Xã Trường Xuân,42,Tỉnh Thanh Hóa,26666,Xã Xuân Lập
66,Tỉnh Thanh Hóa,5698,Huyện Thọ Xuân,1971778,Xã Xuân Sinh,42,Tỉnh Thanh Hóa,25642,Xã Sao Vàng
66,Tỉnh Thanh Hóa,5954,Huyện Thường Xuân,71490,Thị Trấn Thường Xuân,42,Tỉnh Thanh Hóa,40746,Xã Thường Xuân
66,Tỉnh Thanh Hóa,5954,Huyện Thường Xuân,137026,Xã Bát Mọt,42,Tỉnh Thanh Hóa,6698,Xã Bát Mọt
66,Tỉnh Thanh Hóa,5954,Huyện Thường Xuân,202562,Xã Luận Khê,42,Tỉnh Thanh Hóa,6954,Xã Luận Thành
66,Tỉnh Thanh Hóa,5954,Huyện Thường Xuân,202562,Xã Luận Khê,42,Tỉnh Thanh Hóa,7722,Xã Tân Thành
66,Tỉnh Thanh Hóa,5954,Huyện Thường Xuân,268098,Xã Luận Thành,42,Tỉnh Thanh Hóa,6954,Xã Luận Thành
66,Tỉnh Thanh Hóa,5954,Huyện Thường Xuân,333634,Xã Lương Sơn,42,Tỉnh Thanh Hóa,7210,Xã Lương Sơn
66,Tỉnh Thanh Hóa,5954,Huyện Thường Xuân,399170,Xã Ngọc Phụng,42,Tỉnh Thanh Hóa,40746,Xã Thường Xuân
66,Tỉnh Thanh Hóa,5954,Huyện Thường Xuân,464706,Xã Thọ Thanh,42,Tỉnh Thanh Hóa,40746,Xã Thường Xuân
66,Tỉnh Thanh Hóa,5954,Huyện Thường Xuân,530242,Xã Vạn Xuân,42,Tỉnh Thanh Hóa,7466,Xã Vạn Xuân
66,Tỉnh Thanh Hóa,5954,Huyện Thường Xuân,595778,Xã Xuân Cao,42,Tỉnh Thanh Hóa,6954,Xã Luận Thành
66,Tỉnh Thanh Hóa,5954,Huyện Thường Xuân,661314,Xã Tân Thành,42,Tỉnh Thanh Hóa,7722,Xã Tân Thành
66,Tỉnh Thanh Hóa,5954,Huyện Thường Xuân,726850,Xã Xuân Chinh,42,Tỉnh Thanh Hóa,41258,Xã Xuân Chinh
66,Tỉnh Thanh Hóa,5954,Huyện Thường Xuân,792386,Xã Xuân Dương,42,Tỉnh Thanh Hóa,40746,Xã Thường Xuân
66,Tỉnh Thanh Hóa,5954,Huyện Thường Xuân,857922,Xã Xuân Lẹ,42,Tỉnh Thanh Hóa,41258,Xã Xuân Chinh
66,Tỉnh Thanh Hóa,5954,Huyện Thường Xuân,923458,Xã Xuân Lộc,42,Tỉnh Thanh Hóa,41002,Xã Thắng Lộc
66,Tỉnh Thanh Hóa,5954,Huyện Thường Xuân,988994,Xã Xuân Thắng,42,Tỉnh Thanh Hóa,41002,Xã Thắng Lộc
66,Tỉnh Thanh Hóa,5954,Huyện Thường Xuân,1054530,Xã Yên Nhân,42,Tỉnh Thanh Hóa,8234,Xã Yên Nhân
66,Tỉnh Thanh Hóa,6210,Thị Xã Nghi Sơn,71746,Xã Định Hải,42,Tỉnh Thanh Hóa,12330,Phường Hải Lĩnh
66,Tỉnh Thanh Hóa,6210,Thị Xã Nghi Sơn,137282,Xã Hải Hà,42,Tỉnh Thanh Hóa,13354,Phường Nghi Sơn
66,Tỉnh Thanh Hóa,6210,Thị Xã Nghi Sơn,202818,Phường Bình Minh,42,Tỉnh Thanh Hóa,12586,Phường Tĩnh Gia
66,Tỉnh Thanh Hóa,6210,Thị Xã Nghi Sơn,268354,Xã Hải Nhân,42,Tỉnh Thanh Hóa,12586,Phường Tĩnh Gia
66,Tỉnh Thanh Hóa,6210,Thị Xã Nghi Sơn,333890,Phường Hải Thanh,42,Tỉnh Thanh Hóa,12586,Phường Tĩnh Gia
66,Tỉnh Thanh Hóa,6210,Thị Xã Nghi Sơn,399426,Phường Hải An,42,Tỉnh Thanh Hóa,12074,Phường Tân Dân
66,Tỉnh Thanh Hóa,6210,Thị Xã Nghi Sơn,464962,Phường Hải Châu,42,Tỉnh Thanh Hóa,11818,Phường Ngọc Sơn
66,Tỉnh Thanh Hóa,6210,Thị Xã Nghi Sơn,530498,Phường Mai Lâm,42,Tỉnh Thanh Hóa,7978,Phường Hải Bình
66,Tỉnh Thanh Hóa,6210,Thị Xã Nghi Sơn,596034,Xã Nghi Sơn,42,Tỉnh Thanh Hóa,13354,Phường Nghi Sơn
66,Tỉnh Thanh Hóa,6210,Thị Xã Nghi Sơn,661570,Xã Thanh Sơn,42,Tỉnh Thanh Hóa,11818,Phường Ngọc Sơn
66,Tỉnh Thanh Hóa,6210,Thị Xã Nghi Sơn,727106,Xã Thanh Thủy,42,Tỉnh Thanh Hóa,11818,Phường Ngọc Sơn
66,Tỉnh Thanh Hóa,6210,Thị Xã Nghi Sơn,792642,Phường Hải Hòa,42,Tỉnh Thanh Hóa,12586,Phường Tĩnh Gia
66,Tỉnh Thanh Hóa,6210,Thị Xã Nghi Sơn,858178,Xã Anh Sơn,42,Tỉnh Thanh Hóa,13610,Xã Các Sơn
66,Tỉnh Thanh Hóa,6210,Thị Xã Nghi Sơn,923714,Xã Các Sơn,42,Tỉnh Thanh Hóa,13610,Xã Các Sơn
66,Tỉnh Thanh Hóa,6210,Thị Xã Nghi Sơn,989250,Phường Hải Lĩnh,42,Tỉnh Thanh Hóa,12330,Phường Hải Lĩnh
66,Tỉnh Thanh Hóa,6210,Thị Xã Nghi Sơn,1054786,Phường Hải Ninh,42,Tỉnh Thanh Hóa,11818,Phường Ngọc Sơn
66,Tỉnh Thanh Hóa,6210,Thị Xã Nghi Sơn,1120322,Phường Hải Thượng,42,Tỉnh Thanh Hóa,13354,Phường Nghi Sơn
66,Tỉnh Thanh Hóa,6210,Thị Xã Nghi Sơn,1251394,Xã Ngọc Lĩnh,42,Tỉnh Thanh Hóa,12074,Phường Tân Dân
66,Tỉnh Thanh Hóa,6210,Thị Xã Nghi Sơn,1316930,Phường Nguyên Bình,42,Tỉnh Thanh Hóa,12842,Phường Đào Duy Từ
66,Tỉnh Thanh Hóa,6210,Thị Xã Nghi Sơn,1382466,Phường Ninh Hải,42,Tỉnh Thanh Hóa,12330,Phường Hải Lĩnh
66,Tỉnh Thanh Hóa,6210,Thị Xã Nghi Sơn,1448002,Xã Phú Lâm,42,Tỉnh Thanh Hóa,13098,Phường Trúc Lâm
66,Tỉnh Thanh Hóa,6210,Thị Xã Nghi Sơn,1513538,Xã Phú Sơn,42,Tỉnh Thanh Hóa,13098,Phường Trúc Lâm
66,Tỉnh Thanh Hóa,6210,Thị Xã Nghi Sơn,1579074,Phường Tân Dân,42,Tỉnh Thanh Hóa,12074,Phường Tân Dân
66,Tỉnh Thanh Hóa,6210,Thị Xã Nghi Sơn,1644610,Xã Tân Trường,42,Tỉnh Thanh Hóa,13866,Xã Trường Lâm
66,Tỉnh Thanh Hóa,6210,Thị Xã Nghi Sơn,1710146,Phường Trúc Lâm,42,Tỉnh Thanh Hóa,13098,Phường Trúc Lâm
66,Tỉnh Thanh Hóa,6210,Thị Xã Nghi Sơn,1775682,Xã Trường Lâm,42,Tỉnh Thanh Hóa,13866,Xã Trường Lâm
66,Tỉnh Thanh Hóa,6210,Thị Xã Nghi Sơn,1841218,Xã Tùng Lâm,42,Tỉnh Thanh Hóa,13098,Phường Trúc Lâm
66,Tỉnh Thanh Hóa,6210,Thị Xã Nghi Sơn,1906754,Phường Xuân Lâm,42,Tỉnh Thanh Hóa,12842,Phường Đào Duy Từ
66,Tỉnh Thanh Hóa,6210,Thị Xã Nghi Sơn,1972290,Phường Hải Bình,42,Tỉnh Thanh Hóa,7978,Phường Hải Bình
66,Tỉnh Thanh Hóa,6210,Thị Xã Nghi Sơn,2037826,Phường Tĩnh Hải,42,Tỉnh Thanh Hóa,7978,Phường Hải Bình
66,Tỉnh Thanh Hóa,6466,Huyện Triệu Sơn,72002,Xã Thọ Phú,42,Tỉnh Thanh Hóa,554,Xã Thọ Phú
66,Tỉnh Thanh Hóa,6466,Huyện Triệu Sơn,137538,Xã Thái Hòa,42,Tỉnh Thanh Hóa,28970,Xã Tân Ninh
66,Tỉnh Thanh Hóa,6466,Huyện Triệu Sơn,203074,Xã Thọ Bình,42,Tỉnh Thanh Hóa,27946,Xã Thọ Bình
66,Tỉnh Thanh Hóa,6466,Huyện Triệu Sơn,268610,Xã Thọ Cường,42,Tỉnh Thanh Hóa,28202,Xã Thọ Ngọc
66,Tỉnh Thanh Hóa,6466,Huyện Triệu Sơn,334146,Xã Thọ Dân,42,Tỉnh Thanh Hóa,554,Xã Thọ Phú
66,Tỉnh Thanh Hóa,6466,Huyện Triệu Sơn,399682,Xã Thọ Ngọc,42,Tỉnh Thanh Hóa,28202,Xã Thọ Ngọc
66,Tỉnh Thanh Hóa,6466,Huyện Triệu Sơn,465218,Xã Thọ Sơn,42,Tỉnh Thanh Hóa,27946,Xã Thọ Bình
66,Tỉnh Thanh Hóa,6466,Huyện Triệu Sơn,530754,Xã Thọ Tân,42,Tỉnh Thanh Hóa,554,Xã Thọ Phú
66,Tỉnh Thanh Hóa,6466,Huyện Triệu Sơn,596290,Xã Thọ Thế,42,Tỉnh Thanh Hóa,554,Xã Thọ Phú
66,Tỉnh Thanh Hóa,6466,Huyện Triệu Sơn,661826,Xã Thọ Tiến,42,Tỉnh Thanh Hóa,28202,Xã Thọ Ngọc
66,Tỉnh Thanh Hóa,6466,Huyện Triệu Sơn,792898,Xã Tiến Nông,42,Tỉnh Thanh Hóa,28714,Xã An Nông
66,Tỉnh Thanh Hóa,6466,Huyện Triệu Sơn,858434,Xã Triệu Thành,42,Tỉnh Thanh Hóa,28458,Xã Hợp Tiến
66,Tỉnh Thanh Hóa,6466,Huyện Triệu Sơn,923970,Xã Văn Sơn,42,Tỉnh Thanh Hóa,28970,Xã Tân Ninh
66,Tỉnh Thanh Hóa,6466,Huyện Triệu Sơn,989506,Xã Xuân Lộc,42,Tỉnh Thanh Hóa,554,Xã Thọ Phú
66,Tỉnh Thanh Hóa,6466,Huyện Triệu Sơn,1120578,Xã Xuân Thọ,42,Tỉnh Thanh Hóa,28202,Xã Thọ Ngọc
66,Tỉnh Thanh Hóa,6466,Huyện Triệu Sơn,1186114,Thị Trấn Triệu Sơn,42,Tỉnh Thanh Hóa,27690,Xã Triệu Sơn
66,Tỉnh Thanh Hóa,6466,Huyện Triệu Sơn,1251650,Xã Khuyến Nông,42,Tỉnh Thanh Hóa,28714,Xã An Nông
66,Tỉnh Thanh Hóa,6466,Huyện Triệu Sơn,1317186,Xã Dân Lý,42,Tỉnh Thanh Hóa,27690,Xã Triệu Sơn
66,Tỉnh Thanh Hóa,6466,Huyện Triệu Sơn,1382722,Xã Dân Quyền,42,Tỉnh Thanh Hóa,27690,Xã Triệu Sơn
66,Tỉnh Thanh Hóa,6466,Huyện Triệu Sơn,1448258,Xã An Nông,42,Tỉnh Thanh Hóa,28714,Xã An Nông
66,Tỉnh Thanh Hóa,6466,Huyện Triệu Sơn,1513794,Xã Bình Sơn,42,Tỉnh Thanh Hóa,27946,Xã Thọ Bình
66,Tỉnh Thanh Hóa,6466,Huyện Triệu Sơn,1579330,Xã Dân Lực,42,Tỉnh Thanh Hóa,27690,Xã Triệu Sơn
66,Tỉnh Thanh Hóa,6466,Huyện Triệu Sơn,1644866,Xã Đồng Lợi,42,Tỉnh Thanh Hóa,29226,Xã Đồng Tiến
66,Tỉnh Thanh Hóa,6466,Huyện Triệu Sơn,1710402,Xã Đồng Thắng,42,Tỉnh Thanh Hóa,29226,Xã Đồng Tiến
66,Tỉnh Thanh Hóa,6466,Huyện Triệu Sơn,1775938,Xã Đồng Tiến,42,Tỉnh Thanh Hóa,29226,Xã Đồng Tiến
66,Tỉnh Thanh Hóa,6466,Huyện Triệu Sơn,1841474,Xã Hợp Lý,42,Tỉnh Thanh Hóa,28458,Xã Hợp Tiến
66,Tỉnh Thanh Hóa,6466,Huyện Triệu Sơn,1907010,Xã Hợp Thắng,42,Tỉnh Thanh Hóa,28458,Xã Hợp Tiến
66,Tỉnh Thanh Hóa,6466,Huyện Triệu Sơn,1972546,Xã Hợp Thành,42,Tỉnh Thanh Hóa,28458,Xã Hợp Tiến
66,Tỉnh Thanh Hóa,6466,Huyện Triệu Sơn,2038082,Xã Hợp Tiến,42,Tỉnh Thanh Hóa,28458,Xã Hợp Tiến
66,Tỉnh Thanh Hóa,6466,Huyện Triệu Sơn,2103618,Xã Minh Sơn,42,Tỉnh Thanh Hóa,27690,Xã Triệu Sơn
66,Tỉnh Thanh Hóa,6466,Huyện Triệu Sơn,2169154,Xã Nông Trường,42,Tỉnh Thanh Hóa,28714,Xã An Nông
66,Tỉnh Thanh Hóa,6466,Huyện Triệu Sơn,2234690,Thị Trấn Nưa,42,Tỉnh Thanh Hóa,28970,Xã Tân Ninh
66,Tỉnh Thanh Hóa,6722,Huyện Vĩnh Lộc,72258,Xã Vĩnh Hưng,42,Tỉnh Thanh Hóa,26922,Xã Vĩnh Lộc
66,Tỉnh Thanh Hóa,6722,Huyện Vĩnh Lộc,137794,Xã Vĩnh An,42,Tỉnh Thanh Hóa,27434,Xã Biện Thượng
66,Tỉnh Thanh Hóa,6722,Huyện Vĩnh Lộc,203330,Xã Ninh Khang,42,Tỉnh Thanh Hóa,26922,Xã Vĩnh Lộc
66,Tỉnh Thanh Hóa,6722,Huyện Vĩnh Lộc,268866,Xã Vĩnh Long,42,Tỉnh Thanh Hóa,27178,Xã Tây Đô
66,Tỉnh Thanh Hóa,6722,Huyện Vĩnh Lộc,334402,Xã Minh Tân,42,Tỉnh Thanh Hóa,27434,Xã Biện Thượng
66,Tỉnh Thanh Hóa,6722,Huyện Vĩnh Lộc,399938,Thị Trấn Vĩnh Lộc,42,Tỉnh Thanh Hóa,26922,Xã Vĩnh Lộc
66,Tỉnh Thanh Hóa,6722,Huyện Vĩnh Lộc,465474,Xã Vĩnh Hòa,42,Tỉnh Thanh Hóa,26922,Xã Vĩnh Lộc
66,Tỉnh Thanh Hóa,6722,Huyện Vĩnh Lộc,531010,Xã Vĩnh Hùng,42,Tỉnh Thanh Hóa,27434,Xã Biện Thượng
66,Tỉnh Thanh Hóa,6722,Huyện Vĩnh Lộc,596546,Xã Vĩnh Phúc,42,Tỉnh Thanh Hóa,26922,Xã Vĩnh Lộc
66,Tỉnh Thanh Hóa,6722,Huyện Vĩnh Lộc,662082,Xã Vĩnh Quang,42,Tỉnh Thanh Hóa,27178,Xã Tây Đô
66,Tỉnh Thanh Hóa,6722,Huyện Vĩnh Lộc,727618,Xã Vĩnh Thịnh,42,Tỉnh Thanh Hóa,27434,Xã Biện Thượng
66,Tỉnh Thanh Hóa,6722,Huyện Vĩnh Lộc,793154,Xã Vĩnh Tiến,42,Tỉnh Thanh Hóa,27178,Xã Tây Đô
66,Tỉnh Thanh Hóa,6722,Huyện Vĩnh Lộc,858690,Xã Vĩnh Yên,42,Tỉnh Thanh Hóa,27178,Xã Tây Đô
66,Tỉnh Thanh Hóa,6978,Huyện Yên Định,72514,Thị Trấn Quán Lào,42,Tỉnh Thanh Hóa,23338,Xã Yên Định
66,Tỉnh Thanh Hóa,6978,Huyện Yên Định,138050,Thị Trấn Thống Nhất,42,Tỉnh Thanh Hóa,23850,Xã Yên Phú
66,Tỉnh Thanh Hóa,6978,Huyện Yên Định,203586,Xã Yên Phú,42,Tỉnh Thanh Hóa,23850,Xã Yên Phú
66,Tỉnh Thanh Hóa,6978,Huyện Yên Định,269122,Xã Định Bình,42,Tỉnh Thanh Hóa,8490,Xã Định Hòa
66,Tỉnh Thanh Hóa,6978,Huyện Yên Định,334658,Xã Định Công,42,Tỉnh Thanh Hóa,8490,Xã Định Hòa
66,Tỉnh Thanh Hóa,6978,Huyện Yên Định,400194,Xã Định Hải,42,Tỉnh Thanh Hóa,24618,Xã Định Tân
66,Tỉnh Thanh Hóa,6978,Huyện Yên Định,465730,Xã Định Hòa,42,Tỉnh Thanh Hóa,8490,Xã Định Hòa
66,Tỉnh Thanh Hóa,6978,Huyện Yên Định,531266,Xã Định Hưng,42,Tỉnh Thanh Hóa,24618,Xã Định Tân
66,Tỉnh Thanh Hóa,6978,Huyện Yên Định,596802,Xã Định Liên,42,Tỉnh Thanh Hóa,23338,Xã Yên Định
66,Tỉnh Thanh Hóa,6978,Huyện Yên Định,662338,Xã Định Long,42,Tỉnh Thanh Hóa,23338,Xã Yên Định
66,Tỉnh Thanh Hóa,6978,Huyện Yên Định,727874,Xã Định Tân,42,Tỉnh Thanh Hóa,24618,Xã Định Tân
66,Tỉnh Thanh Hóa,6978,Huyện Yên Định,793410,Xã Định Tăng,42,Tỉnh Thanh Hóa,23338,Xã Yên Định
66,Tỉnh Thanh Hóa,6978,Huyện Yên Định,858946,Xã Định Thành,42,Tỉnh Thanh Hóa,8490,Xã Định Hòa
66,Tỉnh Thanh Hóa,6978,Huyện Yên Định,924482,Xã Định Tiến,42,Tỉnh Thanh Hóa,24618,Xã Định Tân
66,Tỉnh Thanh Hóa,6978,Huyện Yên Định,990018,Thị Trấn Quý Lộc,42,Tỉnh Thanh Hóa,24106,Xã Quý Lộc
66,Tỉnh Thanh Hóa,6978,Huyện Yên Định,1055554,Xã Yên Hùng,42,Tỉnh Thanh Hóa,24362,Xã Yên Ninh
66,Tỉnh Thanh Hóa,6978,Huyện Yên Định,1186626,Thị Trấn Yên Lâm,42,Tỉnh Thanh Hóa,24106,Xã Quý Lộc
66,Tỉnh Thanh Hóa,6978,Huyện Yên Định,1252162,Xã Yên Ninh,42,Tỉnh Thanh Hóa,24362,Xã Yên Ninh
66,Tỉnh Thanh Hóa,6978,Huyện Yên Định,1317698,Xã Yên Phong,42,Tỉnh Thanh Hóa,23594,Xã Yên Trường
66,Tỉnh Thanh Hóa,6978,Huyện Yên Định,1383234,Xã Yên Tâm,42,Tỉnh Thanh Hóa,23850,Xã Yên Phú
66,Tỉnh Thanh Hóa,6978,Huyện Yên Định,1448770,Xã Yên Thái,42,Tỉnh Thanh Hóa,23594,Xã Yên Trường
66,Tỉnh Thanh Hóa,6978,Huyện Yên Định,1514306,Xã Yên Thịnh,42,Tỉnh Thanh Hóa,24362,Xã Yên Ninh
66,Tỉnh Thanh Hóa,6978,Huyện Yên Định,1579842,Xã Yên Thọ,42,Tỉnh Thanh Hóa,24106,Xã Quý Lộc
66,Tỉnh Thanh Hóa,6978,Huyện Yên Định,1645378,Xã Yên Trung,42,Tỉnh Thanh Hóa,23594,Xã Yên Trường
66,Tỉnh Thanh Hóa,6978,Huyện Yên Định,1710914,Xã Yên Trường,42,Tỉnh Thanh Hóa,23594,Xã Yên Trường
67,Thành Phố Huế,323,Quận Thuận Hóa,65859,Phường An Đông,16,Thành Phố Huế,5136,Phường An Cựu
67,Thành Phố Huế,323,Quận Thuận Hóa,196931,Phường An Tây,16,Thành Phố Huế,5136,Phường An Cựu
67,Thành Phố Huế,323,Quận Thuận Hóa,262467,Phường Phường Đúc,16,Thành Phố Huế,4880,Phường Thuận Hóa
67,Thành Phố Huế,323,Quận Thuận Hóa,786755,Phường Phú Hội,16,Thành Phố Huế,4880,Phường Thuận Hóa
67,Thành Phố Huế,323,Quận Thuận Hóa,852291,Phường Phú Nhuận,16,Thành Phố Huế,4880,Phường Thuận Hóa
67,Thành Phố Huế,323,Quận Thuận Hóa,983363,Phường Phước Vĩnh,16,Thành Phố Huế,4880,Phường Thuận Hóa
67,Thành Phố Huế,323,Quận Thuận Hóa,1048899,Phường Thủy Xuân,16,Thành Phố Huế,5392,Phường Thủy Xuân
67,Thành Phố Huế,323,Quận Thuận Hóa,1179971,Phường Thủy Biều,16,Thành Phố Huế,5392,Phường Thủy Xuân
67,Thành Phố Huế,323,Quận Thuận Hóa,1442115,Phường Trường An,16,Thành Phố Huế,4880,Phường Thuận Hóa
67,Thành Phố Huế,323,Quận Thuận Hóa,1507651,Phường Vỹ Dạ,16,Thành Phố Huế,4624,Phường Vỹ Dạ
67,Thành Phố Huế,323,Quận Thuận Hóa,1573187,Phường Vĩnh Ninh,16,Thành Phố Huế,4880,Phường Thuận Hóa
67,Thành Phố Huế,323,Quận Thuận Hóa,1638723,Phường Xuân Phú,16,Thành Phố Huế,4624,Phường Vỹ Dạ
67,Thành Phố Huế,323,Quận Thuận Hóa,1769795,Phường An Cựu,16,Thành Phố Huế,5136,Phường An Cựu
67,Thành Phố Huế,323,Quận Thuận Hóa,1835331,Phường Dương Nỗ,16,Thành Phố Huế,272,Phường Dương Nỗ
67,Thành Phố Huế,323,Quận Thuận Hóa,2031939,Phường Phú Thượng,16,Thành Phố Huế,4368,Phường Mỹ Thượng
67,Thành Phố Huế,323,Quận Thuận Hóa,2097475,Phường Thủy Bằng,16,Thành Phố Huế,5392,Phường Thủy Xuân
67,Thành Phố Huế,323,Quận Thuận Hóa,2163011,Phường Thủy Vân,16,Thành Phố Huế,4624,Phường Vỹ Dạ
67,Thành Phố Huế,323,Quận Thuận Hóa,2425155,Phường Hương Phong,16,Thành Phố Huế,4112,Phường Hóa Châu
67,Thành Phố Huế,323,Quận Thuận Hóa,2621763,Phường Thuận An,16,Thành Phố Huế,3856,Phường Thuận An
67,Thành Phố Huế,579,Huyện A Lưới,66115,Xã Hồng Thủy,16,Thành Phố Huế,9232,Xã A Lưới 1
67,Thành Phố Huế,579,Huyện A Lưới,131651,Thị Trấn A Lưới,16,Thành Phố Huế,9488,Xã A Lưới 2
67,Thành Phố Huế,579,Huyện A Lưới,197187,Xã A Ngo,16,Thành Phố Huế,9488,Xã A Lưới 2
67,Thành Phố Huế,579,Huyện A Lưới,262723,Xã A Roàng,16,Thành Phố Huế,10000,Xã A Lưới 4
67,Thành Phố Huế,579,Huyện A Lưới,328259,Xã Đông Sơn,16,Thành Phố Huế,10000,Xã A Lưới 4
67,Thành Phố Huế,579,Huyện A Lưới,393795,Xã Hồng Bắc,16,Thành Phố Huế,9488,Xã A Lưới 2
67,Thành Phố Huế,579,Huyện A Lưới,459331,Xã Hồng Hạ,16,Thành Phố Huế,10256,Xã A Lưới 5
67,Thành Phố Huế,579,Huyện A Lưới,524867,Xã Hồng Kim,16,Thành Phố Huế,9232,Xã A Lưới 1
67,Thành Phố Huế,579,Huyện A Lưới,590403,Xã Hồng Thái,16,Thành Phố Huế,9744,Xã A Lưới 3
67,Thành Phố Huế,579,Huyện A Lưới,655939,Xã Hồng Thượng,16,Thành Phố Huế,9744,Xã A Lưới 3
67,Thành Phố Huế,579,Huyện A Lưới,721475,Xã Hồng Vân,16,Thành Phố Huế,9232,Xã A Lưới 1
67,Thành Phố Huế,579,Huyện A Lưới,787011,Xã Hương Nguyên,16,Thành Phố Huế,10256,Xã A Lưới 5
67,Thành Phố Huế,579,Huyện A Lưới,852547,Xã Hương Phong,16,Thành Phố Huế,10000,Xã A Lưới 4
67,Thành Phố Huế,579,Huyện A Lưới,918083,Xã Phú Vinh,16,Thành Phố Huế,9744,Xã A Lưới 3
67,Thành Phố Huế,579,Huyện A Lưới,983619,Xã Sơn Thủy,16,Thành Phố Huế,9744,Xã A Lưới 3
67,Thành Phố Huế,579,Huyện A Lưới,1049155,Xã Lâm Đớt,16,Thành Phố Huế,10000,Xã A Lưới 4
67,Thành Phố Huế,579,Huyện A Lưới,1114691,Xã Trung Sơn,16,Thành Phố Huế,9232,Xã A Lưới 1
67,Thành Phố Huế,579,Huyện A Lưới,1180227,Xã Quảng Nhâm,16,Thành Phố Huế,9488,Xã A Lưới 2
67,Thành Phố Huế,835,Thị Xã Hương Thủy,66371,Phường Thủy Dương,16,Thành Phố Huế,6416,Phường Thanh Thủy
67,Thành Phố Huế,835,Thị Xã Hương Thủy,131907,Phường Thủy Lương,16,Thành Phố Huế,6672,Phường Hương Thủy
67,Thành Phố Huế,835,Thị Xã Hương Thủy,197443,Phường Phú Bài,16,Thành Phố Huế,6928,Phường Phú Bài
67,Thành Phố Huế,835,Thị Xã Hương Thủy,262979,Phường Thủy Châu,16,Thành Phố Huế,6672,Phường Hương Thủy
67,Thành Phố Huế,835,Thị Xã Hương Thủy,328515,Phường Thủy Phương,16,Thành Phố Huế,6416,Phường Thanh Thủy
67,Thành Phố Huế,835,Thị Xã Hương Thủy,394051,Xã Dương Hòa,16,Thành Phố Huế,6928,Phường Phú Bài
67,Thành Phố Huế,835,Thị Xã Hương Thủy,459587,Xã Phú Sơn,16,Thành Phố Huế,6928,Phường Phú Bài
67,Thành Phố Huế,835,Thị Xã Hương Thủy,590659,Xã Thủy Phù,16,Thành Phố Huế,6928,Phường Phú Bài
67,Thành Phố Huế,835,Thị Xã Hương Thủy,656195,Xã Thủy Tân,16,Thành Phố Huế,6672,Phường Hương Thủy
67,Thành Phố Huế,835,Thị Xã Hương Thủy,721731,Xã Thủy Thanh,16,Thành Phố Huế,6416,Phường Thanh Thủy
67,Thành Phố Huế,1091,Thị Xã Hương Trà,132163,Phường Hương Chữ,16,Thành Phố Huế,2576,Phường Kim Trà
67,Thành Phố Huế,1091,Thị Xã Hương Trà,263235,Phường Hương Vân,16,Thành Phố Huế,2320,Phường Hương Trà
67,Thành Phố Huế,1091,Thị Xã Hương Trà,328771,Phường Hương Văn,16,Thành Phố Huế,2320,Phường Hương Trà
67,Thành Phố Huế,1091,Thị Xã Hương Trà,394307,Phường Hương Xuân,16,Thành Phố Huế,2576,Phường Kim Trà
67,Thành Phố Huế,1091,Thị Xã Hương Trà,459843,Phường Tứ Hạ,16,Thành Phố Huế,2320,Phường Hương Trà
67,Thành Phố Huế,1091,Thị Xã Hương Trà,525379,Xã Bình Thành,16,Thành Phố Huế,2832,Xã Bình Điền
67,Thành Phố Huế,1091,Thị Xã Hương Trà,656451,Xã Hương Bình,16,Thành Phố Huế,2832,Xã Bình Điền
67,Thành Phố Huế,1091,Thị Xã Hương Trà,853059,Xã Hương Toàn,16,Thành Phố Huế,2576,Phường Kim Trà
67,Thành Phố Huế,1091,Thị Xã Hương Trà,984131,Xã Bình Tiến,16,Thành Phố Huế,2832,Xã Bình Điền
67,Thành Phố Huế,1603,Thị Xã Phong Điền,67139,Phường Phong Hiền,16,Thành Phố Huế,784,Phường Phong Thái
67,Thành Phố Huế,1603,Thị Xã Phong Điền,132675,Phường Phong Hòa,16,Thành Phố Huế,1040,Phường Phong Dinh
67,Thành Phố Huế,1603,Thị Xã Phong Điền,198211,Phường Phong An,16,Thành Phố Huế,784,Phường Phong Thái
67,Thành Phố Huế,1603,Thị Xã Phong Điền,263747,Phường Phong Thu,16,Thành Phố Huế,528,Phường Phong Điền
67,Thành Phố Huế,1603,Thị Xã Phong Điền,525891,Phường Phong Phú,16,Thành Phố Huế,1296,Phường Phong Phú
67,Thành Phố Huế,1603,Thị Xã Phong Điền,591427,Xã Phong Thạnh,16,Thành Phố Huế,1296,Phường Phong Phú
67,Thành Phố Huế,1603,Thị Xã Phong Điền,656963,Xã Phong Bình,16,Thành Phố Huế,1040,Phường Phong Dinh
67,Thành Phố Huế,1603,Thị Xã Phong Điền,722499,Xã Phong Chương,16,Thành Phố Huế,1040,Phường Phong Dinh
67,Thành Phố Huế,1603,Thị Xã Phong Điền,788035,Phường Phong Hải,16,Thành Phố Huế,1552,Phường Phong Quảng
67,Thành Phố Huế,1603,Thị Xã Phong Điền,853571,Xã Phong Mỹ,16,Thành Phố Huế,528,Phường Phong Điền
67,Thành Phố Huế,1603,Thị Xã Phong Điền,919107,Xã Phong Sơn,16,Thành Phố Huế,784,Phường Phong Thái
67,Thành Phố Huế,1603,Thị Xã Phong Điền,1050179,Xã Phong Xuân,16,Thành Phố Huế,528,Phường Phong Điền
67,Thành Phố Huế,1859,Huyện Phú Lộc,67395,Xã Lộc Vĩnh,16,Thành Phố Huế,8208,Xã Chân Mây-Lăng Cô
67,Thành Phố Huế,1859,Huyện Phú Lộc,132931,Thị Trấn Phú Lộc,16,Thành Phố Huế,7952,Xã Phú Lộc
67,Thành Phố Huế,1859,Huyện Phú Lộc,198467,Xã Lộc An,16,Thành Phố Huế,7696,Xã Lộc An
67,Thành Phố Huế,1859,Huyện Phú Lộc,264003,Xã Lộc Bình,16,Thành Phố Huế,7952,Xã Phú Lộc
67,Thành Phố Huế,1859,Huyện Phú Lộc,329539,Xã Lộc Bổn,16,Thành Phố Huế,7440,Xã Hưng Lộc
67,Thành Phố Huế,1859,Huyện Phú Lộc,395075,Xã Lộc Điền,16,Thành Phố Huế,7696,Xã Lộc An
67,Thành Phố Huế,1859,Huyện Phú Lộc,460611,Xã Lộc Hòa,16,Thành Phố Huế,7696,Xã Lộc An
67,Thành Phố Huế,1859,Huyện Phú Lộc,526147,Thị Trấn Lộc Sơn,16,Thành Phố Huế,7440,Xã Hưng Lộc
67,Thành Phố Huế,1859,Huyện Phú Lộc,591683,Xã Lộc Thủy,16,Thành Phố Huế,8208,Xã Chân Mây-Lăng Cô
67,Thành Phố Huế,1859,Huyện Phú Lộc,657219,Xã Lộc Tiến,16,Thành Phố Huế,8208,Xã Chân Mây-Lăng Cô
67,Thành Phố Huế,1859,Huyện Phú Lộc,722755,Xã Lộc Trì,16,Thành Phố Huế,7952,Xã Phú Lộc
67,Thành Phố Huế,1859,Huyện Phú Lộc,788291,Xã Vinh Hiền,16,Thành Phố Huế,7184,Xã Vinh Lộc
67,Thành Phố Huế,1859,Huyện Phú Lộc,853827,Xã Vinh Hưng,16,Thành Phố Huế,7184,Xã Vinh Lộc
67,Thành Phố Huế,1859,Huyện Phú Lộc,919363,Xã Vinh Mỹ,16,Thành Phố Huế,7184,Xã Vinh Lộc
67,Thành Phố Huế,1859,Huyện Phú Lộc,984899,Xã Xuân Lộc,16,Thành Phố Huế,7440,Xã Hưng Lộc
67,Thành Phố Huế,1859,Huyện Phú Lộc,1050435,Thị Trấn Lăng Cô,16,Thành Phố Huế,8208,Xã Chân Mây-Lăng Cô
67,Thành Phố Huế,1859,Huyện Phú Lộc,1115971,Xã Giang Hải,16,Thành Phố Huế,7184,Xã Vinh Lộc
67,Thành Phố Huế,1859,Huyện Phú Lộc,1181507,Thị Trấn Khe Tre,16,Thành Phố Huế,8976,Xã Khe Tre
67,Thành Phố Huế,1859,Huyện Phú Lộc,1247043,Xã Hương Hữu,16,Thành Phố Huế,8464,Xã Long Quảng
67,Thành Phố Huế,1859,Huyện Phú Lộc,1312579,Xã Hương Lộc,16,Thành Phố Huế,8976,Xã Khe Tre
67,Thành Phố Huế,1859,Huyện Phú Lộc,1378115,Xã Hương Phú,16,Thành Phố Huế,8976,Xã Khe Tre
67,Thành Phố Huế,1859,Huyện Phú Lộc,1443651,Xã Hương Sơn,16,Thành Phố Huế,8720,Xã Nam Đông
67,Thành Phố Huế,1859,Huyện Phú Lộc,1509187,Xã Thượng Lộ,16,Thành Phố Huế,8976,Xã Khe Tre
67,Thành Phố Huế,1859,Huyện Phú Lộc,1574723,Xã Thượng Long,16,Thành Phố Huế,8464,Xã Long Quảng
67,Thành Phố Huế,1859,Huyện Phú Lộc,1640259,Xã Thượng Nhật,16,Thành Phố Huế,8720,Xã Nam Đông
67,Thành Phố Huế,1859,Huyện Phú Lộc,1705795,Xã Thượng Quảng,16,Thành Phố Huế,8464,Xã Long Quảng
67,Thành Phố Huế,1859,Huyện Phú Lộc,1771331,Xã Hương Xuân,16,Thành Phố Huế,8720,Xã Nam Đông
67,Thành Phố Huế,2115,Huyện Phú Vang,67651,Xã Phú An,16,Thành Phố Huế,4368,Phường Mỹ Thượng
67,Thành Phố Huế,2115,Huyện Phú Vang,133187,Thị Trấn Phú Đa,16,Thành Phố Huế,6160,Xã Phú Vang
67,Thành Phố Huế,2115,Huyện Phú Vang,198723,Xã Phú Diên,16,Thành Phố Huế,5648,Xã Phú Vinh
67,Thành Phố Huế,2115,Huyện Phú Vang,329795,Xã Phú Hải,16,Thành Phố Huế,3856,Phường Thuận An
67,Thành Phố Huế,2115,Huyện Phú Vang,395331,Xã Phú Hồ,16,Thành Phố Huế,5904,Xã Phú Hồ
67,Thành Phố Huế,2115,Huyện Phú Vang,460867,Xã Phú Lương,16,Thành Phố Huế,5904,Xã Phú Hồ
67,Thành Phố Huế,2115,Huyện Phú Vang,591939,Xã Phú Mỹ,16,Thành Phố Huế,4368,Phường Mỹ Thượng
67,Thành Phố Huế,2115,Huyện Phú Vang,657475,Xã Phú Xuân,16,Thành Phố Huế,5904,Xã Phú Hồ
67,Thành Phố Huế,2115,Huyện Phú Vang,788547,Xã Phú Thuận,16,Thành Phố Huế,3856,Phường Thuận An
67,Thành Phố Huế,2115,Huyện Phú Vang,919619,Xã Vinh An,16,Thành Phố Huế,5648,Xã Phú Vinh
67,Thành Phố Huế,2115,Huyện Phú Vang,985155,Xã Vinh Hà,16,Thành Phố Huế,6160,Xã Phú Vang
67,Thành Phố Huế,2115,Huyện Phú Vang,1050691,Xã Vinh Thanh,16,Thành Phố Huế,5648,Xã Phú Vinh
67,Thành Phố Huế,2115,Huyện Phú Vang,1116227,Xã Vinh Xuân,16,Thành Phố Huế,5648,Xã Phú Vinh
67,Thành Phố Huế,2115,Huyện Phú Vang,1247299,Xã Phú Gia,16,Thành Phố Huế,6160,Xã Phú Vang
67,Thành Phố Huế,2371,Huyện Quảng Điền,67907,Xã Quảng Lợi,16,Thành Phố Huế,1808,Xã Đan Điền
67,Thành Phố Huế,2371,Huyện Quảng Điền,133443,Xã Quảng Ngạn,16,Thành Phố Huế,1552,Phường Phong Quảng
67,Thành Phố Huế,2371,Huyện Quảng Điền,198979,Xã Quảng Phú,16,Thành Phố Huế,1808,Xã Đan Điền
67,Thành Phố Huế,2371,Huyện Quảng Điền,264515,Xã Quảng Phước,16,Thành Phố Huế,2064,Xã Quảng Điền
67,Thành Phố Huế,2371,Huyện Quảng Điền,330051,Xã Quảng Thái,16,Thành Phố Huế,1808,Xã Đan Điền
67,Thành Phố Huế,2371,Huyện Quảng Điền,395587,Xã Quảng Thành,16,Thành Phố Huế,4112,Phường Hóa Châu
67,Thành Phố Huế,2371,Huyện Quảng Điền,461123,Xã Quảng Thọ,16,Thành Phố Huế,2064,Xã Quảng Điền
67,Thành Phố Huế,2371,Huyện Quảng Điền,526659,Xã Quảng Vinh,16,Thành Phố Huế,1808,Xã Đan Điền
67,Thành Phố Huế,2371,Huyện Quảng Điền,592195,Thị Trấn Sịa,16,Thành Phố Huế,2064,Xã Quảng Điền
67,Thành Phố Huế,2371,Huyện Quảng Điền,657731,Xã Quảng An,16,Thành Phố Huế,2064,Xã Quảng Điền
67,Thành Phố Huế,2371,Huyện Quảng Điền,723267,Xã Quảng Công,16,Thành Phố Huế,1552,Phường Phong Quảng
67,Thành Phố Huế,2627,Quận Phú Xuân,68163,Phường An Hòa,16,Thành Phố Huế,3344,Phường Hương An
67,Thành Phố Huế,2627,Quận Phú Xuân,133699,Phường Hương Long,16,Thành Phố Huế,3088,Phường Kim Long
67,Thành Phố Huế,2627,Quận Phú Xuân,199235,Phường Hương Sơ,16,Thành Phố Huế,3344,Phường Hương An
67,Thành Phố Huế,2627,Quận Phú Xuân,264771,Phường Kim Long,16,Thành Phố Huế,3088,Phường Kim Long
67,Thành Phố Huế,2627,Quận Phú Xuân,330307,Phường Phú Hậu,16,Thành Phố Huế,3600,Phường Phú Xuân
67,Thành Phố Huế,2627,Quận Phú Xuân,395843,Phường Gia Hội,16,Thành Phố Huế,3600,Phường Phú Xuân
67,Thành Phố Huế,2627,Quận Phú Xuân,461379,Phường Tây Lộc,16,Thành Phố Huế,3600,Phường Phú Xuân
67,Thành Phố Huế,2627,Quận Phú Xuân,526915,Phường Thuận Hòa,16,Thành Phố Huế,3600,Phường Phú Xuân
67,Thành Phố Huế,2627,Quận Phú Xuân,592451,Phường Thuận Lộc,16,Thành Phố Huế,3600,Phường Phú Xuân
67,Thành Phố Huế,2627,Quận Phú Xuân,657987,Phường Hương An,16,Thành Phố Huế,3344,Phường Hương An
67,Thành Phố Huế,2627,Quận Phú Xuân,723523,Phường Long Hồ,16,Thành Phố Huế,3088,Phường Kim Long
67,Thành Phố Huế,2627,Quận Phú Xuân,789059,Phường Hương Vinh,16,Thành Phố Huế,4112,Phường Hóa Châu
67,Thành Phố Huế,2627,Quận Phú Xuân,854595,Phường Đông Ba,16,Thành Phố Huế,3600,Phường Phú Xuân
68,Tỉnh Tiền Giang,324,Thành Phố Mỹ Tho,65860,Phường Tân Long,24,Tỉnh Đồng Tháp,19480,Phường Mỹ Tho
68,Tỉnh Tiền Giang,324,Thành Phố Mỹ Tho,131396,Xã Tân Mỹ Chánh,24,Tỉnh Đồng Tháp,19992,Phường Mỹ Phong
68,Tỉnh Tiền Giang,324,Thành Phố Mỹ Tho,196932,Xã Thới Sơn,24,Tỉnh Đồng Tháp,20248,Phường Thới Sơn
68,Tỉnh Tiền Giang,324,Thành Phố Mỹ Tho,262468,Phường 1,24,Tỉnh Đồng Tháp,19480,Phường Mỹ Tho
68,Tỉnh Tiền Giang,324,Thành Phố Mỹ Tho,328004,Phường 10,24,Tỉnh Đồng Tháp,20504,Phường Trung An
68,Tỉnh Tiền Giang,324,Thành Phố Mỹ Tho,393540,Phường 9,24,Tỉnh Đồng Tháp,19992,Phường Mỹ Phong
68,Tỉnh Tiền Giang,324,Thành Phố Mỹ Tho,459076,Xã Đạo Thạnh,24,Tỉnh Đồng Tháp,19736,Phường Đạo Thạnh
68,Tỉnh Tiền Giang,324,Thành Phố Mỹ Tho,524612,Phường 2,24,Tỉnh Đồng Tháp,19480,Phường Mỹ Tho
68,Tỉnh Tiền Giang,324,Thành Phố Mỹ Tho,655684,Phường 4,24,Tỉnh Đồng Tháp,19736,Phường Đạo Thạnh
68,Tỉnh Tiền Giang,324,Thành Phố Mỹ Tho,721220,Phường 5,24,Tỉnh Đồng Tháp,19736,Phường Đạo Thạnh
68,Tỉnh Tiền Giang,324,Thành Phố Mỹ Tho,786756,Phường 6,24,Tỉnh Đồng Tháp,20248,Phường Thới Sơn
68,Tỉnh Tiền Giang,324,Thành Phố Mỹ Tho,983364,Xã Mỹ Phong,24,Tỉnh Đồng Tháp,19992,Phường Mỹ Phong
68,Tỉnh Tiền Giang,324,Thành Phố Mỹ Tho,1048900,Xã Phước Thạnh,24,Tỉnh Đồng Tháp,20504,Phường Trung An
68,Tỉnh Tiền Giang,324,Thành Phố Mỹ Tho,1114436,Xã Trung An,24,Tỉnh Đồng Tháp,20504,Phường Trung An
68,Tỉnh Tiền Giang,580,Thành Phố Gò Công,66116,Phường Long Thuận,24,Tỉnh Đồng Tháp,25112,Phường Long Thuận
68,Tỉnh Tiền Giang,580,Thành Phố Gò Công,131652,Xã Tân Trung,24,Tỉnh Đồng Tháp,25624,Phường Sơn Qui
68,Tỉnh Tiền Giang,580,Thành Phố Gò Công,328260,Phường 5,24,Tỉnh Đồng Tháp,24856,Phường Gò Công
68,Tỉnh Tiền Giang,580,Thành Phố Gò Công,393796,Phường Long Chánh,24,Tỉnh Đồng Tháp,25368,Phường Bình Xuân
68,Tỉnh Tiền Giang,580,Thành Phố Gò Công,459332,Phường Long Hòa,24,Tỉnh Đồng Tháp,24856,Phường Gò Công
68,Tỉnh Tiền Giang,580,Thành Phố Gò Công,524868,Phường Long Hưng,24,Tỉnh Đồng Tháp,25624,Phường Sơn Qui
68,Tỉnh Tiền Giang,580,Thành Phố Gò Công,590404,Xã Bình Đông,24,Tỉnh Đồng Tháp,25624,Phường Sơn Qui
68,Tỉnh Tiền Giang,580,Thành Phố Gò Công,655940,Xã Bình Xuân,24,Tỉnh Đồng Tháp,25368,Phường Bình Xuân
68,Tỉnh Tiền Giang,580,Thành Phố Gò Công,721476,Phường 1,24,Tỉnh Đồng Tháp,24856,Phường Gò Công
68,Tỉnh Tiền Giang,580,Thành Phố Gò Công,787012,Phường 2,24,Tỉnh Đồng Tháp,25112,Phường Long Thuận
68,Tỉnh Tiền Giang,836,Thị Xã Cai Lậy,66372,Xã Phú Quý,24,Tỉnh Đồng Tháp,16152,Phường Nhị Quý
68,Tỉnh Tiền Giang,836,Thị Xã Cai Lậy,131908,Xã Thanh Hòa,24,Tỉnh Đồng Tháp,15640,Phường Thanh Hòa
68,Tỉnh Tiền Giang,836,Thị Xã Cai Lậy,197444,Phường 1,24,Tỉnh Đồng Tháp,15384,Phường Mỹ Phước Tây
68,Tỉnh Tiền Giang,836,Thị Xã Cai Lậy,262980,Xã Long Khánh,24,Tỉnh Đồng Tháp,15896,Phường Cai Lậy
68,Tỉnh Tiền Giang,836,Thị Xã Cai Lậy,328516,Xã Mỹ Hạnh Đông,24,Tỉnh Đồng Tháp,16408,Xã Tân Phú
68,Tỉnh Tiền Giang,836,Thị Xã Cai Lậy,394052,Xã Mỹ Hạnh Trung,24,Tỉnh Đồng Tháp,15384,Phường Mỹ Phước Tây
68,Tỉnh Tiền Giang,836,Thị Xã Cai Lậy,459588,Xã Mỹ Phước Tây,24,Tỉnh Đồng Tháp,15384,Phường Mỹ Phước Tây
68,Tỉnh Tiền Giang,836,Thị Xã Cai Lậy,525124,Phường Nhị Mỹ,24,Tỉnh Đồng Tháp,16152,Phường Nhị Quý
68,Tỉnh Tiền Giang,836,Thị Xã Cai Lậy,590660,Xã Nhị Quý,24,Tỉnh Đồng Tháp,16152,Phường Nhị Quý
68,Tỉnh Tiền Giang,836,Thị Xã Cai Lậy,656196,Xã Tân Bình,24,Tỉnh Đồng Tháp,15640,Phường Thanh Hòa
68,Tỉnh Tiền Giang,836,Thị Xã Cai Lậy,721732,Xã Tân Hội,24,Tỉnh Đồng Tháp,16408,Xã Tân Phú
68,Tỉnh Tiền Giang,836,Thị Xã Cai Lậy,787268,Xã Tân Phú,24,Tỉnh Đồng Tháp,16408,Xã Tân Phú
68,Tỉnh Tiền Giang,836,Thị Xã Cai Lậy,852804,Phường 5,24,Tỉnh Đồng Tháp,15896,Phường Cai Lậy
68,Tỉnh Tiền Giang,836,Thị Xã Cai Lậy,918340,Phường 2,24,Tỉnh Đồng Tháp,15640,Phường Thanh Hòa
68,Tỉnh Tiền Giang,836,Thị Xã Cai Lậy,983876,Phường 3,24,Tỉnh Đồng Tháp,15384,Phường Mỹ Phước Tây
68,Tỉnh Tiền Giang,836,Thị Xã Cai Lậy,1049412,Phường 4,24,Tỉnh Đồng Tháp,15896,Phường Cai Lậy
68,Tỉnh Tiền Giang,1092,Huyện Cái Bè,66628,Xã Mỹ Lương,24,Tỉnh Đồng Tháp,12056,Xã An Hữu
68,Tỉnh Tiền Giang,1092,Huyện Cái Bè,132164,Xã Mỹ Tân,24,Tỉnh Đồng Tháp,12824,Xã Mỹ Thiện
68,Tỉnh Tiền Giang,1092,Huyện Cái Bè,197700,Thị Trấn Cái Bè,24,Tỉnh Đồng Tháp,13592,Xã Cái Bè
68,Tỉnh Tiền Giang,1092,Huyện Cái Bè,263236,Xã An Cư,24,Tỉnh Đồng Tháp,13336,Xã Hội Cư
68,Tỉnh Tiền Giang,1092,Huyện Cái Bè,328772,Xã An Hữu,24,Tỉnh Đồng Tháp,12056,Xã An Hữu
68,Tỉnh Tiền Giang,1092,Huyện Cái Bè,394308,Xã Mỹ Đức Đông,24,Tỉnh Đồng Tháp,12568,Xã Mỹ Đức Tây
68,Tỉnh Tiền Giang,1092,Huyện Cái Bè,459844,Xã Mỹ Đức Tây,24,Tỉnh Đồng Tháp,12568,Xã Mỹ Đức Tây
68,Tỉnh Tiền Giang,1092,Huyện Cái Bè,525380,Xã Mỹ Hội,24,Tỉnh Đồng Tháp,13336,Xã Hội Cư
68,Tỉnh Tiền Giang,1092,Huyện Cái Bè,590916,Xã An Thái Đông,24,Tỉnh Đồng Tháp,12312,Xã Mỹ Lợi
68,Tỉnh Tiền Giang,1092,Huyện Cái Bè,656452,Xã An Thái Trung,24,Tỉnh Đồng Tháp,11800,Xã Thanh Hưng
68,Tỉnh Tiền Giang,1092,Huyện Cái Bè,721988,Xã Đông Hòa Hiệp,24,Tỉnh Đồng Tháp,13592,Xã Cái Bè
68,Tỉnh Tiền Giang,1092,Huyện Cái Bè,787524,Xã Hậu Mỹ Bắc A,24,Tỉnh Đồng Tháp,13080,Xã Hậu Mỹ
68,Tỉnh Tiền Giang,1092,Huyện Cái Bè,853060,Xã Hậu Mỹ Bắc B,24,Tỉnh Đồng Tháp,13080,Xã Hậu Mỹ
68,Tỉnh Tiền Giang,1092,Huyện Cái Bè,918596,Xã Hậu Mỹ Phú,24,Tỉnh Đồng Tháp,13336,Xã Hội Cư
68,Tỉnh Tiền Giang,1092,Huyện Cái Bè,984132,Xã Hậu Mỹ Trinh,24,Tỉnh Đồng Tháp,13080,Xã Hậu Mỹ
68,Tỉnh Tiền Giang,1092,Huyện Cái Bè,1049668,Xã Hậu Thành,24,Tỉnh Đồng Tháp,13336,Xã Hội Cư
68,Tỉnh Tiền Giang,1092,Huyện Cái Bè,1115204,Xã Hòa Hưng,24,Tỉnh Đồng Tháp,12056,Xã An Hữu
68,Tỉnh Tiền Giang,1092,Huyện Cái Bè,1180740,Xã Hòa Khánh,24,Tỉnh Đồng Tháp,13592,Xã Cái Bè
68,Tỉnh Tiền Giang,1092,Huyện Cái Bè,1246276,Xã Mỹ Lợi A,24,Tỉnh Đồng Tháp,12312,Xã Mỹ Lợi
68,Tỉnh Tiền Giang,1092,Huyện Cái Bè,1311812,Xã Mỹ Lợi B,24,Tỉnh Đồng Tháp,12312,Xã Mỹ Lợi
68,Tỉnh Tiền Giang,1092,Huyện Cái Bè,1377348,Xã Mỹ Trung,24,Tỉnh Đồng Tháp,12824,Xã Mỹ Thiện
68,Tỉnh Tiền Giang,1092,Huyện Cái Bè,1442884,Xã Tân Hưng,24,Tỉnh Đồng Tháp,11800,Xã Thanh Hưng
68,Tỉnh Tiền Giang,1092,Huyện Cái Bè,1508420,Xã Tân Thanh,24,Tỉnh Đồng Tháp,11800,Xã Thanh Hưng
68,Tỉnh Tiền Giang,1092,Huyện Cái Bè,1573956,Xã Thiện Trí,24,Tỉnh Đồng Tháp,12568,Xã Mỹ Đức Tây
68,Tỉnh Tiền Giang,1092,Huyện Cái Bè,1639492,Xã Thiện Trung,24,Tỉnh Đồng Tháp,12824,Xã Mỹ Thiện
68,Tỉnh Tiền Giang,1348,Huyện Châu Thành,66884,Xã Bàn Long,24,Tỉnh Đồng Tháp,18712,Xã Vĩnh Kim
68,Tỉnh Tiền Giang,1348,Huyện Châu Thành,132420,Xã Điềm Hy,24,Tỉnh Đồng Tháp,19224,Xã Bình Trưng
68,Tỉnh Tiền Giang,1348,Huyện Châu Thành,197956,Xã Đông Hòa,24,Tỉnh Đồng Tháp,18456,Xã Long Định
68,Tỉnh Tiền Giang,1348,Huyện Châu Thành,263492,Xã Bình Trưng,24,Tỉnh Đồng Tháp,19224,Xã Bình Trưng
68,Tỉnh Tiền Giang,1348,Huyện Châu Thành,460100,Xã Kim Sơn,24,Tỉnh Đồng Tháp,18968,Xã Kim Sơn
68,Tỉnh Tiền Giang,1348,Huyện Châu Thành,525636,Xã Long An,24,Tỉnh Đồng Tháp,17944,Xã Châu Thành
68,Tỉnh Tiền Giang,1348,Huyện Châu Thành,591172,Xã Long Định,24,Tỉnh Đồng Tháp,18456,Xã Long Định
68,Tỉnh Tiền Giang,1348,Huyện Châu Thành,656708,Xã Long Hưng,24,Tỉnh Đồng Tháp,18200,Xã Long Hưng
68,Tỉnh Tiền Giang,1348,Huyện Châu Thành,722244,Xã Nhị Bình,24,Tỉnh Đồng Tháp,18456,Xã Long Định
68,Tỉnh Tiền Giang,1348,Huyện Châu Thành,787780,Xã Phú Phong,24,Tỉnh Đồng Tháp,18712,Xã Vĩnh Kim
68,Tỉnh Tiền Giang,1348,Huyện Châu Thành,853316,Xã Song Thuận,24,Tỉnh Đồng Tháp,18968,Xã Kim Sơn
68,Tỉnh Tiền Giang,1348,Huyện Châu Thành,918852,Xã Tam Hiệp,24,Tỉnh Đồng Tháp,18200,Xã Long Hưng
68,Tỉnh Tiền Giang,1348,Huyện Châu Thành,984388,Xã Tân Hội Đông,24,Tỉnh Đồng Tháp,17688,Xã Tân Hương
68,Tỉnh Tiền Giang,1348,Huyện Châu Thành,1049924,Xã Tân Hương,24,Tỉnh Đồng Tháp,17688,Xã Tân Hương
68,Tỉnh Tiền Giang,1348,Huyện Châu Thành,1115460,Xã Tân Lý Đông,24,Tỉnh Đồng Tháp,17688,Xã Tân Hương
68,Tỉnh Tiền Giang,1348,Huyện Châu Thành,1246532,Xã Thân Cửu Nghĩa,24,Tỉnh Đồng Tháp,17944,Xã Châu Thành
68,Tỉnh Tiền Giang,1348,Huyện Châu Thành,1312068,Xã Thạnh Phú,24,Tỉnh Đồng Tháp,18200,Xã Long Hưng
68,Tỉnh Tiền Giang,1348,Huyện Châu Thành,1377604,Thị Trấn Tân Hiệp,24,Tỉnh Đồng Tháp,17944,Xã Châu Thành
68,Tỉnh Tiền Giang,1348,Huyện Châu Thành,1443140,Xã Bình Đức,24,Tỉnh Đồng Tháp,18968,Xã Kim Sơn
68,Tỉnh Tiền Giang,1348,Huyện Châu Thành,1508676,Xã Vĩnh Kim,24,Tỉnh Đồng Tháp,18712,Xã Vĩnh Kim
68,Tỉnh Tiền Giang,1604,Huyện Chợ Gạo,67140,Xã Bình Phục Nhứt,24,Tỉnh Đồng Tháp,21784,Xã An Thạnh Thủy
68,Tỉnh Tiền Giang,1604,Huyện Chợ Gạo,132676,Xã Phú Kiết,24,Tỉnh Đồng Tháp,21016,Xã Lương Hòa Lạc
68,Tỉnh Tiền Giang,1604,Huyện Chợ Gạo,198212,Xã Quơn Long,24,Tỉnh Đồng Tháp,21272,Xã Tân Thuận Bình
68,Tỉnh Tiền Giang,1604,Huyện Chợ Gạo,263748,Xã Song Bình,24,Tỉnh Đồng Tháp,21528,Xã Chợ Gạo
68,Tỉnh Tiền Giang,1604,Huyện Chợ Gạo,329284,Xã Tân Bình Thạnh,24,Tỉnh Đồng Tháp,20760,Xã Mỹ Tịnh An
68,Tỉnh Tiền Giang,1604,Huyện Chợ Gạo,394820,Xã Tân Thuận Bình,24,Tỉnh Đồng Tháp,21272,Xã Tân Thuận Bình
68,Tỉnh Tiền Giang,1604,Huyện Chợ Gạo,460356,Xã Thanh Bình,24,Tỉnh Đồng Tháp,21016,Xã Lương Hòa Lạc
68,Tỉnh Tiền Giang,1604,Huyện Chợ Gạo,525892,Xã Trung Hòa,24,Tỉnh Đồng Tháp,20760,Xã Mỹ Tịnh An
68,Tỉnh Tiền Giang,1604,Huyện Chợ Gạo,591428,Xã Xuân Đông,24,Tỉnh Đồng Tháp,22040,Xã Bình Ninh
68,Tỉnh Tiền Giang,1604,Huyện Chợ Gạo,656964,Thị Trấn Chợ Gạo,24,Tỉnh Đồng Tháp,21528,Xã Chợ Gạo
68,Tỉnh Tiền Giang,1604,Huyện Chợ Gạo,722500,Xã An Thạnh Thủy,24,Tỉnh Đồng Tháp,21784,Xã An Thạnh Thủy
68,Tỉnh Tiền Giang,1604,Huyện Chợ Gạo,788036,Xã Bình Ninh,24,Tỉnh Đồng Tháp,22040,Xã Bình Ninh
68,Tỉnh Tiền Giang,1604,Huyện Chợ Gạo,853572,Xã Bình Phan,24,Tỉnh Đồng Tháp,21784,Xã An Thạnh Thủy
68,Tỉnh Tiền Giang,1604,Huyện Chợ Gạo,919108,Xã Đăng Hưng Phước,24,Tỉnh Đồng Tháp,21272,Xã Tân Thuận Bình
68,Tỉnh Tiền Giang,1604,Huyện Chợ Gạo,984644,Xã Hòa Định,24,Tỉnh Đồng Tháp,22040,Xã Bình Ninh
68,Tỉnh Tiền Giang,1604,Huyện Chợ Gạo,1050180,Xã Hòa Tịnh,24,Tỉnh Đồng Tháp,20760,Xã Mỹ Tịnh An
68,Tỉnh Tiền Giang,1604,Huyện Chợ Gạo,1115716,Xã Long Bình Điền,24,Tỉnh Đồng Tháp,21528,Xã Chợ Gạo
68,Tỉnh Tiền Giang,1604,Huyện Chợ Gạo,1181252,Xã Lương Hòa Lạc,24,Tỉnh Đồng Tháp,21016,Xã Lương Hòa Lạc
68,Tỉnh Tiền Giang,1604,Huyện Chợ Gạo,1246788,Xã Mỹ Tịnh An,24,Tỉnh Đồng Tháp,20760,Xã Mỹ Tịnh An
68,Tỉnh Tiền Giang,1860,Huyện Gò Công Đông,67396,Xã Tân Điền,24,Tỉnh Đồng Tháp,22552,Xã Tân Điền
68,Tỉnh Tiền Giang,1860,Huyện Gò Công Đông,132932,Xã Tân Đông,24,Tỉnh Đồng Tháp,23064,Xã Tân Đông
68,Tỉnh Tiền Giang,1860,Huyện Gò Công Đông,198468,Xã Tân Phước,24,Tỉnh Đồng Tháp,23064,Xã Tân Đông
68,Tỉnh Tiền Giang,1860,Huyện Gò Công Đông,264004,Xã Tân Tây,24,Tỉnh Đồng Tháp,23064,Xã Tân Đông
68,Tỉnh Tiền Giang,1860,Huyện Gò Công Đông,329540,Xã Tân Thành,24,Tỉnh Đồng Tháp,22296,Xã Gò Công Đông
68,Tỉnh Tiền Giang,1860,Huyện Gò Công Đông,395076,Xã Tăng Hòa,24,Tỉnh Đồng Tháp,22296,Xã Gò Công Đông
68,Tỉnh Tiền Giang,1860,Huyện Gò Công Đông,460612,Thị Trấn Tân Hòa,24,Tỉnh Đồng Tháp,22808,Xã Tân Hòa
68,Tỉnh Tiền Giang,1860,Huyện Gò Công Đông,526148,Thị Trấn Vàm Láng,24,Tỉnh Đồng Tháp,23320,Xã Gia Thuận
68,Tỉnh Tiền Giang,1860,Huyện Gò Công Đông,591684,Xã Bình Ân,24,Tỉnh Đồng Tháp,22552,Xã Tân Điền
68,Tỉnh Tiền Giang,1860,Huyện Gò Công Đông,657220,Xã Bình Nghị,24,Tỉnh Đồng Tháp,22808,Xã Tân Hòa
68,Tỉnh Tiền Giang,1860,Huyện Gò Công Đông,722756,Xã Gia Thuận,24,Tỉnh Đồng Tháp,23320,Xã Gia Thuận
68,Tỉnh Tiền Giang,1860,Huyện Gò Công Đông,788292,Xã Kiểng Phước,24,Tỉnh Đồng Tháp,23320,Xã Gia Thuận
68,Tỉnh Tiền Giang,1860,Huyện Gò Công Đông,853828,Xã Phước Trung,24,Tỉnh Đồng Tháp,22808,Xã Tân Hòa
68,Tỉnh Tiền Giang,2116,Huyện Gò Công Tây,67652,Xã Long Vĩnh,24,Tỉnh Đồng Tháp,24600,Xã Vĩnh Hựu
68,Tỉnh Tiền Giang,2116,Huyện Gò Công Tây,133188,Xã Thạnh Trị,24,Tỉnh Đồng Tháp,23576,Xã Vĩnh Bình
68,Tỉnh Tiền Giang,2116,Huyện Gò Công Tây,198724,Xã Vĩnh Hựu,24,Tỉnh Đồng Tháp,24600,Xã Vĩnh Hựu
68,Tỉnh Tiền Giang,2116,Huyện Gò Công Tây,264260,Xã Yên Luông,24,Tỉnh Đồng Tháp,24088,Xã Phú Thành
68,Tỉnh Tiền Giang,2116,Huyện Gò Công Tây,329796,Thị Trấn Vĩnh Bình,24,Tỉnh Đồng Tháp,23576,Xã Vĩnh Bình
68,Tỉnh Tiền Giang,2116,Huyện Gò Công Tây,395332,Xã Bình Nhì,24,Tỉnh Đồng Tháp,23832,Xã Đồng Sơn
68,Tỉnh Tiền Giang,2116,Huyện Gò Công Tây,460868,Xã Bình Phú,24,Tỉnh Đồng Tháp,24088,Xã Phú Thành
68,Tỉnh Tiền Giang,2116,Huyện Gò Công Tây,526404,Xã Bình Tân,24,Tỉnh Đồng Tháp,24344,Xã Long Bình
68,Tỉnh Tiền Giang,2116,Huyện Gò Công Tây,591940,Xã Đồng Sơn,24,Tỉnh Đồng Tháp,23832,Xã Đồng Sơn
68,Tỉnh Tiền Giang,2116,Huyện Gò Công Tây,657476,Xã Đồng Thạnh,24,Tỉnh Đồng Tháp,23832,Xã Đồng Sơn
68,Tỉnh Tiền Giang,2116,Huyện Gò Công Tây,723012,Xã Long Bình,24,Tỉnh Đồng Tháp,24344,Xã Long Bình
68,Tỉnh Tiền Giang,2116,Huyện Gò Công Tây,788548,Xã Thành Công,24,Tỉnh Đồng Tháp,24088,Xã Phú Thành
68,Tỉnh Tiền Giang,2116,Huyện Gò Công Tây,854084,Xã Thạnh Nhựt,24,Tỉnh Đồng Tháp,23576,Xã Vĩnh Bình
68,Tỉnh Tiền Giang,2372,Huyện Tân Phước,67908,Xã Thạnh Tân,24,Tỉnh Đồng Tháp,16920,Xã Tân Phước 2
68,Tỉnh Tiền Giang,2372,Huyện Tân Phước,133444,Xã Tân Lập 2,24,Tỉnh Đồng Tháp,17176,Xã Tân Phước 3
68,Tỉnh Tiền Giang,2372,Huyện Tân Phước,198980,Xã Thạnh Hòa,24,Tỉnh Đồng Tháp,16920,Xã Tân Phước 2
68,Tỉnh Tiền Giang,2372,Huyện Tân Phước,264516,Xã Thạnh Mỹ,24,Tỉnh Đồng Tháp,16664,Xã Tân Phước 1
68,Tỉnh Tiền Giang,2372,Huyện Tân Phước,330052,Xã Tân Lập 1,24,Tỉnh Đồng Tháp,17176,Xã Tân Phước 3
68,Tỉnh Tiền Giang,2372,Huyện Tân Phước,395588,Thị Trấn Mỹ Phước,24,Tỉnh Đồng Tháp,16664,Xã Tân Phước 1
68,Tỉnh Tiền Giang,2372,Huyện Tân Phước,461124,Xã Hưng Thạnh,24,Tỉnh Đồng Tháp,17432,Xã Hưng Thạnh
68,Tỉnh Tiền Giang,2372,Huyện Tân Phước,526660,Xã Phú Mỹ,24,Tỉnh Đồng Tháp,17432,Xã Hưng Thạnh
68,Tỉnh Tiền Giang,2372,Huyện Tân Phước,592196,Xã Phước Lập,24,Tỉnh Đồng Tháp,17176,Xã Tân Phước 3
68,Tỉnh Tiền Giang,2372,Huyện Tân Phước,657732,Xã Tân Hòa Đông,24,Tỉnh Đồng Tháp,16664,Xã Tân Phước 1
68,Tỉnh Tiền Giang,2372,Huyện Tân Phước,723268,Xã Tân Hòa Tây,24,Tỉnh Đồng Tháp,16920,Xã Tân Phước 2
68,Tỉnh Tiền Giang,2372,Huyện Tân Phước,788804,Xã Tân Hòa Thành,24,Tỉnh Đồng Tháp,17432,Xã Hưng Thạnh
68,Tỉnh Tiền Giang,2628,Huyện Tân Phú Đông,68164,Xã Tân Thạnh,24,Tỉnh Đồng Tháp,25880,Xã Tân Thới
68,Tỉnh Tiền Giang,2628,Huyện Tân Phú Đông,133700,Xã Phú Đông,24,Tỉnh Đồng Tháp,26136,Xã Tân Phú Đông
68,Tỉnh Tiền Giang,2628,Huyện Tân Phú Đông,199236,Xã Phú Tân,24,Tỉnh Đồng Tháp,26136,Xã Tân Phú Đông
68,Tỉnh Tiền Giang,2628,Huyện Tân Phú Đông,264772,Xã Phú Thạnh,24,Tỉnh Đồng Tháp,26136,Xã Tân Phú Đông
68,Tỉnh Tiền Giang,2628,Huyện Tân Phú Đông,330308,Xã Tân Phú,24,Tỉnh Đồng Tháp,25880,Xã Tân Thới
68,Tỉnh Tiền Giang,2628,Huyện Tân Phú Đông,395844,Xã Tân Thới,24,Tỉnh Đồng Tháp,25880,Xã Tân Thới
68,Tỉnh Tiền Giang,2884,Huyện Cai Lậy,68420,Xã Mỹ Thành Bắc,24,Tỉnh Đồng Tháp,14872,Xã Mỹ Thành
68,Tỉnh Tiền Giang,2884,Huyện Cai Lậy,133956,Xã Thạnh Lộc,24,Tỉnh Đồng Tháp,15128,Xã Thạnh Phú
68,Tỉnh Tiền Giang,2884,Huyện Cai Lậy,199492,Xã Tân Phong,24,Tỉnh Đồng Tháp,13848,Xã Hiệp Đức
68,Tỉnh Tiền Giang,2884,Huyện Cai Lậy,265028,Thị Trấn Bình Phú,24,Tỉnh Đồng Tháp,14104,Xã Bình Phú
68,Tỉnh Tiền Giang,2884,Huyện Cai Lậy,330564,Xã Cẩm Sơn,24,Tỉnh Đồng Tháp,14104,Xã Bình Phú
68,Tỉnh Tiền Giang,2884,Huyện Cai Lậy,396100,Xã Hội Xuân,24,Tỉnh Đồng Tháp,13848,Xã Hiệp Đức
68,Tỉnh Tiền Giang,2884,Huyện Cai Lậy,461636,Xã Long Tiên,24,Tỉnh Đồng Tháp,14616,Xã Long Tiên
68,Tỉnh Tiền Giang,2884,Huyện Cai Lậy,527172,Xã Long Trung,24,Tỉnh Đồng Tháp,14616,Xã Long Tiên
68,Tỉnh Tiền Giang,2884,Huyện Cai Lậy,592708,Xã Mỹ Long,24,Tỉnh Đồng Tháp,14616,Xã Long Tiên
68,Tỉnh Tiền Giang,2884,Huyện Cai Lậy,658244,Xã Hiệp Đức,24,Tỉnh Đồng Tháp,13848,Xã Hiệp Đức
68,Tỉnh Tiền Giang,2884,Huyện Cai Lậy,723780,Xã Mỹ Thành Nam,24,Tỉnh Đồng Tháp,14872,Xã Mỹ Thành
68,Tỉnh Tiền Giang,2884,Huyện Cai Lậy,789316,Xã Ngũ Hiệp,24,Tỉnh Đồng Tháp,14360,Xã Ngũ Hiệp
68,Tỉnh Tiền Giang,2884,Huyện Cai Lậy,854852,Xã Phú An,24,Tỉnh Đồng Tháp,14104,Xã Bình Phú
68,Tỉnh Tiền Giang,2884,Huyện Cai Lậy,920388,Xã Phú Cường,24,Tỉnh Đồng Tháp,15128,Xã Thạnh Phú
68,Tỉnh Tiền Giang,2884,Huyện Cai Lậy,985924,Xã Phú Nhuận,24,Tỉnh Đồng Tháp,14872,Xã Mỹ Thành
68,Tỉnh Tiền Giang,2884,Huyện Cai Lậy,1051460,Xã Tam Bình,24,Tỉnh Đồng Tháp,14360,Xã Ngũ Hiệp
69,Tỉnh Trà Vinh,325,Thành Phố Trà Vinh,65861,Phường 9,44,Tỉnh Vĩnh Long,10540,Phường Trà Vinh
69,Tỉnh Trà Vinh,325,Thành Phố Trà Vinh,131397,Xã Long Đức,44,Tỉnh Vĩnh Long,10796,Phường Long Đức
69,Tỉnh Trà Vinh,325,Thành Phố Trà Vinh,196933,Phường 1,44,Tỉnh Vĩnh Long,10540,Phường Trà Vinh
69,Tỉnh Trà Vinh,325,Thành Phố Trà Vinh,328005,Phường 3,44,Tỉnh Vĩnh Long,10540,Phường Trà Vinh
69,Tỉnh Trà Vinh,325,Thành Phố Trà Vinh,393541,Phường 4,44,Tỉnh Vĩnh Long,10796,Phường Long Đức
69,Tỉnh Trà Vinh,325,Thành Phố Trà Vinh,459077,Phường 5,44,Tỉnh Vĩnh Long,11308,Phường Hòa Thuận
69,Tỉnh Trà Vinh,325,Thành Phố Trà Vinh,590149,Phường 7,44,Tỉnh Vĩnh Long,11052,Phường Nguyệt Hóa
69,Tỉnh Trà Vinh,325,Thành Phố Trà Vinh,655685,Phường 8,44,Tỉnh Vĩnh Long,11052,Phường Nguyệt Hóa
69,Tỉnh Trà Vinh,581,Thị Xã Duyên Hải,66117,Xã Dân Thành,44,Tỉnh Vĩnh Long,18476,Phường Duyên Hải
69,Tỉnh Trà Vinh,581,Thị Xã Duyên Hải,131653,Xã Hiệp Thạnh,44,Tỉnh Vĩnh Long,1068,Xã Long Hữu
69,Tỉnh Trà Vinh,581,Thị Xã Duyên Hải,197189,Xã Long Hữu,44,Tỉnh Vĩnh Long,1068,Xã Long Hữu
69,Tỉnh Trà Vinh,581,Thị Xã Duyên Hải,262725,Xã Trường Long Hòa,44,Tỉnh Vĩnh Long,18732,Phường Trường Long Hòa
69,Tỉnh Trà Vinh,581,Thị Xã Duyên Hải,328261,Xã Long Toàn,44,Tỉnh Vĩnh Long,18476,Phường Duyên Hải
69,Tỉnh Trà Vinh,581,Thị Xã Duyên Hải,393797,Phường 1,44,Tỉnh Vĩnh Long,18476,Phường Duyên Hải
69,Tỉnh Trà Vinh,581,Thị Xã Duyên Hải,459333,Phường 2,44,Tỉnh Vĩnh Long,18732,Phường Trường Long Hòa
69,Tỉnh Trà Vinh,837,Huyện Cầu Kè,66373,Xã Phong Phú,44,Tỉnh Vĩnh Long,13868,Xã Phong Thạnh
69,Tỉnh Trà Vinh,837,Huyện Cầu Kè,131909,Xã Châu Điền,44,Tỉnh Vĩnh Long,13612,Xã Cầu Kè
69,Tỉnh Trà Vinh,837,Huyện Cầu Kè,197445,Xã Hòa Ân,44,Tỉnh Vĩnh Long,13612,Xã Cầu Kè
69,Tỉnh Trà Vinh,837,Huyện Cầu Kè,262981,Thị Trấn Cầu Kè,44,Tỉnh Vĩnh Long,13612,Xã Cầu Kè
69,Tỉnh Trà Vinh,837,Huyện Cầu Kè,328517,Xã An Phú Tân,44,Tỉnh Vĩnh Long,14124,Xã An Phú Tân
69,Tỉnh Trà Vinh,837,Huyện Cầu Kè,394053,Xã Hòa Tân,44,Tỉnh Vĩnh Long,14124,Xã An Phú Tân
69,Tỉnh Trà Vinh,837,Huyện Cầu Kè,459589,Xã Ninh Thới,44,Tỉnh Vĩnh Long,13868,Xã Phong Thạnh
69,Tỉnh Trà Vinh,837,Huyện Cầu Kè,525125,Xã Phong Thạnh,44,Tỉnh Vĩnh Long,13868,Xã Phong Thạnh
69,Tỉnh Trà Vinh,837,Huyện Cầu Kè,590661,Xã Tam Ngãi,44,Tỉnh Vĩnh Long,14380,Xã Tam Ngãi
69,Tỉnh Trà Vinh,837,Huyện Cầu Kè,656197,Xã Thạnh Phú,44,Tỉnh Vĩnh Long,14380,Xã Tam Ngãi
69,Tỉnh Trà Vinh,837,Huyện Cầu Kè,721733,Xã Thông Hòa,44,Tỉnh Vĩnh Long,14380,Xã Tam Ngãi
69,Tỉnh Trà Vinh,1093,Huyện Cầu Ngang,66629,Thị Trấn Cầu Ngang,44,Tỉnh Vĩnh Long,15660,Xã Cầu Ngang
69,Tỉnh Trà Vinh,1093,Huyện Cầu Ngang,132165,Xã Mỹ Long Nam,44,Tỉnh Vĩnh Long,15916,Xã Mỹ Long
69,Tỉnh Trà Vinh,1093,Huyện Cầu Ngang,197701,Thị Trấn Mỹ Long,44,Tỉnh Vĩnh Long,15916,Xã Mỹ Long
69,Tỉnh Trà Vinh,1093,Huyện Cầu Ngang,263237,Xã Hiệp Hòa,44,Tỉnh Vĩnh Long,16428,Xã Nhị Trường
69,Tỉnh Trà Vinh,1093,Huyện Cầu Ngang,328773,Xã Hiệp Mỹ Đông,44,Tỉnh Vĩnh Long,16684,Xã Hiệp Mỹ
69,Tỉnh Trà Vinh,1093,Huyện Cầu Ngang,394309,Xã Hiệp Mỹ Tây,44,Tỉnh Vĩnh Long,16684,Xã Hiệp Mỹ
69,Tỉnh Trà Vinh,1093,Huyện Cầu Ngang,459845,Xã Kim Hòa,44,Tỉnh Vĩnh Long,16172,Xã Vinh Kim
69,Tỉnh Trà Vinh,1093,Huyện Cầu Ngang,525381,Xã Long Sơn,44,Tỉnh Vĩnh Long,16684,Xã Hiệp Mỹ
69,Tỉnh Trà Vinh,1093,Huyện Cầu Ngang,590917,Xã Mỹ Hòa,44,Tỉnh Vĩnh Long,15660,Xã Cầu Ngang
69,Tỉnh Trà Vinh,1093,Huyện Cầu Ngang,656453,Xã Mỹ Long Bắc,44,Tỉnh Vĩnh Long,15916,Xã Mỹ Long
69,Tỉnh Trà Vinh,1093,Huyện Cầu Ngang,721989,Xã Nhị Trường,44,Tỉnh Vĩnh Long,16428,Xã Nhị Trường
69,Tỉnh Trà Vinh,1093,Huyện Cầu Ngang,787525,Xã Thạnh Hòa Sơn,44,Tỉnh Vĩnh Long,19500,Xã Ngũ Lạc
69,Tỉnh Trà Vinh,1093,Huyện Cầu Ngang,853061,Xã Thuận Hòa,44,Tỉnh Vĩnh Long,15660,Xã Cầu Ngang
69,Tỉnh Trà Vinh,1093,Huyện Cầu Ngang,918597,Xã Trường Thọ,44,Tỉnh Vĩnh Long,16428,Xã Nhị Trường
69,Tỉnh Trà Vinh,1093,Huyện Cầu Ngang,984133,Xã Vinh Kim,44,Tỉnh Vĩnh Long,16172,Xã Vinh Kim
69,Tỉnh Trà Vinh,1349,Huyện Càng Long,66885,Xã Huyền Hội,44,Tỉnh Vĩnh Long,12076,Xã Tân An
69,Tỉnh Trà Vinh,1349,Huyện Càng Long,132421,Xã Mỹ Cẩm,44,Tỉnh Vĩnh Long,11564,Xã Càng Long
69,Tỉnh Trà Vinh,1349,Huyện Càng Long,197957,Xã Nhị Long,44,Tỉnh Vĩnh Long,12332,Xã Nhị Long
69,Tỉnh Trà Vinh,1349,Huyện Càng Long,263493,Xã Nhị Long Phú,44,Tỉnh Vĩnh Long,11564,Xã Càng Long
69,Tỉnh Trà Vinh,1349,Huyện Càng Long,329029,Thị Trấn Càng Long,44,Tỉnh Vĩnh Long,11564,Xã Càng Long
69,Tỉnh Trà Vinh,1349,Huyện Càng Long,394565,Xã An Trường,44,Tỉnh Vĩnh Long,11820,Xã An Trường
69,Tỉnh Trà Vinh,1349,Huyện Càng Long,460101,Xã Phương Thạnh,44,Tỉnh Vĩnh Long,12588,Xã Bình Phú
69,Tỉnh Trà Vinh,1349,Huyện Càng Long,525637,Xã Tân An,44,Tỉnh Vĩnh Long,12076,Xã Tân An
69,Tỉnh Trà Vinh,1349,Huyện Càng Long,591173,Xã Tân Bình,44,Tỉnh Vĩnh Long,11820,Xã An Trường
69,Tỉnh Trà Vinh,1349,Huyện Càng Long,656709,Xã Bình Phú,44,Tỉnh Vĩnh Long,12588,Xã Bình Phú
69,Tỉnh Trà Vinh,1349,Huyện Càng Long,722245,Xã Đại Phúc,44,Tỉnh Vĩnh Long,12588,Xã Bình Phú
69,Tỉnh Trà Vinh,1349,Huyện Càng Long,787781,Xã Đại Phước,44,Tỉnh Vĩnh Long,12332,Xã Nhị Long
69,Tỉnh Trà Vinh,1349,Huyện Càng Long,853317,Xã Đức Mỹ,44,Tỉnh Vĩnh Long,12332,Xã Nhị Long
69,Tỉnh Trà Vinh,1349,Huyện Càng Long,918853,Xã An Trường A,44,Tỉnh Vĩnh Long,11820,Xã An Trường
69,Tỉnh Trà Vinh,1605,Huyện Châu Thành,67141,Xã Hòa Minh,44,Tỉnh Vĩnh Long,300,Xã Hòa Minh
69,Tỉnh Trà Vinh,1605,Huyện Châu Thành,132677,Xã Hòa Thuận,44,Tỉnh Vĩnh Long,11308,Phường Hòa Thuận
69,Tỉnh Trà Vinh,1605,Huyện Châu Thành,198213,Xã Thanh Mỹ,44,Tỉnh Vĩnh Long,12844,Xã Châu Thành
69,Tỉnh Trà Vinh,1605,Huyện Châu Thành,263749,Xã Đa Lộc,44,Tỉnh Vĩnh Long,12844,Xã Châu Thành
69,Tỉnh Trà Vinh,1605,Huyện Châu Thành,329285,Xã Hòa Lợi,44,Tỉnh Vĩnh Long,13356,Xã Hưng Mỹ
69,Tỉnh Trà Vinh,1605,Huyện Châu Thành,394821,Thị Trấn Châu Thành,44,Tỉnh Vĩnh Long,12844,Xã Châu Thành
69,Tỉnh Trà Vinh,1605,Huyện Châu Thành,460357,Xã Hưng Mỹ,44,Tỉnh Vĩnh Long,13356,Xã Hưng Mỹ
69,Tỉnh Trà Vinh,1605,Huyện Châu Thành,525893,Xã Long Hòa,44,Tỉnh Vĩnh Long,556,Xã Long Hòa
69,Tỉnh Trà Vinh,1605,Huyện Châu Thành,591429,Xã Lương Hòa,44,Tỉnh Vĩnh Long,13100,Xã Song Lộc
69,Tỉnh Trà Vinh,1605,Huyện Châu Thành,656965,Xã Lương Hòa A,44,Tỉnh Vĩnh Long,13100,Xã Song Lộc
69,Tỉnh Trà Vinh,1605,Huyện Châu Thành,722501,Xã Mỹ Chánh,44,Tỉnh Vĩnh Long,12844,Xã Châu Thành
69,Tỉnh Trà Vinh,1605,Huyện Châu Thành,788037,Xã Nguyệt Hóa,44,Tỉnh Vĩnh Long,11052,Phường Nguyệt Hóa
69,Tỉnh Trà Vinh,1605,Huyện Châu Thành,853573,Xã Phước Hảo,44,Tỉnh Vĩnh Long,13356,Xã Hưng Mỹ
69,Tỉnh Trà Vinh,1605,Huyện Châu Thành,919109,Xã Song Lộc,44,Tỉnh Vĩnh Long,13100,Xã Song Lộc
69,Tỉnh Trà Vinh,1861,Huyện Tiểu Cần,67397,Xã Long Thới,44,Tỉnh Vĩnh Long,14892,Xã Tân Hòa
69,Tỉnh Trà Vinh,1861,Huyện Tiểu Cần,132933,Thị Trấn Cầu Quan,44,Tỉnh Vĩnh Long,14892,Xã Tân Hòa
69,Tỉnh Trà Vinh,1861,Huyện Tiểu Cần,198469,Thị Trấn Tiểu Cần,44,Tỉnh Vĩnh Long,14636,Xã Tiểu Cần
69,Tỉnh Trà Vinh,1861,Huyện Tiểu Cần,264005,Xã Hiếu Trung,44,Tỉnh Vĩnh Long,14636,Xã Tiểu Cần
69,Tỉnh Trà Vinh,1861,Huyện Tiểu Cần,329541,Xã Hiếu Tử,44,Tỉnh Vĩnh Long,15404,Xã Tập Ngãi
69,Tỉnh Trà Vinh,1861,Huyện Tiểu Cần,395077,Xã Hùng Hòa,44,Tỉnh Vĩnh Long,15148,Xã Hùng Hòa
69,Tỉnh Trà Vinh,1861,Huyện Tiểu Cần,460613,Xã Ngãi Hùng,44,Tỉnh Vĩnh Long,15148,Xã Hùng Hòa
69,Tỉnh Trà Vinh,1861,Huyện Tiểu Cần,526149,Xã Phú Cần,44,Tỉnh Vĩnh Long,14636,Xã Tiểu Cần
69,Tỉnh Trà Vinh,1861,Huyện Tiểu Cần,591685,Xã Tân Hòa,44,Tỉnh Vĩnh Long,14892,Xã Tân Hòa
69,Tỉnh Trà Vinh,1861,Huyện Tiểu Cần,657221,Xã Tân Hùng,44,Tỉnh Vĩnh Long,15148,Xã Hùng Hòa
69,Tỉnh Trà Vinh,1861,Huyện Tiểu Cần,722757,Xã Tập Ngãi,44,Tỉnh Vĩnh Long,15404,Xã Tập Ngãi
69,Tỉnh Trà Vinh,2117,Huyện Trà Cú,67653,Xã Ngãi Xuyên,44,Tỉnh Vĩnh Long,16940,Xã Trà Cú
69,Tỉnh Trà Vinh,2117,Huyện Trà Cú,133189,Thị Trấn Định An,44,Tỉnh Vĩnh Long,17196,Xã Đại An
69,Tỉnh Trà Vinh,2117,Huyện Trà Cú,198725,Thị Trấn Trà Cú,44,Tỉnh Vĩnh Long,16940,Xã Trà Cú
69,Tỉnh Trà Vinh,2117,Huyện Trà Cú,264261,Xã An Quảng Hữu,44,Tỉnh Vĩnh Long,17452,Xã Lưu Nghiệp Anh
69,Tỉnh Trà Vinh,2117,Huyện Trà Cú,329797,Xã Đại An,44,Tỉnh Vĩnh Long,17196,Xã Đại An
69,Tỉnh Trà Vinh,2117,Huyện Trà Cú,395333,Xã Định An,44,Tỉnh Vĩnh Long,17196,Xã Đại An
69,Tỉnh Trà Vinh,2117,Huyện Trà Cú,460869,Xã Hàm Giang,44,Tỉnh Vĩnh Long,17708,Xã Hàm Giang
69,Tỉnh Trà Vinh,2117,Huyện Trà Cú,526405,Xã Hàm Tân,44,Tỉnh Vĩnh Long,17708,Xã Hàm Giang
69,Tỉnh Trà Vinh,2117,Huyện Trà Cú,591941,Xã Kim Sơn,44,Tỉnh Vĩnh Long,17708,Xã Hàm Giang
69,Tỉnh Trà Vinh,2117,Huyện Trà Cú,657477,Xã Long Hiệp,44,Tỉnh Vĩnh Long,17964,Xã Long Hiệp
69,Tỉnh Trà Vinh,2117,Huyện Trà Cú,723013,Xã Lưu Nghiệp Anh,44,Tỉnh Vĩnh Long,17452,Xã Lưu Nghiệp Anh
69,Tỉnh Trà Vinh,2117,Huyện Trà Cú,788549,Xã Ngọc Biên,44,Tỉnh Vĩnh Long,17964,Xã Long Hiệp
69,Tỉnh Trà Vinh,2117,Huyện Trà Cú,854085,Xã Phước Hưng,44,Tỉnh Vĩnh Long,18220,Xã Tập Sơn
69,Tỉnh Trà Vinh,2117,Huyện Trà Cú,919621,Xã Tân Hiệp,44,Tỉnh Vĩnh Long,17964,Xã Long Hiệp
69,Tỉnh Trà Vinh,2117,Huyện Trà Cú,985157,Xã Tân Sơn,44,Tỉnh Vĩnh Long,18220,Xã Tập Sơn
69,Tỉnh Trà Vinh,2117,Huyện Trà Cú,1050693,Xã Tập Sơn,44,Tỉnh Vĩnh Long,18220,Xã Tập Sơn
69,Tỉnh Trà Vinh,2117,Huyện Trà Cú,1116229,Xã Thanh Sơn,44,Tỉnh Vĩnh Long,16940,Xã Trà Cú
69,Tỉnh Trà Vinh,2373,Huyện Duyên Hải,67909,Xã Đông Hải,44,Tỉnh Vĩnh Long,812,Xã Đông Hải
69,Tỉnh Trà Vinh,2373,Huyện Duyên Hải,133445,Xã Long Khánh,44,Tỉnh Vĩnh Long,18988,Xã Long Thành
69,Tỉnh Trà Vinh,2373,Huyện Duyên Hải,198981,Xã Long Vĩnh,44,Tỉnh Vĩnh Long,1324,Xã Long Vĩnh
69,Tỉnh Trà Vinh,2373,Huyện Duyên Hải,264517,Xã Ngũ Lạc,44,Tỉnh Vĩnh Long,19500,Xã Ngũ Lạc
69,Tỉnh Trà Vinh,2373,Huyện Duyên Hải,330053,Xã Đôn Châu,44,Tỉnh Vĩnh Long,19244,Xã Đôn Châu
69,Tỉnh Trà Vinh,2373,Huyện Duyên Hải,395589,Xã Đôn Xuân,44,Tỉnh Vĩnh Long,19244,Xã Đôn Châu
69,Tỉnh Trà Vinh,2373,Huyện Duyên Hải,461125,Thị Trấn Long Thành,44,Tỉnh Vĩnh Long,18988,Xã Long Thành
70,Tỉnh Tuyên Quang,326,Thành Phố Tuyên Quang,65862,Xã Lưỡng Vượng,43,Tỉnh Tuyên Quang,31531,Phường An Tường
70,Tỉnh Tuyên Quang,326,Thành Phố Tuyên Quang,131398,Xã Thái Long,43,Tỉnh Tuyên Quang,31787,Phường Bình Thuận
70,Tỉnh Tuyên Quang,326,Thành Phố Tuyên Quang,196934,Xã Tràng Đà,43,Tỉnh Tuyên Quang,4907,Phường Nông Tiến
70,Tỉnh Tuyên Quang,326,Thành Phố Tuyên Quang,262470,Phường Phan Thiết,43,Tỉnh Tuyên Quang,5163,Phường Minh Xuân
70,Tỉnh Tuyên Quang,326,Thành Phố Tuyên Quang,328006,Phường Hưng Thành,43,Tỉnh Tuyên Quang,31531,Phường An Tường
70,Tỉnh Tuyên Quang,326,Thành Phố Tuyên Quang,393542,Phường Minh Xuân,43,Tỉnh Tuyên Quang,5163,Phường Minh Xuân
70,Tỉnh Tuyên Quang,326,Thành Phố Tuyên Quang,459078,Phường Nông Tiến,43,Tỉnh Tuyên Quang,4907,Phường Nông Tiến
70,Tỉnh Tuyên Quang,326,Thành Phố Tuyên Quang,524614,Phường Tân Hà,43,Tỉnh Tuyên Quang,5163,Phường Minh Xuân
70,Tỉnh Tuyên Quang,326,Thành Phố Tuyên Quang,590150,Phường Tân Quang,43,Tỉnh Tuyên Quang,5163,Phường Minh Xuân
70,Tỉnh Tuyên Quang,326,Thành Phố Tuyên Quang,655686,Phường Ỷ La,43,Tỉnh Tuyên Quang,5163,Phường Minh Xuân
70,Tỉnh Tuyên Quang,326,Thành Phố Tuyên Quang,721222,Xã An Khang,43,Tỉnh Tuyên Quang,31531,Phường An Tường
70,Tỉnh Tuyên Quang,326,Thành Phố Tuyên Quang,786758,Phường An Tường,43,Tỉnh Tuyên Quang,31531,Phường An Tường
70,Tỉnh Tuyên Quang,326,Thành Phố Tuyên Quang,852294,Xã Kim Phú,43,Tỉnh Tuyên Quang,5163,Phường Minh Xuân
70,Tỉnh Tuyên Quang,326,Thành Phố Tuyên Quang,852294,Xã Kim Phú,43,Tỉnh Tuyên Quang,6187,Phường Mỹ Lâm
70,Tỉnh Tuyên Quang,326,Thành Phố Tuyên Quang,917830,Phường Mỹ Lâm,43,Tỉnh Tuyên Quang,6187,Phường Mỹ Lâm
70,Tỉnh Tuyên Quang,326,Thành Phố Tuyên Quang,983366,Phường Đội Cấn,43,Tỉnh Tuyên Quang,31787,Phường Bình Thuận
70,Tỉnh Tuyên Quang,582,Huyện Chiêm Hóa,131654,Xã Phúc Thịnh,43,Tỉnh Tuyên Quang,23851,Xã Chiêm Hóa
70,Tỉnh Tuyên Quang,582,Huyện Chiêm Hóa,197190,Xã Tân An,43,Tỉnh Tuyên Quang,23595,Xã Tân An
70,Tỉnh Tuyên Quang,582,Huyện Chiêm Hóa,262726,Xã Tân Mỹ,43,Tỉnh Tuyên Quang,23083,Xã Tân Mỹ
70,Tỉnh Tuyên Quang,582,Huyện Chiêm Hóa,328262,Xã Tân Thịnh,43,Tỉnh Tuyên Quang,24107,Xã Hòa An
70,Tỉnh Tuyên Quang,582,Huyện Chiêm Hóa,393798,Thị Trấn Vĩnh Lộc,43,Tỉnh Tuyên Quang,23851,Xã Chiêm Hóa
70,Tỉnh Tuyên Quang,582,Huyện Chiêm Hóa,459334,Xã Bình Nhân,43,Tỉnh Tuyên Quang,24875,Xã Kim Bình
70,Tỉnh Tuyên Quang,582,Huyện Chiêm Hóa,524870,Xã Bình Phú,43,Tỉnh Tuyên Quang,23339,Xã Yên Lập
70,Tỉnh Tuyên Quang,582,Huyện Chiêm Hóa,590406,Xã Hà Lang,43,Tỉnh Tuyên Quang,23595,Xã Tân An
70,Tỉnh Tuyên Quang,582,Huyện Chiêm Hóa,655942,Xã Hòa An,43,Tỉnh Tuyên Quang,24107,Xã Hòa An
70,Tỉnh Tuyên Quang,582,Huyện Chiêm Hóa,721478,Xã Hòa Phú,43,Tỉnh Tuyên Quang,25131,Xã Yên Nguyên
70,Tỉnh Tuyên Quang,582,Huyện Chiêm Hóa,787014,Xã Hùng Mỹ,43,Tỉnh Tuyên Quang,23083,Xã Tân Mỹ
70,Tỉnh Tuyên Quang,582,Huyện Chiêm Hóa,852550,Xã Tri Phú,43,Tỉnh Tuyên Quang,24619,Xã Tri Phú
70,Tỉnh Tuyên Quang,582,Huyện Chiêm Hóa,918086,Xã Trung Hà,43,Tỉnh Tuyên Quang,5419,Xã Trung Hà
70,Tỉnh Tuyên Quang,582,Huyện Chiêm Hóa,983622,Xã Trung Hòa,43,Tỉnh Tuyên Quang,23851,Xã Chiêm Hóa
70,Tỉnh Tuyên Quang,582,Huyện Chiêm Hóa,1049158,Xã Vinh Quang,43,Tỉnh Tuyên Quang,24875,Xã Kim Bình
70,Tỉnh Tuyên Quang,582,Huyện Chiêm Hóa,1114694,Xã Xuân Quang,43,Tỉnh Tuyên Quang,23851,Xã Chiêm Hóa
70,Tỉnh Tuyên Quang,582,Huyện Chiêm Hóa,1180230,Xã Yên Lập,43,Tỉnh Tuyên Quang,23339,Xã Yên Lập
70,Tỉnh Tuyên Quang,582,Huyện Chiêm Hóa,1245766,Xã Yên Nguyên,43,Tỉnh Tuyên Quang,25131,Xã Yên Nguyên
70,Tỉnh Tuyên Quang,582,Huyện Chiêm Hóa,1376838,Xã Kiên Đài,43,Tỉnh Tuyên Quang,24363,Xã Kiên Đài
70,Tỉnh Tuyên Quang,582,Huyện Chiêm Hóa,1442374,Xã Kim Bình,43,Tỉnh Tuyên Quang,24875,Xã Kim Bình
70,Tỉnh Tuyên Quang,582,Huyện Chiêm Hóa,1507910,Xã Ngọc Hội,43,Tỉnh Tuyên Quang,23851,Xã Chiêm Hóa
70,Tỉnh Tuyên Quang,582,Huyện Chiêm Hóa,1573446,Xã Nhân Lý,43,Tỉnh Tuyên Quang,24107,Xã Hòa An
70,Tỉnh Tuyên Quang,582,Huyện Chiêm Hóa,1638982,Xã Phú Bình,43,Tỉnh Tuyên Quang,24363,Xã Kiên Đài
70,Tỉnh Tuyên Quang,582,Huyện Chiêm Hóa,1704518,Xã Linh Phú,43,Tỉnh Tuyên Quang,24619,Xã Tri Phú
70,Tỉnh Tuyên Quang,838,Huyện Hàm Yên,66374,Xã Thái Hòa,43,Tỉnh Tuyên Quang,26923,Xã Thái Hòa
70,Tỉnh Tuyên Quang,838,Huyện Hàm Yên,131910,Xã Yên Thuận,43,Tỉnh Tuyên Quang,25643,Xã Bạch Xa
70,Tỉnh Tuyên Quang,838,Huyện Hàm Yên,197446,Thị Trấn Tân Yên,43,Tỉnh Tuyên Quang,26155,Xã Hàm Yên
70,Tỉnh Tuyên Quang,838,Huyện Hàm Yên,262982,Xã Bằng Cốc,43,Tỉnh Tuyên Quang,26155,Xã Hàm Yên
70,Tỉnh Tuyên Quang,838,Huyện Hàm Yên,328518,Xã Bình Xa,43,Tỉnh Tuyên Quang,26411,Xã Bình Xa
70,Tỉnh Tuyên Quang,838,Huyện Hàm Yên,394054,Xã Đức Ninh,43,Tỉnh Tuyên Quang,26923,Xã Thái Hòa
70,Tỉnh Tuyên Quang,838,Huyện Hàm Yên,459590,Xã Hùng Đức,43,Tỉnh Tuyên Quang,5675,Xã Hùng Đức
70,Tỉnh Tuyên Quang,838,Huyện Hàm Yên,525126,Xã Minh Dân,43,Tỉnh Tuyên Quang,25899,Xã Phù Lưu
70,Tỉnh Tuyên Quang,838,Huyện Hàm Yên,590662,Xã Minh Hương,43,Tỉnh Tuyên Quang,26411,Xã Bình Xa
70,Tỉnh Tuyên Quang,838,Huyện Hàm Yên,656198,Xã Minh Khương,43,Tỉnh Tuyên Quang,25643,Xã Bạch Xa
70,Tỉnh Tuyên Quang,838,Huyện Hàm Yên,721734,Xã Nhân Mục,43,Tỉnh Tuyên Quang,26155,Xã Hàm Yên
70,Tỉnh Tuyên Quang,838,Huyện Hàm Yên,787270,Xã Phù Lưu,43,Tỉnh Tuyên Quang,25899,Xã Phù Lưu
70,Tỉnh Tuyên Quang,838,Huyện Hàm Yên,852806,Xã Tân Thành,43,Tỉnh Tuyên Quang,26155,Xã Hàm Yên
70,Tỉnh Tuyên Quang,838,Huyện Hàm Yên,918342,Xã Thái Sơn,43,Tỉnh Tuyên Quang,26667,Xã Thái Sơn
70,Tỉnh Tuyên Quang,838,Huyện Hàm Yên,983878,Xã Thành Long,43,Tỉnh Tuyên Quang,26667,Xã Thái Sơn
70,Tỉnh Tuyên Quang,838,Huyện Hàm Yên,1049414,Xã Yên Lâm,43,Tỉnh Tuyên Quang,25387,Xã Yên Phú
70,Tỉnh Tuyên Quang,838,Huyện Hàm Yên,1114950,Xã Yên Phú,43,Tỉnh Tuyên Quang,25387,Xã Yên Phú
70,Tỉnh Tuyên Quang,838,Huyện Hàm Yên,1180486,Xã Bạch Xa,43,Tỉnh Tuyên Quang,25643,Xã Bạch Xa
70,Tỉnh Tuyên Quang,1094,Huyện Na Hang,66630,Xã Côn Lôn,43,Tỉnh Tuyên Quang,21803,Xã Côn Lôn
70,Tỉnh Tuyên Quang,1094,Huyện Na Hang,132166,Xã Hồng Thái,43,Tỉnh Tuyên Quang,22571,Xã Hồng Thái
70,Tỉnh Tuyên Quang,1094,Huyện Na Hang,197702,Xã Khau Tinh,43,Tỉnh Tuyên Quang,22059,Xã Yên Hoa
70,Tỉnh Tuyên Quang,1094,Huyện Na Hang,263238,Xã Sinh Long,43,Tỉnh Tuyên Quang,21803,Xã Côn Lôn
70,Tỉnh Tuyên Quang,1094,Huyện Na Hang,328774,Xã Thanh Tương,43,Tỉnh Tuyên Quang,22827,Xã Nà Hang
70,Tỉnh Tuyên Quang,1094,Huyện Na Hang,394310,Xã Thượng Giáp,43,Tỉnh Tuyên Quang,22315,Xã Thượng Nông
70,Tỉnh Tuyên Quang,1094,Huyện Na Hang,459846,Thị Trấn Na Hang,43,Tỉnh Tuyên Quang,22827,Xã Nà Hang
70,Tỉnh Tuyên Quang,1094,Huyện Na Hang,525382,Xã Đà Vị,43,Tỉnh Tuyên Quang,22571,Xã Hồng Thái
70,Tỉnh Tuyên Quang,1094,Huyện Na Hang,590918,Xã Năng Khả,43,Tỉnh Tuyên Quang,22827,Xã Nà Hang
70,Tỉnh Tuyên Quang,1094,Huyện Na Hang,656454,Xã Sơn Phú,43,Tỉnh Tuyên Quang,22571,Xã Hồng Thái
70,Tỉnh Tuyên Quang,1094,Huyện Na Hang,721990,Xã Thượng Nông,43,Tỉnh Tuyên Quang,22315,Xã Thượng Nông
70,Tỉnh Tuyên Quang,1094,Huyện Na Hang,787526,Xã Yên Hoa,43,Tỉnh Tuyên Quang,22059,Xã Yên Hoa
70,Tỉnh Tuyên Quang,1350,Huyện Sơn Dương,66886,Xã Phú Lương,43,Tỉnh Tuyên Quang,30507,Xã Phú Lương
70,Tỉnh Tuyên Quang,1350,Huyện Sơn Dương,132422,Xã Phúc Ứng,43,Tỉnh Tuyên Quang,29483,Xã Sơn Dương
70,Tỉnh Tuyên Quang,1350,Huyện Sơn Dương,197958,Thị Trấn Sơn Dương,43,Tỉnh Tuyên Quang,29483,Xã Sơn Dương
70,Tỉnh Tuyên Quang,1350,Huyện Sơn Dương,263494,Xã Bình Yên,43,Tỉnh Tuyên Quang,29227,Xã Minh Thanh
70,Tỉnh Tuyên Quang,1350,Huyện Sơn Dương,329030,Xã Cấp Tiến,43,Tỉnh Tuyên Quang,29739,Xã Bình Ca
70,Tỉnh Tuyên Quang,1350,Huyện Sơn Dương,394566,Xã Chi Thiết,43,Tỉnh Tuyên Quang,31019,Xã Hồng Sơn
70,Tỉnh Tuyên Quang,1350,Huyện Sơn Dương,460102,Xã Đại Phú,43,Tỉnh Tuyên Quang,30507,Xã Phú Lương
70,Tỉnh Tuyên Quang,1350,Huyện Sơn Dương,525638,Xã Đông Lợi,43,Tỉnh Tuyên Quang,30763,Xã Trường Sinh
70,Tỉnh Tuyên Quang,1350,Huyện Sơn Dương,591174,Xã Đồng Quý,43,Tỉnh Tuyên Quang,31275,Xã Đông Thọ
70,Tỉnh Tuyên Quang,1350,Huyện Sơn Dương,656710,Xã Đông Thọ,43,Tỉnh Tuyên Quang,31275,Xã Đông Thọ
70,Tỉnh Tuyên Quang,1350,Huyện Sơn Dương,722246,Xã Hào Phú,43,Tỉnh Tuyên Quang,30763,Xã Trường Sinh
70,Tỉnh Tuyên Quang,1350,Huyện Sơn Dương,787782,Xã Hồng Sơn,43,Tỉnh Tuyên Quang,31019,Xã Hồng Sơn
70,Tỉnh Tuyên Quang,1350,Huyện Sơn Dương,853318,Xã Hợp Hòa,43,Tỉnh Tuyên Quang,29995,Xã Tân Thanh
70,Tỉnh Tuyên Quang,1350,Huyện Sơn Dương,918854,Xã Hợp Thành,43,Tỉnh Tuyên Quang,29483,Xã Sơn Dương
70,Tỉnh Tuyên Quang,1350,Huyện Sơn Dương,984390,Xã Kháng Nhật,43,Tỉnh Tuyên Quang,29995,Xã Tân Thanh
70,Tỉnh Tuyên Quang,1350,Huyện Sơn Dương,1049926,Xã Lương Thiện,43,Tỉnh Tuyên Quang,29227,Xã Minh Thanh
70,Tỉnh Tuyên Quang,1350,Huyện Sơn Dương,1115462,Xã Minh Thanh,43,Tỉnh Tuyên Quang,29227,Xã Minh Thanh
70,Tỉnh Tuyên Quang,1350,Huyện Sơn Dương,1180998,Xã Ninh Lai,43,Tỉnh Tuyên Quang,30251,Xã Sơn Thủy
70,Tỉnh Tuyên Quang,1350,Huyện Sơn Dương,1246534,Xã Quyết Thắng,43,Tỉnh Tuyên Quang,31275,Xã Đông Thọ
70,Tỉnh Tuyên Quang,1350,Huyện Sơn Dương,1312070,Xã Sơn Nam,43,Tỉnh Tuyên Quang,30251,Xã Sơn Thủy
70,Tỉnh Tuyên Quang,1350,Huyện Sơn Dương,1377606,Xã Tam Đa,43,Tỉnh Tuyên Quang,30507,Xã Phú Lương
70,Tỉnh Tuyên Quang,1350,Huyện Sơn Dương,1443142,Xã Tân Trào,43,Tỉnh Tuyên Quang,28971,Xã Tân Trào
70,Tỉnh Tuyên Quang,1350,Huyện Sơn Dương,1508678,Xã Thiện Kế,43,Tỉnh Tuyên Quang,30251,Xã Sơn Thủy
70,Tỉnh Tuyên Quang,1350,Huyện Sơn Dương,1574214,Xã Trung Yên,43,Tỉnh Tuyên Quang,28971,Xã Tân Trào
70,Tỉnh Tuyên Quang,1350,Huyện Sơn Dương,1639750,Xã Tú Thịnh,43,Tỉnh Tuyên Quang,29483,Xã Sơn Dương
70,Tỉnh Tuyên Quang,1350,Huyện Sơn Dương,1705286,Xã Văn Phú,43,Tỉnh Tuyên Quang,31019,Xã Hồng Sơn
70,Tỉnh Tuyên Quang,1350,Huyện Sơn Dương,1836358,Xã Vĩnh Lợi,43,Tỉnh Tuyên Quang,29739,Xã Bình Ca
70,Tỉnh Tuyên Quang,1350,Huyện Sơn Dương,1901894,Xã Thượng Ấm,43,Tỉnh Tuyên Quang,29739,Xã Bình Ca
70,Tỉnh Tuyên Quang,1350,Huyện Sơn Dương,1967430,Xã Tân Thanh,43,Tỉnh Tuyên Quang,29995,Xã Tân Thanh
70,Tỉnh Tuyên Quang,1350,Huyện Sơn Dương,2032966,Xã Trường Sinh,43,Tỉnh Tuyên Quang,30763,Xã Trường Sinh
70,Tỉnh Tuyên Quang,1606,Huyện Yên Sơn,67142,Xã Chiêu Yên,43,Tỉnh Tuyên Quang,28203,Xã Lực Hành
70,Tỉnh Tuyên Quang,1606,Huyện Yên Sơn,132678,Xã Lang Quán,43,Tỉnh Tuyên Quang,28459,Xã Yên Sơn
70,Tỉnh Tuyên Quang,1606,Huyện Yên Sơn,198214,Xã Trung Minh,43,Tỉnh Tuyên Quang,27179,Xã Hùng Lợi
70,Tỉnh Tuyên Quang,1606,Huyện Yên Sơn,263750,Xã Tứ Quận,43,Tỉnh Tuyên Quang,28459,Xã Yên Sơn
70,Tỉnh Tuyên Quang,1606,Huyện Yên Sơn,329286,Xã Phúc Ninh,43,Tỉnh Tuyên Quang,27947,Xã Xuân Vân
70,Tỉnh Tuyên Quang,1606,Huyện Yên Sơn,394822,Xã Chân Sơn,43,Tỉnh Tuyên Quang,28459,Xã Yên Sơn
70,Tỉnh Tuyên Quang,1606,Huyện Yên Sơn,460358,Xã Công Đa,43,Tỉnh Tuyên Quang,27435,Xã Trung Sơn
70,Tỉnh Tuyên Quang,1606,Huyện Yên Sơn,525894,Xã Đạo Viện,43,Tỉnh Tuyên Quang,27435,Xã Trung Sơn
70,Tỉnh Tuyên Quang,1606,Huyện Yên Sơn,591430,Xã Đội Bình,43,Tỉnh Tuyên Quang,28715,Xã Nhữ Khê
70,Tỉnh Tuyên Quang,1606,Huyện Yên Sơn,656966,Xã Hoàng Khai,43,Tỉnh Tuyên Quang,31531,Phường An Tường
70,Tỉnh Tuyên Quang,1606,Huyện Yên Sơn,722502,Xã Hùng Lợi,43,Tỉnh Tuyên Quang,27179,Xã Hùng Lợi
70,Tỉnh Tuyên Quang,1606,Huyện Yên Sơn,788038,Xã Kiến Thiết,43,Tỉnh Tuyên Quang,5931,Xã Kiến Thiết
70,Tỉnh Tuyên Quang,1606,Huyện Yên Sơn,853574,Xã Kim Quan,43,Tỉnh Tuyên Quang,28971,Xã Tân Trào
70,Tỉnh Tuyên Quang,1606,Huyện Yên Sơn,919110,Xã Mỹ Bằng,43,Tỉnh Tuyên Quang,6187,Phường Mỹ Lâm
70,Tỉnh Tuyên Quang,1606,Huyện Yên Sơn,984646,Xã Nhữ Hán,43,Tỉnh Tuyên Quang,28715,Xã Nhữ Khê
70,Tỉnh Tuyên Quang,1606,Huyện Yên Sơn,1050182,Xã Nhữ Khê,43,Tỉnh Tuyên Quang,28715,Xã Nhữ Khê
70,Tỉnh Tuyên Quang,1606,Huyện Yên Sơn,1115718,Xã Phú Thịnh,43,Tỉnh Tuyên Quang,20523,Xã Thái Bình
70,Tỉnh Tuyên Quang,1606,Huyện Yên Sơn,1181254,Xã Quí Quân,43,Tỉnh Tuyên Quang,28203,Xã Lực Hành
70,Tỉnh Tuyên Quang,1606,Huyện Yên Sơn,1246790,Xã Tân Long,43,Tỉnh Tuyên Quang,27691,Xã Tân Long
70,Tỉnh Tuyên Quang,1606,Huyện Yên Sơn,1312326,Xã Tân Tiến,43,Tỉnh Tuyên Quang,27691,Xã Tân Long
70,Tỉnh Tuyên Quang,1606,Huyện Yên Sơn,1377862,Xã Thái Bình,43,Tỉnh Tuyên Quang,20523,Xã Thái Bình
70,Tỉnh Tuyên Quang,1606,Huyện Yên Sơn,1443398,Thị Trấn Yên Sơn,43,Tỉnh Tuyên Quang,28459,Xã Yên Sơn
70,Tỉnh Tuyên Quang,1606,Huyện Yên Sơn,1508934,Xã Tiến Bộ,43,Tỉnh Tuyên Quang,20523,Xã Thái Bình
70,Tỉnh Tuyên Quang,1606,Huyện Yên Sơn,1574470,Xã Trung Môn,43,Tỉnh Tuyên Quang,5163,Phường Minh Xuân
70,Tỉnh Tuyên Quang,1606,Huyện Yên Sơn,1640006,Xã Trung Sơn,43,Tỉnh Tuyên Quang,27435,Xã Trung Sơn
70,Tỉnh Tuyên Quang,1606,Huyện Yên Sơn,1705542,Xã Trung Trực,43,Tỉnh Tuyên Quang,27947,Xã Xuân Vân
70,Tỉnh Tuyên Quang,1606,Huyện Yên Sơn,1771078,Xã Xuân Vân,43,Tỉnh Tuyên Quang,27947,Xã Xuân Vân
70,Tỉnh Tuyên Quang,1606,Huyện Yên Sơn,1836614,Xã Lực Hành,43,Tỉnh Tuyên Quang,28203,Xã Lực Hành
70,Tỉnh Tuyên Quang,1862,Huyện Lâm Bình,67398,Xã Phúc Yên,43,Tỉnh Tuyên Quang,21035,Xã Lâm Bình
70,Tỉnh Tuyên Quang,1862,Huyện Lâm Bình,132934,Xã Xuân Lập,43,Tỉnh Tuyên Quang,21035,Xã Lâm Bình
70,Tỉnh Tuyên Quang,1862,Huyện Lâm Bình,198470,Xã Thổ Bình,43,Tỉnh Tuyên Quang,21547,Xã Bình An
70,Tỉnh Tuyên Quang,1862,Huyện Lâm Bình,264006,Xã Bình An,43,Tỉnh Tuyên Quang,21547,Xã Bình An
70,Tỉnh Tuyên Quang,1862,Huyện Lâm Bình,329542,Xã Hồng Quang,43,Tỉnh Tuyên Quang,21291,Xã Minh Quang
70,Tỉnh Tuyên Quang,1862,Huyện Lâm Bình,395078,Xã Thượng Lâm,43,Tỉnh Tuyên Quang,20779,Xã Thượng Lâm
70,Tỉnh Tuyên Quang,1862,Huyện Lâm Bình,460614,Xã Khuôn Hà,43,Tỉnh Tuyên Quang,20779,Xã Thượng Lâm
70,Tỉnh Tuyên Quang,1862,Huyện Lâm Bình,526150,Thị Trấn Lăng Can,43,Tỉnh Tuyên Quang,21035,Xã Lâm Bình
70,Tỉnh Tuyên Quang,1862,Huyện Lâm Bình,591686,Xã Minh Quang,43,Tỉnh Tuyên Quang,21291,Xã Minh Quang
70,Tỉnh Tuyên Quang,1862,Huyện Lâm Bình,657222,Xã Phúc Sơn,43,Tỉnh Tuyên Quang,21291,Xã Minh Quang
71,Tỉnh Vĩnh Long,327,Thành Phố Vĩnh Long,131399,Phường 3,44,Tỉnh Vĩnh Long,5420,Phường Phước Hậu
71,Tỉnh Vĩnh Long,327,Thành Phố Vĩnh Long,196935,Phường 1,44,Tỉnh Vĩnh Long,5164,Phường Long Châu
71,Tỉnh Vĩnh Long,327,Thành Phố Vĩnh Long,262471,Phường 4,44,Tỉnh Vĩnh Long,5420,Phường Phước Hậu
71,Tỉnh Vĩnh Long,327,Thành Phố Vĩnh Long,328007,Phường 5,44,Tỉnh Vĩnh Long,4908,Phường Thanh Đức
71,Tỉnh Vĩnh Long,327,Thành Phố Vĩnh Long,393543,Phường 8,44,Tỉnh Vĩnh Long,5676,Phường Tân Hạnh
71,Tỉnh Vĩnh Long,327,Thành Phố Vĩnh Long,459079,Phường 9,44,Tỉnh Vĩnh Long,5164,Phường Long Châu
71,Tỉnh Vĩnh Long,327,Thành Phố Vĩnh Long,524615,Phường Tân Hòa,44,Tỉnh Vĩnh Long,5932,Phường Tân Ngãi
71,Tỉnh Vĩnh Long,327,Thành Phố Vĩnh Long,590151,Phường Tân Hội,44,Tỉnh Vĩnh Long,5932,Phường Tân Ngãi
71,Tỉnh Vĩnh Long,327,Thành Phố Vĩnh Long,655687,Phường Tân Ngãi,44,Tỉnh Vĩnh Long,5932,Phường Tân Ngãi
71,Tỉnh Vĩnh Long,327,Thành Phố Vĩnh Long,721223,Phường Trường An,44,Tỉnh Vĩnh Long,5164,Phường Long Châu
71,Tỉnh Vĩnh Long,583,Thị Xã Bình Minh,66119,Phường Thành Phước,44,Tỉnh Vĩnh Long,1580,Phường Cái Vồn
71,Tỉnh Vĩnh Long,583,Thị Xã Bình Minh,66119,Phường Thành Phước,44,Tỉnh Vĩnh Long,1836,Phường Bình Minh
71,Tỉnh Vĩnh Long,583,Thị Xã Bình Minh,131655,Phường Cái Vồn,44,Tỉnh Vĩnh Long,1580,Phường Cái Vồn
71,Tỉnh Vĩnh Long,583,Thị Xã Bình Minh,131655,Phường Cái Vồn,44,Tỉnh Vĩnh Long,1836,Phường Bình Minh
71,Tỉnh Vĩnh Long,583,Thị Xã Bình Minh,197191,Xã Đông Bình,44,Tỉnh Vĩnh Long,10284,Phường Đông Thành
71,Tỉnh Vĩnh Long,583,Thị Xã Bình Minh,262727,Xã Đông Thành,44,Tỉnh Vĩnh Long,10284,Phường Đông Thành
71,Tỉnh Vĩnh Long,583,Thị Xã Bình Minh,328263,Xã Đông Thạnh,44,Tỉnh Vĩnh Long,10284,Phường Đông Thành
71,Tỉnh Vĩnh Long,583,Thị Xã Bình Minh,393799,Xã Mỹ Hòa,44,Tỉnh Vĩnh Long,1580,Phường Cái Vồn
71,Tỉnh Vĩnh Long,583,Thị Xã Bình Minh,459335,Xã Thuận An,44,Tỉnh Vĩnh Long,1836,Phường Bình Minh
71,Tỉnh Vĩnh Long,583,Thị Xã Bình Minh,524871,Phường Đông Thuận,44,Tỉnh Vĩnh Long,10284,Phường Đông Thành
71,Tỉnh Vĩnh Long,839,Huyện Bình Tân,66375,Xã Mỹ Thuận,44,Tỉnh Vĩnh Long,10028,Xã Mỹ Thuận
71,Tỉnh Vĩnh Long,839,Huyện Bình Tân,131911,Xã Nguyễn Văn Thảnh,44,Tỉnh Vĩnh Long,10028,Xã Mỹ Thuận
71,Tỉnh Vĩnh Long,839,Huyện Bình Tân,197447,Xã Tân An Thạnh,44,Tỉnh Vĩnh Long,9772,Xã Tân Lược
71,Tỉnh Vĩnh Long,839,Huyện Bình Tân,262983,Xã Tân Bình,44,Tỉnh Vĩnh Long,9516,Xã Tân Quới
71,Tỉnh Vĩnh Long,839,Huyện Bình Tân,328519,Xã Thành Lợi,44,Tỉnh Vĩnh Long,9516,Xã Tân Quới
71,Tỉnh Vĩnh Long,839,Huyện Bình Tân,459591,Xã Tân Lược,44,Tỉnh Vĩnh Long,9772,Xã Tân Lược
71,Tỉnh Vĩnh Long,839,Huyện Bình Tân,525127,Thị Trấn Tân Quới,44,Tỉnh Vĩnh Long,9516,Xã Tân Quới
71,Tỉnh Vĩnh Long,839,Huyện Bình Tân,590663,Xã Tân Thành,44,Tỉnh Vĩnh Long,9772,Xã Tân Lược
71,Tỉnh Vĩnh Long,839,Huyện Bình Tân,656199,Xã Thành Trung,44,Tỉnh Vĩnh Long,10028,Xã Mỹ Thuận
71,Tỉnh Vĩnh Long,1095,Huyện Long Hồ,66631,Xã Thạnh Quới,44,Tỉnh Vĩnh Long,4652,Xã Phú Quới
71,Tỉnh Vĩnh Long,1095,Huyện Long Hồ,132167,Xã An Bình,44,Tỉnh Vĩnh Long,4140,Xã An Bình
71,Tỉnh Vĩnh Long,1095,Huyện Long Hồ,263239,Xã Phú Quới,44,Tỉnh Vĩnh Long,4652,Xã Phú Quới
71,Tỉnh Vĩnh Long,1095,Huyện Long Hồ,328775,Xã Phước Hậu,44,Tỉnh Vĩnh Long,5420,Phường Phước Hậu
71,Tỉnh Vĩnh Long,1095,Huyện Long Hồ,394311,Xã Tân Hạnh,44,Tỉnh Vĩnh Long,5676,Phường Tân Hạnh
71,Tỉnh Vĩnh Long,1095,Huyện Long Hồ,459847,Thị Trấn Long Hồ,44,Tỉnh Vĩnh Long,4396,Xã Long Hồ
71,Tỉnh Vĩnh Long,1095,Huyện Long Hồ,525383,Xã Bình Hòa Phước,44,Tỉnh Vĩnh Long,4140,Xã An Bình
71,Tỉnh Vĩnh Long,1095,Huyện Long Hồ,590919,Xã Đồng Phú,44,Tỉnh Vĩnh Long,4140,Xã An Bình
71,Tỉnh Vĩnh Long,1095,Huyện Long Hồ,656455,Xã Hòa Ninh,44,Tỉnh Vĩnh Long,4140,Xã An Bình
71,Tỉnh Vĩnh Long,1095,Huyện Long Hồ,721991,Xã Hòa Phú,44,Tỉnh Vĩnh Long,4652,Xã Phú Quới
71,Tỉnh Vĩnh Long,1095,Huyện Long Hồ,787527,Xã Lộc Hòa,44,Tỉnh Vĩnh Long,4652,Xã Phú Quới
71,Tỉnh Vĩnh Long,1095,Huyện Long Hồ,853063,Xã Long An,44,Tỉnh Vĩnh Long,4396,Xã Long Hồ
71,Tỉnh Vĩnh Long,1095,Huyện Long Hồ,918599,Xã Long Phước,44,Tỉnh Vĩnh Long,4396,Xã Long Hồ
71,Tỉnh Vĩnh Long,1095,Huyện Long Hồ,984135,Xã Thanh Đức,44,Tỉnh Vĩnh Long,4908,Phường Thanh Đức
71,Tỉnh Vĩnh Long,1351,Huyện Mang Thít,66887,Thị Trấn Cái Nhum,44,Tỉnh Vĩnh Long,3116,Xã Cái Nhum
71,Tỉnh Vĩnh Long,1351,Huyện Mang Thít,132423,Xã An Phước,44,Tỉnh Vĩnh Long,3116,Xã Cái Nhum
71,Tỉnh Vĩnh Long,1351,Huyện Mang Thít,197959,Xã Bình Phước,44,Tỉnh Vĩnh Long,3884,Xã Bình Phước
71,Tỉnh Vĩnh Long,1351,Huyện Mang Thít,263495,Xã Chánh An,44,Tỉnh Vĩnh Long,3116,Xã Cái Nhum
71,Tỉnh Vĩnh Long,1351,Huyện Mang Thít,329031,Xã Hòa Tịnh,44,Tỉnh Vĩnh Long,3884,Xã Bình Phước
71,Tỉnh Vĩnh Long,1351,Huyện Mang Thít,394567,Xã Long Mỹ,44,Tỉnh Vĩnh Long,3884,Xã Bình Phước
71,Tỉnh Vĩnh Long,1351,Huyện Mang Thít,460103,Xã Mỹ An,44,Tỉnh Vĩnh Long,3628,Xã Nhơn Phú
71,Tỉnh Vĩnh Long,1351,Huyện Mang Thít,525639,Xã Mỹ Phước,44,Tỉnh Vĩnh Long,3628,Xã Nhơn Phú
71,Tỉnh Vĩnh Long,1351,Huyện Mang Thít,591175,Xã Nhơn Phú,44,Tỉnh Vĩnh Long,3628,Xã Nhơn Phú
71,Tỉnh Vĩnh Long,1351,Huyện Mang Thít,656711,Xã Tân An Hội,44,Tỉnh Vĩnh Long,3372,Xã Tân Long Hội
71,Tỉnh Vĩnh Long,1351,Huyện Mang Thít,722247,Xã Tân Long,44,Tỉnh Vĩnh Long,3372,Xã Tân Long Hội
71,Tỉnh Vĩnh Long,1351,Huyện Mang Thít,787783,Xã Tân Long Hội,44,Tỉnh Vĩnh Long,3372,Xã Tân Long Hội
71,Tỉnh Vĩnh Long,1607,Huyện Tam Bình,67143,Xã Hòa Hiệp,44,Tỉnh Vĩnh Long,8748,Xã Hòa Hiệp
71,Tỉnh Vĩnh Long,1607,Huyện Tam Bình,198215,Xã Tân Lộc,44,Tỉnh Vĩnh Long,9260,Xã Cái Ngang
71,Tỉnh Vĩnh Long,1607,Huyện Tam Bình,263751,Thị Trấn Tam Bình,44,Tỉnh Vĩnh Long,2092,Xã Tam Bình
71,Tỉnh Vĩnh Long,1607,Huyện Tam Bình,263751,Thị Trấn Tam Bình,44,Tỉnh Vĩnh Long,2860,Xã Trà Côn
71,Tỉnh Vĩnh Long,1607,Huyện Tam Bình,329287,Xã Bình Ninh,44,Tỉnh Vĩnh Long,2348,Xã Ngãi Tứ
71,Tỉnh Vĩnh Long,1607,Huyện Tam Bình,394823,Xã Hậu Lộc,44,Tỉnh Vĩnh Long,9260,Xã Cái Ngang
71,Tỉnh Vĩnh Long,1607,Huyện Tam Bình,460359,Xã Hòa Lộc,44,Tỉnh Vĩnh Long,8748,Xã Hòa Hiệp
71,Tỉnh Vĩnh Long,1607,Huyện Tam Bình,525895,Xã Hòa Thạnh,44,Tỉnh Vĩnh Long,8748,Xã Hòa Hiệp
71,Tỉnh Vĩnh Long,1607,Huyện Tam Bình,591431,Xã Loan Mỹ,44,Tỉnh Vĩnh Long,2348,Xã Ngãi Tứ
71,Tỉnh Vĩnh Long,1607,Huyện Tam Bình,656967,Xã Long Phú,44,Tỉnh Vĩnh Long,9004,Xã Song Phú
71,Tỉnh Vĩnh Long,1607,Huyện Tam Bình,722503,Xã Mỹ Lộc,44,Tỉnh Vĩnh Long,9260,Xã Cái Ngang
71,Tỉnh Vĩnh Long,1607,Huyện Tam Bình,788039,Xã Mỹ Thạnh Trung,44,Tỉnh Vĩnh Long,2092,Xã Tam Bình
71,Tỉnh Vĩnh Long,1607,Huyện Tam Bình,853575,Xã Ngãi Tứ,44,Tỉnh Vĩnh Long,2348,Xã Ngãi Tứ
71,Tỉnh Vĩnh Long,1607,Huyện Tam Bình,919111,Xã Phú Lộc,44,Tỉnh Vĩnh Long,9260,Xã Cái Ngang
71,Tỉnh Vĩnh Long,1607,Huyện Tam Bình,984647,Xã Phú Thịnh,44,Tỉnh Vĩnh Long,9004,Xã Song Phú
71,Tỉnh Vĩnh Long,1607,Huyện Tam Bình,1050183,Xã Song Phú,44,Tỉnh Vĩnh Long,9004,Xã Song Phú
71,Tỉnh Vĩnh Long,1607,Huyện Tam Bình,1115719,Xã Tân Phú,44,Tỉnh Vĩnh Long,9004,Xã Song Phú
71,Tỉnh Vĩnh Long,1863,Huyện Trà Ôn,67399,Xã Lục Sỹ Thành,44,Tỉnh Vĩnh Long,7980,Xã Lục Sĩ Thành
71,Tỉnh Vĩnh Long,1863,Huyện Trà Ôn,132935,Xã Phú Thành,44,Tỉnh Vĩnh Long,7980,Xã Lục Sĩ Thành
71,Tỉnh Vĩnh Long,1863,Huyện Trà Ôn,198471,Xã Xuân Hiệp,44,Tỉnh Vĩnh Long,8492,Xã Hòa Bình
71,Tỉnh Vĩnh Long,1863,Huyện Trà Ôn,329543,Thị Trấn Trà Ôn,44,Tỉnh Vĩnh Long,2604,Xã Trà Ôn
71,Tỉnh Vĩnh Long,1863,Huyện Trà Ôn,395079,Xã Hòa Bình,44,Tỉnh Vĩnh Long,8492,Xã Hòa Bình
71,Tỉnh Vĩnh Long,1863,Huyện Trà Ôn,460615,Xã Hựu Thành,44,Tỉnh Vĩnh Long,8236,Xã Vĩnh Xuân
71,Tỉnh Vĩnh Long,1863,Huyện Trà Ôn,526151,Xã Nhơn Bình,44,Tỉnh Vĩnh Long,2860,Xã Trà Côn
71,Tỉnh Vĩnh Long,1863,Huyện Trà Ôn,591687,Xã Tân Mỹ,44,Tỉnh Vĩnh Long,2860,Xã Trà Côn
71,Tỉnh Vĩnh Long,1863,Huyện Trà Ôn,657223,Xã Thới Hòa,44,Tỉnh Vĩnh Long,8492,Xã Hòa Bình
71,Tỉnh Vĩnh Long,1863,Huyện Trà Ôn,722759,Xã Thuận Thới,44,Tỉnh Vĩnh Long,8236,Xã Vĩnh Xuân
71,Tỉnh Vĩnh Long,1863,Huyện Trà Ôn,788295,Xã Tích Thiện,44,Tỉnh Vĩnh Long,2604,Xã Trà Ôn
71,Tỉnh Vĩnh Long,1863,Huyện Trà Ôn,853831,Xã Trà Côn,44,Tỉnh Vĩnh Long,2860,Xã Trà Côn
71,Tỉnh Vĩnh Long,1863,Huyện Trà Ôn,919367,Xã Vĩnh Xuân,44,Tỉnh Vĩnh Long,8236,Xã Vĩnh Xuân
71,Tỉnh Vĩnh Long,2119,Huyện Vũng Liêm,67655,Xã Tân Quới Trung,44,Tỉnh Vĩnh Long,6956,Xã Quới An
71,Tỉnh Vĩnh Long,2119,Huyện Vũng Liêm,133191,Xã Trung Chánh,44,Tỉnh Vĩnh Long,7212,Xã Trung Hiệp
71,Tỉnh Vĩnh Long,2119,Huyện Vũng Liêm,198727,Thị Trấn Vũng Liêm,44,Tỉnh Vĩnh Long,6444,Xã Trung Thành
71,Tỉnh Vĩnh Long,2119,Huyện Vũng Liêm,264263,Xã Hiếu Nghĩa,44,Tỉnh Vĩnh Long,7724,Xã Hiếu Thành
71,Tỉnh Vĩnh Long,2119,Huyện Vũng Liêm,329799,Xã Hiếu Nhơn,44,Tỉnh Vĩnh Long,7724,Xã Hiếu Thành
71,Tỉnh Vĩnh Long,2119,Huyện Vũng Liêm,395335,Xã Hiếu Phụng,44,Tỉnh Vĩnh Long,7468,Xã Hiếu Phụng
71,Tỉnh Vĩnh Long,2119,Huyện Vũng Liêm,460871,Xã Hiếu Thành,44,Tỉnh Vĩnh Long,7724,Xã Hiếu Thành
71,Tỉnh Vĩnh Long,2119,Huyện Vũng Liêm,526407,Xã Trung Thành,44,Tỉnh Vĩnh Long,6444,Xã Trung Thành
71,Tỉnh Vĩnh Long,2119,Huyện Vũng Liêm,591943,Xã Hiếu Thuận,44,Tỉnh Vĩnh Long,7468,Xã Hiếu Phụng
71,Tỉnh Vĩnh Long,2119,Huyện Vũng Liêm,657479,Xã Quới An,44,Tỉnh Vĩnh Long,6956,Xã Quới An
71,Tỉnh Vĩnh Long,2119,Huyện Vũng Liêm,723015,Xã Quới Thiện,44,Tỉnh Vĩnh Long,6188,Xã Quới Thiện
71,Tỉnh Vĩnh Long,2119,Huyện Vũng Liêm,788551,Xã Tân An Luông,44,Tỉnh Vĩnh Long,7212,Xã Trung Hiệp
71,Tỉnh Vĩnh Long,2119,Huyện Vũng Liêm,854087,Xã Thanh Bình,44,Tỉnh Vĩnh Long,6188,Xã Quới Thiện
71,Tỉnh Vĩnh Long,2119,Huyện Vũng Liêm,919623,Xã Trung An,44,Tỉnh Vĩnh Long,7468,Xã Hiếu Phụng
71,Tỉnh Vĩnh Long,2119,Huyện Vũng Liêm,985159,Xã Trung Hiếu,44,Tỉnh Vĩnh Long,6444,Xã Trung Thành
71,Tỉnh Vĩnh Long,2119,Huyện Vũng Liêm,1050695,Xã Trung Ngãi,44,Tỉnh Vĩnh Long,6700,Xã Trung Ngãi
71,Tỉnh Vĩnh Long,2119,Huyện Vũng Liêm,1116231,Xã Trung Nghĩa,44,Tỉnh Vĩnh Long,6700,Xã Trung Ngãi
71,Tỉnh Vĩnh Long,2119,Huyện Vũng Liêm,1181767,Xã Trung Thành Đông,44,Tỉnh Vĩnh Long,6700,Xã Trung Ngãi
71,Tỉnh Vĩnh Long,2119,Huyện Vũng Liêm,1247303,Xã Trung Thành Tây,44,Tỉnh Vĩnh Long,6956,Xã Quới An
71,Tỉnh Vĩnh Long,2119,Huyện Vũng Liêm,1312839,Xã Trung Hiệp,44,Tỉnh Vĩnh Long,7212,Xã Trung Hiệp
72,Tỉnh Vĩnh Phúc,328,Thành Phố Vĩnh Yên,65864,Phường Đống Đa,35,Tỉnh Phú Thọ,21283,Phường Vĩnh Phúc
72,Tỉnh Vĩnh Phúc,328,Thành Phố Vĩnh Yên,131400,Phường Đồng Tâm,35,Tỉnh Phú Thọ,21539,Phường Vĩnh Yên
72,Tỉnh Vĩnh Phúc,328,Thành Phố Vĩnh Yên,196936,Phường Hội Hợp,35,Tỉnh Phú Thọ,21539,Phường Vĩnh Yên
72,Tỉnh Vĩnh Phúc,328,Thành Phố Vĩnh Yên,262472,Phường Khai Quang,35,Tỉnh Phú Thọ,21283,Phường Vĩnh Phúc
72,Tỉnh Vĩnh Phúc,328,Thành Phố Vĩnh Yên,328008,Phường Liên Bảo,35,Tỉnh Phú Thọ,21283,Phường Vĩnh Phúc
72,Tỉnh Vĩnh Phúc,328,Thành Phố Vĩnh Yên,393544,Phường Ngô Quyền,35,Tỉnh Phú Thọ,21283,Phường Vĩnh Phúc
72,Tỉnh Vĩnh Phúc,328,Thành Phố Vĩnh Yên,459080,Phường Tích Sơn,35,Tỉnh Phú Thọ,21539,Phường Vĩnh Yên
72,Tỉnh Vĩnh Phúc,328,Thành Phố Vĩnh Yên,524616,Phường Định Trung,35,Tỉnh Phú Thọ,21283,Phường Vĩnh Phúc
72,Tỉnh Vĩnh Phúc,328,Thành Phố Vĩnh Yên,590152,Xã Thanh Trù,35,Tỉnh Phú Thọ,21539,Phường Vĩnh Yên
72,Tỉnh Vĩnh Phúc,584,Thành Phố Phúc Yên,66120,Phường Hai Bà Trưng,35,Tỉnh Phú Thọ,2339,Phường Phúc Yên
72,Tỉnh Vĩnh Phúc,584,Thành Phố Phúc Yên,131656,Phường Phúc Thắng,35,Tỉnh Phú Thọ,2339,Phường Phúc Yên
72,Tỉnh Vĩnh Phúc,584,Thành Phố Phúc Yên,197192,Phường Đồng Xuân,35,Tỉnh Phú Thọ,2595,Phường Xuân Hòa
72,Tỉnh Vĩnh Phúc,584,Thành Phố Phúc Yên,262728,Phường Hùng Vương,35,Tỉnh Phú Thọ,2339,Phường Phúc Yên
72,Tỉnh Vĩnh Phúc,584,Thành Phố Phúc Yên,393800,Phường Xuân Hòa,35,Tỉnh Phú Thọ,2595,Phường Xuân Hòa
72,Tỉnh Vĩnh Phúc,584,Thành Phố Phúc Yên,459336,Xã Cao Minh,35,Tỉnh Phú Thọ,2595,Phường Xuân Hòa
72,Tỉnh Vĩnh Phúc,584,Thành Phố Phúc Yên,524872,Phường Nam Viêm,35,Tỉnh Phú Thọ,2339,Phường Phúc Yên
72,Tỉnh Vĩnh Phúc,584,Thành Phố Phúc Yên,590408,Xã Ngọc Thanh,35,Tỉnh Phú Thọ,2595,Phường Xuân Hòa
72,Tỉnh Vĩnh Phúc,584,Thành Phố Phúc Yên,655944,Phường Tiền Châu,35,Tỉnh Phú Thọ,2339,Phường Phúc Yên
72,Tỉnh Vĩnh Phúc,840,Huyện Bình Xuyên,66376,Xã Quất Lưu,35,Tỉnh Phú Thọ,20259,Xã Bình Nguyên
72,Tỉnh Vĩnh Phúc,840,Huyện Bình Xuyên,131912,Thị Trấn Hương Canh,35,Tỉnh Phú Thọ,20259,Xã Bình Nguyên
72,Tỉnh Vĩnh Phúc,840,Huyện Bình Xuyên,197448,Thị Trấn Thanh Lãng,35,Tỉnh Phú Thọ,20515,Xã Xuân Lãng
72,Tỉnh Vĩnh Phúc,840,Huyện Bình Xuyên,262984,Thị Trấn Bá Hiến,35,Tỉnh Phú Thọ,21027,Xã Bình Tuyền
72,Tỉnh Vĩnh Phúc,840,Huyện Bình Xuyên,328520,Thị Trấn Đạo Đức,35,Tỉnh Phú Thọ,20515,Xã Xuân Lãng
72,Tỉnh Vĩnh Phúc,840,Huyện Bình Xuyên,394056,Xã Hương Sơn,35,Tỉnh Phú Thọ,20771,Xã Bình Xuyên
72,Tỉnh Vĩnh Phúc,840,Huyện Bình Xuyên,459592,Xã Phú Xuân,35,Tỉnh Phú Thọ,20515,Xã Xuân Lãng
72,Tỉnh Vĩnh Phúc,840,Huyện Bình Xuyên,525128,Xã Sơn Lôi,35,Tỉnh Phú Thọ,20259,Xã Bình Nguyên
72,Tỉnh Vĩnh Phúc,840,Huyện Bình Xuyên,590664,Xã Tam Hợp,35,Tỉnh Phú Thọ,20259,Xã Bình Nguyên
72,Tỉnh Vĩnh Phúc,840,Huyện Bình Xuyên,656200,Xã Tân Phong,35,Tỉnh Phú Thọ,20515,Xã Xuân Lãng
72,Tỉnh Vĩnh Phúc,840,Huyện Bình Xuyên,721736,Xã Trung Mỹ,35,Tỉnh Phú Thọ,21027,Xã Bình Tuyền
72,Tỉnh Vĩnh Phúc,840,Huyện Bình Xuyên,787272,Thị Trấn Gia Khánh,35,Tỉnh Phú Thọ,20771,Xã Bình Xuyên
72,Tỉnh Vĩnh Phúc,840,Huyện Bình Xuyên,852808,Xã Thiện Kế,35,Tỉnh Phú Thọ,20771,Xã Bình Xuyên
72,Tỉnh Vĩnh Phúc,1096,Huyện Lập Thạch,66632,Thị Trấn Hoa Sơn,35,Tỉnh Phú Thọ,15139,Xã Liên Hòa
72,Tỉnh Vĩnh Phúc,1096,Huyện Lập Thạch,132168,Thị Trấn Lập Thạch,35,Tỉnh Phú Thọ,14371,Xã Lập Thạch
72,Tỉnh Vĩnh Phúc,1096,Huyện Lập Thạch,197704,Xã Bắc Bình,35,Tỉnh Phú Thọ,14883,Xã Thái Hòa
72,Tỉnh Vĩnh Phúc,1096,Huyện Lập Thạch,263240,Xã Đồng Ích,35,Tỉnh Phú Thọ,14627,Xã Tiên Lữ
72,Tỉnh Vĩnh Phúc,1096,Huyện Lập Thạch,328776,Xã Hợp Lý,35,Tỉnh Phú Thọ,15395,Xã Hợp Lý
72,Tỉnh Vĩnh Phúc,1096,Huyện Lập Thạch,394312,Xã Liên Hòa,35,Tỉnh Phú Thọ,15139,Xã Liên Hòa
72,Tỉnh Vĩnh Phúc,1096,Huyện Lập Thạch,459848,Xã Bàn Giản,35,Tỉnh Phú Thọ,15139,Xã Liên Hòa
72,Tỉnh Vĩnh Phúc,1096,Huyện Lập Thạch,590920,Xã Liễn Sơn,35,Tỉnh Phú Thọ,14883,Xã Thái Hòa
72,Tỉnh Vĩnh Phúc,1096,Huyện Lập Thạch,656456,Xã Ngọc Mỹ,35,Tỉnh Phú Thọ,15395,Xã Hợp Lý
72,Tỉnh Vĩnh Phúc,1096,Huyện Lập Thạch,721992,Xã Quang Sơn,35,Tỉnh Phú Thọ,15395,Xã Hợp Lý
72,Tỉnh Vĩnh Phúc,1096,Huyện Lập Thạch,787528,Xã Sơn Đông,35,Tỉnh Phú Thọ,15651,Xã Sơn Đông
72,Tỉnh Vĩnh Phúc,1096,Huyện Lập Thạch,853064,Xã Thái Hòa,35,Tỉnh Phú Thọ,14883,Xã Thái Hòa
72,Tỉnh Vĩnh Phúc,1096,Huyện Lập Thạch,918600,Xã Tiên Lữ,35,Tỉnh Phú Thọ,14627,Xã Tiên Lữ
72,Tỉnh Vĩnh Phúc,1096,Huyện Lập Thạch,984136,Xã Tây Sơn,35,Tỉnh Phú Thọ,15651,Xã Sơn Đông
72,Tỉnh Vĩnh Phúc,1096,Huyện Lập Thạch,1049672,Xã Tử Du,35,Tỉnh Phú Thọ,14371,Xã Lập Thạch
72,Tỉnh Vĩnh Phúc,1096,Huyện Lập Thạch,1115208,Xã Văn Quán,35,Tỉnh Phú Thọ,14627,Xã Tiên Lữ
72,Tỉnh Vĩnh Phúc,1096,Huyện Lập Thạch,1180744,Xã Vân Trục,35,Tỉnh Phú Thọ,14371,Xã Lập Thạch
72,Tỉnh Vĩnh Phúc,1096,Huyện Lập Thạch,1246280,Xã Xuân Hòa,35,Tỉnh Phú Thọ,14371,Xã Lập Thạch
72,Tỉnh Vĩnh Phúc,1096,Huyện Lập Thạch,1311816,Xã Xuân Lôi,35,Tỉnh Phú Thọ,14627,Xã Tiên Lữ
72,Tỉnh Vĩnh Phúc,1352,Huyện Tam Dương,66888,Xã Đạo Tú,35,Tỉnh Phú Thọ,16419,Xã Tam Dương
72,Tỉnh Vĩnh Phúc,1352,Huyện Tam Dương,132424,Xã Đồng Tĩnh,35,Tỉnh Phú Thọ,17187,Xã Tam Dương Bắc
72,Tỉnh Vĩnh Phúc,1352,Huyện Tam Dương,197960,Thị Trấn Hợp Hòa,35,Tỉnh Phú Thọ,16419,Xã Tam Dương
72,Tỉnh Vĩnh Phúc,1352,Huyện Tam Dương,263496,Xã An Hòa,35,Tỉnh Phú Thọ,16931,Xã Hoàng An
72,Tỉnh Vĩnh Phúc,1352,Huyện Tam Dương,329032,Xã Hội Thịnh,35,Tỉnh Phú Thọ,16675,Xã Hội Thịnh
72,Tỉnh Vĩnh Phúc,1352,Huyện Tam Dương,394568,Xã Hướng Đạo,35,Tỉnh Phú Thọ,16419,Xã Tam Dương
72,Tỉnh Vĩnh Phúc,1352,Huyện Tam Dương,460104,Xã Duy Phiên,35,Tỉnh Phú Thọ,16675,Xã Hội Thịnh
72,Tỉnh Vĩnh Phúc,1352,Huyện Tam Dương,525640,Xã Hoàng Đan,35,Tỉnh Phú Thọ,16931,Xã Hoàng An
72,Tỉnh Vĩnh Phúc,1352,Huyện Tam Dương,591176,Xã Hoàng Hoa,35,Tỉnh Phú Thọ,17187,Xã Tam Dương Bắc
72,Tỉnh Vĩnh Phúc,1352,Huyện Tam Dương,656712,Xã Hoàng Lâu,35,Tỉnh Phú Thọ,16931,Xã Hoàng An
72,Tỉnh Vĩnh Phúc,1352,Huyện Tam Dương,722248,Thị Trấn Kim Long,35,Tỉnh Phú Thọ,16419,Xã Tam Dương
72,Tỉnh Vĩnh Phúc,1352,Huyện Tam Dương,787784,Xã Thanh Vân,35,Tỉnh Phú Thọ,16675,Xã Hội Thịnh
72,Tỉnh Vĩnh Phúc,1608,Huyện Tam Đảo,67144,Thị Trấn Tam Đảo,35,Tỉnh Phú Thọ,15907,Xã Tam Đảo
72,Tỉnh Vĩnh Phúc,1608,Huyện Tam Đảo,132680,Xã Bồ Lý,35,Tỉnh Phú Thọ,16163,Xã Đại Đình
72,Tỉnh Vĩnh Phúc,1608,Huyện Tam Đảo,198216,Thị Trấn Đại Đình,35,Tỉnh Phú Thọ,16163,Xã Đại Đình
72,Tỉnh Vĩnh Phúc,1608,Huyện Tam Đảo,263752,Xã Đạo Trù,35,Tỉnh Phú Thọ,2083,Xã Đạo Trù
72,Tỉnh Vĩnh Phúc,1608,Huyện Tam Đảo,329288,Xã Hồ Sơn,35,Tỉnh Phú Thọ,15907,Xã Tam Đảo
72,Tỉnh Vĩnh Phúc,1608,Huyện Tam Đảo,394824,Thị Trấn Hợp Châu,35,Tỉnh Phú Thọ,15907,Xã Tam Đảo
72,Tỉnh Vĩnh Phúc,1608,Huyện Tam Đảo,460360,Xã Minh Quang,35,Tỉnh Phú Thọ,15907,Xã Tam Đảo
72,Tỉnh Vĩnh Phúc,1608,Huyện Tam Đảo,525896,Xã Tam Quan,35,Tỉnh Phú Thọ,17187,Xã Tam Dương Bắc
72,Tỉnh Vĩnh Phúc,1608,Huyện Tam Đảo,591432,Xã Yên Dương,35,Tỉnh Phú Thọ,2083,Xã Đạo Trù
72,Tỉnh Vĩnh Phúc,1864,Huyện Vĩnh Tường,198472,Xã Sao Đại Việt,35,Tỉnh Phú Thọ,18723,Xã Vĩnh Thành
72,Tỉnh Vĩnh Phúc,1864,Huyện Vĩnh Tường,264008,Xã Vĩnh Phú,35,Tỉnh Phú Thọ,18467,Xã Vĩnh Phú
72,Tỉnh Vĩnh Phúc,1864,Huyện Vĩnh Tường,329544,Xã Lương Điền,35,Tỉnh Phú Thọ,17443,Xã Vĩnh Tường
72,Tỉnh Vĩnh Phúc,1864,Huyện Vĩnh Tường,395080,Thị Trấn Thổ Tang,35,Tỉnh Phú Thọ,17699,Xã Thổ Tang
72,Tỉnh Vĩnh Phúc,1864,Huyện Vĩnh Tường,460616,Thị Trấn Tứ Trưng,35,Tỉnh Phú Thọ,17443,Xã Vĩnh Tường
72,Tỉnh Vĩnh Phúc,1864,Huyện Vĩnh Tường,526152,Thị Trấn Vĩnh Tường,35,Tỉnh Phú Thọ,17443,Xã Vĩnh Tường
72,Tỉnh Vĩnh Phúc,1864,Huyện Vĩnh Tường,657224,Xã Chấn Hưng,35,Tỉnh Phú Thọ,18211,Xã Vĩnh An
72,Tỉnh Vĩnh Phúc,1864,Huyện Vĩnh Tường,722760,Xã Đại Đồng,35,Tỉnh Phú Thọ,17955,Xã Vĩnh Hưng
72,Tỉnh Vĩnh Phúc,1864,Huyện Vĩnh Tường,788296,Xã Kim Xá,35,Tỉnh Phú Thọ,18211,Xã Vĩnh An
72,Tỉnh Vĩnh Phúc,1864,Huyện Vĩnh Tường,853832,Xã Lũng Hòa,35,Tỉnh Phú Thọ,18723,Xã Vĩnh Thành
72,Tỉnh Vĩnh Phúc,1864,Huyện Vĩnh Tường,919368,Xã An Nhân,35,Tỉnh Phú Thọ,18467,Xã Vĩnh Phú
72,Tỉnh Vĩnh Phúc,1864,Huyện Vĩnh Tường,984904,Xã Nghĩa Hưng,35,Tỉnh Phú Thọ,17955,Xã Vĩnh Hưng
72,Tỉnh Vĩnh Phúc,1864,Huyện Vĩnh Tường,1050440,Xã Ngũ Kiên,35,Tỉnh Phú Thọ,18467,Xã Vĩnh Phú
72,Tỉnh Vĩnh Phúc,1864,Huyện Vĩnh Tường,1247048,Xã Tân Phú,35,Tỉnh Phú Thọ,18723,Xã Vĩnh Thành
72,Tỉnh Vĩnh Phúc,1864,Huyện Vĩnh Tường,1378120,Xã Thượng Trưng,35,Tỉnh Phú Thọ,17699,Xã Thổ Tang
72,Tỉnh Vĩnh Phúc,1864,Huyện Vĩnh Tường,1443656,Xã Tuân Chính,35,Tỉnh Phú Thọ,17699,Xã Thổ Tang
72,Tỉnh Vĩnh Phúc,1864,Huyện Vĩnh Tường,1640264,Xã Vĩnh Thịnh,35,Tỉnh Phú Thọ,18467,Xã Vĩnh Phú
72,Tỉnh Vĩnh Phúc,1864,Huyện Vĩnh Tường,1705800,Xã Vũ Di,35,Tỉnh Phú Thọ,17443,Xã Vĩnh Tường
72,Tỉnh Vĩnh Phúc,1864,Huyện Vĩnh Tường,1771336,Xã Yên Bình,35,Tỉnh Phú Thọ,18211,Xã Vĩnh An
72,Tỉnh Vĩnh Phúc,1864,Huyện Vĩnh Tường,1836872,Xã Yên Lập,35,Tỉnh Phú Thọ,17955,Xã Vĩnh Hưng
72,Tỉnh Vĩnh Phúc,2120,Huyện Yên Lạc,133192,Xã Hồng Châu,35,Tỉnh Phú Thọ,19491,Xã Liên Châu
72,Tỉnh Vĩnh Phúc,2120,Huyện Yên Lạc,198728,Thị Trấn Yên Lạc,35,Tỉnh Phú Thọ,18979,Xã Yên Lạc
72,Tỉnh Vĩnh Phúc,2120,Huyện Yên Lạc,264264,Xã Bình Định,35,Tỉnh Phú Thọ,18979,Xã Yên Lạc
72,Tỉnh Vĩnh Phúc,2120,Huyện Yên Lạc,329800,Xã Đại Tự,35,Tỉnh Phú Thọ,19491,Xã Liên Châu
72,Tỉnh Vĩnh Phúc,2120,Huyện Yên Lạc,395336,Xã Đồng Cương,35,Tỉnh Phú Thọ,18979,Xã Yên Lạc
72,Tỉnh Vĩnh Phúc,2120,Huyện Yên Lạc,460872,Xã Đồng Văn,35,Tỉnh Phú Thọ,19235,Xã Tề Lỗ
72,Tỉnh Vĩnh Phúc,2120,Huyện Yên Lạc,526408,Xã Liên Châu,35,Tỉnh Phú Thọ,19491,Xã Liên Châu
72,Tỉnh Vĩnh Phúc,2120,Huyện Yên Lạc,591944,Xã Nguyệt Đức,35,Tỉnh Phú Thọ,20003,Xã Nguyệt Đức
72,Tỉnh Vĩnh Phúc,2120,Huyện Yên Lạc,657480,Thị Trấn Tam Hồng,35,Tỉnh Phú Thọ,19747,Xã Tam Hồng
72,Tỉnh Vĩnh Phúc,2120,Huyện Yên Lạc,723016,Xã Tề Lỗ,35,Tỉnh Phú Thọ,19235,Xã Tề Lỗ
72,Tỉnh Vĩnh Phúc,2120,Huyện Yên Lạc,788552,Xã Trung Hà,35,Tỉnh Phú Thọ,20003,Xã Nguyệt Đức
72,Tỉnh Vĩnh Phúc,2120,Huyện Yên Lạc,854088,Xã Trung Kiên,35,Tỉnh Phú Thọ,20003,Xã Nguyệt Đức
72,Tỉnh Vĩnh Phúc,2120,Huyện Yên Lạc,919624,Xã Trung Nguyên,35,Tỉnh Phú Thọ,19235,Xã Tề Lỗ
72,Tỉnh Vĩnh Phúc,2120,Huyện Yên Lạc,985160,Xã Văn Tiến,35,Tỉnh Phú Thọ,20003,Xã Nguyệt Đức
72,Tỉnh Vĩnh Phúc,2120,Huyện Yên Lạc,1050696,Xã Yên Đồng,35,Tỉnh Phú Thọ,19747,Xã Tam Hồng
72,Tỉnh Vĩnh Phúc,2120,Huyện Yên Lạc,1116232,Xã Yên Phương,35,Tỉnh Phú Thọ,19747,Xã Tam Hồng
72,Tỉnh Vĩnh Phúc,2376,Huyện Sông Lô,67912,Thị Trấn Tam Sơn,35,Tỉnh Phú Thọ,13347,Xã Tam Sơn
72,Tỉnh Vĩnh Phúc,2376,Huyện Sông Lô,133448,Xã Hải Lựu,35,Tỉnh Phú Thọ,13859,Xã Hải Lựu
72,Tỉnh Vĩnh Phúc,2376,Huyện Sông Lô,198984,Xã Cao Phong,35,Tỉnh Phú Thọ,15651,Xã Sơn Đông
72,Tỉnh Vĩnh Phúc,2376,Huyện Sông Lô,264520,Xã Đôn Nhân,35,Tỉnh Phú Thọ,13859,Xã Hải Lựu
72,Tỉnh Vĩnh Phúc,2376,Huyện Sông Lô,330056,Xã Đức Bác,35,Tỉnh Phú Thọ,13603,Xã Sông Lô
72,Tỉnh Vĩnh Phúc,2376,Huyện Sông Lô,395592,Xã Đồng Quế,35,Tỉnh Phú Thọ,13347,Xã Tam Sơn
72,Tỉnh Vĩnh Phúc,2376,Huyện Sông Lô,461128,Xã Đồng Thịnh,35,Tỉnh Phú Thọ,13603,Xã Sông Lô
72,Tỉnh Vĩnh Phúc,2376,Huyện Sông Lô,526664,Xã Tứ Yên,35,Tỉnh Phú Thọ,13603,Xã Sông Lô
72,Tỉnh Vĩnh Phúc,2376,Huyện Sông Lô,657736,Xã Lãng Công,35,Tỉnh Phú Thọ,14115,Xã Yên Lãng
72,Tỉnh Vĩnh Phúc,2376,Huyện Sông Lô,723272,Xã Nhân Đạo,35,Tỉnh Phú Thọ,13859,Xã Hải Lựu
72,Tỉnh Vĩnh Phúc,2376,Huyện Sông Lô,919880,Xã Phương Khoan,35,Tỉnh Phú Thọ,13859,Xã Hải Lựu
72,Tỉnh Vĩnh Phúc,2376,Huyện Sông Lô,985416,Xã Quang Yên,35,Tỉnh Phú Thọ,14115,Xã Yên Lãng
72,Tỉnh Vĩnh Phúc,2376,Huyện Sông Lô,1050952,Xã Tân Lập,35,Tỉnh Phú Thọ,13347,Xã Tam Sơn
72,Tỉnh Vĩnh Phúc,2376,Huyện Sông Lô,1116488,Xã Yên Thạch,35,Tỉnh Phú Thọ,13603,Xã Sông Lô
73,Tỉnh Yên Bái,329,Thành Phố Yên Bái,131401,Phường Hợp Minh,32,Tỉnh Lào Cai,12320,Phường Âu Lâu
73,Tỉnh Yên Bái,329,Thành Phố Yên Bái,196937,Xã Giới Phiên,32,Tỉnh Lào Cai,12320,Phường Âu Lâu
73,Tỉnh Yên Bái,329,Thành Phố Yên Bái,262473,Xã Âu Lâu,32,Tỉnh Lào Cai,12320,Phường Âu Lâu
73,Tỉnh Yên Bái,329,Thành Phố Yên Bái,328009,Phường Yên Thịnh,32,Tỉnh Lào Cai,11552,Phường Văn Phú
73,Tỉnh Yên Bái,329,Thành Phố Yên Bái,393545,Phường Yên Ninh,32,Tỉnh Lào Cai,11808,Phường Yên Bái
73,Tỉnh Yên Bái,329,Thành Phố Yên Bái,459081,Phường Nguyễn Thái Học,32,Tỉnh Lào Cai,11808,Phường Yên Bái
73,Tỉnh Yên Bái,329,Thành Phố Yên Bái,524617,Phường Minh Tân,32,Tỉnh Lào Cai,11808,Phường Yên Bái
73,Tỉnh Yên Bái,329,Thành Phố Yên Bái,590153,Phường Hồng Hà,32,Tỉnh Lào Cai,11808,Phường Yên Bái
73,Tỉnh Yên Bái,329,Thành Phố Yên Bái,655689,Phường Đồng Tâm,32,Tỉnh Lào Cai,11808,Phường Yên Bái
73,Tỉnh Yên Bái,329,Thành Phố Yên Bái,721225,Xã Văn Phú,32,Tỉnh Lào Cai,11552,Phường Văn Phú
73,Tỉnh Yên Bái,329,Thành Phố Yên Bái,786761,Xã Tuy Lộc,32,Tỉnh Lào Cai,12064,Phường Nam Cường
73,Tỉnh Yên Bái,329,Thành Phố Yên Bái,852297,Xã Tân Thịnh,32,Tỉnh Lào Cai,11552,Phường Văn Phú
73,Tỉnh Yên Bái,329,Thành Phố Yên Bái,917833,Phường Nam Cường,32,Tỉnh Lào Cai,12064,Phường Nam Cường
73,Tỉnh Yên Bái,329,Thành Phố Yên Bái,983369,Xã Minh Bảo,32,Tỉnh Lào Cai,12064,Phường Nam Cường
73,Tỉnh Yên Bái,585,Thị Xã Nghĩa Lộ,66121,Xã Nghĩa Lợi,32,Tỉnh Lào Cai,4384,Phường Trung Tâm
73,Tỉnh Yên Bái,585,Thị Xã Nghĩa Lộ,131657,Xã Thanh Lương,32,Tỉnh Lào Cai,4640,Phường Cầu Thia
73,Tỉnh Yên Bái,585,Thị Xã Nghĩa Lộ,197193,Xã Nghĩa Phúc,32,Tỉnh Lào Cai,3872,Xã Liên Sơn
73,Tỉnh Yên Bái,585,Thị Xã Nghĩa Lộ,262729,Xã Nghĩa An,32,Tỉnh Lào Cai,4128,Phường Nghĩa Lộ
73,Tỉnh Yên Bái,585,Thị Xã Nghĩa Lộ,328265,Phường Trung Tâm,32,Tỉnh Lào Cai,4384,Phường Trung Tâm
73,Tỉnh Yên Bái,585,Thị Xã Nghĩa Lộ,393801,Phường Tân An,32,Tỉnh Lào Cai,4128,Phường Nghĩa Lộ
73,Tỉnh Yên Bái,585,Thị Xã Nghĩa Lộ,459337,Phường Pú Trạng,32,Tỉnh Lào Cai,4128,Phường Nghĩa Lộ
73,Tỉnh Yên Bái,585,Thị Xã Nghĩa Lộ,524873,Phường Cầu Thia,32,Tỉnh Lào Cai,4640,Phường Cầu Thia
73,Tỉnh Yên Bái,585,Thị Xã Nghĩa Lộ,590409,Xã Hạnh Sơn,32,Tỉnh Lào Cai,4640,Phường Cầu Thia
73,Tỉnh Yên Bái,585,Thị Xã Nghĩa Lộ,655945,Xã Phù Nham,32,Tỉnh Lào Cai,4384,Phường Trung Tâm
73,Tỉnh Yên Bái,585,Thị Xã Nghĩa Lộ,721481,Xã Phúc Sơn,32,Tỉnh Lào Cai,4640,Phường Cầu Thia
73,Tỉnh Yên Bái,585,Thị Xã Nghĩa Lộ,787017,Xã Sơn A,32,Tỉnh Lào Cai,3872,Xã Liên Sơn
73,Tỉnh Yên Bái,585,Thị Xã Nghĩa Lộ,852553,Xã Thạch Lương,32,Tỉnh Lào Cai,4640,Phường Cầu Thia
73,Tỉnh Yên Bái,585,Thị Xã Nghĩa Lộ,918089,Xã Nghĩa Lộ,32,Tỉnh Lào Cai,4384,Phường Trung Tâm
73,Tỉnh Yên Bái,841,Huyện Lục Yên,66377,Xã Khai Trung,32,Tỉnh Lào Cai,9248,Xã Tân Lĩnh
73,Tỉnh Yên Bái,841,Huyện Lục Yên,131913,Xã Khánh Thiện,32,Tỉnh Lào Cai,8736,Xã Lâm Thượng
73,Tỉnh Yên Bái,841,Huyện Lục Yên,197449,Xã Lâm Thượng,32,Tỉnh Lào Cai,8736,Xã Lâm Thượng
73,Tỉnh Yên Bái,841,Huyện Lục Yên,262985,Xã Minh Chuẩn,32,Tỉnh Lào Cai,9248,Xã Tân Lĩnh
73,Tỉnh Yên Bái,841,Huyện Lục Yên,328521,Xã Phan Thanh,32,Tỉnh Lào Cai,9248,Xã Tân Lĩnh
73,Tỉnh Yên Bái,841,Huyện Lục Yên,394057,Xã Tân Lập,32,Tỉnh Lào Cai,9248,Xã Tân Lĩnh
73,Tỉnh Yên Bái,841,Huyện Lục Yên,459593,Xã Tân Phượng,32,Tỉnh Lào Cai,8736,Xã Lâm Thượng
73,Tỉnh Yên Bái,841,Huyện Lục Yên,525129,Thị Trấn Yên Thế,32,Tỉnh Lào Cai,8992,Xã Lục Yên
73,Tỉnh Yên Bái,841,Huyện Lục Yên,590665,Xã Vĩnh Lạc,32,Tỉnh Lào Cai,10016,Xã Mường Lai
73,Tỉnh Yên Bái,841,Huyện Lục Yên,656201,Xã Yên Thắng,32,Tỉnh Lào Cai,8992,Xã Lục Yên
73,Tỉnh Yên Bái,841,Huyện Lục Yên,721737,Xã An Lạc,32,Tỉnh Lào Cai,9504,Xã Khánh Hòa
73,Tỉnh Yên Bái,841,Huyện Lục Yên,787273,Xã An Phú,32,Tỉnh Lào Cai,10016,Xã Mường Lai
73,Tỉnh Yên Bái,841,Huyện Lục Yên,852809,Xã Động Quan,32,Tỉnh Lào Cai,9504,Xã Khánh Hòa
73,Tỉnh Yên Bái,841,Huyện Lục Yên,918345,Xã Khánh Hòa,32,Tỉnh Lào Cai,9504,Xã Khánh Hòa
73,Tỉnh Yên Bái,841,Huyện Lục Yên,983881,Xã Liễu Đô,32,Tỉnh Lào Cai,8992,Xã Lục Yên
73,Tỉnh Yên Bái,841,Huyện Lục Yên,1049417,Xã Mai Sơn,32,Tỉnh Lào Cai,8736,Xã Lâm Thượng
73,Tỉnh Yên Bái,841,Huyện Lục Yên,1114953,Xã Minh Tiến,32,Tỉnh Lào Cai,10016,Xã Mường Lai
73,Tỉnh Yên Bái,841,Huyện Lục Yên,1180489,Xã Minh Xuân,32,Tỉnh Lào Cai,8992,Xã Lục Yên
73,Tỉnh Yên Bái,841,Huyện Lục Yên,1246025,Xã Mường Lai,32,Tỉnh Lào Cai,10016,Xã Mường Lai
73,Tỉnh Yên Bái,841,Huyện Lục Yên,1311561,Xã Phúc Lợi,32,Tỉnh Lào Cai,9760,Xã Phúc Lợi
73,Tỉnh Yên Bái,841,Huyện Lục Yên,1377097,Xã Tân Lĩnh,32,Tỉnh Lào Cai,9248,Xã Tân Lĩnh
73,Tỉnh Yên Bái,841,Huyện Lục Yên,1442633,Xã Tô Mậu,32,Tỉnh Lào Cai,9504,Xã Khánh Hòa
73,Tỉnh Yên Bái,841,Huyện Lục Yên,1508169,Xã Trúc Lâu,32,Tỉnh Lào Cai,9760,Xã Phúc Lợi
73,Tỉnh Yên Bái,841,Huyện Lục Yên,1573705,Xã Trung Tâm,32,Tỉnh Lào Cai,9760,Xã Phúc Lợi
73,Tỉnh Yên Bái,1097,Huyện Mù Căng Chải,66633,Xã Nậm Có,32,Tỉnh Lào Cai,544,Xã Nậm Có
73,Tỉnh Yên Bái,1097,Huyện Mù Căng Chải,132169,Xã Nậm Khắt,32,Tỉnh Lào Cai,2848,Xã Púng Luông
73,Tỉnh Yên Bái,1097,Huyện Mù Căng Chải,197705,Xã Chế Tạo,32,Tỉnh Lào Cai,1312,Xã Chế Tạo
73,Tỉnh Yên Bái,1097,Huyện Mù Căng Chải,263241,Xã Kim Nọi,32,Tỉnh Lào Cai,2592,Xã Mù Cang Chải
73,Tỉnh Yên Bái,1097,Huyện Mù Căng Chải,328777,Xã Lao Chải,32,Tỉnh Lào Cai,1568,Xã Lao Chải
73,Tỉnh Yên Bái,1097,Huyện Mù Căng Chải,394313,Xã Púng Luông,32,Tỉnh Lào Cai,2848,Xã Púng Luông
73,Tỉnh Yên Bái,1097,Huyện Mù Căng Chải,459849,Xã La Pán Tẩn,32,Tỉnh Lào Cai,2848,Xã Púng Luông
73,Tỉnh Yên Bái,1097,Huyện Mù Căng Chải,525385,Thị Trấn Mù Căng Chải,32,Tỉnh Lào Cai,2592,Xã Mù Cang Chải
73,Tỉnh Yên Bái,1097,Huyện Mù Căng Chải,590921,Xã Cao Phạ,32,Tỉnh Lào Cai,4896,Xã Tú Lệ
73,Tỉnh Yên Bái,1097,Huyện Mù Căng Chải,656457,Xã Chế Cu Nha,32,Tỉnh Lào Cai,2592,Xã Mù Cang Chải
73,Tỉnh Yên Bái,1097,Huyện Mù Căng Chải,721993,Xã Dế Su Phình,32,Tỉnh Lào Cai,2848,Xã Púng Luông
73,Tỉnh Yên Bái,1097,Huyện Mù Căng Chải,787529,Xã Hồ Bốn,32,Tỉnh Lào Cai,2336,Xã Khao Mang
73,Tỉnh Yên Bái,1097,Huyện Mù Căng Chải,853065,Xã Khao Mang,32,Tỉnh Lào Cai,2336,Xã Khao Mang
73,Tỉnh Yên Bái,1097,Huyện Mù Căng Chải,918601,Xã Mồ Dề,32,Tỉnh Lào Cai,2592,Xã Mù Cang Chải
73,Tỉnh Yên Bái,1353,Huyện Trấn Yên,132425,Thị Trấn Cổ Phúc,32,Tỉnh Lào Cai,12576,Xã Trấn Yên
73,Tỉnh Yên Bái,1353,Huyện Trấn Yên,197961,Xã Báo Đáp,32,Tỉnh Lào Cai,12576,Xã Trấn Yên
73,Tỉnh Yên Bái,1353,Huyện Trấn Yên,329033,Xã Cường Thịnh,32,Tỉnh Lào Cai,12064,Phường Nam Cường
73,Tỉnh Yên Bái,1353,Huyện Trấn Yên,394569,Xã Hòa Cuông,32,Tỉnh Lào Cai,12576,Xã Trấn Yên
73,Tỉnh Yên Bái,1353,Huyện Trấn Yên,460105,Xã Hồng Ca,32,Tỉnh Lào Cai,12832,Xã Hưng Khánh
73,Tỉnh Yên Bái,1353,Huyện Trấn Yên,525641,Xã Hưng Khánh,32,Tỉnh Lào Cai,12832,Xã Hưng Khánh
73,Tỉnh Yên Bái,1353,Huyện Trấn Yên,591177,Xã Hưng Thịnh,32,Tỉnh Lào Cai,13088,Xã Lương Thịnh
73,Tỉnh Yên Bái,1353,Huyện Trấn Yên,656713,Xã Kiên Thành,32,Tỉnh Lào Cai,13600,Xã Quy Mông
73,Tỉnh Yên Bái,1353,Huyện Trấn Yên,722249,Xã Lương Thịnh,32,Tỉnh Lào Cai,13088,Xã Lương Thịnh
73,Tỉnh Yên Bái,1353,Huyện Trấn Yên,853321,Xã Quy Mông,32,Tỉnh Lào Cai,13600,Xã Quy Mông
73,Tỉnh Yên Bái,1353,Huyện Trấn Yên,918857,Xã Tân Đồng,32,Tỉnh Lào Cai,12576,Xã Trấn Yên
73,Tỉnh Yên Bái,1353,Huyện Trấn Yên,984393,Xã Y Can,32,Tỉnh Lào Cai,13600,Xã Quy Mông
73,Tỉnh Yên Bái,1353,Huyện Trấn Yên,1049929,Xã Minh Quán,32,Tỉnh Lào Cai,12576,Xã Trấn Yên
73,Tỉnh Yên Bái,1353,Huyện Trấn Yên,1115465,Xã Minh Quân,32,Tỉnh Lào Cai,12320,Phường Âu Lâu
73,Tỉnh Yên Bái,1353,Huyện Trấn Yên,1181001,Xã Vân Hội,32,Tỉnh Lào Cai,13344,Xã Việt Hồng
73,Tỉnh Yên Bái,1353,Huyện Trấn Yên,1246537,Xã Việt Cường,32,Tỉnh Lào Cai,13344,Xã Việt Hồng
73,Tỉnh Yên Bái,1353,Huyện Trấn Yên,1312073,Xã Việt Hồng,32,Tỉnh Lào Cai,13344,Xã Việt Hồng
73,Tỉnh Yên Bái,1353,Huyện Trấn Yên,1377609,Xã Thành Thịnh,32,Tỉnh Lào Cai,12576,Xã Trấn Yên
73,Tỉnh Yên Bái,1609,Huyện Trạm Tấu,67145,Xã Pá Lau,32,Tỉnh Lào Cai,3104,Xã Trạm Tấu
73,Tỉnh Yên Bái,1609,Huyện Trạm Tấu,132681,Xã Làng Nhì,32,Tỉnh Lào Cai,3616,Xã Phình Hồ
73,Tỉnh Yên Bái,1609,Huyện Trạm Tấu,198217,Xã Bản Công,32,Tỉnh Lào Cai,3360,Xã Hạnh Phúc
73,Tỉnh Yên Bái,1609,Huyện Trạm Tấu,263753,Xã Pá Hu,32,Tỉnh Lào Cai,3104,Xã Trạm Tấu
73,Tỉnh Yên Bái,1609,Huyện Trạm Tấu,329289,Xã Phình Hồ,32,Tỉnh Lào Cai,3616,Xã Phình Hồ
73,Tỉnh Yên Bái,1609,Huyện Trạm Tấu,394825,Xã Tà Si Láng,32,Tỉnh Lào Cai,1056,Xã Tà Xi Láng
73,Tỉnh Yên Bái,1609,Huyện Trạm Tấu,460361,Xã Túc Đán,32,Tỉnh Lào Cai,3104,Xã Trạm Tấu
73,Tỉnh Yên Bái,1609,Huyện Trạm Tấu,525897,Thị Trấn Trạm Tấu,32,Tỉnh Lào Cai,3360,Xã Hạnh Phúc
73,Tỉnh Yên Bái,1609,Huyện Trạm Tấu,591433,Xã Bản Mù,32,Tỉnh Lào Cai,3616,Xã Phình Hồ
73,Tỉnh Yên Bái,1609,Huyện Trạm Tấu,656969,Xã Trạm Tấu,32,Tỉnh Lào Cai,3104,Xã Trạm Tấu
73,Tỉnh Yên Bái,1609,Huyện Trạm Tấu,722505,Xã Xà Hồ,32,Tỉnh Lào Cai,3360,Xã Hạnh Phúc
73,Tỉnh Yên Bái,1609,Huyện Trạm Tấu,788041,Xã Hát Lìu,32,Tỉnh Lào Cai,3360,Xã Hạnh Phúc
73,Tỉnh Yên Bái,1865,Huyện Văn Chấn,67401,Xã An Lương,32,Tỉnh Lào Cai,8480,Xã Mỏ Vàng
73,Tỉnh Yên Bái,1865,Huyện Văn Chấn,132937,Xã Thượng Bằng La,32,Tỉnh Lào Cai,5920,Xã Thượng Bằng La
73,Tỉnh Yên Bái,1865,Huyện Văn Chấn,198473,Xã Tú Lệ,32,Tỉnh Lào Cai,4896,Xã Tú Lệ
73,Tỉnh Yên Bái,1865,Huyện Văn Chấn,264009,Xã Sơn Lương,32,Tỉnh Lào Cai,5408,Xã Sơn Lương
73,Tỉnh Yên Bái,1865,Huyện Văn Chấn,329545,Thị Trấn Sơn Thịnh,32,Tỉnh Lào Cai,5664,Xã Văn Chấn
73,Tỉnh Yên Bái,1865,Huyện Văn Chấn,395081,Xã Đồng Khê,32,Tỉnh Lào Cai,5664,Xã Văn Chấn
73,Tỉnh Yên Bái,1865,Huyện Văn Chấn,460617,Xã Gia Hội,32,Tỉnh Lào Cai,5152,Xã Gia Hội
73,Tỉnh Yên Bái,1865,Huyện Văn Chấn,526153,Xã Minh An,32,Tỉnh Lào Cai,6432,Xã Nghĩa Tâm
73,Tỉnh Yên Bái,1865,Huyện Văn Chấn,591689,Xã Nậm Búng,32,Tỉnh Lào Cai,5152,Xã Gia Hội
73,Tỉnh Yên Bái,1865,Huyện Văn Chấn,657225,Xã Nậm Lành,32,Tỉnh Lào Cai,5152,Xã Gia Hội
73,Tỉnh Yên Bái,1865,Huyện Văn Chấn,722761,Xã Nghĩa Tâm,32,Tỉnh Lào Cai,6432,Xã Nghĩa Tâm
73,Tỉnh Yên Bái,1865,Huyện Văn Chấn,788297,Xã Suối Bu,32,Tỉnh Lào Cai,5664,Xã Văn Chấn
73,Tỉnh Yên Bái,1865,Huyện Văn Chấn,853833,Xã Suối Giàng,32,Tỉnh Lào Cai,5664,Xã Văn Chấn
73,Tỉnh Yên Bái,1865,Huyện Văn Chấn,919369,Xã Suối Quyền,32,Tỉnh Lào Cai,5408,Xã Sơn Lương
73,Tỉnh Yên Bái,1865,Huyện Văn Chấn,984905,Xã Tân Thịnh,32,Tỉnh Lào Cai,6176,Xã Chấn Thịnh
73,Tỉnh Yên Bái,1865,Huyện Văn Chấn,1050441,Thị Trấn Nông Trường Liên Sơn,32,Tỉnh Lào Cai,3872,Xã Liên Sơn
73,Tỉnh Yên Bái,1865,Huyện Văn Chấn,1115977,Thị Trấn Nông Trường Trần Phú,32,Tỉnh Lào Cai,5920,Xã Thượng Bằng La
73,Tỉnh Yên Bái,1865,Huyện Văn Chấn,1181513,Xã Bình Thuận,32,Tỉnh Lào Cai,6432,Xã Nghĩa Tâm
73,Tỉnh Yên Bái,1865,Huyện Văn Chấn,1247049,Xã Cát Thịnh,32,Tỉnh Lào Cai,1824,Xã Cát Thịnh
73,Tỉnh Yên Bái,1865,Huyện Văn Chấn,1312585,Xã Chấn Thịnh,32,Tỉnh Lào Cai,6176,Xã Chấn Thịnh
73,Tỉnh Yên Bái,1865,Huyện Văn Chấn,1378121,Xã Đại Lịch,32,Tỉnh Lào Cai,6176,Xã Chấn Thịnh
73,Tỉnh Yên Bái,1865,Huyện Văn Chấn,1443657,Xã Sùng Đô,32,Tỉnh Lào Cai,5408,Xã Sơn Lương
73,Tỉnh Yên Bái,1865,Huyện Văn Chấn,1509193,Xã Nậm Mười,32,Tỉnh Lào Cai,5408,Xã Sơn Lương
73,Tỉnh Yên Bái,1865,Huyện Văn Chấn,1574729,Xã Nghĩa Sơn,32,Tỉnh Lào Cai,4128,Phường Nghĩa Lộ
73,Tỉnh Yên Bái,2121,Huyện Văn Yên,67657,Xã Nà Hẩu,32,Tỉnh Lào Cai,7712,Xã Tân Hợp
73,Tỉnh Yên Bái,2121,Huyện Văn Yên,133193,Xã Mỏ Vàng,32,Tỉnh Lào Cai,8480,Xã Mỏ Vàng
73,Tỉnh Yên Bái,2121,Huyện Văn Yên,198729,Xã Xuân Tầm,32,Tỉnh Lào Cai,6688,Xã Phong Dụ Hạ
73,Tỉnh Yên Bái,2121,Huyện Văn Yên,264265,Xã Viễn Sơn,32,Tỉnh Lào Cai,8224,Xã Xuân Ái
73,Tỉnh Yên Bái,2121,Huyện Văn Yên,329801,Xã Phong Dụ Thượng,32,Tỉnh Lào Cai,288,Xã Phong Dụ Thượng
73,Tỉnh Yên Bái,2121,Huyện Văn Yên,395337,Xã Lang Thíp,32,Tỉnh Lào Cai,7200,Xã Lâm Giang
73,Tỉnh Yên Bái,2121,Huyện Văn Yên,460873,Xã Yên Phú,32,Tỉnh Lào Cai,8224,Xã Xuân Ái
73,Tỉnh Yên Bái,2121,Huyện Văn Yên,526409,Xã Mậu Đông,32,Tỉnh Lào Cai,7968,Xã Mậu A
73,Tỉnh Yên Bái,2121,Huyện Văn Yên,591945,Xã Lâm Giang,32,Tỉnh Lào Cai,7200,Xã Lâm Giang
73,Tỉnh Yên Bái,2121,Huyện Văn Yên,657481,Xã Đông Cuông,32,Tỉnh Lào Cai,7456,Xã Đông Cuông
73,Tỉnh Yên Bái,2121,Huyện Văn Yên,723017,Xã Đông An,32,Tỉnh Lào Cai,7456,Xã Đông Cuông
73,Tỉnh Yên Bái,2121,Huyện Văn Yên,788553,Xã Đại Sơn,32,Tỉnh Lào Cai,7712,Xã Tân Hợp
73,Tỉnh Yên Bái,2121,Huyện Văn Yên,854089,Xã Đại Phác,32,Tỉnh Lào Cai,8224,Xã Xuân Ái
73,Tỉnh Yên Bái,2121,Huyện Văn Yên,919625,Xã Châu Quế Thượng,32,Tỉnh Lào Cai,6944,Xã Châu Quế
73,Tỉnh Yên Bái,2121,Huyện Văn Yên,985161,Xã Châu Quế Hạ,32,Tỉnh Lào Cai,6944,Xã Châu Quế
73,Tỉnh Yên Bái,2121,Huyện Văn Yên,1050697,Xã An Thịnh,32,Tỉnh Lào Cai,7968,Xã Mậu A
73,Tỉnh Yên Bái,2121,Huyện Văn Yên,1116233,Xã An Bình,32,Tỉnh Lào Cai,7456,Xã Đông Cuông
73,Tỉnh Yên Bái,2121,Huyện Văn Yên,1181769,Thị Trấn Mậu A,32,Tỉnh Lào Cai,7968,Xã Mậu A
73,Tỉnh Yên Bái,2121,Huyện Văn Yên,1247305,Xã Yên Thái,32,Tỉnh Lào Cai,7968,Xã Mậu A
73,Tỉnh Yên Bái,2121,Huyện Văn Yên,1312841,Xã Yên Hợp,32,Tỉnh Lào Cai,8224,Xã Xuân Ái
73,Tỉnh Yên Bái,2121,Huyện Văn Yên,1378377,Xã Xuân Ái,32,Tỉnh Lào Cai,8224,Xã Xuân Ái
73,Tỉnh Yên Bái,2121,Huyện Văn Yên,1443913,Xã Tân Hợp,32,Tỉnh Lào Cai,7712,Xã Tân Hợp
73,Tỉnh Yên Bái,2121,Huyện Văn Yên,1509449,Xã Quang Minh,32,Tỉnh Lào Cai,7456,Xã Đông Cuông
73,Tỉnh Yên Bái,2121,Huyện Văn Yên,1574985,Xã Phong Dụ Hạ,32,Tỉnh Lào Cai,6688,Xã Phong Dụ Hạ
73,Tỉnh Yên Bái,2121,Huyện Văn Yên,1640521,Xã Ngòi A,32,Tỉnh Lào Cai,7968,Xã Mậu A
73,Tỉnh Yên Bái,2377,Huyện Yên Bình,67913,Xã Phúc Ninh,32,Tỉnh Lào Cai,10528,Xã Yên Thành
73,Tỉnh Yên Bái,2377,Huyện Yên Bình,133449,Xã Bảo Ái,32,Tỉnh Lào Cai,11296,Xã Bảo Ái
73,Tỉnh Yên Bái,2377,Huyện Yên Bình,198985,Xã Bạch Hà,32,Tỉnh Lào Cai,10784,Xã Thác Bà
73,Tỉnh Yên Bái,2377,Huyện Yên Bình,264521,Thị Trấn Thác Bà,32,Tỉnh Lào Cai,10784,Xã Thác Bà
73,Tỉnh Yên Bái,2377,Huyện Yên Bình,330057,Xã Đại Đồng,32,Tỉnh Lào Cai,11040,Xã Yên Bình
73,Tỉnh Yên Bái,2377,Huyện Yên Bình,395593,Xã Cảm Ân,32,Tỉnh Lào Cai,11296,Xã Bảo Ái
73,Tỉnh Yên Bái,2377,Huyện Yên Bình,461129,Xã Thịnh Hưng,32,Tỉnh Lào Cai,11040,Xã Yên Bình
73,Tỉnh Yên Bái,2377,Huyện Yên Bình,526665,Xã Tân Nguyên,32,Tỉnh Lào Cai,11296,Xã Bảo Ái
73,Tỉnh Yên Bái,2377,Huyện Yên Bình,592201,Xã Tân Hương,32,Tỉnh Lào Cai,11040,Xã Yên Bình
73,Tỉnh Yên Bái,2377,Huyện Yên Bình,657737,Xã Phúc An,32,Tỉnh Lào Cai,10528,Xã Yên Thành
73,Tỉnh Yên Bái,2377,Huyện Yên Bình,723273,Xã Phú Thịnh,32,Tỉnh Lào Cai,11552,Phường Văn Phú
73,Tỉnh Yên Bái,2377,Huyện Yên Bình,788809,Xã Ngọc Chấn,32,Tỉnh Lào Cai,10272,Xã Cảm Nhân
73,Tỉnh Yên Bái,2377,Huyện Yên Bình,854345,Xã Mỹ Gia,32,Tỉnh Lào Cai,10528,Xã Yên Thành
73,Tỉnh Yên Bái,2377,Huyện Yên Bình,919881,Xã Hán Đà,32,Tỉnh Lào Cai,10784,Xã Thác Bà
73,Tỉnh Yên Bái,2377,Huyện Yên Bình,985417,Xã Đại Minh,32,Tỉnh Lào Cai,10784,Xã Thác Bà
73,Tỉnh Yên Bái,2377,Huyện Yên Bình,1050953,Xã Yên Thành,32,Tỉnh Lào Cai,10528,Xã Yên Thành
73,Tỉnh Yên Bái,2377,Huyện Yên Bình,1182025,Xã Xuân Long,32,Tỉnh Lào Cai,10272,Xã Cảm Nhân
73,Tỉnh Yên Bái,2377,Huyện Yên Bình,1247561,Xã Xuân Lai,32,Tỉnh Lào Cai,10528,Xã Yên Thành
73,Tỉnh Yên Bái,2377,Huyện Yên Bình,1313097,Xã Vũ Linh,32,Tỉnh Lào Cai,10784,Xã Thác Bà
73,Tỉnh Yên Bái,2377,Huyện Yên Bình,1378633,Xã Vĩnh Kiên,32,Tỉnh Lào Cai,10784,Xã Thác Bà
73,Tỉnh Yên Bái,2377,Huyện Yên Bình,1444169,Thị Trấn Yên Bình,32,Tỉnh Lào Cai,11040,Xã Yên Bình
73,Tỉnh Yên Bái,2377,Huyện Yên Bình,1509705,Xã Mông Sơn,32,Tỉnh Lào Cai,11296,Xã Bảo Ái
73,Tỉnh Yên Bái,2377,Huyện Yên Bình,1575241,Xã Cảm Nhân,32,Tỉnh Lào Cai,10272,Xã Cảm Nhân
